periode_data,tanggal,stasiun,pm10,pm2.5,so2,co,o3,no2,max,critical,kategori
201001,2010-01-01,DKI1,60,,4,73,27,14,73,CO,SEDANG
201001,2010-01-01,DKI2,---,,---,---,---,---,0,,TIDAK ADA DATA
201001,2010-01-01,DKI3,---,,---,---,---,---,0,,TIDAK ADA DATA
201001,2010-01-01,DKI4,---,,---,---,---,---,0,,TIDAK ADA DATA
201001,2010-01-01,DKI5,---,,---,---,---,---,0,,TIDAK ADA DATA
201002,2010-01-02,DKI1,41,,7,30,17,13,41,PM10,BAIK
201002,2010-01-02,DKI2,---,,---,---,---,---,0,,TIDAK ADA DATA
201002,2010-01-02,DKI3,---,,---,---,---,---,0,,TIDAK ADA DATA
201002,2010-01-02,DKI4,---,,---,---,---,---,0,,TIDAK ADA DATA
201002,2010-01-02,DKI5,---,,---,---,---,---,0,,TIDAK ADA DATA
201003,2010-01-03,DKI1,60,,5,39,44,19,60,PM10,SEDANG
201003,2010-01-03,DKI2,---,,---,---,---,---,0,,TIDAK ADA DATA
201003,2010-01-03,DKI3,---,,---,---,---,---,0,,TIDAK ADA DATA
201003,2010-01-03,DKI4,---,,---,---,---,---,0,,TIDAK ADA DATA
201003,2010-01-03,DKI5,---,,---,---,---,---,0,,TIDAK ADA DATA
201004,2010-01-04,DKI1,59,,5,46,---,21,59,PM10,SEDANG
201004,2010-01-04,DKI2,---,,---,---,---,---,0,,TIDAK ADA DATA
201004,2010-01-04,DKI3,---,,---,---,---,---,0,,TIDAK ADA DATA
201004,2010-01-04,DKI4,---,,---,---,---,---,0,,TIDAK ADA DATA
201004,2010-01-04,DKI5,---,,---,---,---,---,0,,TIDAK ADA DATA
201005,2010-01-05,DKI1,60,,---,24,28,10,60,PM10,SEDANG
201005,2010-01-05,DKI2,---,,---,---,---,---,0,,TIDAK ADA DATA
201005,2010-01-05,DKI3,---,,---,---,---,---,0,,TIDAK ADA DATA
201005,2010-01-05,DKI4,---,,---,---,---,---,0,,TIDAK ADA DATA
201005,2010-01-05,DKI5,---,,---,---,---,---,0,,TIDAK ADA DATA
201006,2010-01-06,DKI1,55,,20,35,31,20,55,PM10,SEDANG
201006,2010-01-06,DKI2,---,,---,---,---,---,0,,TIDAK ADA DATA
201006,2010-01-06,DKI3,---,,---,---,---,---,0,,TIDAK ADA DATA
201006,2010-01-06,DKI4,---,,---,---,---,---,0,,TIDAK ADA DATA
201006,2010-01-06,DKI5,---,,---,---,---,---,0,,TIDAK ADA DATA
201007,2010-01-07,DKI1,55,,21,25,27,12,55,PM10,SEDANG
201007,2010-01-07,DKI2,---,,---,---,---,---,0,,TIDAK ADA DATA
201007,2010-01-07,DKI3,---,,---,---,---,---,0,,TIDAK ADA DATA
201007,2010-01-07,DKI4,---,,---,---,---,---,0,,TIDAK ADA DATA
201007,2010-01-07,DKI5,---,,---,---,---,---,0,,TIDAK ADA DATA
201008,2010-01-08,DKI1,48,,12,19,47,25,48,PM10,BAIK
201008,2010-01-08,DKI2,---,,---,---,---,---,0,,TIDAK ADA DATA
201008,2010-01-08,DKI3,---,,---,---,---,---,0,,TIDAK ADA DATA
201008,2010-01-08,DKI4,---,,---,---,---,---,0,,TIDAK ADA DATA
201008,2010-01-08,DKI5,---,,---,---,---,---,0,,TIDAK ADA DATA
201009,2010-01-09,DKI1,53,,16,28,43,16,53,PM10,SEDANG
201009,2010-01-09,DKI2,---,,---,---,---,---,0,,TIDAK ADA DATA
201009,2010-01-09,DKI3,---,,---,---,---,---,0,,TIDAK ADA DATA
201009,2010-01-09,DKI4,---,,---,---,---,---,0,,TIDAK ADA DATA
201009,2010-01-09,DKI5,---,,---,---,---,---,0,,TIDAK ADA DATA
201010,2010-01-10,DKI1,54,,17,32,100,23,100,O3,SEDANG
201010,2010-01-10,DKI2,---,,---,---,---,---,0,,TIDAK ADA DATA
201010,2010-01-10,DKI3,---,,---,---,---,---,0,,TIDAK ADA DATA
201010,2010-01-10,DKI4,---,,---,---,---,---,0,,TIDAK ADA DATA
201010,2010-01-10,DKI5,---,,---,---,---,---,0,,TIDAK ADA DATA
201011,2010-01-11,DKI1,---,,---,---,---,---,0,,TIDAK ADA DATA
201011,2010-01-11,DKI2,---,,---,---,---,---,0,,TIDAK ADA DATA
201011,2010-01-11,DKI3,---,,---,---,---,---,0,,TIDAK ADA DATA
201011,2010-01-11,DKI4,---,,---,---,---,---,0,,TIDAK ADA DATA
201011,2010-01-11,DKI5,---,,---,---,---,---,0,,TIDAK ADA DATA
201012,2010-01-12,DKI1,28,,17,26,29,12,29,O3,BAIK
201012,2010-01-12,DKI2,10,,---,---,---,---,10,PM10,BAIK
201012,2010-01-12,DKI3,58,,3,12,80,3,80,O3,SEDANG
201012,2010-01-12,DKI4,54,,1,11,47,8,54,PM10,SEDANG
201012,2010-01-12,DKI5,---,,---,---,---,---,0,,TIDAK ADA DATA
201001,2010-01-13,DKI1,28,,5,29,10,12,29,CO,BAIK
201001,2010-01-13,DKI2,---,,---,---,---,---,0,,TIDAK ADA DATA
201001,2010-01-13,DKI3,---,,---,---,---,---,0,,TIDAK ADA DATA
201001,2010-01-13,DKI4,---,,---,---,---,---,0,,TIDAK ADA DATA
201001,2010-01-13,DKI5,---,,---,---,---,---,0,,TIDAK ADA DATA
201001,2010-01-14,DKI1,38,,6,28,15,10,38,PM10,BAIK
201001,2010-01-14,DKI2,---,,---,---,---,---,0,,TIDAK ADA DATA
201001,2010-01-14,DKI3,---,,---,---,---,---,0,,TIDAK ADA DATA
201001,2010-01-14,DKI4,---,,---,---,---,---,0,,TIDAK ADA DATA
201001,2010-01-14,DKI5,---,,---,---,---,---,0,,TIDAK ADA DATA
201001,2010-01-15,DKI1,35,,5,33,17,17,35,PM10,BAIK
201001,2010-01-15,DKI2,---,,---,---,---,---,0,,TIDAK ADA DATA
201001,2010-01-15,DKI3,---,,---,---,---,---,0,,TIDAK ADA DATA
201001,2010-01-15,DKI4,---,,---,---,---,---,0,,TIDAK ADA DATA
201001,2010-01-15,DKI5,---,,---,---,---,---,0,,TIDAK ADA DATA
201001,2010-01-16,DKI1,54,,5,38,17,18,54,PM10,SEDANG
201001,2010-01-16,DKI2,---,,---,---,---,---,0,,TIDAK ADA DATA
201001,2010-01-16,DKI3,---,,---,---,---,---,0,,TIDAK ADA DATA
201001,2010-01-16,DKI4,---,,---,---,---,---,0,,TIDAK ADA DATA
201001,2010-01-16,DKI5,---,,---,---,---,---,0,,TIDAK ADA DATA
201001,2010-01-17,DKI1,44,,4,28,22,14,44,PM10,BAIK
201001,2010-01-17,DKI2,---,,---,---,---,---,0,,TIDAK ADA DATA
201001,2010-01-17,DKI3,---,,---,---,---,---,0,,TIDAK ADA DATA
201001,2010-01-17,DKI4,---,,---,---,---,---,0,,TIDAK ADA DATA
201001,2010-01-17,DKI5,---,,---,---,---,---,0,,TIDAK ADA DATA
201001,2010-01-18,DKI1,38,,4,29,24,15,38,PM10,BAIK
201001,2010-01-18,DKI2,---,,---,---,---,---,0,,TIDAK ADA DATA
201001,2010-01-18,DKI3,---,,---,---,---,---,0,,TIDAK ADA DATA
201001,2010-01-18,DKI4,---,,---,---,---,---,0,,TIDAK ADA DATA
201001,2010-01-18,DKI5,---,,---,---,---,---,0,,TIDAK ADA DATA
201001,2010-01-19,DKI1,40,,3,43,23,23,43,CO,BAIK
201001,2010-01-19,DKI2,---,,---,---,---,---,0,,TIDAK ADA DATA
201001,2010-01-19,DKI3,---,,---,---,---,---,0,,TIDAK ADA DATA
201001,2010-01-19,DKI4,---,,---,---,---,---,0,,TIDAK ADA DATA
201001,2010-01-19,DKI5,---,,---,---,---,---,0,,TIDAK ADA DATA
201001,2010-01-20,DKI1,61,,5,63,16,17,63,CO,SEDANG
201001,2010-01-20,DKI2,---,,---,---,---,---,0,,TIDAK ADA DATA
201001,2010-01-20,DKI3,---,,---,---,---,---,0,,TIDAK ADA DATA
201001,2010-01-20,DKI4,---,,---,---,---,---,0,,TIDAK ADA DATA
201001,2010-01-20,DKI5,---,,---,---,---,---,0,,TIDAK ADA DATA
201001,2010-01-21,DKI1,36,,4,27,23,13,36,PM10,BAIK
201001,2010-01-21,DKI2,---,,---,---,---,---,0,,TIDAK ADA DATA
201001,2010-01-21,DKI3,---,,---,---,---,---,0,,TIDAK ADA DATA
201001,2010-01-21,DKI4,---,,---,---,---,---,0,,TIDAK ADA DATA
201001,2010-01-21,DKI5,---,,---,---,---,---,0,,TIDAK ADA DATA
201001,2010-01-22,DKI1,51,,4,45,14,13,51,PM10,SEDANG
201001,2010-01-22,DKI2,---,,---,---,---,---,0,,TIDAK ADA DATA
201001,2010-01-22,DKI3,---,,---,---,---,---,0,,TIDAK ADA DATA
201001,2010-01-22,DKI4,---,,---,---,---,---,0,,TIDAK ADA DATA
201001,2010-01-22,DKI5,---,,---,---,---,---,0,,TIDAK ADA DATA
201001,2010-01-23,DKI1,35,,3,30,20,14,35,PM10,BAIK
201001,2010-01-23,DKI2,---,,---,---,---,---,0,,TIDAK ADA DATA
201001,2010-01-23,DKI3,---,,---,---,---,---,0,,TIDAK ADA DATA
201001,2010-01-23,DKI4,---,,---,---,---,---,0,,TIDAK ADA DATA
201001,2010-01-23,DKI5,---,,---,---,---,---,0,,TIDAK ADA DATA
201001,2010-01-24,DKI1,56,,6,46,30,14,56,PM10,SEDANG
201001,2010-01-24,DKI2,---,,---,---,---,---,0,,TIDAK ADA DATA
201001,2010-01-24,DKI3,---,,---,---,---,---,0,,TIDAK ADA DATA
201001,2010-01-24,DKI4,---,,---,---,---,---,0,,TIDAK ADA DATA
201001,2010-01-24,DKI5,---,,---,---,---,---,0,,TIDAK ADA DATA
201001,2010-01-25,DKI1,59,,4,38,18,15,59,PM10,SEDANG
201001,2010-01-25,DKI2,---,,---,---,---,---,0,,TIDAK ADA DATA
201001,2010-01-25,DKI3,---,,---,---,---,---,0,,TIDAK ADA DATA
201001,2010-01-25,DKI4,---,,---,---,---,---,0,,TIDAK ADA DATA
201001,2010-01-25,DKI5,---,,---,---,---,---,0,,TIDAK ADA DATA
201001,2010-01-26,DKI1,43,,5,42,19,24,43,PM10,BAIK
201001,2010-01-26,DKI2,---,,---,---,---,---,0,,TIDAK ADA DATA
201001,2010-01-26,DKI3,---,,---,---,---,---,0,,TIDAK ADA DATA
201001,2010-01-26,DKI4,---,,---,---,---,---,0,,TIDAK ADA DATA
201001,2010-01-26,DKI5,---,,---,---,---,---,0,,TIDAK ADA DATA
201001,2010-01-27,DKI1,54,,8,38,40,16,54,PM10,SEDANG
201001,2010-01-27,DKI2,---,,---,---,---,---,0,,TIDAK ADA DATA
201001,2010-01-27,DKI3,---,,---,---,---,---,0,,TIDAK ADA DATA
201001,2010-01-27,DKI4,---,,---,---,---,---,0,,TIDAK ADA DATA
201001,2010-01-27,DKI5,---,,---,---,---,---,0,,TIDAK ADA DATA
201001,2010-01-28,DKI1,72,,8,55,20,17,72,PM10,SEDANG
201001,2010-01-28,DKI2,---,,---,---,---,---,0,,TIDAK ADA DATA
201001,2010-01-28,DKI3,---,,---,---,---,---,0,,TIDAK ADA DATA
201001,2010-01-28,DKI4,---,,---,---,---,---,0,,TIDAK ADA DATA
201001,2010-01-28,DKI5,---,,---,---,---,---,0,,TIDAK ADA DATA
201001,2010-01-29,DKI1,51,,8,24,19,11,51,PM10,SEDANG
201001,2010-01-29,DKI2,---,,---,---,---,---,0,,TIDAK ADA DATA
201001,2010-01-29,DKI3,---,,---,---,---,---,0,,TIDAK ADA DATA
201001,2010-01-29,DKI4,---,,---,---,---,---,0,,TIDAK ADA DATA
201001,2010-01-29,DKI5,---,,---,---,---,---,0,,TIDAK ADA DATA
201001,2010-01-30,DKI1,47,,8,32,19,12,47,PM10,BAIK
201001,2010-01-30,DKI2,---,,---,---,---,---,0,,TIDAK ADA DATA
201001,2010-01-30,DKI3,---,,---,---,---,---,0,,TIDAK ADA DATA
201001,2010-01-30,DKI4,---,,---,---,---,---,0,,TIDAK ADA DATA
201001,2010-01-30,DKI5,---,,---,---,---,---,0,,TIDAK ADA DATA
201001,2010-01-31,DKI1,32,,5,25,26,10,32,PM10,BAIK
201001,2010-01-31,DKI2,---,,---,---,---,---,0,,TIDAK ADA DATA
201001,2010-01-31,DKI3,---,,---,---,---,---,0,,TIDAK ADA DATA
201001,2010-01-31,DKI4,---,,---,---,---,---,0,,TIDAK ADA DATA
201001,2010-01-31,DKI5,---,,---,---,---,---,0,,TIDAK ADA DATA
201001,2010-02-01,DKI1,32,,2,16,33,9,33,O3,BAIK
201001,2010-02-01,DKI2,---,,---,---,---,---,0,,TIDAK ADA DATA
201001,2010-02-01,DKI3,---,,---,---,---,---,0,,TIDAK ADA DATA
201001,2010-02-01,DKI4,---,,---,---,---,---,0,,TIDAK ADA DATA
201001,2010-02-01,DKI5,---,,---,---,---,---,0,,TIDAK ADA DATA
201002,2010-02-02,DKI1,50,,4,30,23,12,50,PM10,BAIK
201002,2010-02-02,DKI2,---,,---,---,---,---,0,,TIDAK ADA DATA
201002,2010-02-02,DKI3,---,,---,---,---,---,0,,TIDAK ADA DATA
201002,2010-02-02,DKI4,---,,---,---,---,---,0,,TIDAK ADA DATA
201002,2010-02-02,DKI5,---,,---,---,---,---,0,,TIDAK ADA DATA
201003,2010-02-03,DKI1,74,,8,56,68,27,74,PM10,SEDANG
201003,2010-02-03,DKI2,---,,---,---,---,---,0,,TIDAK ADA DATA
201003,2010-02-03,DKI3,---,,---,---,---,---,0,,TIDAK ADA DATA
201003,2010-02-03,DKI4,---,,---,---,---,---,0,,TIDAK ADA DATA
201003,2010-02-03,DKI5,---,,---,---,---,---,0,,TIDAK ADA DATA
201004,2010-02-04,DKI1,57,,4,31,88,18,88,O3,SEDANG
201004,2010-02-04,DKI2,---,,---,---,---,---,0,,TIDAK ADA DATA
201004,2010-02-04,DKI3,---,,---,---,---,---,0,,TIDAK ADA DATA
201004,2010-02-04,DKI4,---,,---,---,---,---,0,,TIDAK ADA DATA
201004,2010-02-04,DKI5,---,,---,---,---,---,0,,TIDAK ADA DATA
201005,2010-02-05,DKI1,58,,16,19,31,13,58,PM10,SEDANG
201005,2010-02-05,DKI2,---,,---,---,---,---,0,,TIDAK ADA DATA
201005,2010-02-05,DKI3,---,,---,---,---,---,0,,TIDAK ADA DATA
201005,2010-02-05,DKI4,---,,---,---,---,---,0,,TIDAK ADA DATA
201005,2010-02-05,DKI5,---,,---,---,---,---,0,,TIDAK ADA DATA
201006,2010-02-06,DKI1,58,,14,42,93,26,93,O3,SEDANG
201006,2010-02-06,DKI2,---,,---,---,---,---,0,,TIDAK ADA DATA
201006,2010-02-06,DKI3,---,,---,---,---,---,0,,TIDAK ADA DATA
201006,2010-02-06,DKI4,---,,---,---,---,---,0,,TIDAK ADA DATA
201006,2010-02-06,DKI5,---,,---,---,---,---,0,,TIDAK ADA DATA
201007,2010-02-07,DKI1,62,,22,37,66,19,66,O3,SEDANG
201007,2010-02-07,DKI2,---,,---,---,---,---,0,,TIDAK ADA DATA
201007,2010-02-07,DKI3,---,,---,---,---,---,0,,TIDAK ADA DATA
201007,2010-02-07,DKI4,---,,---,---,---,---,0,,TIDAK ADA DATA
201007,2010-02-07,DKI5,---,,---,---,---,---,0,,TIDAK ADA DATA
201008,2010-02-08,DKI1,57,,15,36,57,29,57,PM10,SEDANG
201008,2010-02-08,DKI2,---,,---,---,---,---,0,,TIDAK ADA DATA
201008,2010-02-08,DKI3,---,,---,---,---,---,0,,TIDAK ADA DATA
201008,2010-02-08,DKI4,---,,---,---,---,---,0,,TIDAK ADA DATA
201008,2010-02-08,DKI5,---,,---,---,---,---,0,,TIDAK ADA DATA
201009,2010-02-09,DKI1,56,,17,35,44,23,56,PM10,SEDANG
201009,2010-02-09,DKI2,---,,---,---,---,---,0,,TIDAK ADA DATA
201009,2010-02-09,DKI3,---,,---,---,---,---,0,,TIDAK ADA DATA
201009,2010-02-09,DKI4,---,,---,---,---,---,0,,TIDAK ADA DATA
201009,2010-02-09,DKI5,---,,---,---,---,---,0,,TIDAK ADA DATA
201010,2010-02-10,DKI1,56,,18,41,67,20,67,O3,SEDANG
201010,2010-02-10,DKI2,---,,---,---,---,---,0,,TIDAK ADA DATA
201010,2010-02-10,DKI3,---,,---,---,---,---,0,,TIDAK ADA DATA
201010,2010-02-10,DKI4,---,,---,---,---,---,0,,TIDAK ADA DATA
201010,2010-02-10,DKI5,---,,---,---,---,---,0,,TIDAK ADA DATA
201011,2010-02-11,DKI1,33,,14,18,25,8,33,PM10,BAIK
201011,2010-02-11,DKI2,---,,---,---,---,---,0,,TIDAK ADA DATA
201011,2010-02-11,DKI3,---,,---,---,---,---,0,,TIDAK ADA DATA
201011,2010-02-11,DKI4,---,,---,---,---,---,0,,TIDAK ADA DATA
201011,2010-02-11,DKI5,---,,---,---,---,---,0,,TIDAK ADA DATA
201012,2010-02-12,DKI1,41,,21,30,30,14,41,PM10,BAIK
201012,2010-02-12,DKI2,11,,---,---,---,---,11,PM10,BAIK
201012,2010-02-12,DKI3,53,,3,12,80,4,80,O3,SEDANG
201012,2010-02-12,DKI4,63,,2,17,59,9,63,PM10,SEDANG
201012,2010-02-12,DKI5,---,,---,---,---,---,0,,TIDAK ADA DATA
201002,2010-02-13,DKI1,55,,6,39,14,14,55,PM10,SEDANG
201002,2010-02-13,DKI2,---,,---,---,---,---,0,,TIDAK ADA DATA
201002,2010-02-13,DKI3,---,,---,---,---,---,0,,TIDAK ADA DATA
201002,2010-02-13,DKI4,---,,---,---,---,---,0,,TIDAK ADA DATA
201002,2010-02-13,DKI5,---,,---,---,---,---,0,,TIDAK ADA DATA
201002,2010-02-14,DKI1,55,,6,61,16,13,61,CO,SEDANG
201002,2010-02-14,DKI2,---,,---,---,---,---,0,,TIDAK ADA DATA
201002,2010-02-14,DKI3,---,,---,---,---,---,0,,TIDAK ADA DATA
201002,2010-02-14,DKI4,---,,---,---,---,---,0,,TIDAK ADA DATA
201002,2010-02-14,DKI5,---,,---,---,---,---,0,,TIDAK ADA DATA
201002,2010-02-15,DKI1,40,,4,30,63,22,63,O3,SEDANG
201002,2010-02-15,DKI2,---,,---,---,---,---,0,,TIDAK ADA DATA
201002,2010-02-15,DKI3,---,,---,---,---,---,0,,TIDAK ADA DATA
201002,2010-02-15,DKI4,---,,---,---,---,---,0,,TIDAK ADA DATA
201002,2010-02-15,DKI5,---,,---,---,---,---,0,,TIDAK ADA DATA
201002,2010-02-16,DKI1,56,,4,43,25,20,56,PM10,SEDANG
201002,2010-02-16,DKI2,---,,---,---,---,---,0,,TIDAK ADA DATA
201002,2010-02-16,DKI3,---,,---,---,---,---,0,,TIDAK ADA DATA
201002,2010-02-16,DKI4,---,,---,---,---,---,0,,TIDAK ADA DATA
201002,2010-02-16,DKI5,---,,---,---,---,---,0,,TIDAK ADA DATA
201002,2010-02-17,DKI1,52,,4,34,30,17,52,PM10,SEDANG
201002,2010-02-17,DKI2,---,,---,---,---,---,0,,TIDAK ADA DATA
201002,2010-02-17,DKI3,---,,---,---,---,---,0,,TIDAK ADA DATA
201002,2010-02-17,DKI4,---,,---,---,---,---,0,,TIDAK ADA DATA
201002,2010-02-17,DKI5,---,,---,---,---,---,0,,TIDAK ADA DATA
201002,2010-02-18,DKI1,41,,5,26,14,10,41,PM10,BAIK
201002,2010-02-18,DKI2,---,,---,---,---,---,0,,TIDAK ADA DATA
201002,2010-02-18,DKI3,---,,---,---,---,---,0,,TIDAK ADA DATA
201002,2010-02-18,DKI4,---,,---,---,---,---,0,,TIDAK ADA DATA
201002,2010-02-18,DKI5,---,,---,---,---,---,0,,TIDAK ADA DATA
201002,2010-02-19,DKI1,37,,4,43,17,17,43,CO,BAIK
201002,2010-02-19,DKI2,---,,---,---,---,---,0,,TIDAK ADA DATA
201002,2010-02-19,DKI3,---,,---,---,---,---,0,,TIDAK ADA DATA
201002,2010-02-19,DKI4,---,,---,---,---,---,0,,TIDAK ADA DATA
201002,2010-02-19,DKI5,---,,---,---,---,---,0,,TIDAK ADA DATA
201002,2010-02-20,DKI1,52,,3,64,18,12,64,CO,SEDANG
201002,2010-02-20,DKI2,---,,---,---,---,---,0,,TIDAK ADA DATA
201002,2010-02-20,DKI3,---,,---,---,---,---,0,,TIDAK ADA DATA
201002,2010-02-20,DKI4,---,,---,---,---,---,0,,TIDAK ADA DATA
201002,2010-02-20,DKI5,---,,---,---,---,---,0,,TIDAK ADA DATA
201002,2010-02-21,DKI1,61,,4,53,36,15,61,PM10,SEDANG
201002,2010-02-21,DKI2,---,,---,---,---,---,0,,TIDAK ADA DATA
201002,2010-02-21,DKI3,---,,---,---,---,---,0,,TIDAK ADA DATA
201002,2010-02-21,DKI4,---,,---,---,---,---,0,,TIDAK ADA DATA
201002,2010-02-21,DKI5,---,,---,---,---,---,0,,TIDAK ADA DATA
201002,2010-02-22,DKI1,34,,4,31,23,16,34,PM10,BAIK
201002,2010-02-22,DKI2,---,,---,---,---,---,0,,TIDAK ADA DATA
201002,2010-02-22,DKI3,---,,---,---,---,---,0,,TIDAK ADA DATA
201002,2010-02-22,DKI4,---,,---,---,---,---,0,,TIDAK ADA DATA
201002,2010-02-22,DKI5,---,,---,---,---,---,0,,TIDAK ADA DATA
201002,2010-02-23,DKI1,57,,7,35,42,18,57,PM10,SEDANG
201002,2010-02-23,DKI2,---,,---,---,---,---,0,,TIDAK ADA DATA
201002,2010-02-23,DKI3,---,,---,---,---,---,0,,TIDAK ADA DATA
201002,2010-02-23,DKI4,---,,---,---,---,---,0,,TIDAK ADA DATA
201002,2010-02-23,DKI5,---,,---,---,---,---,0,,TIDAK ADA DATA
201002,2010-02-24,DKI1,59,,4,44,93,24,93,O3,SEDANG
201002,2010-02-24,DKI2,---,,---,---,---,---,0,,TIDAK ADA DATA
201002,2010-02-24,DKI3,---,,---,---,---,---,0,,TIDAK ADA DATA
201002,2010-02-24,DKI4,---,,---,---,---,---,0,,TIDAK ADA DATA
201002,2010-02-24,DKI5,---,,---,---,---,---,0,,TIDAK ADA DATA
201002,2010-02-25,DKI1,65,,6,55,26,26,65,PM10,SEDANG
201002,2010-02-25,DKI2,---,,---,---,---,---,0,,TIDAK ADA DATA
201002,2010-02-25,DKI3,---,,---,---,---,---,0,,TIDAK ADA DATA
201002,2010-02-25,DKI4,---,,---,---,---,---,0,,TIDAK ADA DATA
201002,2010-02-25,DKI5,---,,---,---,---,---,0,,TIDAK ADA DATA
201002,2010-02-26,DKI1,68,,9,67,67,22,68,PM10,SEDANG
201002,2010-02-26,DKI2,---,,---,---,---,---,0,,TIDAK ADA DATA
201002,2010-02-26,DKI3,---,,---,---,---,---,0,,TIDAK ADA DATA
201002,2010-02-26,DKI4,---,,---,---,---,---,0,,TIDAK ADA DATA
201002,2010-02-26,DKI5,---,,---,---,---,---,0,,TIDAK ADA DATA
201002,2010-02-27,DKI1,67,,8,47,47,19,67,PM10,SEDANG
201002,2010-02-27,DKI2,---,,---,---,---,---,0,,TIDAK ADA DATA
201002,2010-02-27,DKI3,---,,---,---,---,---,0,,TIDAK ADA DATA
201002,2010-02-27,DKI4,---,,---,---,---,---,0,,TIDAK ADA DATA
201002,2010-02-27,DKI5,---,,---,---,---,---,0,,TIDAK ADA DATA
201002,2010-02-28,DKI1,65,,6,38,80,23,80,O3,SEDANG
201002,2010-02-28,DKI2,---,,---,---,---,---,0,,TIDAK ADA DATA
201002,2010-02-28,DKI3,---,,---,---,---,---,0,,TIDAK ADA DATA
201002,2010-02-28,DKI4,---,,---,---,---,---,0,,TIDAK ADA DATA
201002,2010-02-28,DKI5,---,,---,---,---,---,0,,TIDAK ADA DATA
201001,2010-03-01,DKI1,27,,2,19,20,9,27,PM10,BAIK
201001,2010-03-01,DKI2,---,,---,---,---,---,0,,TIDAK ADA DATA
201001,2010-03-01,DKI3,---,,---,---,---,---,0,,TIDAK ADA DATA
201001,2010-03-01,DKI4,---,,---,---,---,---,0,,TIDAK ADA DATA
201001,2010-03-01,DKI5,---,,---,---,---,---,0,,TIDAK ADA DATA
201002,2010-03-02,DKI1,49,,7,33,57,23,57,O3,SEDANG
201002,2010-03-02,DKI2,---,,---,---,---,---,0,,TIDAK ADA DATA
201002,2010-03-02,DKI3,---,,---,---,---,---,0,,TIDAK ADA DATA
201002,2010-03-02,DKI4,---,,---,---,---,---,0,,TIDAK ADA DATA
201002,2010-03-02,DKI5,---,,---,---,---,---,0,,TIDAK ADA DATA
201003,2010-03-03,DKI1,54,,12,35,77,25,77,O3,SEDANG
201003,2010-03-03,DKI2,---,,---,---,---,---,0,,TIDAK ADA DATA
201003,2010-03-03,DKI3,---,,---,---,---,---,0,,TIDAK ADA DATA
201003,2010-03-03,DKI4,---,,---,---,---,---,0,,TIDAK ADA DATA
201003,2010-03-03,DKI5,---,,---,---,---,---,0,,TIDAK ADA DATA
201004,2010-03-04,DKI1,37,,4,18,---,10,37,PM10,BAIK
201004,2010-03-04,DKI2,---,,---,---,---,---,0,,TIDAK ADA DATA
201004,2010-03-04,DKI3,---,,---,---,---,---,0,,TIDAK ADA DATA
201004,2010-03-04,DKI4,---,,---,---,---,---,0,,TIDAK ADA DATA
201004,2010-03-04,DKI5,---,,---,---,---,---,0,,TIDAK ADA DATA
201005,2010-03-05,DKI1,60,,16,29,73,18,73,O3,SEDANG
201005,2010-03-05,DKI2,---,,---,---,---,---,0,,TIDAK ADA DATA
201005,2010-03-05,DKI3,---,,---,---,---,---,0,,TIDAK ADA DATA
201005,2010-03-05,DKI4,---,,---,---,---,---,0,,TIDAK ADA DATA
201005,2010-03-05,DKI5,---,,---,---,---,---,0,,TIDAK ADA DATA
201006,2010-03-06,DKI1,72,,19,38,55,22,72,PM10,SEDANG
201006,2010-03-06,DKI2,---,,---,---,---,---,0,,TIDAK ADA DATA
201006,2010-03-06,DKI3,---,,---,---,---,---,0,,TIDAK ADA DATA
201006,2010-03-06,DKI4,---,,---,---,---,---,0,,TIDAK ADA DATA
201006,2010-03-06,DKI5,---,,---,---,---,---,0,,TIDAK ADA DATA
201007,2010-03-07,DKI1,64,,15,34,76,20,76,O3,SEDANG
201007,2010-03-07,DKI2,---,,---,---,---,---,0,,TIDAK ADA DATA
201007,2010-03-07,DKI3,---,,---,---,---,---,0,,TIDAK ADA DATA
201007,2010-03-07,DKI4,---,,---,---,---,---,0,,TIDAK ADA DATA
201007,2010-03-07,DKI5,---,,---,---,---,---,0,,TIDAK ADA DATA
201008,2010-03-08,DKI1,61,,13,31,48,17,61,PM10,SEDANG
201008,2010-03-08,DKI2,---,,---,---,---,---,0,,TIDAK ADA DATA
201008,2010-03-08,DKI3,---,,---,---,---,---,0,,TIDAK ADA DATA
201008,2010-03-08,DKI4,---,,---,---,---,---,0,,TIDAK ADA DATA
201008,2010-03-08,DKI5,---,,---,---,---,---,0,,TIDAK ADA DATA
201009,2010-03-09,DKI1,53,,16,39,52,22,53,PM10,SEDANG
201009,2010-03-09,DKI2,---,,---,---,---,---,0,,TIDAK ADA DATA
201009,2010-03-09,DKI3,---,,---,---,---,---,0,,TIDAK ADA DATA
201009,2010-03-09,DKI4,---,,---,---,---,---,0,,TIDAK ADA DATA
201009,2010-03-09,DKI5,---,,---,---,---,---,0,,TIDAK ADA DATA
201010,2010-03-10,DKI1,60,,16,62,43,19,62,CO,SEDANG
201010,2010-03-10,DKI2,---,,---,---,---,---,0,,TIDAK ADA DATA
201010,2010-03-10,DKI3,---,,---,---,---,---,0,,TIDAK ADA DATA
201010,2010-03-10,DKI4,---,,---,---,---,---,0,,TIDAK ADA DATA
201010,2010-03-10,DKI5,---,,---,---,---,---,0,,TIDAK ADA DATA
201011,2010-03-11,DKI1,56,,18,32,48,18,56,PM10,SEDANG
201011,2010-03-11,DKI2,---,,---,---,---,---,0,,TIDAK ADA DATA
201011,2010-03-11,DKI3,---,,---,---,---,---,0,,TIDAK ADA DATA
201011,2010-03-11,DKI4,---,,---,---,---,---,0,,TIDAK ADA DATA
201011,2010-03-11,DKI5,---,,---,---,---,---,0,,TIDAK ADA DATA
201012,2010-03-12,DKI1,45,,31,34,38,14,45,PM10,BAIK
201012,2010-03-12,DKI2,18,,9,20,57,12,57,O3,SEDANG
201012,2010-03-12,DKI3,59,,5,16,82,9,82,O3,SEDANG
201012,2010-03-12,DKI4,68,,8,27,45,12,68,PM10,SEDANG
201012,2010-03-12,DKI5,---,,---,---,---,---,0,,TIDAK ADA DATA
201003,2010-03-13,DKI1,74,,9,46,64,16,74,PM10,SEDANG
201003,2010-03-13,DKI2,---,,---,---,---,---,0,,TIDAK ADA DATA
201003,2010-03-13,DKI3,---,,---,---,---,---,0,,TIDAK ADA DATA
201003,2010-03-13,DKI4,---,,---,---,---,---,0,,TIDAK ADA DATA
201003,2010-03-13,DKI5,---,,---,---,---,---,0,,TIDAK ADA DATA
201003,2010-03-14,DKI1,61,,9,27,27,13,61,PM10,SEDANG
201003,2010-03-14,DKI2,---,,---,---,---,---,0,,TIDAK ADA DATA
201003,2010-03-14,DKI3,---,,---,---,---,---,0,,TIDAK ADA DATA
201003,2010-03-14,DKI4,---,,---,---,---,---,0,,TIDAK ADA DATA
201003,2010-03-14,DKI5,---,,---,---,---,---,0,,TIDAK ADA DATA
201003,2010-03-15,DKI1,52,,8,28,30,15,52,PM10,SEDANG
201003,2010-03-15,DKI2,---,,---,---,---,---,0,,TIDAK ADA DATA
201003,2010-03-15,DKI3,---,,---,---,---,---,0,,TIDAK ADA DATA
201003,2010-03-15,DKI4,---,,---,---,---,---,0,,TIDAK ADA DATA
201003,2010-03-15,DKI5,---,,---,---,---,---,0,,TIDAK ADA DATA
201003,2010-03-16,DKI1,40,,5,25,45,13,45,O3,BAIK
201003,2010-03-16,DKI2,---,,---,---,---,---,0,,TIDAK ADA DATA
201003,2010-03-16,DKI3,---,,---,---,---,---,0,,TIDAK ADA DATA
201003,2010-03-16,DKI4,---,,---,---,---,---,0,,TIDAK ADA DATA
201003,2010-03-16,DKI5,---,,---,---,---,---,0,,TIDAK ADA DATA
201003,2010-03-17,DKI1,50,,8,30,25,15,50,PM10,BAIK
201003,2010-03-17,DKI2,---,,---,---,---,---,0,,TIDAK ADA DATA
201003,2010-03-17,DKI3,---,,---,---,---,---,0,,TIDAK ADA DATA
201003,2010-03-17,DKI4,---,,---,---,---,---,0,,TIDAK ADA DATA
201003,2010-03-17,DKI5,---,,---,---,---,---,0,,TIDAK ADA DATA
201003,2010-03-18,DKI1,58,,10,33,23,15,58,PM10,SEDANG
201003,2010-03-18,DKI2,---,,---,---,---,---,0,,TIDAK ADA DATA
201003,2010-03-18,DKI3,---,,---,---,---,---,0,,TIDAK ADA DATA
201003,2010-03-18,DKI4,---,,---,---,---,---,0,,TIDAK ADA DATA
201003,2010-03-18,DKI5,---,,---,---,---,---,0,,TIDAK ADA DATA
201003,2010-03-19,DKI1,63,,10,44,36,18,63,PM10,SEDANG
201003,2010-03-19,DKI2,---,,---,---,---,---,0,,TIDAK ADA DATA
201003,2010-03-19,DKI3,---,,---,---,---,---,0,,TIDAK ADA DATA
201003,2010-03-19,DKI4,---,,---,---,---,---,0,,TIDAK ADA DATA
201003,2010-03-19,DKI5,---,,---,---,---,---,0,,TIDAK ADA DATA
201003,2010-03-20,DKI1,54,,11,29,66,19,66,O3,SEDANG
201003,2010-03-20,DKI2,---,,---,---,---,---,0,,TIDAK ADA DATA
201003,2010-03-20,DKI3,---,,---,---,---,---,0,,TIDAK ADA DATA
201003,2010-03-20,DKI4,---,,---,---,---,---,0,,TIDAK ADA DATA
201003,2010-03-20,DKI5,---,,---,---,---,---,0,,TIDAK ADA DATA
201003,2010-03-21,DKI1,52,,7,33,31,16,52,PM10,SEDANG
201003,2010-03-21,DKI2,---,,---,---,---,---,0,,TIDAK ADA DATA
201003,2010-03-21,DKI3,---,,---,---,---,---,0,,TIDAK ADA DATA
201003,2010-03-21,DKI4,---,,---,---,---,---,0,,TIDAK ADA DATA
201003,2010-03-21,DKI5,---,,---,---,---,---,0,,TIDAK ADA DATA
201003,2010-03-22,DKI1,37,,5,22,15,10,37,PM10,BAIK
201003,2010-03-22,DKI2,---,,---,---,---,---,0,,TIDAK ADA DATA
201003,2010-03-22,DKI3,---,,---,---,---,---,0,,TIDAK ADA DATA
201003,2010-03-22,DKI4,---,,---,---,---,---,0,,TIDAK ADA DATA
201003,2010-03-22,DKI5,---,,---,---,---,---,0,,TIDAK ADA DATA
201003,2010-03-23,DKI1,52,,9,44,42,29,52,PM10,SEDANG
201003,2010-03-23,DKI2,---,,---,---,---,---,0,,TIDAK ADA DATA
201003,2010-03-23,DKI3,---,,---,---,---,---,0,,TIDAK ADA DATA
201003,2010-03-23,DKI4,---,,---,---,---,---,0,,TIDAK ADA DATA
201003,2010-03-23,DKI5,---,,---,---,---,---,0,,TIDAK ADA DATA
201003,2010-03-24,DKI1,---,,7,41,99,29,99,O3,SEDANG
201003,2010-03-24,DKI2,---,,---,---,---,---,0,,TIDAK ADA DATA
201003,2010-03-24,DKI3,---,,---,---,---,---,0,,TIDAK ADA DATA
201003,2010-03-24,DKI4,---,,---,---,---,---,0,,TIDAK ADA DATA
201003,2010-03-24,DKI5,---,,---,---,---,---,0,,TIDAK ADA DATA
201003,2010-03-25,DKI1,55,,9,33,46,20,55,PM10,SEDANG
201003,2010-03-25,DKI2,---,,---,---,---,---,0,,TIDAK ADA DATA
201003,2010-03-25,DKI3,---,,---,---,---,---,0,,TIDAK ADA DATA
201003,2010-03-25,DKI4,---,,---,---,---,---,0,,TIDAK ADA DATA
201003,2010-03-25,DKI5,---,,---,---,---,---,0,,TIDAK ADA DATA
201003,2010-03-26,DKI1,48,,4,45,57,29,57,O3,SEDANG
201003,2010-03-26,DKI2,---,,---,---,---,---,0,,TIDAK ADA DATA
201003,2010-03-26,DKI3,---,,---,---,---,---,0,,TIDAK ADA DATA
201003,2010-03-26,DKI4,---,,---,---,---,---,0,,TIDAK ADA DATA
201003,2010-03-26,DKI5,---,,---,---,---,---,0,,TIDAK ADA DATA
201003,2010-03-27,DKI1,61,,18,41,59,16,61,PM10,SEDANG
201003,2010-03-27,DKI2,---,,---,---,---,---,0,,TIDAK ADA DATA
201003,2010-03-27,DKI3,---,,---,---,---,---,0,,TIDAK ADA DATA
201003,2010-03-27,DKI4,---,,---,---,---,---,0,,TIDAK ADA DATA
201003,2010-03-27,DKI5,---,,---,---,---,---,0,,TIDAK ADA DATA
201003,2010-03-28,DKI1,56,,4,44,45,13,56,PM10,SEDANG
201003,2010-03-28,DKI2,---,,---,---,---,---,0,,TIDAK ADA DATA
201003,2010-03-28,DKI3,---,,---,---,---,---,0,,TIDAK ADA DATA
201003,2010-03-28,DKI4,---,,---,---,---,---,0,,TIDAK ADA DATA
201003,2010-03-28,DKI5,---,,---,---,---,---,0,,TIDAK ADA DATA
201003,2010-03-29,DKI1,50,,2,34,27,25,50,PM10,BAIK
201003,2010-03-29,DKI2,---,,---,---,---,---,0,,TIDAK ADA DATA
201003,2010-03-29,DKI3,---,,---,---,---,---,0,,TIDAK ADA DATA
201003,2010-03-29,DKI4,---,,---,---,---,---,0,,TIDAK ADA DATA
201003,2010-03-29,DKI5,---,,---,---,---,---,0,,TIDAK ADA DATA
201003,2010-03-30,DKI1,44,,6,33,---,12,44,PM10,BAIK
201003,2010-03-30,DKI2,---,,---,---,---,---,0,,TIDAK ADA DATA
201003,2010-03-30,DKI3,---,,---,---,---,---,0,,TIDAK ADA DATA
201003,2010-03-30,DKI4,---,,---,---,---,---,0,,TIDAK ADA DATA
201003,2010-03-30,DKI5,---,,---,---,---,---,0,,TIDAK ADA DATA
201003,2010-03-31,DKI1,58,,5,57,---,14,58,PM10,SEDANG
201003,2010-03-31,DKI2,---,,---,---,---,---,0,,TIDAK ADA DATA
201003,2010-03-31,DKI3,---,,---,---,---,---,0,,TIDAK ADA DATA
201003,2010-03-31,DKI4,---,,---,---,---,---,0,,TIDAK ADA DATA
201003,2010-03-31,DKI5,---,,---,---,---,---,0,,TIDAK ADA DATA
201001,2010-04-01,DKI1,22,,2,16,15,6,22,PM10,BAIK
201001,2010-04-01,DKI2,---,,---,---,---,---,0,,TIDAK ADA DATA
201001,2010-04-01,DKI3,---,,---,---,---,---,0,,TIDAK ADA DATA
201001,2010-04-01,DKI4,---,,---,---,---,---,0,,TIDAK ADA DATA
201001,2010-04-01,DKI5,---,,---,---,---,---,0,,TIDAK ADA DATA
201002,2010-04-02,DKI1,59,,9,38,75,26,75,O3,SEDANG
201002,2010-04-02,DKI2,---,,---,---,---,---,0,,TIDAK ADA DATA
201002,2010-04-02,DKI3,---,,---,---,---,---,0,,TIDAK ADA DATA
201002,2010-04-02,DKI4,---,,---,---,---,---,0,,TIDAK ADA DATA
201002,2010-04-02,DKI5,---,,---,---,---,---,0,,TIDAK ADA DATA
201003,2010-04-03,DKI1,59,,9,32,62,20,62,O3,SEDANG
201003,2010-04-03,DKI2,---,,---,---,---,---,0,,TIDAK ADA DATA
201003,2010-04-03,DKI3,---,,---,---,---,---,0,,TIDAK ADA DATA
201003,2010-04-03,DKI4,---,,---,---,---,---,0,,TIDAK ADA DATA
201003,2010-04-03,DKI5,---,,---,---,---,---,0,,TIDAK ADA DATA
201004,2010-04-04,DKI1,39,,---,29,---,10,39,PM10,BAIK
201004,2010-04-04,DKI2,---,,---,---,---,---,0,,TIDAK ADA DATA
201004,2010-04-04,DKI3,---,,---,---,---,---,0,,TIDAK ADA DATA
201004,2010-04-04,DKI4,---,,---,---,---,---,0,,TIDAK ADA DATA
201004,2010-04-04,DKI5,---,,---,---,---,---,0,,TIDAK ADA DATA
201005,2010-04-05,DKI1,53,,13,27,31,16,53,PM10,SEDANG
201005,2010-04-05,DKI2,---,,---,---,---,---,0,,TIDAK ADA DATA
201005,2010-04-05,DKI3,---,,---,---,---,---,0,,TIDAK ADA DATA
201005,2010-04-05,DKI4,---,,---,---,---,---,0,,TIDAK ADA DATA
201005,2010-04-05,DKI5,---,,---,---,---,---,0,,TIDAK ADA DATA
201006,2010-04-06,DKI1,59,,18,36,30,19,59,PM10,SEDANG
201006,2010-04-06,DKI2,---,,---,---,---,---,0,,TIDAK ADA DATA
201006,2010-04-06,DKI3,---,,---,---,---,---,0,,TIDAK ADA DATA
201006,2010-04-06,DKI4,---,,---,---,---,---,0,,TIDAK ADA DATA
201006,2010-04-06,DKI5,---,,---,---,---,---,0,,TIDAK ADA DATA
201007,2010-04-07,DKI1,56,,13,46,51,23,56,PM10,SEDANG
201007,2010-04-07,DKI2,---,,---,---,---,---,0,,TIDAK ADA DATA
201007,2010-04-07,DKI3,---,,---,---,---,---,0,,TIDAK ADA DATA
201007,2010-04-07,DKI4,---,,---,---,---,---,0,,TIDAK ADA DATA
201007,2010-04-07,DKI5,---,,---,---,---,---,0,,TIDAK ADA DATA
201008,2010-04-08,DKI1,---,,---,---,---,---,0,,TIDAK ADA DATA
201008,2010-04-08,DKI2,---,,---,---,---,---,0,,TIDAK ADA DATA
201008,2010-04-08,DKI3,---,,---,---,---,---,0,,TIDAK ADA DATA
201008,2010-04-08,DKI4,---,,---,---,---,---,0,,TIDAK ADA DATA
201008,2010-04-08,DKI5,---,,---,---,---,---,0,,TIDAK ADA DATA
201009,2010-04-09,DKI1,47,,19,32,44,21,47,PM10,BAIK
201009,2010-04-09,DKI2,---,,---,---,---,---,0,,TIDAK ADA DATA
201009,2010-04-09,DKI3,---,,---,---,---,---,0,,TIDAK ADA DATA
201009,2010-04-09,DKI4,---,,---,---,---,---,0,,TIDAK ADA DATA
201009,2010-04-09,DKI5,---,,---,---,---,---,0,,TIDAK ADA DATA
201010,2010-04-10,DKI1,39,,15,44,51,27,51,O3,SEDANG
201010,2010-04-10,DKI2,---,,---,---,---,---,0,,TIDAK ADA DATA
201010,2010-04-10,DKI3,---,,---,---,---,---,0,,TIDAK ADA DATA
201010,2010-04-10,DKI4,---,,---,---,---,---,0,,TIDAK ADA DATA
201010,2010-04-10,DKI5,---,,---,---,---,---,0,,TIDAK ADA DATA
201011,2010-04-11,DKI1,54,,17,47,33,12,54,PM10,SEDANG
201011,2010-04-11,DKI2,27,,8,22,45,10,45,O3,BAIK
201011,2010-04-11,DKI3,---,,---,---,---,---,0,,TIDAK ADA DATA
201011,2010-04-11,DKI4,27,,8,22,45,10,45,O3,BAIK
201011,2010-04-11,DKI5,---,,---,---,---,---,0,,TIDAK ADA DATA
201012,2010-04-12,DKI1,49,,24,32,29,13,49,PM10,BAIK
201012,2010-04-12,DKI2,16,,8,17,25,18,25,O3,BAIK
201012,2010-04-12,DKI3,50,,5,17,42,3,50,PM10,BAIK
201012,2010-04-12,DKI4,74,,5,28,46,5,74,PM10,SEDANG
201012,2010-04-12,DKI5,---,,---,---,---,---,0,,TIDAK ADA DATA
201004,2010-04-13,DKI1,57,,17,34,80,24,80,O3,SEDANG
201004,2010-04-13,DKI2,---,,---,---,---,---,0,,TIDAK ADA DATA
201004,2010-04-13,DKI3,---,,---,---,---,---,0,,TIDAK ADA DATA
201004,2010-04-13,DKI4,---,,---,---,---,---,0,,TIDAK ADA DATA
201004,2010-04-13,DKI5,---,,---,---,---,---,0,,TIDAK ADA DATA
201004,2010-04-14,DKI1,70,,16,40,59,21,70,PM10,SEDANG
201004,2010-04-14,DKI2,---,,---,---,---,---,0,,TIDAK ADA DATA
201004,2010-04-14,DKI3,---,,---,---,---,---,0,,TIDAK ADA DATA
201004,2010-04-14,DKI4,---,,---,---,---,---,0,,TIDAK ADA DATA
201004,2010-04-14,DKI5,---,,---,---,---,---,0,,TIDAK ADA DATA
201004,2010-04-15,DKI1,70,,13,57,41,19,70,PM10,SEDANG
201004,2010-04-15,DKI2,---,,---,---,---,---,0,,TIDAK ADA DATA
201004,2010-04-15,DKI3,---,,---,---,---,---,0,,TIDAK ADA DATA
201004,2010-04-15,DKI4,---,,---,---,---,---,0,,TIDAK ADA DATA
201004,2010-04-15,DKI5,---,,---,---,---,---,0,,TIDAK ADA DATA
201004,2010-04-16,DKI1,38,,11,30,42,13,42,O3,BAIK
201004,2010-04-16,DKI2,---,,---,---,---,---,0,,TIDAK ADA DATA
201004,2010-04-16,DKI3,---,,---,---,---,---,0,,TIDAK ADA DATA
201004,2010-04-16,DKI4,---,,---,---,---,---,0,,TIDAK ADA DATA
201004,2010-04-16,DKI5,---,,---,---,---,---,0,,TIDAK ADA DATA
201004,2010-04-17,DKI1,38,,10,26,28,12,38,PM10,BAIK
201004,2010-04-17,DKI2,---,,---,---,---,---,0,,TIDAK ADA DATA
201004,2010-04-17,DKI3,---,,---,---,---,---,0,,TIDAK ADA DATA
201004,2010-04-17,DKI4,---,,---,---,---,---,0,,TIDAK ADA DATA
201004,2010-04-17,DKI5,---,,---,---,---,---,0,,TIDAK ADA DATA
201004,2010-04-18,DKI1,36,,9,22,27,10,36,PM10,BAIK
201004,2010-04-18,DKI2,---,,---,---,---,---,0,,TIDAK ADA DATA
201004,2010-04-18,DKI3,---,,---,---,---,---,0,,TIDAK ADA DATA
201004,2010-04-18,DKI4,---,,---,---,---,---,0,,TIDAK ADA DATA
201004,2010-04-18,DKI5,---,,---,---,---,---,0,,TIDAK ADA DATA
201004,2010-04-19,DKI1,36,,---,24,20,10,36,PM10,BAIK
201004,2010-04-19,DKI2,---,,---,---,---,---,0,,TIDAK ADA DATA
201004,2010-04-19,DKI3,---,,---,---,---,---,0,,TIDAK ADA DATA
201004,2010-04-19,DKI4,---,,---,---,---,---,0,,TIDAK ADA DATA
201004,2010-04-19,DKI5,---,,---,---,---,---,0,,TIDAK ADA DATA
201004,2010-04-20,DKI1,39,,---,27,24,12,39,PM10,BAIK
201004,2010-04-20,DKI2,---,,---,---,---,---,0,,TIDAK ADA DATA
201004,2010-04-20,DKI3,---,,---,---,---,---,0,,TIDAK ADA DATA
201004,2010-04-20,DKI4,---,,---,---,---,---,0,,TIDAK ADA DATA
201004,2010-04-20,DKI5,---,,---,---,---,---,0,,TIDAK ADA DATA
201004,2010-04-21,DKI1,41,,---,23,30,12,41,PM10,BAIK
201004,2010-04-21,DKI2,---,,---,---,---,---,0,,TIDAK ADA DATA
201004,2010-04-21,DKI3,---,,---,---,---,---,0,,TIDAK ADA DATA
201004,2010-04-21,DKI4,---,,---,---,---,---,0,,TIDAK ADA DATA
201004,2010-04-21,DKI5,---,,---,---,---,---,0,,TIDAK ADA DATA
201004,2010-04-22,DKI1,37,,---,34,25,14,37,PM10,BAIK
201004,2010-04-22,DKI2,---,,---,---,---,---,0,,TIDAK ADA DATA
201004,2010-04-22,DKI3,---,,---,---,---,---,0,,TIDAK ADA DATA
201004,2010-04-22,DKI4,---,,---,---,---,---,0,,TIDAK ADA DATA
201004,2010-04-22,DKI5,---,,---,---,---,---,0,,TIDAK ADA DATA
201004,2010-04-23,DKI1,29,,---,22,23,12,29,PM10,BAIK
201004,2010-04-23,DKI2,---,,---,---,---,---,0,,TIDAK ADA DATA
201004,2010-04-23,DKI3,---,,---,---,---,---,0,,TIDAK ADA DATA
201004,2010-04-23,DKI4,---,,---,---,---,---,0,,TIDAK ADA DATA
201004,2010-04-23,DKI5,---,,---,---,---,---,0,,TIDAK ADA DATA
201004,2010-04-24,DKI1,31,,---,28,36,12,36,O3,BAIK
201004,2010-04-24,DKI2,---,,---,---,---,---,0,,TIDAK ADA DATA
201004,2010-04-24,DKI3,---,,---,---,---,---,0,,TIDAK ADA DATA
201004,2010-04-24,DKI4,---,,---,---,---,---,0,,TIDAK ADA DATA
201004,2010-04-24,DKI5,---,,---,---,---,---,0,,TIDAK ADA DATA
201004,2010-04-25,DKI1,50,,---,26,55,29,55,O3,SEDANG
201004,2010-04-25,DKI2,---,,---,---,---,---,0,,TIDAK ADA DATA
201004,2010-04-25,DKI3,---,,---,---,---,---,0,,TIDAK ADA DATA
201004,2010-04-25,DKI4,---,,---,---,---,---,0,,TIDAK ADA DATA
201004,2010-04-25,DKI5,---,,---,---,---,---,0,,TIDAK ADA DATA
201004,2010-04-26,DKI1,58,,---,31,67,29,67,O3,SEDANG
201004,2010-04-26,DKI2,---,,---,---,---,---,0,,TIDAK ADA DATA
201004,2010-04-26,DKI3,---,,---,---,---,---,0,,TIDAK ADA DATA
201004,2010-04-26,DKI4,---,,---,---,---,---,0,,TIDAK ADA DATA
201004,2010-04-26,DKI5,---,,---,---,---,---,0,,TIDAK ADA DATA
201004,2010-04-27,DKI1,67,,---,30,52,18,67,PM10,SEDANG
201004,2010-04-27,DKI2,---,,---,---,---,---,0,,TIDAK ADA DATA
201004,2010-04-27,DKI3,---,,---,---,---,---,0,,TIDAK ADA DATA
201004,2010-04-27,DKI4,---,,---,---,---,---,0,,TIDAK ADA DATA
201004,2010-04-27,DKI5,---,,---,---,---,---,0,,TIDAK ADA DATA
201004,2010-04-28,DKI1,56,,---,26,30,15,56,PM10,SEDANG
201004,2010-04-28,DKI2,---,,---,---,---,---,0,,TIDAK ADA DATA
201004,2010-04-28,DKI3,---,,---,---,---,---,0,,TIDAK ADA DATA
201004,2010-04-28,DKI4,---,,---,---,---,---,0,,TIDAK ADA DATA
201004,2010-04-28,DKI5,---,,---,---,---,---,0,,TIDAK ADA DATA
201004,2010-04-29,DKI1,61,,---,34,61,26,61,PM10,SEDANG
201004,2010-04-29,DKI2,---,,---,---,---,---,0,,TIDAK ADA DATA
201004,2010-04-29,DKI3,---,,---,---,---,---,0,,TIDAK ADA DATA
201004,2010-04-29,DKI4,---,,---,---,---,---,0,,TIDAK ADA DATA
201004,2010-04-29,DKI5,---,,---,---,---,---,0,,TIDAK ADA DATA
201004,2010-04-30,DKI1,76,,---,42,42,24,76,PM10,SEDANG
201004,2010-04-30,DKI2,---,,---,---,---,---,0,,TIDAK ADA DATA
201004,2010-04-30,DKI3,---,,---,---,---,---,0,,TIDAK ADA DATA
201004,2010-04-30,DKI4,---,,---,---,---,---,0,,TIDAK ADA DATA
201004,2010-04-30,DKI5,---,,---,---,---,---,0,,TIDAK ADA DATA
201001,2010-05-01,DKI1,25,,2,17,15,8,25,PM10,BAIK
201001,2010-05-01,DKI2,---,,---,---,---,---,0,,TIDAK ADA DATA
201001,2010-05-01,DKI3,---,,---,---,---,---,0,,TIDAK ADA DATA
201001,2010-05-01,DKI4,---,,---,---,---,---,0,,TIDAK ADA DATA
201001,2010-05-01,DKI5,---,,---,---,---,---,0,,TIDAK ADA DATA
201002,2010-05-02,DKI1,63,,7,39,41,23,63,PM10,SEDANG
201002,2010-05-02,DKI2,---,,---,---,---,---,0,,TIDAK ADA DATA
201002,2010-05-02,DKI3,---,,---,---,---,---,0,,TIDAK ADA DATA
201002,2010-05-02,DKI4,---,,---,---,---,---,0,,TIDAK ADA DATA
201002,2010-05-02,DKI5,---,,---,---,---,---,0,,TIDAK ADA DATA
201003,2010-05-03,DKI1,62,,11,35,31,19,62,PM10,SEDANG
201003,2010-05-03,DKI2,---,,---,---,---,---,0,,TIDAK ADA DATA
201003,2010-05-03,DKI3,---,,---,---,---,---,0,,TIDAK ADA DATA
201003,2010-05-03,DKI4,---,,---,---,---,---,0,,TIDAK ADA DATA
201003,2010-05-03,DKI5,---,,---,---,---,---,0,,TIDAK ADA DATA
201004,2010-05-04,DKI1,63,,7,50,---,22,63,PM10,SEDANG
201004,2010-05-04,DKI2,---,,---,---,---,---,0,,TIDAK ADA DATA
201004,2010-05-04,DKI3,---,,---,---,---,---,0,,TIDAK ADA DATA
201004,2010-05-04,DKI4,---,,---,---,---,---,0,,TIDAK ADA DATA
201004,2010-05-04,DKI5,---,,---,---,---,---,0,,TIDAK ADA DATA
201005,2010-05-05,DKI1,53,,16,26,35,15,53,PM10,SEDANG
201005,2010-05-05,DKI2,---,,---,---,---,---,0,,TIDAK ADA DATA
201005,2010-05-05,DKI3,---,,---,---,---,---,0,,TIDAK ADA DATA
201005,2010-05-05,DKI4,---,,---,---,---,---,0,,TIDAK ADA DATA
201005,2010-05-05,DKI5,---,,---,---,---,---,0,,TIDAK ADA DATA
201006,2010-05-06,DKI1,57,,15,39,87,21,87,O3,SEDANG
201006,2010-05-06,DKI2,---,,---,---,---,---,0,,TIDAK ADA DATA
201006,2010-05-06,DKI3,---,,---,---,---,---,0,,TIDAK ADA DATA
201006,2010-05-06,DKI4,---,,---,---,---,---,0,,TIDAK ADA DATA
201006,2010-05-06,DKI5,---,,---,---,---,---,0,,TIDAK ADA DATA
201007,2010-05-07,DKI1,54,,21,30,36,14,54,PM10,SEDANG
201007,2010-05-07,DKI2,---,,---,---,---,---,0,,TIDAK ADA DATA
201007,2010-05-07,DKI3,---,,---,---,---,---,0,,TIDAK ADA DATA
201007,2010-05-07,DKI4,---,,---,---,---,---,0,,TIDAK ADA DATA
201007,2010-05-07,DKI5,---,,---,---,---,---,0,,TIDAK ADA DATA
201008,2010-05-08,DKI1,76,,16,---,56,26,76,PM10,SEDANG
201008,2010-05-08,DKI2,---,,---,---,---,---,0,,TIDAK ADA DATA
201008,2010-05-08,DKI3,---,,---,---,---,---,0,,TIDAK ADA DATA
201008,2010-05-08,DKI4,---,,---,---,---,---,0,,TIDAK ADA DATA
201008,2010-05-08,DKI5,---,,---,---,---,---,0,,TIDAK ADA DATA
201009,2010-05-09,DKI1,48,,17,26,54,17,54,O3,SEDANG
201009,2010-05-09,DKI2,---,,---,---,---,---,0,,TIDAK ADA DATA
201009,2010-05-09,DKI3,---,,---,---,---,---,0,,TIDAK ADA DATA
201009,2010-05-09,DKI4,---,,---,---,---,---,0,,TIDAK ADA DATA
201009,2010-05-09,DKI5,---,,---,---,---,---,0,,TIDAK ADA DATA
201010,2010-05-10,DKI1,54,,22,39,63,23,63,O3,SEDANG
201010,2010-05-10,DKI2,---,,---,---,---,---,0,,TIDAK ADA DATA
201010,2010-05-10,DKI3,---,,---,---,---,---,0,,TIDAK ADA DATA
201010,2010-05-10,DKI4,---,,---,---,---,---,0,,TIDAK ADA DATA
201010,2010-05-10,DKI5,---,,---,---,---,---,0,,TIDAK ADA DATA
201011,2010-05-11,DKI1,31,,13,27,26,9,31,PM10,BAIK
201011,2010-05-11,DKI2,13,,1,22,54,11,54,O3,SEDANG
201011,2010-05-11,DKI3,---,,---,---,---,---,0,,TIDAK ADA DATA
201011,2010-05-11,DKI4,13,,1,22,54,11,54,O3,SEDANG
201011,2010-05-11,DKI5,---,,---,---,---,---,0,,TIDAK ADA DATA
201012,2010-05-12,DKI1,31,,15,34,25,6,34,CO,BAIK
201012,2010-05-12,DKI2,14,,4,24,30,8,30,O3,BAIK
201012,2010-05-12,DKI3,41,,3,22,23,3,41,PM10,BAIK
201012,2010-05-12,DKI4,60,,2,38,18,6,60,PM10,SEDANG
201012,2010-05-12,DKI5,---,,---,---,---,---,0,,TIDAK ADA DATA
201005,2010-05-13,DKI1,52,,15,40,65,21,65,O3,SEDANG
201005,2010-05-13,DKI2,---,,---,---,---,---,0,,TIDAK ADA DATA
201005,2010-05-13,DKI3,---,,---,---,---,---,0,,TIDAK ADA DATA
201005,2010-05-13,DKI4,---,,---,---,---,---,0,,TIDAK ADA DATA
201005,2010-05-13,DKI5,---,,---,---,---,---,0,,TIDAK ADA DATA
201005,2010-05-14,DKI1,59,,12,46,69,26,69,O3,SEDANG
201005,2010-05-14,DKI2,---,,---,---,---,---,0,,TIDAK ADA DATA
201005,2010-05-14,DKI3,---,,---,---,---,---,0,,TIDAK ADA DATA
201005,2010-05-14,DKI4,---,,---,---,---,---,0,,TIDAK ADA DATA
201005,2010-05-14,DKI5,---,,---,---,---,---,0,,TIDAK ADA DATA
201005,2010-05-15,DKI1,52,,14,45,92,26,92,O3,SEDANG
201005,2010-05-15,DKI2,---,,---,---,---,---,0,,TIDAK ADA DATA
201005,2010-05-15,DKI3,---,,---,---,---,---,0,,TIDAK ADA DATA
201005,2010-05-15,DKI4,---,,---,---,---,---,0,,TIDAK ADA DATA
201005,2010-05-15,DKI5,---,,---,---,---,---,0,,TIDAK ADA DATA
201005,2010-05-16,DKI1,56,,12,29,65,15,65,O3,SEDANG
201005,2010-05-16,DKI2,---,,---,---,---,---,0,,TIDAK ADA DATA
201005,2010-05-16,DKI3,---,,---,---,---,---,0,,TIDAK ADA DATA
201005,2010-05-16,DKI4,---,,---,---,---,---,0,,TIDAK ADA DATA
201005,2010-05-16,DKI5,---,,---,---,---,---,0,,TIDAK ADA DATA
201005,2010-05-17,DKI1,55,,15,55,32,16,55,PM10,SEDANG
201005,2010-05-17,DKI2,---,,---,---,---,---,0,,TIDAK ADA DATA
201005,2010-05-17,DKI3,---,,---,---,---,---,0,,TIDAK ADA DATA
201005,2010-05-17,DKI4,---,,---,---,---,---,0,,TIDAK ADA DATA
201005,2010-05-17,DKI5,---,,---,---,---,---,0,,TIDAK ADA DATA
201005,2010-05-18,DKI1,57,,17,45,50,25,57,PM10,SEDANG
201005,2010-05-18,DKI2,---,,---,---,---,---,0,,TIDAK ADA DATA
201005,2010-05-18,DKI3,---,,---,---,---,---,0,,TIDAK ADA DATA
201005,2010-05-18,DKI4,---,,---,---,---,---,0,,TIDAK ADA DATA
201005,2010-05-18,DKI5,---,,---,---,---,---,0,,TIDAK ADA DATA
201005,2010-05-19,DKI1,69,,14,39,79,18,79,O3,SEDANG
201005,2010-05-19,DKI2,---,,---,---,---,---,0,,TIDAK ADA DATA
201005,2010-05-19,DKI3,---,,---,---,---,---,0,,TIDAK ADA DATA
201005,2010-05-19,DKI4,---,,---,---,---,---,0,,TIDAK ADA DATA
201005,2010-05-19,DKI5,---,,---,---,---,---,0,,TIDAK ADA DATA
201005,2010-05-20,DKI1,58,,14,38,57,21,58,PM10,SEDANG
201005,2010-05-20,DKI2,---,,---,---,---,---,0,,TIDAK ADA DATA
201005,2010-05-20,DKI3,---,,---,---,---,---,0,,TIDAK ADA DATA
201005,2010-05-20,DKI4,---,,---,---,---,---,0,,TIDAK ADA DATA
201005,2010-05-20,DKI5,---,,---,---,---,---,0,,TIDAK ADA DATA
201005,2010-05-21,DKI1,53,,14,37,60,18,60,O3,SEDANG
201005,2010-05-21,DKI2,---,,---,---,---,---,0,,TIDAK ADA DATA
201005,2010-05-21,DKI3,---,,---,---,---,---,0,,TIDAK ADA DATA
201005,2010-05-21,DKI4,---,,---,---,---,---,0,,TIDAK ADA DATA
201005,2010-05-21,DKI5,---,,---,---,---,---,0,,TIDAK ADA DATA
201005,2010-05-22,DKI1,63,,16,50,54,21,63,PM10,SEDANG
201005,2010-05-22,DKI2,---,,---,---,---,---,0,,TIDAK ADA DATA
201005,2010-05-22,DKI3,---,,---,---,---,---,0,,TIDAK ADA DATA
201005,2010-05-22,DKI4,---,,---,---,---,---,0,,TIDAK ADA DATA
201005,2010-05-22,DKI5,---,,---,---,---,---,0,,TIDAK ADA DATA
201005,2010-05-23,DKI1,57,,14,28,50,23,57,PM10,SEDANG
201005,2010-05-23,DKI2,---,,---,---,---,---,0,,TIDAK ADA DATA
201005,2010-05-23,DKI3,---,,---,---,---,---,0,,TIDAK ADA DATA
201005,2010-05-23,DKI4,---,,---,---,---,---,0,,TIDAK ADA DATA
201005,2010-05-23,DKI5,---,,---,---,---,---,0,,TIDAK ADA DATA
201005,2010-05-24,DKI1,54,,15,37,42,21,54,PM10,SEDANG
201005,2010-05-24,DKI2,---,,---,---,---,---,0,,TIDAK ADA DATA
201005,2010-05-24,DKI3,---,,---,---,---,---,0,,TIDAK ADA DATA
201005,2010-05-24,DKI4,---,,---,---,---,---,0,,TIDAK ADA DATA
201005,2010-05-24,DKI5,---,,---,---,---,---,0,,TIDAK ADA DATA
201005,2010-05-25,DKI1,56,,18,34,43,18,56,PM10,SEDANG
201005,2010-05-25,DKI2,---,,---,---,---,---,0,,TIDAK ADA DATA
201005,2010-05-25,DKI3,---,,---,---,---,---,0,,TIDAK ADA DATA
201005,2010-05-25,DKI4,---,,---,---,---,---,0,,TIDAK ADA DATA
201005,2010-05-25,DKI5,---,,---,---,---,---,0,,TIDAK ADA DATA
201005,2010-05-26,DKI1,55,,15,41,123,34,123,O3,TIDAK SEHAT
201005,2010-05-26,DKI2,---,,---,---,---,---,0,,TIDAK ADA DATA
201005,2010-05-26,DKI3,---,,---,---,---,---,0,,TIDAK ADA DATA
201005,2010-05-26,DKI4,---,,---,---,---,---,0,,TIDAK ADA DATA
201005,2010-05-26,DKI5,---,,---,---,---,---,0,,TIDAK ADA DATA
201005,2010-05-27,DKI1,58,,17,50,113,29,113,O3,TIDAK SEHAT
201005,2010-05-27,DKI2,---,,---,---,---,---,0,,TIDAK ADA DATA
201005,2010-05-27,DKI3,---,,---,---,---,---,0,,TIDAK ADA DATA
201005,2010-05-27,DKI4,---,,---,---,---,---,0,,TIDAK ADA DATA
201005,2010-05-27,DKI5,---,,---,---,---,---,0,,TIDAK ADA DATA
201005,2010-05-28,DKI1,68,,21,49,24,25,68,PM10,SEDANG
201005,2010-05-28,DKI2,---,,---,---,---,---,0,,TIDAK ADA DATA
201005,2010-05-28,DKI3,---,,---,---,---,---,0,,TIDAK ADA DATA
201005,2010-05-28,DKI4,---,,---,---,---,---,0,,TIDAK ADA DATA
201005,2010-05-28,DKI5,---,,---,---,---,---,0,,TIDAK ADA DATA
201005,2010-05-29,DKI1,54,,16,30,28,14,54,PM10,SEDANG
201005,2010-05-29,DKI2,---,,---,---,---,---,0,,TIDAK ADA DATA
201005,2010-05-29,DKI3,---,,---,---,---,---,0,,TIDAK ADA DATA
201005,2010-05-29,DKI4,---,,---,---,---,---,0,,TIDAK ADA DATA
201005,2010-05-29,DKI5,---,,---,---,---,---,0,,TIDAK ADA DATA
201005,2010-05-30,DKI1,59,,14,41,64,16,64,O3,SEDANG
201005,2010-05-30,DKI2,---,,---,---,---,---,0,,TIDAK ADA DATA
201005,2010-05-30,DKI3,---,,---,---,---,---,0,,TIDAK ADA DATA
201005,2010-05-30,DKI4,---,,---,---,---,---,0,,TIDAK ADA DATA
201005,2010-05-30,DKI5,---,,---,---,---,---,0,,TIDAK ADA DATA
201005,2010-05-31,DKI1,56,,16,33,25,15,56,PM10,SEDANG
201005,2010-05-31,DKI2,---,,---,---,---,---,0,,TIDAK ADA DATA
201005,2010-05-31,DKI3,---,,---,---,---,---,0,,TIDAK ADA DATA
201005,2010-05-31,DKI4,---,,---,---,---,---,0,,TIDAK ADA DATA
201005,2010-05-31,DKI5,---,,---,---,---,---,0,,TIDAK ADA DATA
201001,2010-06-01,DKI1,30,,3,22,19,11,30,PM10,BAIK
201001,2010-06-01,DKI2,---,,---,---,---,---,0,,TIDAK ADA DATA
201001,2010-06-01,DKI3,---,,---,---,---,---,0,,TIDAK ADA DATA
201001,2010-06-01,DKI4,---,,---,---,---,---,0,,TIDAK ADA DATA
201001,2010-06-01,DKI5,---,,---,---,---,---,0,,TIDAK ADA DATA
201002,2010-06-02,DKI1,65,,8,59,24,15,65,PM10,SEDANG
201002,2010-06-02,DKI2,---,,---,---,---,---,0,,TIDAK ADA DATA
201002,2010-06-02,DKI3,---,,---,---,---,---,0,,TIDAK ADA DATA
201002,2010-06-02,DKI4,---,,---,---,---,---,0,,TIDAK ADA DATA
201002,2010-06-02,DKI5,---,,---,---,---,---,0,,TIDAK ADA DATA
201003,2010-06-03,DKI1,72,,10,54,43,23,72,PM10,SEDANG
201003,2010-06-03,DKI2,---,,---,---,---,---,0,,TIDAK ADA DATA
201003,2010-06-03,DKI3,---,,---,---,---,---,0,,TIDAK ADA DATA
201003,2010-06-03,DKI4,---,,---,---,---,---,0,,TIDAK ADA DATA
201003,2010-06-03,DKI5,---,,---,---,---,---,0,,TIDAK ADA DATA
201004,2010-06-04,DKI1,70,,9,52,---,27,70,PM10,SEDANG
201004,2010-06-04,DKI2,---,,---,---,---,---,0,,TIDAK ADA DATA
201004,2010-06-04,DKI3,---,,---,---,---,---,0,,TIDAK ADA DATA
201004,2010-06-04,DKI4,---,,---,---,---,---,0,,TIDAK ADA DATA
201004,2010-06-04,DKI5,---,,---,---,---,---,0,,TIDAK ADA DATA
201005,2010-06-05,DKI1,53,,19,25,21,11,53,PM10,SEDANG
201005,2010-06-05,DKI2,---,,---,---,---,---,0,,TIDAK ADA DATA
201005,2010-06-05,DKI3,---,,---,---,---,---,0,,TIDAK ADA DATA
201005,2010-06-05,DKI4,---,,---,---,---,---,0,,TIDAK ADA DATA
201005,2010-06-05,DKI5,---,,---,---,---,---,0,,TIDAK ADA DATA
201006,2010-06-06,DKI1,59,,18,47,42,25,59,PM10,SEDANG
201006,2010-06-06,DKI2,---,,---,---,---,---,0,,TIDAK ADA DATA
201006,2010-06-06,DKI3,---,,---,---,---,---,0,,TIDAK ADA DATA
201006,2010-06-06,DKI4,---,,---,---,---,---,0,,TIDAK ADA DATA
201006,2010-06-06,DKI5,---,,---,---,---,---,0,,TIDAK ADA DATA
201007,2010-06-07,DKI1,55,,20,34,35,19,55,PM10,SEDANG
201007,2010-06-07,DKI2,---,,---,---,---,---,0,,TIDAK ADA DATA
201007,2010-06-07,DKI3,---,,---,---,---,---,0,,TIDAK ADA DATA
201007,2010-06-07,DKI4,---,,---,---,---,---,0,,TIDAK ADA DATA
201007,2010-06-07,DKI5,---,,---,---,---,---,0,,TIDAK ADA DATA
201008,2010-06-08,DKI1,60,,17,38,59,17,60,PM10,SEDANG
201008,2010-06-08,DKI2,---,,---,---,---,---,0,,TIDAK ADA DATA
201008,2010-06-08,DKI3,---,,---,---,---,---,0,,TIDAK ADA DATA
201008,2010-06-08,DKI4,---,,---,---,---,---,0,,TIDAK ADA DATA
201008,2010-06-08,DKI5,---,,---,---,---,---,0,,TIDAK ADA DATA
201009,2010-06-09,DKI1,51,,15,35,26,19,51,PM10,SEDANG
201009,2010-06-09,DKI2,---,,---,---,---,---,0,,TIDAK ADA DATA
201009,2010-06-09,DKI3,---,,---,---,---,---,0,,TIDAK ADA DATA
201009,2010-06-09,DKI4,---,,---,---,---,---,0,,TIDAK ADA DATA
201009,2010-06-09,DKI5,---,,---,---,---,---,0,,TIDAK ADA DATA
201010,2010-06-10,DKI1,69,,27,41,71,24,71,O3,SEDANG
201010,2010-06-10,DKI2,---,,---,---,---,---,0,,TIDAK ADA DATA
201010,2010-06-10,DKI3,---,,---,---,---,---,0,,TIDAK ADA DATA
201010,2010-06-10,DKI4,---,,---,---,---,---,0,,TIDAK ADA DATA
201010,2010-06-10,DKI5,---,,---,---,---,---,0,,TIDAK ADA DATA
201011,2010-06-11,DKI1,49,,14,30,26,12,49,PM10,BAIK
201011,2010-06-11,DKI2,27,,6,25,36,16,36,O3,BAIK
201011,2010-06-11,DKI3,---,,---,---,---,---,0,,TIDAK ADA DATA
201011,2010-06-11,DKI4,27,,6,25,36,16,36,O3,BAIK
201011,2010-06-11,DKI5,---,,---,---,---,---,0,,TIDAK ADA DATA
201012,2010-06-12,DKI1,25,,14,24,24,9,25,PM10,BAIK
201012,2010-06-12,DKI2,13,,3,16,31,9,31,O3,BAIK
201012,2010-06-12,DKI3,31,,3,11,34,5,34,O3,BAIK
201012,2010-06-12,DKI4,55,,1,15,23,13,55,PM10,SEDANG
201012,2010-06-12,DKI5,---,,---,---,---,---,0,,TIDAK ADA DATA
201006,2010-06-13,DKI1,59,,15,64,29,15,64,CO,SEDANG
201006,2010-06-13,DKI2,---,,---,---,---,---,0,,TIDAK ADA DATA
201006,2010-06-13,DKI3,---,,---,---,---,---,0,,TIDAK ADA DATA
201006,2010-06-13,DKI4,---,,---,---,---,---,0,,TIDAK ADA DATA
201006,2010-06-13,DKI5,---,,---,---,---,---,0,,TIDAK ADA DATA
201006,2010-06-14,DKI1,55,,22,31,29,14,55,PM10,SEDANG
201006,2010-06-14,DKI2,---,,---,---,---,---,0,,TIDAK ADA DATA
201006,2010-06-14,DKI3,---,,---,---,---,---,0,,TIDAK ADA DATA
201006,2010-06-14,DKI4,---,,---,---,---,---,0,,TIDAK ADA DATA
201006,2010-06-14,DKI5,---,,---,---,---,---,0,,TIDAK ADA DATA
201006,2010-06-15,DKI1,57,,20,34,31,20,57,PM10,SEDANG
201006,2010-06-15,DKI2,---,,---,---,---,---,0,,TIDAK ADA DATA
201006,2010-06-15,DKI3,---,,---,---,---,---,0,,TIDAK ADA DATA
201006,2010-06-15,DKI4,---,,---,---,---,---,0,,TIDAK ADA DATA
201006,2010-06-15,DKI5,---,,---,---,---,---,0,,TIDAK ADA DATA
201006,2010-06-16,DKI1,55,,17,71,27,38,71,CO,SEDANG
201006,2010-06-16,DKI2,---,,---,---,---,---,0,,TIDAK ADA DATA
201006,2010-06-16,DKI3,---,,---,---,---,---,0,,TIDAK ADA DATA
201006,2010-06-16,DKI4,---,,---,---,---,---,0,,TIDAK ADA DATA
201006,2010-06-16,DKI5,---,,---,---,---,---,0,,TIDAK ADA DATA
201006,2010-06-17,DKI1,75,,21,71,30,29,75,PM10,SEDANG
201006,2010-06-17,DKI2,---,,---,---,---,---,0,,TIDAK ADA DATA
201006,2010-06-17,DKI3,---,,---,---,---,---,0,,TIDAK ADA DATA
201006,2010-06-17,DKI4,---,,---,---,---,---,0,,TIDAK ADA DATA
201006,2010-06-17,DKI5,---,,---,---,---,---,0,,TIDAK ADA DATA
201006,2010-06-18,DKI1,74,,21,50,74,29,74,PM10,SEDANG
201006,2010-06-18,DKI2,---,,---,---,---,---,0,,TIDAK ADA DATA
201006,2010-06-18,DKI3,---,,---,---,---,---,0,,TIDAK ADA DATA
201006,2010-06-18,DKI4,---,,---,---,---,---,0,,TIDAK ADA DATA
201006,2010-06-18,DKI5,---,,---,---,---,---,0,,TIDAK ADA DATA
201006,2010-06-19,DKI1,59,,14,37,71,26,71,O3,SEDANG
201006,2010-06-19,DKI2,---,,---,---,---,---,0,,TIDAK ADA DATA
201006,2010-06-19,DKI3,---,,---,---,---,---,0,,TIDAK ADA DATA
201006,2010-06-19,DKI4,---,,---,---,---,---,0,,TIDAK ADA DATA
201006,2010-06-19,DKI5,---,,---,---,---,---,0,,TIDAK ADA DATA
201006,2010-06-20,DKI1,49,,15,23,28,9,49,PM10,BAIK
201006,2010-06-20,DKI2,---,,---,---,---,---,0,,TIDAK ADA DATA
201006,2010-06-20,DKI3,---,,---,---,---,---,0,,TIDAK ADA DATA
201006,2010-06-20,DKI4,---,,---,---,---,---,0,,TIDAK ADA DATA
201006,2010-06-20,DKI5,---,,---,---,---,---,0,,TIDAK ADA DATA
201006,2010-06-21,DKI1,51,,18,31,28,13,51,PM10,SEDANG
201006,2010-06-21,DKI2,---,,---,---,---,---,0,,TIDAK ADA DATA
201006,2010-06-21,DKI3,---,,---,---,---,---,0,,TIDAK ADA DATA
201006,2010-06-21,DKI4,---,,---,---,---,---,0,,TIDAK ADA DATA
201006,2010-06-21,DKI5,---,,---,---,---,---,0,,TIDAK ADA DATA
201006,2010-06-22,DKI1,58,,17,36,41,21,58,PM10,SEDANG
201006,2010-06-22,DKI2,---,,---,---,---,---,0,,TIDAK ADA DATA
201006,2010-06-22,DKI3,---,,---,---,---,---,0,,TIDAK ADA DATA
201006,2010-06-22,DKI4,---,,---,---,---,---,0,,TIDAK ADA DATA
201006,2010-06-22,DKI5,---,,---,---,---,---,0,,TIDAK ADA DATA
201006,2010-06-23,DKI1,64,,17,32,41,23,64,PM10,SEDANG
201006,2010-06-23,DKI2,---,,---,---,---,---,0,,TIDAK ADA DATA
201006,2010-06-23,DKI3,---,,---,---,---,---,0,,TIDAK ADA DATA
201006,2010-06-23,DKI4,---,,---,---,---,---,0,,TIDAK ADA DATA
201006,2010-06-23,DKI5,---,,---,---,---,---,0,,TIDAK ADA DATA
201006,2010-06-24,DKI1,---,,---,30,---,---,30,CO,BAIK
201006,2010-06-24,DKI2,---,,---,---,---,---,0,,TIDAK ADA DATA
201006,2010-06-24,DKI3,---,,---,---,---,---,0,,TIDAK ADA DATA
201006,2010-06-24,DKI4,---,,---,---,---,---,0,,TIDAK ADA DATA
201006,2010-06-24,DKI5,---,,---,---,---,---,0,,TIDAK ADA DATA
201006,2010-06-25,DKI1,---,,---,---,---,---,0,,TIDAK ADA DATA
201006,2010-06-25,DKI2,---,,---,---,---,---,0,,TIDAK ADA DATA
201006,2010-06-25,DKI3,---,,---,---,---,---,0,,TIDAK ADA DATA
201006,2010-06-25,DKI4,---,,---,---,---,---,0,,TIDAK ADA DATA
201006,2010-06-25,DKI5,---,,---,---,---,---,0,,TIDAK ADA DATA
201006,2010-06-26,DKI1,56,,19,30,44,22,56,PM10,SEDANG
201006,2010-06-26,DKI2,---,,---,---,---,---,0,,TIDAK ADA DATA
201006,2010-06-26,DKI3,---,,---,---,---,---,0,,TIDAK ADA DATA
201006,2010-06-26,DKI4,---,,---,---,---,---,0,,TIDAK ADA DATA
201006,2010-06-26,DKI5,---,,---,---,---,---,0,,TIDAK ADA DATA
201006,2010-06-27,DKI1,69,,18,46,55,25,69,PM10,SEDANG
201006,2010-06-27,DKI2,---,,---,---,---,---,0,,TIDAK ADA DATA
201006,2010-06-27,DKI3,---,,---,---,---,---,0,,TIDAK ADA DATA
201006,2010-06-27,DKI4,---,,---,---,---,---,0,,TIDAK ADA DATA
201006,2010-06-27,DKI5,---,,---,---,---,---,0,,TIDAK ADA DATA
201006,2010-06-28,DKI1,60,,15,40,36,19,60,PM10,SEDANG
201006,2010-06-28,DKI2,---,,---,---,---,---,0,,TIDAK ADA DATA
201006,2010-06-28,DKI3,---,,---,---,---,---,0,,TIDAK ADA DATA
201006,2010-06-28,DKI4,---,,---,---,---,---,0,,TIDAK ADA DATA
201006,2010-06-28,DKI5,---,,---,---,---,---,0,,TIDAK ADA DATA
201006,2010-06-29,DKI1,65,,17,34,33,14,65,PM10,SEDANG
201006,2010-06-29,DKI2,---,,---,---,---,---,0,,TIDAK ADA DATA
201006,2010-06-29,DKI3,---,,---,---,---,---,0,,TIDAK ADA DATA
201006,2010-06-29,DKI4,---,,---,---,---,---,0,,TIDAK ADA DATA
201006,2010-06-29,DKI5,---,,---,---,---,---,0,,TIDAK ADA DATA
201006,2010-06-30,DKI1,50,,17,29,22,12,50,PM10,BAIK
201006,2010-06-30,DKI2,---,,---,---,---,---,0,,TIDAK ADA DATA
201006,2010-06-30,DKI3,---,,---,---,---,---,0,,TIDAK ADA DATA
201006,2010-06-30,DKI4,---,,---,---,---,---,0,,TIDAK ADA DATA
201006,2010-06-30,DKI5,---,,---,---,---,---,0,,TIDAK ADA DATA
201001,2010-07-01,DKI1,41,,4,24,27,13,41,PM10,BAIK
201001,2010-07-01,DKI2,---,,---,---,---,---,0,,TIDAK ADA DATA
201001,2010-07-01,DKI3,---,,---,---,---,---,0,,TIDAK ADA DATA
201001,2010-07-01,DKI4,---,,---,---,---,---,0,,TIDAK ADA DATA
201001,2010-07-01,DKI5,---,,---,---,---,---,0,,TIDAK ADA DATA
201002,2010-07-02,DKI1,60,,10,45,47,17,60,PM10,SEDANG
201002,2010-07-02,DKI2,---,,---,---,---,---,0,,TIDAK ADA DATA
201002,2010-07-02,DKI3,---,,---,---,---,---,0,,TIDAK ADA DATA
201002,2010-07-02,DKI4,---,,---,---,---,---,0,,TIDAK ADA DATA
201002,2010-07-02,DKI5,---,,---,---,---,---,0,,TIDAK ADA DATA
201003,2010-07-03,DKI1,59,,7,46,57,19,59,PM10,SEDANG
201003,2010-07-03,DKI2,---,,---,---,---,---,0,,TIDAK ADA DATA
201003,2010-07-03,DKI3,---,,---,---,---,---,0,,TIDAK ADA DATA
201003,2010-07-03,DKI4,---,,---,---,---,---,0,,TIDAK ADA DATA
201003,2010-07-03,DKI5,---,,---,---,---,---,0,,TIDAK ADA DATA
201004,2010-07-04,DKI1,70,,14,42,62,25,70,PM10,SEDANG
201004,2010-07-04,DKI2,---,,---,---,---,---,0,,TIDAK ADA DATA
201004,2010-07-04,DKI3,---,,---,---,---,---,0,,TIDAK ADA DATA
201004,2010-07-04,DKI4,---,,---,---,---,---,0,,TIDAK ADA DATA
201004,2010-07-04,DKI5,---,,---,---,---,---,0,,TIDAK ADA DATA
201005,2010-07-05,DKI1,67,,19,33,33,16,67,PM10,SEDANG
201005,2010-07-05,DKI2,---,,---,---,---,---,0,,TIDAK ADA DATA
201005,2010-07-05,DKI3,---,,---,---,---,---,0,,TIDAK ADA DATA
201005,2010-07-05,DKI4,---,,---,---,---,---,0,,TIDAK ADA DATA
201005,2010-07-05,DKI5,---,,---,---,---,---,0,,TIDAK ADA DATA
201006,2010-07-06,DKI1,70,,16,39,52,21,70,PM10,SEDANG
201006,2010-07-06,DKI2,---,,---,---,---,---,0,,TIDAK ADA DATA
201006,2010-07-06,DKI3,---,,---,---,---,---,0,,TIDAK ADA DATA
201006,2010-07-06,DKI4,---,,---,---,---,---,0,,TIDAK ADA DATA
201006,2010-07-06,DKI5,---,,---,---,---,---,0,,TIDAK ADA DATA
201007,2010-07-07,DKI1,63,,19,37,37,20,63,PM10,SEDANG
201007,2010-07-07,DKI2,---,,---,---,---,---,0,,TIDAK ADA DATA
201007,2010-07-07,DKI3,---,,---,---,---,---,0,,TIDAK ADA DATA
201007,2010-07-07,DKI4,---,,---,---,---,---,0,,TIDAK ADA DATA
201007,2010-07-07,DKI5,---,,---,---,---,---,0,,TIDAK ADA DATA
201008,2010-07-08,DKI1,61,,13,40,80,32,80,O3,SEDANG
201008,2010-07-08,DKI2,---,,---,---,---,---,0,,TIDAK ADA DATA
201008,2010-07-08,DKI3,---,,---,---,---,---,0,,TIDAK ADA DATA
201008,2010-07-08,DKI4,---,,---,---,---,---,0,,TIDAK ADA DATA
201008,2010-07-08,DKI5,---,,---,---,---,---,0,,TIDAK ADA DATA
201009,2010-07-09,DKI1,56,,19,45,30,19,56,PM10,SEDANG
201009,2010-07-09,DKI2,---,,---,---,---,---,0,,TIDAK ADA DATA
201009,2010-07-09,DKI3,---,,---,---,---,---,0,,TIDAK ADA DATA
201009,2010-07-09,DKI4,---,,---,---,---,---,0,,TIDAK ADA DATA
201009,2010-07-09,DKI5,---,,---,---,---,---,0,,TIDAK ADA DATA
201010,2010-07-10,DKI1,50,,17,42,80,30,80,O3,SEDANG
201010,2010-07-10,DKI2,---,,---,---,---,---,0,,TIDAK ADA DATA
201010,2010-07-10,DKI3,---,,---,---,---,---,0,,TIDAK ADA DATA
201010,2010-07-10,DKI4,---,,---,---,---,---,0,,TIDAK ADA DATA
201010,2010-07-10,DKI5,---,,---,---,---,---,0,,TIDAK ADA DATA
201011,2010-07-11,DKI1,36,,13,21,25,11,36,PM10,BAIK
201011,2010-07-11,DKI2,24,,2,23,36,14,36,O3,BAIK
201011,2010-07-11,DKI3,69,,0,19,80,6,80,O3,SEDANG
201011,2010-07-11,DKI4,24,,2,23,36,14,36,O3,BAIK
201011,2010-07-11,DKI5,---,,---,---,---,---,0,,TIDAK ADA DATA
201012,2010-07-12,DKI1,25,,14,23,22,6,25,PM10,BAIK
201012,2010-07-12,DKI2,12,,3,22,22,7,22,CO,BAIK
201012,2010-07-12,DKI3,29,,3,8,30,3,30,O3,BAIK
201012,2010-07-12,DKI4,54,,1,13,19,5,54,PM10,SEDANG
201012,2010-07-12,DKI5,---,,---,---,---,---,0,,TIDAK ADA DATA
201007,2010-07-13,DKI1,66,,15,36,33,21,66,PM10,SEDANG
201007,2010-07-13,DKI2,---,,---,---,---,---,0,,TIDAK ADA DATA
201007,2010-07-13,DKI3,---,,---,---,---,---,0,,TIDAK ADA DATA
201007,2010-07-13,DKI4,---,,---,---,---,---,0,,TIDAK ADA DATA
201007,2010-07-13,DKI5,---,,---,---,---,---,0,,TIDAK ADA DATA
201007,2010-07-14,DKI1,61,,18,37,30,21,61,PM10,SEDANG
201007,2010-07-14,DKI2,---,,---,---,---,---,0,,TIDAK ADA DATA
201007,2010-07-14,DKI3,---,,---,---,---,---,0,,TIDAK ADA DATA
201007,2010-07-14,DKI4,---,,---,---,---,---,0,,TIDAK ADA DATA
201007,2010-07-14,DKI5,---,,---,---,---,---,0,,TIDAK ADA DATA
201007,2010-07-15,DKI1,63,,17,31,31,15,63,PM10,SEDANG
201007,2010-07-15,DKI2,---,,---,---,---,---,0,,TIDAK ADA DATA
201007,2010-07-15,DKI3,---,,---,---,---,---,0,,TIDAK ADA DATA
201007,2010-07-15,DKI4,---,,---,---,---,---,0,,TIDAK ADA DATA
201007,2010-07-15,DKI5,---,,---,---,---,---,0,,TIDAK ADA DATA
201007,2010-07-16,DKI1,63,,17,39,31,21,63,PM10,SEDANG
201007,2010-07-16,DKI2,---,,---,---,---,---,0,,TIDAK ADA DATA
201007,2010-07-16,DKI3,---,,---,---,---,---,0,,TIDAK ADA DATA
201007,2010-07-16,DKI4,---,,---,---,---,---,0,,TIDAK ADA DATA
201007,2010-07-16,DKI5,---,,---,---,---,---,0,,TIDAK ADA DATA
201007,2010-07-17,DKI1,81,,20,41,43,23,81,PM10,SEDANG
201007,2010-07-17,DKI2,---,,---,---,---,---,0,,TIDAK ADA DATA
201007,2010-07-17,DKI3,---,,---,---,---,---,0,,TIDAK ADA DATA
201007,2010-07-17,DKI4,---,,---,---,---,---,0,,TIDAK ADA DATA
201007,2010-07-17,DKI5,---,,---,---,---,---,0,,TIDAK ADA DATA
201007,2010-07-18,DKI1,61,,16,33,45,23,61,PM10,SEDANG
201007,2010-07-18,DKI2,---,,---,---,---,---,0,,TIDAK ADA DATA
201007,2010-07-18,DKI3,---,,---,---,---,---,0,,TIDAK ADA DATA
201007,2010-07-18,DKI4,---,,---,---,---,---,0,,TIDAK ADA DATA
201007,2010-07-18,DKI5,---,,---,---,---,---,0,,TIDAK ADA DATA
201007,2010-07-19,DKI1,53,,14,35,37,21,53,PM10,SEDANG
201007,2010-07-19,DKI2,---,,---,---,---,---,0,,TIDAK ADA DATA
201007,2010-07-19,DKI3,---,,---,---,---,---,0,,TIDAK ADA DATA
201007,2010-07-19,DKI4,---,,---,---,---,---,0,,TIDAK ADA DATA
201007,2010-07-19,DKI5,---,,---,---,---,---,0,,TIDAK ADA DATA
201007,2010-07-20,DKI1,52,,17,40,54,27,54,O3,SEDANG
201007,2010-07-20,DKI2,---,,---,---,---,---,0,,TIDAK ADA DATA
201007,2010-07-20,DKI3,---,,---,---,---,---,0,,TIDAK ADA DATA
201007,2010-07-20,DKI4,---,,---,---,---,---,0,,TIDAK ADA DATA
201007,2010-07-20,DKI5,---,,---,---,---,---,0,,TIDAK ADA DATA
201007,2010-07-21,DKI1,60,,17,41,39,22,60,PM10,SEDANG
201007,2010-07-21,DKI2,---,,---,---,---,---,0,,TIDAK ADA DATA
201007,2010-07-21,DKI3,---,,---,---,---,---,0,,TIDAK ADA DATA
201007,2010-07-21,DKI4,---,,---,---,---,---,0,,TIDAK ADA DATA
201007,2010-07-21,DKI5,---,,---,---,---,---,0,,TIDAK ADA DATA
201007,2010-07-22,DKI1,62,,18,39,60,22,62,PM10,SEDANG
201007,2010-07-22,DKI2,---,,---,---,---,---,0,,TIDAK ADA DATA
201007,2010-07-22,DKI3,---,,---,---,---,---,0,,TIDAK ADA DATA
201007,2010-07-22,DKI4,---,,---,---,---,---,0,,TIDAK ADA DATA
201007,2010-07-22,DKI5,---,,---,---,---,---,0,,TIDAK ADA DATA
201007,2010-07-23,DKI1,65,,25,36,46,20,65,PM10,SEDANG
201007,2010-07-23,DKI2,---,,---,---,---,---,0,,TIDAK ADA DATA
201007,2010-07-23,DKI3,---,,---,---,---,---,0,,TIDAK ADA DATA
201007,2010-07-23,DKI4,---,,---,---,---,---,0,,TIDAK ADA DATA
201007,2010-07-23,DKI5,---,,---,---,---,---,0,,TIDAK ADA DATA
201007,2010-07-24,DKI1,55,,17,30,45,17,55,PM10,SEDANG
201007,2010-07-24,DKI2,---,,---,---,---,---,0,,TIDAK ADA DATA
201007,2010-07-24,DKI3,---,,---,---,---,---,0,,TIDAK ADA DATA
201007,2010-07-24,DKI4,---,,---,---,---,---,0,,TIDAK ADA DATA
201007,2010-07-24,DKI5,---,,---,---,---,---,0,,TIDAK ADA DATA
201007,2010-07-25,DKI1,60,,16,27,65,17,65,O3,SEDANG
201007,2010-07-25,DKI2,---,,---,---,---,---,0,,TIDAK ADA DATA
201007,2010-07-25,DKI3,---,,---,---,---,---,0,,TIDAK ADA DATA
201007,2010-07-25,DKI4,---,,---,---,---,---,0,,TIDAK ADA DATA
201007,2010-07-25,DKI5,---,,---,---,---,---,0,,TIDAK ADA DATA
201007,2010-07-26,DKI1,62,,17,31,40,16,62,PM10,SEDANG
201007,2010-07-26,DKI2,---,,---,---,---,---,0,,TIDAK ADA DATA
201007,2010-07-26,DKI3,---,,---,---,---,---,0,,TIDAK ADA DATA
201007,2010-07-26,DKI4,---,,---,---,---,---,0,,TIDAK ADA DATA
201007,2010-07-26,DKI5,---,,---,---,---,---,0,,TIDAK ADA DATA
201007,2010-07-27,DKI1,49,,13,31,29,11,49,PM10,BAIK
201007,2010-07-27,DKI2,---,,---,---,---,---,0,,TIDAK ADA DATA
201007,2010-07-27,DKI3,---,,---,---,---,---,0,,TIDAK ADA DATA
201007,2010-07-27,DKI4,---,,---,---,---,---,0,,TIDAK ADA DATA
201007,2010-07-27,DKI5,---,,---,---,---,---,0,,TIDAK ADA DATA
201007,2010-07-28,DKI1,57,,22,44,59,24,59,O3,SEDANG
201007,2010-07-28,DKI2,---,,---,---,---,---,0,,TIDAK ADA DATA
201007,2010-07-28,DKI3,---,,---,---,---,---,0,,TIDAK ADA DATA
201007,2010-07-28,DKI4,---,,---,---,---,---,0,,TIDAK ADA DATA
201007,2010-07-28,DKI5,---,,---,---,---,---,0,,TIDAK ADA DATA
201007,2010-07-29,DKI1,63,,14,40,38,20,63,PM10,SEDANG
201007,2010-07-29,DKI2,---,,---,---,---,---,0,,TIDAK ADA DATA
201007,2010-07-29,DKI3,---,,---,---,---,---,0,,TIDAK ADA DATA
201007,2010-07-29,DKI4,---,,---,---,---,---,0,,TIDAK ADA DATA
201007,2010-07-29,DKI5,---,,---,---,---,---,0,,TIDAK ADA DATA
201007,2010-07-30,DKI1,48,,15,31,22,10,48,PM10,BAIK
201007,2010-07-30,DKI2,---,,---,---,---,---,0,,TIDAK ADA DATA
201007,2010-07-30,DKI3,---,,---,---,---,---,0,,TIDAK ADA DATA
201007,2010-07-30,DKI4,---,,---,---,---,---,0,,TIDAK ADA DATA
201007,2010-07-30,DKI5,---,,---,---,---,---,0,,TIDAK ADA DATA
201007,2010-07-31,DKI1,50,,16,21,25,10,50,PM10,BAIK
201007,2010-07-31,DKI2,---,,---,---,---,---,0,,TIDAK ADA DATA
201007,2010-07-31,DKI3,---,,---,---,---,---,0,,TIDAK ADA DATA
201007,2010-07-31,DKI4,---,,---,---,---,---,0,,TIDAK ADA DATA
201007,2010-07-31,DKI5,---,,---,---,---,---,0,,TIDAK ADA DATA
201001,2010-08-01,DKI1,64,,8,51,19,15,64,PM10,SEDANG
201001,2010-08-01,DKI2,---,,---,---,---,---,0,,TIDAK ADA DATA
201001,2010-08-01,DKI3,---,,---,---,---,---,0,,TIDAK ADA DATA
201001,2010-08-01,DKI4,---,,---,---,---,---,0,,TIDAK ADA DATA
201001,2010-08-01,DKI5,---,,---,---,---,---,0,,TIDAK ADA DATA
201002,2010-08-02,DKI1,46,,5,31,42,17,46,PM10,BAIK
201002,2010-08-02,DKI2,---,,---,---,---,---,0,,TIDAK ADA DATA
201002,2010-08-02,DKI3,---,,---,---,---,---,0,,TIDAK ADA DATA
201002,2010-08-02,DKI4,---,,---,---,---,---,0,,TIDAK ADA DATA
201002,2010-08-02,DKI5,---,,---,---,---,---,0,,TIDAK ADA DATA
201003,2010-08-03,DKI1,56,,7,37,39,18,56,PM10,SEDANG
201003,2010-08-03,DKI2,---,,---,---,---,---,0,,TIDAK ADA DATA
201003,2010-08-03,DKI3,---,,---,---,---,---,0,,TIDAK ADA DATA
201003,2010-08-03,DKI4,---,,---,---,---,---,0,,TIDAK ADA DATA
201003,2010-08-03,DKI5,---,,---,---,---,---,0,,TIDAK ADA DATA
201004,2010-08-04,DKI1,65,,15,54,102,27,102,O3,TIDAK SEHAT
201004,2010-08-04,DKI2,---,,---,---,---,---,0,,TIDAK ADA DATA
201004,2010-08-04,DKI3,---,,---,---,---,---,0,,TIDAK ADA DATA
201004,2010-08-04,DKI4,---,,---,---,---,---,0,,TIDAK ADA DATA
201004,2010-08-04,DKI5,---,,---,---,---,---,0,,TIDAK ADA DATA
201005,2010-08-05,DKI1,57,,16,24,26,9,57,PM10,SEDANG
201005,2010-08-05,DKI2,---,,---,---,---,---,0,,TIDAK ADA DATA
201005,2010-08-05,DKI3,---,,---,---,---,---,0,,TIDAK ADA DATA
201005,2010-08-05,DKI4,---,,---,---,---,---,0,,TIDAK ADA DATA
201005,2010-08-05,DKI5,---,,---,---,---,---,0,,TIDAK ADA DATA
201006,2010-08-06,DKI1,77,,19,95,18,30,95,CO,SEDANG
201006,2010-08-06,DKI2,---,,---,---,---,---,0,,TIDAK ADA DATA
201006,2010-08-06,DKI3,---,,---,---,---,---,0,,TIDAK ADA DATA
201006,2010-08-06,DKI4,---,,---,---,---,---,0,,TIDAK ADA DATA
201006,2010-08-06,DKI5,---,,---,---,---,---,0,,TIDAK ADA DATA
201007,2010-08-07,DKI1,74,,18,71,43,22,74,PM10,SEDANG
201007,2010-08-07,DKI2,---,,---,---,---,---,0,,TIDAK ADA DATA
201007,2010-08-07,DKI3,---,,---,---,---,---,0,,TIDAK ADA DATA
201007,2010-08-07,DKI4,---,,---,---,---,---,0,,TIDAK ADA DATA
201007,2010-08-07,DKI5,---,,---,---,---,---,0,,TIDAK ADA DATA
201008,2010-08-08,DKI1,60,,12,42,73,19,73,O3,SEDANG
201008,2010-08-08,DKI2,---,,---,---,---,---,0,,TIDAK ADA DATA
201008,2010-08-08,DKI3,---,,---,---,---,---,0,,TIDAK ADA DATA
201008,2010-08-08,DKI4,---,,---,---,---,---,0,,TIDAK ADA DATA
201008,2010-08-08,DKI5,---,,---,---,---,---,0,,TIDAK ADA DATA
201009,2010-08-09,DKI1,50,,16,43,65,21,65,O3,SEDANG
201009,2010-08-09,DKI2,---,,---,---,---,---,0,,TIDAK ADA DATA
201009,2010-08-09,DKI3,---,,---,---,---,---,0,,TIDAK ADA DATA
201009,2010-08-09,DKI4,---,,---,---,---,---,0,,TIDAK ADA DATA
201009,2010-08-09,DKI5,---,,---,---,---,---,0,,TIDAK ADA DATA
201010,2010-08-10,DKI1,62,,21,36,59,24,62,PM10,SEDANG
201010,2010-08-10,DKI2,---,,---,---,---,---,0,,TIDAK ADA DATA
201010,2010-08-10,DKI3,---,,---,---,---,---,0,,TIDAK ADA DATA
201010,2010-08-10,DKI4,---,,---,---,---,---,0,,TIDAK ADA DATA
201010,2010-08-10,DKI5,---,,---,---,---,---,0,,TIDAK ADA DATA
201011,2010-08-11,DKI1,22,,13,19,23,8,23,O3,BAIK
201011,2010-08-11,DKI2,18,,1,13,22,8,22,O3,BAIK
201011,2010-08-11,DKI3,32,,0,8,56,3,56,O3,SEDANG
201011,2010-08-11,DKI4,18,,1,13,22,8,22,O3,BAIK
201011,2010-08-11,DKI5,---,,---,---,---,---,0,,TIDAK ADA DATA
201012,2010-08-12,DKI1,25,,14,19,20,8,25,PM10,BAIK
201012,2010-08-12,DKI2,12,,2,14,20,9,20,O3,BAIK
201012,2010-08-12,DKI3,42,,3,13,32,4,42,PM10,BAIK
201012,2010-08-12,DKI4,61,,0,12,21,7,61,PM10,SEDANG
201012,2010-08-12,DKI5,---,,---,---,---,---,0,,TIDAK ADA DATA
201008,2010-08-13,DKI1,54,,16,20,31,9,54,PM10,SEDANG
201008,2010-08-13,DKI2,---,,---,---,---,---,0,,TIDAK ADA DATA
201008,2010-08-13,DKI3,---,,---,---,---,---,0,,TIDAK ADA DATA
201008,2010-08-13,DKI4,---,,---,---,---,---,0,,TIDAK ADA DATA
201008,2010-08-13,DKI5,---,,---,---,---,---,0,,TIDAK ADA DATA
201008,2010-08-14,DKI1,43,,16,33,28,6,43,PM10,BAIK
201008,2010-08-14,DKI2,---,,---,---,---,---,0,,TIDAK ADA DATA
201008,2010-08-14,DKI3,---,,---,---,---,---,0,,TIDAK ADA DATA
201008,2010-08-14,DKI4,---,,---,---,---,---,0,,TIDAK ADA DATA
201008,2010-08-14,DKI5,---,,---,---,---,---,0,,TIDAK ADA DATA
201008,2010-08-15,DKI1,53,,15,27,44,11,53,PM10,SEDANG
201008,2010-08-15,DKI2,---,,---,---,---,---,0,,TIDAK ADA DATA
201008,2010-08-15,DKI3,---,,---,---,---,---,0,,TIDAK ADA DATA
201008,2010-08-15,DKI4,---,,---,---,---,---,0,,TIDAK ADA DATA
201008,2010-08-15,DKI5,---,,---,---,---,---,0,,TIDAK ADA DATA
201008,2010-08-16,DKI1,60,,17,34,37,25,60,PM10,SEDANG
201008,2010-08-16,DKI2,---,,---,---,---,---,0,,TIDAK ADA DATA
201008,2010-08-16,DKI3,---,,---,---,---,---,0,,TIDAK ADA DATA
201008,2010-08-16,DKI4,---,,---,---,---,---,0,,TIDAK ADA DATA
201008,2010-08-16,DKI5,---,,---,---,---,---,0,,TIDAK ADA DATA
201008,2010-08-17,DKI1,54,,14,43,46,15,54,PM10,SEDANG
201008,2010-08-17,DKI2,---,,---,---,---,---,0,,TIDAK ADA DATA
201008,2010-08-17,DKI3,---,,---,---,---,---,0,,TIDAK ADA DATA
201008,2010-08-17,DKI4,---,,---,---,---,---,0,,TIDAK ADA DATA
201008,2010-08-17,DKI5,---,,---,---,---,---,0,,TIDAK ADA DATA
201008,2010-08-18,DKI1,60,,15,45,74,29,74,O3,SEDANG
201008,2010-08-18,DKI2,---,,---,---,---,---,0,,TIDAK ADA DATA
201008,2010-08-18,DKI3,---,,---,---,---,---,0,,TIDAK ADA DATA
201008,2010-08-18,DKI4,---,,---,---,---,---,0,,TIDAK ADA DATA
201008,2010-08-18,DKI5,---,,---,---,---,---,0,,TIDAK ADA DATA
201008,2010-08-19,DKI1,39,,12,40,34,26,40,CO,BAIK
201008,2010-08-19,DKI2,---,,---,---,---,---,0,,TIDAK ADA DATA
201008,2010-08-19,DKI3,---,,---,---,---,---,0,,TIDAK ADA DATA
201008,2010-08-19,DKI4,---,,---,---,---,---,0,,TIDAK ADA DATA
201008,2010-08-19,DKI5,---,,---,---,---,---,0,,TIDAK ADA DATA
201008,2010-08-20,DKI1,44,,17,36,29,14,44,PM10,BAIK
201008,2010-08-20,DKI2,---,,---,---,---,---,0,,TIDAK ADA DATA
201008,2010-08-20,DKI3,---,,---,---,---,---,0,,TIDAK ADA DATA
201008,2010-08-20,DKI4,---,,---,---,---,---,0,,TIDAK ADA DATA
201008,2010-08-20,DKI5,---,,---,---,---,---,0,,TIDAK ADA DATA
201008,2010-08-21,DKI1,52,,14,45,30,15,52,PM10,SEDANG
201008,2010-08-21,DKI2,---,,---,---,---,---,0,,TIDAK ADA DATA
201008,2010-08-21,DKI3,---,,---,---,---,---,0,,TIDAK ADA DATA
201008,2010-08-21,DKI4,---,,---,---,---,---,0,,TIDAK ADA DATA
201008,2010-08-21,DKI5,---,,---,---,---,---,0,,TIDAK ADA DATA
201008,2010-08-22,DKI1,48,,18,28,71,21,71,O3,SEDANG
201008,2010-08-22,DKI2,---,,---,---,---,---,0,,TIDAK ADA DATA
201008,2010-08-22,DKI3,---,,---,---,---,---,0,,TIDAK ADA DATA
201008,2010-08-22,DKI4,---,,---,---,---,---,0,,TIDAK ADA DATA
201008,2010-08-22,DKI5,---,,---,---,---,---,0,,TIDAK ADA DATA
201008,2010-08-23,DKI1,65,,17,34,48,16,65,PM10,SEDANG
201008,2010-08-23,DKI2,---,,---,---,---,---,0,,TIDAK ADA DATA
201008,2010-08-23,DKI3,---,,---,---,---,---,0,,TIDAK ADA DATA
201008,2010-08-23,DKI4,---,,---,---,---,---,0,,TIDAK ADA DATA
201008,2010-08-23,DKI5,---,,---,---,---,---,0,,TIDAK ADA DATA
201008,2010-08-24,DKI1,51,,18,23,43,12,51,PM10,SEDANG
201008,2010-08-24,DKI2,---,,---,---,---,---,0,,TIDAK ADA DATA
201008,2010-08-24,DKI3,---,,---,---,---,---,0,,TIDAK ADA DATA
201008,2010-08-24,DKI4,---,,---,---,---,---,0,,TIDAK ADA DATA
201008,2010-08-24,DKI5,---,,---,---,---,---,0,,TIDAK ADA DATA
201008,2010-08-25,DKI1,68,,18,80,45,17,80,CO,SEDANG
201008,2010-08-25,DKI2,---,,---,---,---,---,0,,TIDAK ADA DATA
201008,2010-08-25,DKI3,---,,---,---,---,---,0,,TIDAK ADA DATA
201008,2010-08-25,DKI4,---,,---,---,---,---,0,,TIDAK ADA DATA
201008,2010-08-25,DKI5,---,,---,---,---,---,0,,TIDAK ADA DATA
201008,2010-08-26,DKI1,45,,15,25,33,17,45,PM10,BAIK
201008,2010-08-26,DKI2,---,,---,---,---,---,0,,TIDAK ADA DATA
201008,2010-08-26,DKI3,---,,---,---,---,---,0,,TIDAK ADA DATA
201008,2010-08-26,DKI4,---,,---,---,---,---,0,,TIDAK ADA DATA
201008,2010-08-26,DKI5,---,,---,---,---,---,0,,TIDAK ADA DATA
201008,2010-08-27,DKI1,49,,19,33,36,15,49,PM10,BAIK
201008,2010-08-27,DKI2,---,,---,---,---,---,0,,TIDAK ADA DATA
201008,2010-08-27,DKI3,---,,---,---,---,---,0,,TIDAK ADA DATA
201008,2010-08-27,DKI4,---,,---,---,---,---,0,,TIDAK ADA DATA
201008,2010-08-27,DKI5,---,,---,---,---,---,0,,TIDAK ADA DATA
201008,2010-08-28,DKI1,48,,17,45,67,20,67,O3,SEDANG
201008,2010-08-28,DKI2,---,,---,---,---,---,0,,TIDAK ADA DATA
201008,2010-08-28,DKI3,---,,---,---,---,---,0,,TIDAK ADA DATA
201008,2010-08-28,DKI4,---,,---,---,---,---,0,,TIDAK ADA DATA
201008,2010-08-28,DKI5,---,,---,---,---,---,0,,TIDAK ADA DATA
201008,2010-08-29,DKI1,59,,23,39,70,20,70,O3,SEDANG
201008,2010-08-29,DKI2,---,,---,---,---,---,0,,TIDAK ADA DATA
201008,2010-08-29,DKI3,---,,---,---,---,---,0,,TIDAK ADA DATA
201008,2010-08-29,DKI4,---,,---,---,---,---,0,,TIDAK ADA DATA
201008,2010-08-29,DKI5,---,,---,---,---,---,0,,TIDAK ADA DATA
201008,2010-08-30,DKI1,57,,17,22,35,15,57,PM10,SEDANG
201008,2010-08-30,DKI2,---,,---,---,---,---,0,,TIDAK ADA DATA
201008,2010-08-30,DKI3,---,,---,---,---,---,0,,TIDAK ADA DATA
201008,2010-08-30,DKI4,---,,---,---,---,---,0,,TIDAK ADA DATA
201008,2010-08-30,DKI5,---,,---,---,---,---,0,,TIDAK ADA DATA
201008,2010-08-31,DKI1,52,,16,27,35,14,52,PM10,SEDANG
201008,2010-08-31,DKI2,---,,---,---,---,---,0,,TIDAK ADA DATA
201008,2010-08-31,DKI3,---,,---,---,---,---,0,,TIDAK ADA DATA
201008,2010-08-31,DKI4,---,,---,---,---,---,0,,TIDAK ADA DATA
201008,2010-08-31,DKI5,---,,---,---,---,---,0,,TIDAK ADA DATA
201001,2010-09-01,DKI1,55,,5,39,23,16,55,PM10,SEDANG
201001,2010-09-01,DKI2,---,,---,---,---,---,0,,TIDAK ADA DATA
201001,2010-09-01,DKI3,---,,---,---,---,---,0,,TIDAK ADA DATA
201001,2010-09-01,DKI4,---,,---,---,---,---,0,,TIDAK ADA DATA
201001,2010-09-01,DKI5,---,,---,---,---,---,0,,TIDAK ADA DATA
201002,2010-09-02,DKI1,52,,7,30,34,16,52,PM10,SEDANG
201002,2010-09-02,DKI2,---,,---,---,---,---,0,,TIDAK ADA DATA
201002,2010-09-02,DKI3,---,,---,---,---,---,0,,TIDAK ADA DATA
201002,2010-09-02,DKI4,---,,---,---,---,---,0,,TIDAK ADA DATA
201002,2010-09-02,DKI5,---,,---,---,---,---,0,,TIDAK ADA DATA
201003,2010-09-03,DKI1,45,,5,33,27,15,45,PM10,BAIK
201003,2010-09-03,DKI2,---,,---,---,---,---,0,,TIDAK ADA DATA
201003,2010-09-03,DKI3,---,,---,---,---,---,0,,TIDAK ADA DATA
201003,2010-09-03,DKI4,---,,---,---,---,---,0,,TIDAK ADA DATA
201003,2010-09-03,DKI5,---,,---,---,---,---,0,,TIDAK ADA DATA
201004,2010-09-04,DKI1,59,,12,46,27,15,59,PM10,SEDANG
201004,2010-09-04,DKI2,---,,---,---,---,---,0,,TIDAK ADA DATA
201004,2010-09-04,DKI3,---,,---,---,---,---,0,,TIDAK ADA DATA
201004,2010-09-04,DKI4,---,,---,---,---,---,0,,TIDAK ADA DATA
201004,2010-09-04,DKI5,---,,---,---,---,---,0,,TIDAK ADA DATA
201005,2010-09-05,DKI1,---,,16,28,51,16,51,O3,SEDANG
201005,2010-09-05,DKI2,---,,---,---,---,---,0,,TIDAK ADA DATA
201005,2010-09-05,DKI3,---,,---,---,---,---,0,,TIDAK ADA DATA
201005,2010-09-05,DKI4,---,,---,---,---,---,0,,TIDAK ADA DATA
201005,2010-09-05,DKI5,---,,---,---,---,---,0,,TIDAK ADA DATA
201006,2010-09-06,DKI1,54,,20,36,45,25,54,PM10,SEDANG
201006,2010-09-06,DKI2,---,,---,---,---,---,0,,TIDAK ADA DATA
201006,2010-09-06,DKI3,---,,---,---,---,---,0,,TIDAK ADA DATA
201006,2010-09-06,DKI4,---,,---,---,---,---,0,,TIDAK ADA DATA
201006,2010-09-06,DKI5,---,,---,---,---,---,0,,TIDAK ADA DATA
201007,2010-09-07,DKI1,51,,16,34,39,20,51,PM10,SEDANG
201007,2010-09-07,DKI2,---,,---,---,---,---,0,,TIDAK ADA DATA
201007,2010-09-07,DKI3,---,,---,---,---,---,0,,TIDAK ADA DATA
201007,2010-09-07,DKI4,---,,---,---,---,---,0,,TIDAK ADA DATA
201007,2010-09-07,DKI5,---,,---,---,---,---,0,,TIDAK ADA DATA
201008,2010-09-08,DKI1,61,,16,40,77,26,77,O3,SEDANG
201008,2010-09-08,DKI2,---,,---,---,---,---,0,,TIDAK ADA DATA
201008,2010-09-08,DKI3,---,,---,---,---,---,0,,TIDAK ADA DATA
201008,2010-09-08,DKI4,---,,---,---,---,---,0,,TIDAK ADA DATA
201008,2010-09-08,DKI5,---,,---,---,---,---,0,,TIDAK ADA DATA
201009,2010-09-09,DKI1,38,,11,32,29,11,38,PM10,BAIK
201009,2010-09-09,DKI2,---,,---,---,---,---,0,,TIDAK ADA DATA
201009,2010-09-09,DKI3,---,,---,---,---,---,0,,TIDAK ADA DATA
201009,2010-09-09,DKI4,---,,---,---,---,---,0,,TIDAK ADA DATA
201009,2010-09-09,DKI5,---,,---,---,---,---,0,,TIDAK ADA DATA
201010,2010-09-10,DKI1,53,,16,44,62,21,62,O3,SEDANG
201010,2010-09-10,DKI2,---,,---,---,---,---,0,,TIDAK ADA DATA
201010,2010-09-10,DKI3,---,,---,---,---,---,0,,TIDAK ADA DATA
201010,2010-09-10,DKI4,---,,---,---,---,---,0,,TIDAK ADA DATA
201010,2010-09-10,DKI5,---,,---,---,---,---,0,,TIDAK ADA DATA
201011,2010-09-11,DKI1,32,,15,28,43,14,43,O3,BAIK
201011,2010-09-11,DKI2,14,,1,17,78,11,78,O3,SEDANG
201011,2010-09-11,DKI3,50,,0,12,76,3,76,O3,SEDANG
201011,2010-09-11,DKI4,14,,1,17,75,10,75,O3,SEDANG
201011,2010-09-11,DKI5,---,,---,---,---,---,0,,TIDAK ADA DATA
201012,2010-09-12,DKI1,28,,14,23,19,11,28,PM10,BAIK
201012,2010-09-12,DKI2,15,,3,18,21,14,21,O3,BAIK
201012,2010-09-12,DKI3,35,,4,10,58,4,58,O3,SEDANG
201012,2010-09-12,DKI4,56,,1,17,37,11,56,PM10,SEDANG
201012,2010-09-12,DKI5,---,,---,---,---,---,0,,TIDAK ADA DATA
201009,2010-09-13,DKI1,24,,10,18,51,13,51,O3,SEDANG
201009,2010-09-13,DKI2,---,,---,---,---,---,0,,TIDAK ADA DATA
201009,2010-09-13,DKI3,---,,---,---,---,---,0,,TIDAK ADA DATA
201009,2010-09-13,DKI4,---,,---,---,---,---,0,,TIDAK ADA DATA
201009,2010-09-13,DKI5,---,,---,---,---,---,0,,TIDAK ADA DATA
201009,2010-09-14,DKI1,28,,12,26,42,11,42,O3,BAIK
201009,2010-09-14,DKI2,---,,---,---,---,---,0,,TIDAK ADA DATA
201009,2010-09-14,DKI3,---,,---,---,---,---,0,,TIDAK ADA DATA
201009,2010-09-14,DKI4,---,,---,---,---,---,0,,TIDAK ADA DATA
201009,2010-09-14,DKI5,---,,---,---,---,---,0,,TIDAK ADA DATA
201009,2010-09-15,DKI1,36,,13,34,42,22,42,O3,BAIK
201009,2010-09-15,DKI2,---,,---,---,---,---,0,,TIDAK ADA DATA
201009,2010-09-15,DKI3,---,,---,---,---,---,0,,TIDAK ADA DATA
201009,2010-09-15,DKI4,---,,---,---,---,---,0,,TIDAK ADA DATA
201009,2010-09-15,DKI5,---,,---,---,---,---,0,,TIDAK ADA DATA
201009,2010-09-16,DKI1,36,,12,28,21,14,36,PM10,BAIK
201009,2010-09-16,DKI2,---,,---,---,---,---,0,,TIDAK ADA DATA
201009,2010-09-16,DKI3,---,,---,---,---,---,0,,TIDAK ADA DATA
201009,2010-09-16,DKI4,---,,---,---,---,---,0,,TIDAK ADA DATA
201009,2010-09-16,DKI5,---,,---,---,---,---,0,,TIDAK ADA DATA
201009,2010-09-17,DKI1,31,,14,26,49,16,49,O3,BAIK
201009,2010-09-17,DKI2,---,,---,---,---,---,0,,TIDAK ADA DATA
201009,2010-09-17,DKI3,---,,---,---,---,---,0,,TIDAK ADA DATA
201009,2010-09-17,DKI4,---,,---,---,---,---,0,,TIDAK ADA DATA
201009,2010-09-17,DKI5,---,,---,---,---,---,0,,TIDAK ADA DATA
201009,2010-09-18,DKI1,51,,16,32,50,15,51,PM10,SEDANG
201009,2010-09-18,DKI2,---,,---,---,---,---,0,,TIDAK ADA DATA
201009,2010-09-18,DKI3,---,,---,---,---,---,0,,TIDAK ADA DATA
201009,2010-09-18,DKI4,---,,---,---,---,---,0,,TIDAK ADA DATA
201009,2010-09-18,DKI5,---,,---,---,---,---,0,,TIDAK ADA DATA
201009,2010-09-19,DKI1,49,,14,25,34,11,49,PM10,BAIK
201009,2010-09-19,DKI2,---,,---,---,---,---,0,,TIDAK ADA DATA
201009,2010-09-19,DKI3,---,,---,---,---,---,0,,TIDAK ADA DATA
201009,2010-09-19,DKI4,---,,---,---,---,---,0,,TIDAK ADA DATA
201009,2010-09-19,DKI5,---,,---,---,---,---,0,,TIDAK ADA DATA
201009,2010-09-20,DKI1,37,,14,30,39,15,39,O3,BAIK
201009,2010-09-20,DKI2,---,,---,---,---,---,0,,TIDAK ADA DATA
201009,2010-09-20,DKI3,---,,---,---,---,---,0,,TIDAK ADA DATA
201009,2010-09-20,DKI4,---,,---,---,---,---,0,,TIDAK ADA DATA
201009,2010-09-20,DKI5,---,,---,---,---,---,0,,TIDAK ADA DATA
201009,2010-09-21,DKI1,41,,14,30,30,18,41,PM10,BAIK
201009,2010-09-21,DKI2,---,,---,---,---,---,0,,TIDAK ADA DATA
201009,2010-09-21,DKI3,---,,---,---,---,---,0,,TIDAK ADA DATA
201009,2010-09-21,DKI4,---,,---,---,---,---,0,,TIDAK ADA DATA
201009,2010-09-21,DKI5,---,,---,---,---,---,0,,TIDAK ADA DATA
201009,2010-09-22,DKI1,55,,15,64,45,22,64,CO,SEDANG
201009,2010-09-22,DKI2,---,,---,---,---,---,0,,TIDAK ADA DATA
201009,2010-09-22,DKI3,---,,---,---,---,---,0,,TIDAK ADA DATA
201009,2010-09-22,DKI4,---,,---,---,---,---,0,,TIDAK ADA DATA
201009,2010-09-22,DKI5,---,,---,---,---,---,0,,TIDAK ADA DATA
201009,2010-09-23,DKI1,57,,20,53,57,25,57,PM10,SEDANG
201009,2010-09-23,DKI2,---,,---,---,---,---,0,,TIDAK ADA DATA
201009,2010-09-23,DKI3,---,,---,---,---,---,0,,TIDAK ADA DATA
201009,2010-09-23,DKI4,---,,---,---,---,---,0,,TIDAK ADA DATA
201009,2010-09-23,DKI5,---,,---,---,---,---,0,,TIDAK ADA DATA
201009,2010-09-24,DKI1,55,,19,49,58,22,58,O3,SEDANG
201009,2010-09-24,DKI2,---,,---,---,---,---,0,,TIDAK ADA DATA
201009,2010-09-24,DKI3,---,,---,---,---,---,0,,TIDAK ADA DATA
201009,2010-09-24,DKI4,---,,---,---,---,---,0,,TIDAK ADA DATA
201009,2010-09-24,DKI5,---,,---,---,---,---,0,,TIDAK ADA DATA
201009,2010-09-25,DKI1,57,,21,49,32,22,57,PM10,SEDANG
201009,2010-09-25,DKI2,---,,---,---,---,---,0,,TIDAK ADA DATA
201009,2010-09-25,DKI3,---,,---,---,---,---,0,,TIDAK ADA DATA
201009,2010-09-25,DKI4,---,,---,---,---,---,0,,TIDAK ADA DATA
201009,2010-09-25,DKI5,---,,---,---,---,---,0,,TIDAK ADA DATA
201009,2010-09-26,DKI1,32,,15,20,46,11,46,O3,BAIK
201009,2010-09-26,DKI2,---,,---,---,---,---,0,,TIDAK ADA DATA
201009,2010-09-26,DKI3,---,,---,---,---,---,0,,TIDAK ADA DATA
201009,2010-09-26,DKI4,---,,---,---,---,---,0,,TIDAK ADA DATA
201009,2010-09-26,DKI5,---,,---,---,---,---,0,,TIDAK ADA DATA
201009,2010-09-27,DKI1,50,,18,36,51,22,51,O3,SEDANG
201009,2010-09-27,DKI2,---,,---,---,---,---,0,,TIDAK ADA DATA
201009,2010-09-27,DKI3,---,,---,---,---,---,0,,TIDAK ADA DATA
201009,2010-09-27,DKI4,---,,---,---,---,---,0,,TIDAK ADA DATA
201009,2010-09-27,DKI5,---,,---,---,---,---,0,,TIDAK ADA DATA
201009,2010-09-28,DKI1,37,,16,31,71,21,71,O3,SEDANG
201009,2010-09-28,DKI2,---,,---,---,---,---,0,,TIDAK ADA DATA
201009,2010-09-28,DKI3,---,,---,---,---,---,0,,TIDAK ADA DATA
201009,2010-09-28,DKI4,---,,---,---,---,---,0,,TIDAK ADA DATA
201009,2010-09-28,DKI5,---,,---,---,---,---,0,,TIDAK ADA DATA
201009,2010-09-29,DKI1,62,,21,35,78,28,78,O3,SEDANG
201009,2010-09-29,DKI2,---,,---,---,---,---,0,,TIDAK ADA DATA
201009,2010-09-29,DKI3,---,,---,---,---,---,0,,TIDAK ADA DATA
201009,2010-09-29,DKI4,---,,---,---,---,---,0,,TIDAK ADA DATA
201009,2010-09-29,DKI5,---,,---,---,---,---,0,,TIDAK ADA DATA
201009,2010-09-30,DKI1,65,,19,36,62,23,65,PM10,SEDANG
201009,2010-09-30,DKI2,---,,---,---,---,---,0,,TIDAK ADA DATA
201009,2010-09-30,DKI3,---,,---,---,---,---,0,,TIDAK ADA DATA
201009,2010-09-30,DKI4,---,,---,---,---,---,0,,TIDAK ADA DATA
201009,2010-09-30,DKI5,---,,---,---,---,---,0,,TIDAK ADA DATA
201001,2010-10-01,DKI1,34,,5,23,26,12,34,PM10,BAIK
201001,2010-10-01,DKI2,---,,---,---,---,---,0,,TIDAK ADA DATA
201001,2010-10-01,DKI3,---,,---,---,---,---,0,,TIDAK ADA DATA
201001,2010-10-01,DKI4,---,,---,---,---,---,0,,TIDAK ADA DATA
201001,2010-10-01,DKI5,---,,---,---,---,---,0,,TIDAK ADA DATA
201002,2010-10-02,DKI1,50,,8,31,39,14,50,PM10,BAIK
201002,2010-10-02,DKI2,---,,---,---,---,---,0,,TIDAK ADA DATA
201002,2010-10-02,DKI3,---,,---,---,---,---,0,,TIDAK ADA DATA
201002,2010-10-02,DKI4,---,,---,---,---,---,0,,TIDAK ADA DATA
201002,2010-10-02,DKI5,---,,---,---,---,---,0,,TIDAK ADA DATA
201003,2010-10-03,DKI1,44,,8,37,41,19,44,PM10,BAIK
201003,2010-10-03,DKI2,---,,---,---,---,---,0,,TIDAK ADA DATA
201003,2010-10-03,DKI3,---,,---,---,---,---,0,,TIDAK ADA DATA
201003,2010-10-03,DKI4,---,,---,---,---,---,0,,TIDAK ADA DATA
201003,2010-10-03,DKI5,---,,---,---,---,---,0,,TIDAK ADA DATA
201004,2010-10-04,DKI1,40,,10,33,33,12,40,PM10,BAIK
201004,2010-10-04,DKI2,---,,---,---,---,---,0,,TIDAK ADA DATA
201004,2010-10-04,DKI3,---,,---,---,---,---,0,,TIDAK ADA DATA
201004,2010-10-04,DKI4,---,,---,---,---,---,0,,TIDAK ADA DATA
201004,2010-10-04,DKI5,---,,---,---,---,---,0,,TIDAK ADA DATA
201005,2010-10-05,DKI1,---,,14,43,75,26,75,O3,SEDANG
201005,2010-10-05,DKI2,---,,---,---,---,---,0,,TIDAK ADA DATA
201005,2010-10-05,DKI3,---,,---,---,---,---,0,,TIDAK ADA DATA
201005,2010-10-05,DKI4,---,,---,---,---,---,0,,TIDAK ADA DATA
201005,2010-10-05,DKI5,---,,---,---,---,---,0,,TIDAK ADA DATA
201006,2010-10-06,DKI1,79,,23,46,34,24,79,PM10,SEDANG
201006,2010-10-06,DKI2,---,,---,---,---,---,0,,TIDAK ADA DATA
201006,2010-10-06,DKI3,---,,---,---,---,---,0,,TIDAK ADA DATA
201006,2010-10-06,DKI4,---,,---,---,---,---,0,,TIDAK ADA DATA
201006,2010-10-06,DKI5,---,,---,---,---,---,0,,TIDAK ADA DATA
201007,2010-10-07,DKI1,55,,16,44,34,20,55,PM10,SEDANG
201007,2010-10-07,DKI2,---,,---,---,---,---,0,,TIDAK ADA DATA
201007,2010-10-07,DKI3,---,,---,---,---,---,0,,TIDAK ADA DATA
201007,2010-10-07,DKI4,---,,---,---,---,---,0,,TIDAK ADA DATA
201007,2010-10-07,DKI5,---,,---,---,---,---,0,,TIDAK ADA DATA
201008,2010-10-08,DKI1,63,,14,36,35,20,63,PM10,SEDANG
201008,2010-10-08,DKI2,---,,---,---,---,---,0,,TIDAK ADA DATA
201008,2010-10-08,DKI3,---,,---,---,---,---,0,,TIDAK ADA DATA
201008,2010-10-08,DKI4,---,,---,---,---,---,0,,TIDAK ADA DATA
201008,2010-10-08,DKI5,---,,---,---,---,---,0,,TIDAK ADA DATA
201009,2010-10-09,DKI1,51,,11,45,39,14,51,PM10,SEDANG
201009,2010-10-09,DKI2,---,,---,---,---,---,0,,TIDAK ADA DATA
201009,2010-10-09,DKI3,---,,---,---,---,---,0,,TIDAK ADA DATA
201009,2010-10-09,DKI4,---,,---,---,---,---,0,,TIDAK ADA DATA
201009,2010-10-09,DKI5,---,,---,---,---,---,0,,TIDAK ADA DATA
201010,2010-10-10,DKI1,41,,19,23,55,14,55,O3,SEDANG
201010,2010-10-10,DKI2,---,,---,---,---,---,0,,TIDAK ADA DATA
201010,2010-10-10,DKI3,---,,---,---,---,---,0,,TIDAK ADA DATA
201010,2010-10-10,DKI4,---,,---,---,---,---,0,,TIDAK ADA DATA
201010,2010-10-10,DKI5,---,,---,---,---,---,0,,TIDAK ADA DATA
201011,2010-10-11,DKI1,56,,20,39,54,26,56,PM10,SEDANG
201011,2010-10-11,DKI2,27,,5,26,71,18,71,O3,SEDANG
201011,2010-10-11,DKI3,55,,0,15,215,10,215,O3,SANGAT TIDAK SEHAT
201011,2010-10-11,DKI4,28,,5,26,71,15,71,O3,SEDANG
201011,2010-10-11,DKI5,---,,---,---,---,---,0,,TIDAK ADA DATA
201012,2010-10-12,DKI1,30,,16,23,20,8,30,PM10,BAIK
201012,2010-10-12,DKI2,14,,3,16,23,9,23,O3,BAIK
201012,2010-10-12,DKI3,43,,3,9,50,3,50,O3,BAIK
201012,2010-10-12,DKI4,63,,1,12,29,8,63,PM10,SEDANG
201012,2010-10-12,DKI5,---,,---,---,---,---,0,,TIDAK ADA DATA
201010,2010-10-13,DKI1,52,,17,28,56,19,56,O3,SEDANG
201010,2010-10-13,DKI2,---,,---,---,---,---,0,,TIDAK ADA DATA
201010,2010-10-13,DKI3,---,,---,---,---,---,0,,TIDAK ADA DATA
201010,2010-10-13,DKI4,---,,---,---,---,---,0,,TIDAK ADA DATA
201010,2010-10-13,DKI5,---,,---,---,---,---,0,,TIDAK ADA DATA
201010,2010-10-14,DKI1,51,,21,32,60,24,60,O3,SEDANG
201010,2010-10-14,DKI2,---,,---,---,---,---,0,,TIDAK ADA DATA
201010,2010-10-14,DKI3,---,,---,---,---,---,0,,TIDAK ADA DATA
201010,2010-10-14,DKI4,---,,---,---,---,---,0,,TIDAK ADA DATA
201010,2010-10-14,DKI5,---,,---,---,---,---,0,,TIDAK ADA DATA
201010,2010-10-15,DKI1,49,,15,46,43,23,49,PM10,BAIK
201010,2010-10-15,DKI2,---,,---,---,---,---,0,,TIDAK ADA DATA
201010,2010-10-15,DKI3,---,,---,---,---,---,0,,TIDAK ADA DATA
201010,2010-10-15,DKI4,---,,---,---,---,---,0,,TIDAK ADA DATA
201010,2010-10-15,DKI5,---,,---,---,---,---,0,,TIDAK ADA DATA
201010,2010-10-16,DKI1,48,,18,31,40,17,48,PM10,BAIK
201010,2010-10-16,DKI2,---,,---,---,---,---,0,,TIDAK ADA DATA
201010,2010-10-16,DKI3,---,,---,---,---,---,0,,TIDAK ADA DATA
201010,2010-10-16,DKI4,---,,---,---,---,---,0,,TIDAK ADA DATA
201010,2010-10-16,DKI5,---,,---,---,---,---,0,,TIDAK ADA DATA
201010,2010-10-17,DKI1,48,,17,25,46,15,48,PM10,BAIK
201010,2010-10-17,DKI2,---,,---,---,---,---,0,,TIDAK ADA DATA
201010,2010-10-17,DKI3,---,,---,---,---,---,0,,TIDAK ADA DATA
201010,2010-10-17,DKI4,---,,---,---,---,---,0,,TIDAK ADA DATA
201010,2010-10-17,DKI5,---,,---,---,---,---,0,,TIDAK ADA DATA
201010,2010-10-18,DKI1,54,,16,38,64,18,64,O3,SEDANG
201010,2010-10-18,DKI2,---,,---,---,---,---,0,,TIDAK ADA DATA
201010,2010-10-18,DKI3,---,,---,---,---,---,0,,TIDAK ADA DATA
201010,2010-10-18,DKI4,---,,---,---,---,---,0,,TIDAK ADA DATA
201010,2010-10-18,DKI5,---,,---,---,---,---,0,,TIDAK ADA DATA
201010,2010-10-19,DKI1,47,,17,31,69,22,69,O3,SEDANG
201010,2010-10-19,DKI2,---,,---,---,---,---,0,,TIDAK ADA DATA
201010,2010-10-19,DKI3,---,,---,---,---,---,0,,TIDAK ADA DATA
201010,2010-10-19,DKI4,---,,---,---,---,---,0,,TIDAK ADA DATA
201010,2010-10-19,DKI5,---,,---,---,---,---,0,,TIDAK ADA DATA
201010,2010-10-20,DKI1,47,,15,35,70,20,70,O3,SEDANG
201010,2010-10-20,DKI2,---,,---,---,---,---,0,,TIDAK ADA DATA
201010,2010-10-20,DKI3,---,,---,---,---,---,0,,TIDAK ADA DATA
201010,2010-10-20,DKI4,---,,---,---,---,---,0,,TIDAK ADA DATA
201010,2010-10-20,DKI5,---,,---,---,---,---,0,,TIDAK ADA DATA
201010,2010-10-21,DKI1,41,,17,33,90,21,90,O3,SEDANG
201010,2010-10-21,DKI2,---,,---,---,---,---,0,,TIDAK ADA DATA
201010,2010-10-21,DKI3,---,,---,---,---,---,0,,TIDAK ADA DATA
201010,2010-10-21,DKI4,---,,---,---,---,---,0,,TIDAK ADA DATA
201010,2010-10-21,DKI5,---,,---,---,---,---,0,,TIDAK ADA DATA
201010,2010-10-22,DKI1,48,,17,31,75,23,75,O3,SEDANG
201010,2010-10-22,DKI2,---,,---,---,---,---,0,,TIDAK ADA DATA
201010,2010-10-22,DKI3,---,,---,---,---,---,0,,TIDAK ADA DATA
201010,2010-10-22,DKI4,---,,---,---,---,---,0,,TIDAK ADA DATA
201010,2010-10-22,DKI5,---,,---,---,---,---,0,,TIDAK ADA DATA
201010,2010-10-23,DKI1,56,,15,59,66,23,66,O3,SEDANG
201010,2010-10-23,DKI2,---,,---,---,---,---,0,,TIDAK ADA DATA
201010,2010-10-23,DKI3,---,,---,---,---,---,0,,TIDAK ADA DATA
201010,2010-10-23,DKI4,---,,---,---,---,---,0,,TIDAK ADA DATA
201010,2010-10-23,DKI5,---,,---,---,---,---,0,,TIDAK ADA DATA
201010,2010-10-24,DKI1,52,,15,35,37,17,52,PM10,SEDANG
201010,2010-10-24,DKI2,---,,---,---,---,---,0,,TIDAK ADA DATA
201010,2010-10-24,DKI3,---,,---,---,---,---,0,,TIDAK ADA DATA
201010,2010-10-24,DKI4,---,,---,---,---,---,0,,TIDAK ADA DATA
201010,2010-10-24,DKI5,---,,---,---,---,---,0,,TIDAK ADA DATA
201010,2010-10-25,DKI1,43,,18,38,58,23,58,O3,SEDANG
201010,2010-10-25,DKI2,---,,---,---,---,---,0,,TIDAK ADA DATA
201010,2010-10-25,DKI3,---,,---,---,---,---,0,,TIDAK ADA DATA
201010,2010-10-25,DKI4,---,,---,---,---,---,0,,TIDAK ADA DATA
201010,2010-10-25,DKI5,---,,---,---,---,---,0,,TIDAK ADA DATA
201010,2010-10-26,DKI1,37,,15,48,32,18,48,CO,BAIK
201010,2010-10-26,DKI2,---,,---,---,---,---,0,,TIDAK ADA DATA
201010,2010-10-26,DKI3,---,,---,---,---,---,0,,TIDAK ADA DATA
201010,2010-10-26,DKI4,---,,---,---,---,---,0,,TIDAK ADA DATA
201010,2010-10-26,DKI5,---,,---,---,---,---,0,,TIDAK ADA DATA
201010,2010-10-27,DKI1,43,,17,34,70,21,70,O3,SEDANG
201010,2010-10-27,DKI2,---,,---,---,---,---,0,,TIDAK ADA DATA
201010,2010-10-27,DKI3,---,,---,---,---,---,0,,TIDAK ADA DATA
201010,2010-10-27,DKI4,---,,---,---,---,---,0,,TIDAK ADA DATA
201010,2010-10-27,DKI5,---,,---,---,---,---,0,,TIDAK ADA DATA
201010,2010-10-28,DKI1,40,,16,32,69,22,69,O3,SEDANG
201010,2010-10-28,DKI2,---,,---,---,---,---,0,,TIDAK ADA DATA
201010,2010-10-28,DKI3,---,,---,---,---,---,0,,TIDAK ADA DATA
201010,2010-10-28,DKI4,---,,---,---,---,---,0,,TIDAK ADA DATA
201010,2010-10-28,DKI5,---,,---,---,---,---,0,,TIDAK ADA DATA
201010,2010-10-29,DKI1,49,,18,32,57,21,57,O3,SEDANG
201010,2010-10-29,DKI2,---,,---,---,---,---,0,,TIDAK ADA DATA
201010,2010-10-29,DKI3,---,,---,---,---,---,0,,TIDAK ADA DATA
201010,2010-10-29,DKI4,---,,---,---,---,---,0,,TIDAK ADA DATA
201010,2010-10-29,DKI5,---,,---,---,---,---,0,,TIDAK ADA DATA
201010,2010-10-30,DKI1,57,,19,37,55,19,57,PM10,SEDANG
201010,2010-10-30,DKI2,---,,---,---,---,---,0,,TIDAK ADA DATA
201010,2010-10-30,DKI3,---,,---,---,---,---,0,,TIDAK ADA DATA
201010,2010-10-30,DKI4,---,,---,---,---,---,0,,TIDAK ADA DATA
201010,2010-10-30,DKI5,---,,---,---,---,---,0,,TIDAK ADA DATA
201010,2010-10-31,DKI1,39,,12,30,36,14,39,PM10,BAIK
201010,2010-10-31,DKI2,---,,---,---,---,---,0,,TIDAK ADA DATA
201010,2010-10-31,DKI3,---,,---,---,---,---,0,,TIDAK ADA DATA
201010,2010-10-31,DKI4,---,,---,---,---,---,0,,TIDAK ADA DATA
201010,2010-10-31,DKI5,---,,---,---,---,---,0,,TIDAK ADA DATA
201001,2010-11-01,DKI1,55,,10,32,23,16,55,PM10,SEDANG
201001,2010-11-01,DKI2,---,,---,---,---,---,0,,TIDAK ADA DATA
201001,2010-11-01,DKI3,---,,---,---,---,---,0,,TIDAK ADA DATA
201001,2010-11-01,DKI4,---,,---,---,---,---,0,,TIDAK ADA DATA
201001,2010-11-01,DKI5,---,,---,---,---,---,0,,TIDAK ADA DATA
201002,2010-11-02,DKI1,47,,5,27,26,14,47,PM10,BAIK
201002,2010-11-02,DKI2,---,,---,---,---,---,0,,TIDAK ADA DATA
201002,2010-11-02,DKI3,---,,---,---,---,---,0,,TIDAK ADA DATA
201002,2010-11-02,DKI4,---,,---,---,---,---,0,,TIDAK ADA DATA
201002,2010-11-02,DKI5,---,,---,---,---,---,0,,TIDAK ADA DATA
201003,2010-11-03,DKI1,51,,6,37,18,14,51,PM10,SEDANG
201003,2010-11-03,DKI2,---,,---,---,---,---,0,,TIDAK ADA DATA
201003,2010-11-03,DKI3,---,,---,---,---,---,0,,TIDAK ADA DATA
201003,2010-11-03,DKI4,---,,---,---,---,---,0,,TIDAK ADA DATA
201003,2010-11-03,DKI5,---,,---,---,---,---,0,,TIDAK ADA DATA
201004,2010-11-04,DKI1,45,,10,31,21,11,45,PM10,BAIK
201004,2010-11-04,DKI2,---,,---,---,---,---,0,,TIDAK ADA DATA
201004,2010-11-04,DKI3,---,,---,---,---,---,0,,TIDAK ADA DATA
201004,2010-11-04,DKI4,---,,---,---,---,---,0,,TIDAK ADA DATA
201004,2010-11-04,DKI5,---,,---,---,---,---,0,,TIDAK ADA DATA
201005,2010-11-05,DKI1,---,,14,42,60,24,60,O3,SEDANG
201005,2010-11-05,DKI2,---,,---,---,---,---,0,,TIDAK ADA DATA
201005,2010-11-05,DKI3,---,,---,---,---,---,0,,TIDAK ADA DATA
201005,2010-11-05,DKI4,---,,---,---,---,---,0,,TIDAK ADA DATA
201005,2010-11-05,DKI5,---,,---,---,---,---,0,,TIDAK ADA DATA
201006,2010-11-06,DKI1,60,,21,33,27,14,60,PM10,SEDANG
201006,2010-11-06,DKI2,---,,---,---,---,---,0,,TIDAK ADA DATA
201006,2010-11-06,DKI3,---,,---,---,---,---,0,,TIDAK ADA DATA
201006,2010-11-06,DKI4,---,,---,---,---,---,0,,TIDAK ADA DATA
201006,2010-11-06,DKI5,---,,---,---,---,---,0,,TIDAK ADA DATA
201007,2010-11-07,DKI1,58,,17,43,33,18,58,PM10,SEDANG
201007,2010-11-07,DKI2,---,,---,---,---,---,0,,TIDAK ADA DATA
201007,2010-11-07,DKI3,---,,---,---,---,---,0,,TIDAK ADA DATA
201007,2010-11-07,DKI4,---,,---,---,---,---,0,,TIDAK ADA DATA
201007,2010-11-07,DKI5,---,,---,---,---,---,0,,TIDAK ADA DATA
201008,2010-11-08,DKI1,---,,15,23,34,10,34,O3,BAIK
201008,2010-11-08,DKI2,---,,---,---,---,---,0,,TIDAK ADA DATA
201008,2010-11-08,DKI3,---,,---,---,---,---,0,,TIDAK ADA DATA
201008,2010-11-08,DKI4,---,,---,---,---,---,0,,TIDAK ADA DATA
201008,2010-11-08,DKI5,---,,---,---,---,---,0,,TIDAK ADA DATA
201009,2010-11-09,DKI1,37,,13,25,55,12,55,O3,SEDANG
201009,2010-11-09,DKI2,---,,---,---,---,---,0,,TIDAK ADA DATA
201009,2010-11-09,DKI3,---,,---,---,---,---,0,,TIDAK ADA DATA
201009,2010-11-09,DKI4,---,,---,---,---,---,0,,TIDAK ADA DATA
201009,2010-11-09,DKI5,---,,---,---,---,---,0,,TIDAK ADA DATA
201010,2010-11-10,DKI1,46,,21,28,111,24,111,O3,TIDAK SEHAT
201010,2010-11-10,DKI2,---,,---,---,---,---,0,,TIDAK ADA DATA
201010,2010-11-10,DKI3,---,,---,---,---,---,0,,TIDAK ADA DATA
201010,2010-11-10,DKI4,---,,---,---,---,---,0,,TIDAK ADA DATA
201010,2010-11-10,DKI5,---,,---,---,---,---,0,,TIDAK ADA DATA
201011,2010-11-11,DKI1,53,,20,30,50,20,53,PM10,SEDANG
201011,2010-11-11,DKI2,17,,2,10,55,8,55,O3,SEDANG
201011,2010-11-11,DKI3,56,,0,16,126,10,126,O3,TIDAK SEHAT
201011,2010-11-11,DKI4,17,,2,10,55,8,55,O3,SEDANG
201011,2010-11-11,DKI5,---,,---,---,---,---,0,,TIDAK ADA DATA
201012,2010-11-12,DKI1,25,,13,20,21,8,25,PM10,BAIK
201012,2010-11-12,DKI2,10,,2,18,18,12,18,CO,BAIK
201012,2010-11-12,DKI3,31,,3,6,38,3,38,O3,BAIK
201012,2010-11-12,DKI4,54,,0,9,19,6,54,PM10,SEDANG
201012,2010-11-12,DKI5,---,,---,---,---,---,0,,TIDAK ADA DATA
201011,2010-11-13,DKI1,37,,16,28,74,18,74,O3,SEDANG
201011,2010-11-13,DKI2,16,,3,15,123,14,123,O3,TIDAK SEHAT
201011,2010-11-13,DKI3,43,,0,26,107,9,107,O3,TIDAK SEHAT
201011,2010-11-13,DKI4,16,,3,15,123,14,123,O3,TIDAK SEHAT
201011,2010-11-13,DKI5,---,,---,---,---,---,0,,TIDAK ADA DATA
201011,2010-11-14,DKI1,54,,15,40,54,23,54,PM10,SEDANG
201011,2010-11-14,DKI2,30,,6,36,57,21,57,O3,SEDANG
201011,2010-11-14,DKI3,52,,0,31,67,11,67,O3,SEDANG
201011,2010-11-14,DKI4,30,,6,36,53,21,53,O3,SEDANG
201011,2010-11-14,DKI5,---,,---,---,---,---,0,,TIDAK ADA DATA
201011,2010-11-15,DKI1,51,,19,27,36,16,51,PM10,SEDANG
201011,2010-11-15,DKI2,24,,7,17,43,17,43,O3,BAIK
201011,2010-11-15,DKI3,51,,0,16,130,7,130,O3,TIDAK SEHAT
201011,2010-11-15,DKI4,24,,7,30,43,17,43,O3,BAIK
201011,2010-11-15,DKI5,---,,---,---,---,---,0,,TIDAK ADA DATA
201011,2010-11-16,DKI1,58,,19,34,67,24,67,O3,SEDANG
201011,2010-11-16,DKI2,26,,5,21,45,20,45,O3,BAIK
201011,2010-11-16,DKI3,64,,0,32,137,11,137,O3,TIDAK SEHAT
201011,2010-11-16,DKI4,---,,---,---,---,---,0,,TIDAK ADA DATA
201011,2010-11-16,DKI5,---,,---,---,---,---,0,,TIDAK ADA DATA
201011,2010-11-17,DKI1,58,,17,55,54,17,58,PM10,SEDANG
201011,2010-11-17,DKI2,30,,3,42,68,---,68,O3,SEDANG
201011,2010-11-17,DKI3,61,,0,33,136,12,136,O3,TIDAK SEHAT
201011,2010-11-17,DKI4,34,,---,---,---,---,34,PM10,BAIK
201011,2010-11-17,DKI5,---,,---,---,---,---,0,,TIDAK ADA DATA
201011,2010-11-18,DKI1,61,,16,32,65,38,65,O3,SEDANG
201011,2010-11-18,DKI2,---,,---,---,---,---,0,,TIDAK ADA DATA
201011,2010-11-18,DKI3,57,,0,20,206,6,206,O3,SANGAT TIDAK SEHAT
201011,2010-11-18,DKI4,---,,4,36,113,17,113,O3,TIDAK SEHAT
201011,2010-11-18,DKI5,---,,---,---,---,---,0,,TIDAK ADA DATA
201011,2010-11-19,DKI1,68,,20,49,74,21,74,O3,SEDANG
201011,2010-11-19,DKI2,---,,---,---,---,---,0,,TIDAK ADA DATA
201011,2010-11-19,DKI3,68,,0,21,136,9,136,O3,TIDAK SEHAT
201011,2010-11-19,DKI4,---,,6,33,148,28,148,O3,TIDAK SEHAT
201011,2010-11-19,DKI5,---,,---,---,---,---,0,,TIDAK ADA DATA
201011,2010-11-20,DKI1,64,,19,35,70,24,70,O3,SEDANG
201011,2010-11-20,DKI2,---,,5,26,74,17,74,O3,SEDANG
201011,2010-11-20,DKI3,67,,0,19,195,9,195,O3,TIDAK SEHAT
201011,2010-11-20,DKI4,---,,---,---,---,---,0,,TIDAK ADA DATA
201011,2010-11-20,DKI5,---,,---,---,---,---,0,,TIDAK ADA DATA
201011,2010-11-21,DKI1,67,,18,34,110,19,110,O3,TIDAK SEHAT
201011,2010-11-21,DKI2,---,,3,36,90,22,90,O3,SEDANG
201011,2010-11-21,DKI3,68,,0,27,154,9,154,O3,TIDAK SEHAT
201011,2010-11-21,DKI4,---,,---,---,---,---,0,,TIDAK ADA DATA
201011,2010-11-21,DKI5,---,,---,---,---,---,0,,TIDAK ADA DATA
201011,2010-11-22,DKI1,57,,19,38,90,30,90,O3,SEDANG
201011,2010-11-22,DKI2,---,,5,30,83,17,83,O3,SEDANG
201011,2010-11-22,DKI3,55,,0,15,238,13,238,O3,SANGAT TIDAK SEHAT
201011,2010-11-22,DKI4,---,,---,---,---,---,0,,TIDAK ADA DATA
201011,2010-11-22,DKI5,---,,---,---,---,---,0,,TIDAK ADA DATA
201011,2010-11-23,DKI1,63,,18,39,53,24,63,PM10,SEDANG
201011,2010-11-23,DKI2,---,,5,23,76,20,76,O3,SEDANG
201011,2010-11-23,DKI3,69,,0,18,112,13,112,O3,TIDAK SEHAT
201011,2010-11-23,DKI4,---,,---,---,---,---,0,,TIDAK ADA DATA
201011,2010-11-23,DKI5,---,,---,---,---,---,0,,TIDAK ADA DATA
201011,2010-11-24,DKI1,66,,26,39,51,23,66,PM10,SEDANG
201011,2010-11-24,DKI2,---,,9,23,70,19,70,O3,SEDANG
201011,2010-11-24,DKI3,52,,2,12,146,8,146,O3,TIDAK SEHAT
201011,2010-11-24,DKI4,72,,1,25,88,16,88,O3,SEDANG
201011,2010-11-24,DKI5,---,,---,---,---,---,0,,TIDAK ADA DATA
201011,2010-11-25,DKI1,52,,17,28,77,16,77,O3,SEDANG
201011,2010-11-25,DKI2,27,,2,17,76,19,76,O3,SEDANG
201011,2010-11-25,DKI3,52,,2,12,190,9,190,O3,TIDAK SEHAT
201011,2010-11-25,DKI4,52,,1,13,80,12,80,O3,SEDANG
201011,2010-11-25,DKI5,---,,---,---,---,---,0,,TIDAK ADA DATA
201011,2010-11-26,DKI1,59,,21,35,84,26,84,O3,SEDANG
201011,2010-11-26,DKI2,24,,5,23,137,17,137,O3,TIDAK SEHAT
201011,2010-11-26,DKI3,61,,2,19,172,8,172,O3,TIDAK SEHAT
201011,2010-11-26,DKI4,70,,2,16,64,21,70,PM10,SEDANG
201011,2010-11-26,DKI5,---,,---,---,---,---,0,,TIDAK ADA DATA
201011,2010-11-27,DKI1,59,,17,49,120,21,120,O3,TIDAK SEHAT
201011,2010-11-27,DKI2,22,,3,32,116,23,116,O3,TIDAK SEHAT
201011,2010-11-27,DKI3,53,,2,15,189,6,189,O3,TIDAK SEHAT
201011,2010-11-27,DKI4,62,,1,30,100,16,100,O3,SEDANG
201011,2010-11-27,DKI5,---,,---,---,---,---,0,,TIDAK ADA DATA
201011,2010-11-28,DKI1,49,,17,30,89,20,89,O3,SEDANG
201011,2010-11-28,DKI2,---,,3,43,92,23,92,O3,SEDANG
201011,2010-11-28,DKI3,---,,---,---,---,---,0,,TIDAK ADA DATA
201011,2010-11-28,DKI4,60,,1,32,53,15,60,PM10,SEDANG
201011,2010-11-28,DKI5,---,,---,---,---,---,0,,TIDAK ADA DATA
201011,2010-11-29,DKI1,56,,19,37,93,26,93,O3,SEDANG
201011,2010-11-29,DKI2,---,,6,21,74,20,74,O3,SEDANG
201011,2010-11-29,DKI3,---,,---,---,---,---,0,,TIDAK ADA DATA
201011,2010-11-29,DKI4,67,,1,21,81,15,81,O3,SEDANG
201011,2010-11-29,DKI5,---,,---,---,---,---,0,,TIDAK ADA DATA
201011,2010-11-30,DKI1,43,,16,32,49,14,49,O3,BAIK
201011,2010-11-30,DKI2,31,,2,16,36,19,36,O3,BAIK
201011,2010-11-30,DKI3,---,,---,---,---,---,0,,TIDAK ADA DATA
201011,2010-11-30,DKI4,66,,0,18,74,8,74,O3,SEDANG
201011,2010-11-30,DKI5,---,,---,---,---,---,0,,TIDAK ADA DATA
201001,2010-12-01,DKI1,45,,4,33,9,17,45,PM10,BAIK
201001,2010-12-01,DKI2,---,,---,---,---,---,0,,TIDAK ADA DATA
201001,2010-12-01,DKI3,---,,---,---,---,---,0,,TIDAK ADA DATA
201001,2010-12-01,DKI4,---,,---,---,---,---,0,,TIDAK ADA DATA
201001,2010-12-01,DKI5,---,,---,---,---,---,0,,TIDAK ADA DATA
201002,2010-12-02,DKI1,56,,6,33,45,20,56,PM10,SEDANG
201002,2010-12-02,DKI2,---,,---,---,---,---,0,,TIDAK ADA DATA
201002,2010-12-02,DKI3,---,,---,---,---,---,0,,TIDAK ADA DATA
201002,2010-12-02,DKI4,---,,---,---,---,---,0,,TIDAK ADA DATA
201002,2010-12-02,DKI5,---,,---,---,---,---,0,,TIDAK ADA DATA
201003,2010-12-03,DKI1,43,,6,42,39,20,43,PM10,BAIK
201003,2010-12-03,DKI2,---,,---,---,---,---,0,,TIDAK ADA DATA
201003,2010-12-03,DKI3,---,,---,---,---,---,0,,TIDAK ADA DATA
201003,2010-12-03,DKI4,---,,---,---,---,---,0,,TIDAK ADA DATA
201003,2010-12-03,DKI5,---,,---,---,---,---,0,,TIDAK ADA DATA
201004,2010-12-04,DKI1,66,,19,39,80,25,80,O3,SEDANG
201004,2010-12-04,DKI2,---,,---,---,---,---,0,,TIDAK ADA DATA
201004,2010-12-04,DKI3,---,,---,---,---,---,0,,TIDAK ADA DATA
201004,2010-12-04,DKI4,---,,---,---,---,---,0,,TIDAK ADA DATA
201004,2010-12-04,DKI5,---,,---,---,---,---,0,,TIDAK ADA DATA
201005,2010-12-05,DKI1,61,,12,50,32,19,61,PM10,SEDANG
201005,2010-12-05,DKI2,---,,---,---,---,---,0,,TIDAK ADA DATA
201005,2010-12-05,DKI3,---,,---,---,---,---,0,,TIDAK ADA DATA
201005,2010-12-05,DKI4,---,,---,---,---,---,0,,TIDAK ADA DATA
201005,2010-12-05,DKI5,---,,---,---,---,---,0,,TIDAK ADA DATA
201006,2010-12-06,DKI1,64,,20,39,23,13,64,PM10,SEDANG
201006,2010-12-06,DKI2,---,,---,---,---,---,0,,TIDAK ADA DATA
201006,2010-12-06,DKI3,---,,---,---,---,---,0,,TIDAK ADA DATA
201006,2010-12-06,DKI4,---,,---,---,---,---,0,,TIDAK ADA DATA
201006,2010-12-06,DKI5,---,,---,---,---,---,0,,TIDAK ADA DATA
201007,2010-12-07,DKI1,61,,16,43,64,29,64,O3,SEDANG
201007,2010-12-07,DKI2,---,,---,---,---,---,0,,TIDAK ADA DATA
201007,2010-12-07,DKI3,---,,---,---,---,---,0,,TIDAK ADA DATA
201007,2010-12-07,DKI4,---,,---,---,---,---,0,,TIDAK ADA DATA
201007,2010-12-07,DKI5,---,,---,---,---,---,0,,TIDAK ADA DATA
201008,2010-12-08,DKI1,---,,14,20,27,7,27,O3,BAIK
201008,2010-12-08,DKI2,---,,---,---,---,---,0,,TIDAK ADA DATA
201008,2010-12-08,DKI3,---,,---,---,---,---,0,,TIDAK ADA DATA
201008,2010-12-08,DKI4,---,,---,---,---,---,0,,TIDAK ADA DATA
201008,2010-12-08,DKI5,---,,---,---,---,---,0,,TIDAK ADA DATA
201009,2010-12-09,DKI1,25,,11,18,50,17,50,O3,BAIK
201009,2010-12-09,DKI2,---,,---,---,---,---,0,,TIDAK ADA DATA
201009,2010-12-09,DKI3,---,,---,---,---,---,0,,TIDAK ADA DATA
201009,2010-12-09,DKI4,---,,---,---,---,---,0,,TIDAK ADA DATA
201009,2010-12-09,DKI5,---,,---,---,---,---,0,,TIDAK ADA DATA
201010,2010-12-10,DKI1,59,,25,31,95,26,95,O3,SEDANG
201010,2010-12-10,DKI2,---,,---,---,---,---,0,,TIDAK ADA DATA
201010,2010-12-10,DKI3,---,,---,---,---,---,0,,TIDAK ADA DATA
201010,2010-12-10,DKI4,---,,---,---,---,---,0,,TIDAK ADA DATA
201010,2010-12-10,DKI5,---,,---,---,---,---,0,,TIDAK ADA DATA
201011,2010-12-11,DKI1,40,,18,23,31,9,40,PM10,BAIK
201011,2010-12-11,DKI2,18,,3,19,25,9,25,O3,BAIK
201011,2010-12-11,DKI3,44,,0,22,81,8,81,O3,SEDANG
201011,2010-12-11,DKI4,18,,3,19,25,9,25,O3,BAIK
201011,2010-12-11,DKI5,---,,---,---,---,---,0,,TIDAK ADA DATA
201012,2010-12-12,DKI1,27,,13,19,30,10,30,O3,BAIK
201012,2010-12-12,DKI2,12,,4,21,43,15,43,O3,BAIK
201012,2010-12-12,DKI3,33,,4,10,37,4,37,O3,BAIK
201012,2010-12-12,DKI4,56,,1,17,24,6,56,PM10,SEDANG
201012,2010-12-12,DKI5,---,,---,---,---,---,0,,TIDAK ADA DATA
201012,2010-12-13,DKI1,34,,16,22,30,10,34,PM10,BAIK
201012,2010-12-13,DKI2,14,,6,14,24,15,24,O3,BAIK
201012,2010-12-13,DKI3,39,,4,7,83,3,83,O3,SEDANG
201012,2010-12-13,DKI4,67,,2,18,43,7,67,PM10,SEDANG
201012,2010-12-13,DKI5,---,,---,---,---,---,0,,TIDAK ADA DATA
201012,2010-12-14,DKI1,51,,20,32,31,17,51,PM10,SEDANG
201012,2010-12-14,DKI2,17,,9,18,21,15,21,O3,BAIK
201012,2010-12-14,DKI3,61,,5,17,56,4,61,PM10,SEDANG
201012,2010-12-14,DKI4,82,,3,27,33,11,82,PM10,SEDANG
201012,2010-12-14,DKI5,---,,---,---,---,---,0,,TIDAK ADA DATA
201012,2010-12-15,DKI1,50,,19,34,30,14,50,PM10,BAIK
201012,2010-12-15,DKI2,20,,10,24,21,19,24,CO,BAIK
201012,2010-12-15,DKI3,58,,5,17,119,9,119,O3,TIDAK SEHAT
201012,2010-12-15,DKI4,---,,4,23,67,17,67,O3,SEDANG
201012,2010-12-15,DKI5,---,,---,---,---,---,0,,TIDAK ADA DATA
201012,2010-12-16,DKI1,36,,19,27,22,14,36,PM10,BAIK
201012,2010-12-16,DKI2,17,,7,16,22,15,22,O3,BAIK
201012,2010-12-16,DKI3,41,,5,8,44,2,44,O3,BAIK
201012,2010-12-16,DKI4,---,,2,14,23,8,23,O3,BAIK
201012,2010-12-16,DKI5,---,,---,---,---,---,0,,TIDAK ADA DATA
201012,2010-12-17,DKI1,38,,20,20,23,7,38,PM10,BAIK
201012,2010-12-17,DKI2,13,,7,14,21,9,21,O3,BAIK
201012,2010-12-17,DKI3,36,,4,5,36,2,36,PM10,BAIK
201012,2010-12-17,DKI4,---,,3,7,23,5,23,O3,BAIK
201012,2010-12-17,DKI5,---,,---,---,---,---,0,,TIDAK ADA DATA
201012,2010-12-18,DKI1,33,,15,27,20,9,33,PM10,BAIK
201012,2010-12-18,DKI2,14,,3,27,33,11,33,O3,BAIK
201012,2010-12-18,DKI3,34,,3,6,28,2,34,PM10,BAIK
201012,2010-12-18,DKI4,---,,1,16,21,6,21,O3,BAIK
201012,2010-12-18,DKI5,---,,---,---,---,---,0,,TIDAK ADA DATA
201012,2010-12-19,DKI1,34,,13,19,22,10,34,PM10,BAIK
201012,2010-12-19,DKI2,15,,3,17,27,9,27,O3,BAIK
201012,2010-12-19,DKI3,49,,4,15,32,3,49,PM10,BAIK
201012,2010-12-19,DKI4,---,,1,17,19,5,19,O3,BAIK
201012,2010-12-19,DKI5,---,,---,---,---,---,0,,TIDAK ADA DATA
201012,2010-12-20,DKI1,33,,17,26,20,11,33,PM10,BAIK
201012,2010-12-20,DKI2,17,,5,17,33,9,33,O3,BAIK
201012,2010-12-20,DKI3,51,,4,13,31,4,51,PM10,SEDANG
201012,2010-12-20,DKI4,---,,2,13,30,6,30,O3,BAIK
201012,2010-12-20,DKI5,---,,---,---,---,---,0,,TIDAK ADA DATA
201012,2010-12-21,DKI1,37,,16,27,22,12,37,PM10,BAIK
201012,2010-12-21,DKI2,15,,5,14,31,11,31,O3,BAIK
201012,2010-12-21,DKI3,40,,4,7,32,3,40,PM10,BAIK
201012,2010-12-21,DKI4,---,,3,12,24,7,24,O3,BAIK
201012,2010-12-21,DKI5,---,,---,---,---,---,0,,TIDAK ADA DATA
201012,2010-12-22,DKI1,29,,14,34,17,13,34,CO,BAIK
201012,2010-12-22,DKI2,12,,3,15,33,8,33,O3,BAIK
201012,2010-12-22,DKI3,45,,4,6,32,3,45,PM10,BAIK
201012,2010-12-22,DKI4,55,,1,9,29,7,55,PM10,SEDANG
201012,2010-12-22,DKI5,---,,---,---,---,---,0,,TIDAK ADA DATA
201012,2010-12-23,DKI1,40,,20,41,24,13,41,CO,BAIK
201012,2010-12-23,DKI2,18,,8,20,30,13,30,O3,BAIK
201012,2010-12-23,DKI3,51,,4,14,38,3,51,PM10,SEDANG
201012,2010-12-23,DKI4,59,,2,18,27,6,59,PM10,SEDANG
201012,2010-12-23,DKI5,---,,---,---,---,---,0,,TIDAK ADA DATA
201012,2010-12-24,DKI1,51,,19,32,97,23,97,O3,SEDANG
201012,2010-12-24,DKI2,20,,6,24,104,15,104,O3,TIDAK SEHAT
201012,2010-12-24,DKI3,62,,5,16,241,9,241,O3,SANGAT TIDAK SEHAT
201012,2010-12-24,DKI4,54,,3,20,122,13,122,O3,TIDAK SEHAT
201012,2010-12-24,DKI5,---,,---,---,---,---,0,,TIDAK ADA DATA
201012,2010-12-25,DKI1,59,,28,27,28,14,59,PM10,SEDANG
201012,2010-12-25,DKI2,26,,15,16,33,15,33,O3,BAIK
201012,2010-12-25,DKI3,65,,6,16,80,7,80,O3,SEDANG
201012,2010-12-25,DKI4,---,,6,19,40,11,40,O3,BAIK
201012,2010-12-25,DKI5,---,,---,---,---,---,0,,TIDAK ADA DATA
201012,2010-12-26,DKI1,39,,18,23,48,12,48,O3,BAIK
201012,2010-12-26,DKI2,17,,5,15,24,12,24,O3,BAIK
201012,2010-12-26,DKI3,65,,5,20,52,4,65,PM10,SEDANG
201012,2010-12-26,DKI4,---,,3,23,26,7,26,O3,BAIK
201012,2010-12-26,DKI5,---,,---,---,---,---,0,,TIDAK ADA DATA
201012,2010-12-27,DKI1,27,,19,22,27,10,27,PM10,BAIK
201012,2010-12-27,DKI2,12,,5,12,26,14,26,O3,BAIK
201012,2010-12-27,DKI3,38,,6,4,54,2,54,O3,SEDANG
201012,2010-12-27,DKI4,---,,4,8,38,6,38,O3,BAIK
201012,2010-12-27,DKI5,---,,---,---,---,---,0,,TIDAK ADA DATA
201012,2010-12-28,DKI1,38,,15,23,35,12,38,PM10,BAIK
201012,2010-12-28,DKI2,15,,9,13,43,17,43,O3,BAIK
201012,2010-12-28,DKI3,45,,6,6,53,2,53,O3,SEDANG
201012,2010-12-28,DKI4,---,,4,8,57,6,57,O3,SEDANG
201012,2010-12-28,DKI5,---,,---,---,---,---,0,,TIDAK ADA DATA
201012,2010-12-29,DKI1,34,,16,25,26,11,34,PM10,BAIK
201012,2010-12-29,DKI2,20,,5,25,35,14,35,O3,BAIK
201012,2010-12-29,DKI3,42,,5,9,40,4,42,PM10,BAIK
201012,2010-12-29,DKI4,---,,1,17,35,7,35,O3,BAIK
201012,2010-12-29,DKI5,---,,---,---,---,---,0,,TIDAK ADA DATA
201012,2010-12-30,DKI1,36,,18,24,22,8,36,PM10,BAIK
201012,2010-12-30,DKI2,17,,7,16,29,15,29,O3,BAIK
201012,2010-12-30,DKI3,38,,7,4,40,1,40,O3,BAIK
201012,2010-12-30,DKI4,---,,7,8,22,5,22,O3,BAIK
201012,2010-12-30,DKI5,---,,---,---,---,---,0,,TIDAK ADA DATA
201012,2010-12-31,DKI1,33,,19,21,29,9,33,PM10,BAIK
201012,2010-12-31,DKI2,17,,6,13,34,15,34,O3,BAIK
201012,2010-12-31,DKI3,---,,4,6,34,2,34,O3,BAIK
201012,2010-12-31,DKI4,---,,3,8,21,5,21,O3,BAIK
201012,2010-12-31,DKI5,---,,---,---,---,---,0,,TIDAK ADA DATA
201101,2011-01-01,DKI3,52,,17,51,76,7,76,O3,SEDANG
201102,2011-01-02,DKI4,56,,20,22,29,11,56,PM10,SEDANG
201103,2011-01-03,DKI2,40,,14,26,42,8,42,O3,BAIK
201104,2011-01-04,DKI4,45,,14,20,21,8,45,PM10,BAIK
201105,2011-01-05,DKI1,71,,18,54,88,31,88,O3,SEDANG
201106,2011-01-06,DKI4,91,,21,70,82,23,91,PM10,SEDANG
201107,2011-01-07,DKI4,85,,14,33,65,19,85,PM10,SEDANG
201108,2011-01-08,DKI4,110,,20,23,67,16,110,PM10,TIDAK SEHAT
201109,2011-01-09,DKI2,68,,10,13,97,14,97,O3,SEDANG
201110,2011-01-10,DKI4,81,,17,24,124,20,124,O3,TIDAK SEHAT
201111,2011-01-11,DKI4,69,,15,42,109,20,109,O3,TIDAK SEHAT
201112,2011-01-12,DKI2,76,,18,26,107,16,107,O3,TIDAK SEHAT
201101,2011-01-13,DKI3,71,,16,28,73,18,73,O3,SEDANG
201101,2011-01-14,DKI3,70,,15,24,55,17,70,PM10,SEDANG
201101,2011-01-15,DKI3,90,,15,26,58,17,90,PM10,SEDANG
201101,2011-01-16,DKI4,66,,13,16,22,8,66,PM10,SEDANG
201101,2011-01-17,DKI4,67,,14,20,46,13,67,PM10,SEDANG
201101,2011-01-18,DKI3,80,,12,31,48,17,80,PM10,SEDANG
201101,2011-01-19,DKI3,42,,13,70,48,16,70,CO,SEDANG
201101,2011-01-20,DKI1,49,,16,26,44,16,49,PM10,BAIK
201101,2011-01-21,DKI3,50,,13,43,55,21,55,O3,SEDANG
201101,2011-01-22,DKI4,65,,16,44,50,23,65,PM10,SEDANG
201101,2011-01-23,DKI4,67,,14,59,48,14,67,PM10,SEDANG
201101,2011-01-24,DKI4,63,,20,33,44,17,63,PM10,SEDANG
201101,2011-01-25,DKI4,60,,23,27,59,19,60,PM10,SEDANG
201101,2011-01-26,DKI4,58,,24,26,70,17,70,O3,SEDANG
201101,2011-01-27,DKI3,94,,20,26,40,19,94,PM10,SEDANG
201101,2011-01-28,DKI4,68,,14,38,37,16,68,PM10,SEDANG
201101,2011-01-29,DKI4,48,,14,23,45,12,48,PM10,BAIK
201101,2011-01-30,DKI4,56,,16,25,42,13,56,PM10,SEDANG
201101,2011-01-31,DKI4,47,,14,22,24,8,47,PM10,BAIK
201101,2011-02-01,DKI1,35,,15,15,47,11,47,O3,BAIK
201102,2011-02-02,DKI4,60,,18,29,45,16,60,PM10,SEDANG
201103,2011-02-03,DKI4,40,,15,21,34,8,40,PM10,BAIK
201104,2011-02-04,DKI4,48,,15,24,26,6,48,PM10,BAIK
201105,2011-02-05,DKI4,61,,19,35,98,29,98,O3,SEDANG
201106,2011-02-06,DKI4,68,,17,25,65,13,68,PM10,SEDANG
201107,2011-02-07,DKI4,128,,17,37,81,18,128,PM10,TIDAK SEHAT
201108,2011-02-08,DKI4,95,,17,25,69,15,95,PM10,SEDANG
201109,2011-02-09,DKI4,92,,11,25,76,10,92,PM10,SEDANG
201110,2011-02-10,DKI3,91,,18,18,114,15,114,O3,TIDAK SEHAT
201111,2011-02-11,DKI2,92,,19,30,89,17,92,PM10,SEDANG
201112,2011-02-12,DKI2,54,,19,25,131,15,131,O3,TIDAK SEHAT
201102,2011-02-13,DKI3,71,,18,34,97,16,97,O3,SEDANG
201102,2011-02-14,DKI4,62,,12,39,49,18,62,PM10,SEDANG
201102,2011-02-15,DKI4,55,,15,53,52,20,55,PM10,SEDANG
201102,2011-02-16,DKI4,65,,16,39,47,22,65,PM10,SEDANG
201102,2011-02-17,DKI3,59,,22,33,61,18,61,O3,SEDANG
201102,2011-02-18,DKI4,59,,18,24,58,17,59,PM10,SEDANG
201102,2011-02-19,DKI4,59,,21,33,45,21,59,PM10,SEDANG
201102,2011-02-20,DKI4,53,,17,24,46,17,53,PM10,SEDANG
201102,2011-02-21,DKI3,55,,16,22,56,17,56,O3,SEDANG
201102,2011-02-22,DKI4,68,,15,47,52,19,68,PM10,SEDANG
201102,2011-02-23,DKI4,63,,15,27,59,17,63,PM10,SEDANG
201102,2011-02-24,DKI4,47,,6,23,47,19,47,PM10,BAIK
201102,2011-02-25,DKI4,61,,9,23,42,18,61,PM10,SEDANG
201102,2011-02-26,DKI4,62,,14,24,44,18,62,PM10,SEDANG
201102,2011-02-27,DKI4,55,,15,38,27,22,55,PM10,SEDANG
201102,2011-02-28,DKI4,52,,16,33,22,16,52,PM10,SEDANG
201101,2011-03-01,DKI1,41,,16,35,31,15,41,PM10,BAIK
201102,2011-03-02,DKI4,50,,16,24,48,12,50,PM10,BAIK
201103,2011-03-03,DKI4,53,,16,22,36,9,53,PM10,SEDANG
201104,2011-03-04,DKI4,52,,14,13,28,7,52,PM10,SEDANG
201105,2011-03-05,DKI1,69,,22,31,69,28,69,PM10,SEDANG
201106,2011-03-06,DKI4,65,,19,18,50,10,65,PM10,SEDANG
201107,2011-03-07,DKI4,94,,14,25,90,14,94,PM10,SEDANG
201108,2011-03-08,DKI2,110,,15,28,165,20,165,O3,TIDAK SEHAT
201109,2011-03-09,DKI3,79,,9,12,102,11,102,O3,TIDAK SEHAT
201110,2011-03-10,DKI2,73,,15,27,147,26,147,O3,TIDAK SEHAT
201111,2011-03-11,DKI3,64,,14,32,78,18,78,O3,SEDANG
201112,2011-03-12,DKI2,44,,17,29,105,13,105,O3,TIDAK SEHAT
201103,2011-03-13,DKI4,67,,17,25,47,15,67,PM10,SEDANG
201103,2011-03-14,DKI4,68,,15,47,31,17,68,PM10,SEDANG
201103,2011-03-15,DKI2,71,,16,25,72,17,72,O3,SEDANG
201103,2011-03-16,DKI2,59,,19,35,96,18,96,O3,SEDANG
201103,2011-03-17,DKI3,67,,19,54,111,21,111,O3,TIDAK SEHAT
201103,2011-03-18,DKI4,87,,22,33,79,20,87,PM10,SEDANG
201103,2011-03-19,DKI4,78,,17,29,76,23,78,PM10,SEDANG
201103,2011-03-20,DKI3,61,,15,32,83,23,83,O3,SEDANG
201103,2011-03-21,DKI4,52,,13,20,38,11,52,PM10,SEDANG
201103,2011-03-22,DKI4,52,,15,22,33,9,52,PM10,SEDANG
201103,2011-03-23,DKI4,51,,15,22,26,9,51,PM10,SEDANG
201103,2011-03-24,DKI4,47,,14,18,26,8,47,PM10,BAIK
201103,2011-03-25,DKI4,47,,14,22,35,14,47,PM10,BAIK
201103,2011-03-26,DKI4,51,,13,22,38,8,51,PM10,SEDANG
201103,2011-03-27,DKI4,55,,13,19,33,15,55,PM10,SEDANG
201103,2011-03-28,DKI4,44,,13,15,29,13,44,PM10,BAIK
201103,2011-03-29,DKI4,45,,13,16,25,8,45,PM10,BAIK
201103,2011-03-30,DKI4,49,,14,19,28,8,49,PM10,BAIK
201103,2011-03-31,DKI4,42,,14,21,24,7,42,PM10,BAIK
201101,2011-04-01,DKI3,53,,17,19,77,11,77,O3,SEDANG
201102,2011-04-02,DKI4,49,,16,27,42,16,49,PM10,BAIK
201103,2011-04-03,DKI4,51,,18,27,42,13,51,PM10,SEDANG
201104,2011-04-04,DKI4,50,,15,23,39,12,50,PM10,BAIK
201105,2011-04-05,DKI4,63,,18,26,47,17,63,PM10,SEDANG
201106,2011-04-06,DKI4,73,,21,17,56,11,73,PM10,SEDANG
201107,2011-04-07,DKI4,89,,13,24,75,15,89,PM10,SEDANG
201108,2011-04-08,DKI3,71,,12,27,117,26,117,O3,TIDAK SEHAT
201109,2011-04-09,DKI3,94,,11,17,98,14,98,O3,SEDANG
201110,2011-04-10,DKI3,71,,18,25,107,18,107,O3,TIDAK SEHAT
201111,2011-04-11,DKI2,57,,14,30,64,15,64,O3,SEDANG
201112,2011-04-12,DKI4,93,,23,47,91,16,93,PM10,SEDANG
201104,2011-04-13,DKI3,80,,23,32,116,25,116,O3,TIDAK SEHAT
201104,2011-04-14,DKI2,65,,22,35,74,26,74,O3,SEDANG
201104,2011-04-15,DKI3,65,,23,36,122,23,122,O3,TIDAK SEHAT
201104,2011-04-16,DKI3,84,,18,29,171,34,171,O3,TIDAK SEHAT
201104,2011-04-17,DKI2,77,,14,51,126,19,126,O3,TIDAK SEHAT
201104,2011-04-18,DKI3,64,,15,29,124,26,124,O3,TIDAK SEHAT
201104,2011-04-19,DKI3,65,,17,38,128,29,128,O3,TIDAK SEHAT
201104,2011-04-20,DKI2,77,,23,30,89,19,89,O3,SEDANG
201104,2011-04-21,DKI4,62,,19,33,94,27,94,O3,SEDANG
201104,2011-04-22,DKI1,66,,16,26,125,22,125,O3,TIDAK SEHAT
201104,2011-04-23,DKI2,62,,15,18,127,22,127,O3,TIDAK SEHAT
201104,2011-04-24,DKI1,64,,15,27,83,16,83,O3,SEDANG
201104,2011-04-25,DKI1,65,,17,39,70,16,70,O3,SEDANG
201104,2011-04-26,DKI4,71,,24,27,62,15,71,PM10,SEDANG
201104,2011-04-27,DKI1,68,,25,43,71,22,71,O3,SEDANG
201104,2011-04-28,DKI3,62,,18,32,69,15,69,O3,SEDANG
201104,2011-04-29,DKI4,77,,19,27,76,20,77,PM10,SEDANG
201104,2011-04-30,DKI1,74,,19,42,78,23,78,O3,SEDANG
201101,2011-05-01,DKI3,59,,12,21,61,12,61,O3,SEDANG
201102,2011-05-02,DKI4,56,,14,44,51,19,56,PM10,SEDANG
201103,2011-05-03,DKI4,40,,17,35,35,13,40,PM10,BAIK
201104,2011-05-04,DKI4,59,,14,21,42,15,59,PM10,SEDANG
201105,2011-05-05,DKI4,76,,17,28,63,20,76,PM10,SEDANG
201106,2011-05-06,DKI4,77,,17,28,54,15,77,PM10,SEDANG
201107,2011-05-07,DKI4,93,,21,35,90,19,93,PM10,SEDANG
201108,2011-05-08,DKI2,89,,16,29,168,22,168,O3,TIDAK SEHAT
201109,2011-05-09,DKI4,154,,12,28,79,14,154,PM10,TIDAK SEHAT
201110,2011-05-10,DKI2,75,,19,30,118,20,118,O3,TIDAK SEHAT
201111,2011-05-11,DKI2,57,,19,21,106,31,106,O3,TIDAK SEHAT
201112,2011-05-12,DKI2,59,,18,20,81,15,81,O3,SEDANG
201105,2011-05-13,DKI1,59,,18,35,87,18,87,O3,SEDANG
201105,2011-05-14,DKI3,66,,17,37,84,27,84,O3,SEDANG
201105,2011-05-15,DKI3,66,,16,31,99,20,99,O3,SEDANG
201105,2011-05-16,DKI3,61,,17,30,139,27,139,O3,TIDAK SEHAT
201105,2011-05-17,DKI3,63,,23,30,133,21,133,O3,TIDAK SEHAT
201105,2011-05-18,DKI4,69,,18,34,85,19,85,O3,SEDANG
201105,2011-05-19,DKI4,89,,20,43,88,22,89,PM10,SEDANG
201105,2011-05-20,DKI3,68,,20,36,107,19,107,O3,TIDAK SEHAT
201105,2011-05-21,DKI3,70,,15,34,82,26,82,O3,SEDANG
201105,2011-05-22,DKI4,84,,11,38,78,11,84,PM10,SEDANG
201105,2011-05-23,DKI3,75,,15,32,140,30,140,O3,TIDAK SEHAT
201105,2011-05-24,DKI3,68,,19,34,96,19,96,O3,SEDANG
201105,2011-05-25,DKI3,64,,21,37,113,22,113,O3,TIDAK SEHAT
201105,2011-05-26,DKI3,66,,19,40,114,25,114,O3,TIDAK SEHAT
201105,2011-05-27,DKI3,72,,21,37,95,18,95,O3,SEDANG
201105,2011-05-28,DKI3,86,,21,35,111,17,111,O3,TIDAK SEHAT
201105,2011-05-29,DKI3,97,,23,31,107,17,107,O3,TIDAK SEHAT
201105,2011-05-30,DKI3,92,,20,32,98,21,98,O3,SEDANG
201105,2011-05-31,DKI2,81,,21,35,93,26,93,O3,SEDANG
201101,2011-06-01,DKI3,57,,11,30,94,19,94,O3,SEDANG
201102,2011-06-02,DKI4,38,,15,21,38,16,38,PM10,BAIK
201103,2011-06-03,DKI4,51,,14,24,31,10,51,PM10,SEDANG
201104,2011-06-04,DKI4,52,,14,19,38,8,52,PM10,SEDANG
201105,2011-06-05,DKI2,58,,22,36,65,23,65,O3,SEDANG
201106,2011-06-06,DKI4,70,,17,37,81,21,81,O3,SEDANG
201107,2011-06-07,DKI3,61,,18,27,80,17,80,O3,SEDANG
201108,2011-06-08,DKI4,119,,16,27,105,16,119,PM10,TIDAK SEHAT
201109,2011-06-09,DKI4,112,,12,22,71,13,112,PM10,TIDAK SEHAT
201110,2011-06-10,DKI3,73,,21,28,99,26,99,O3,SEDANG
201111,2011-06-11,DKI2,51,,14,21,71,15,71,O3,SEDANG
201112,2011-06-12,DKI2,66,,24,37,85,18,85,O3,SEDANG
201106,2011-06-13,DKI3,63,,18,29,91,20,91,O3,SEDANG
201106,2011-06-14,DKI4,88,,23,27,93,20,93,O3,SEDANG
201106,2011-06-15,DKI2,104,,23,41,137,23,137,O3,TIDAK SEHAT
201106,2011-06-16,DKI4,110,,23,35,103,19,110,PM10,TIDAK SEHAT
201106,2011-06-17,DKI4,105,,20,34,81,24,105,PM10,TIDAK SEHAT
201106,2011-06-18,DKI3,85,,15,24,128,20,128,O3,TIDAK SEHAT
201106,2011-06-19,DKI3,108,,12,29,119,25,119,O3,TIDAK SEHAT
201106,2011-06-20,DKI4,109,,13,32,88,27,109,PM10,TIDAK SEHAT
201106,2011-06-21,DKI4,97,,19,30,82,26,97,PM10,SEDANG
201106,2011-06-22,DKI4,112,,22,29,92,21,112,PM10,TIDAK SEHAT
201106,2011-06-23,DKI4,109,,13,29,94,39,109,PM10,TIDAK SEHAT
201106,2011-06-24,DKI4,107,,16,29,85,16,107,PM10,TIDAK SEHAT
201106,2011-06-25,DKI4,87,,11,27,79,13,87,PM10,SEDANG
201106,2011-06-26,DKI4,103,,12,19,73,13,103,PM10,TIDAK SEHAT
201106,2011-06-27,DKI4,85,,12,23,49,19,85,PM10,SEDANG
201106,2011-06-28,DKI2,72,,10,28,122,20,122,O3,TIDAK SEHAT
201106,2011-06-29,DKI3,68,,15,27,157,20,157,O3,TIDAK SEHAT
201106,2011-06-30,DKI2,80,,16,33,127,22,127,O3,TIDAK SEHAT
201101,2011-07-01,DKI3,57,,17,28,67,19,67,O3,SEDANG
201102,2011-07-02,DKI4,51,,16,24,37,16,51,PM10,SEDANG
201103,2011-07-03,DKI4,54,,14,17,30,11,54,PM10,SEDANG
201104,2011-07-04,DKI4,57,,15,20,36,12,57,PM10,SEDANG
201105,2011-07-05,DKI4,63,,22,38,66,14,66,O3,SEDANG
201106,2011-07-06,DKI3,66,,15,41,92,20,92,O3,SEDANG
201107,2011-07-07,DKI3,79,,22,27,90,15,90,O3,SEDANG
201108,2011-07-08,DKI4,115,,16,37,82,13,115,PM10,TIDAK SEHAT
201109,2011-07-09,DKI4,120,,14,25,89,15,120,PM10,TIDAK SEHAT
201110,2011-07-10,DKI3,92,,21,29,120,17,120,O3,TIDAK SEHAT
201111,2011-07-11,DKI2,58,,17,25,175,16,175,O3,TIDAK SEHAT
201112,2011-07-12,DKI4,158,,34,58,143,23,158,PM10,TIDAK SEHAT
201107,2011-07-13,DKI3,74,,20,28,82,13,82,O3,SEDANG
201107,2011-07-14,DKI3,102,,17,27,105,17,105,O3,TIDAK SEHAT
201107,2011-07-15,DKI2,104,,14,30,174,19,174,O3,TIDAK SEHAT
201107,2011-07-16,DKI3,81,,14,29,120,19,120,O3,TIDAK SEHAT
201107,2011-07-17,DKI4,101,,28,31,84,17,101,PM10,TIDAK SEHAT
201107,2011-07-18,DKI4,122,,18,35,84,26,122,PM10,TIDAK SEHAT
201107,2011-07-19,DKI4,97,,22,32,74,17,97,PM10,SEDANG
201107,2011-07-20,DKI3,70,,16,26,71,13,71,O3,SEDANG
201107,2011-07-21,DKI4,107,,21,23,63,12,107,PM10,TIDAK SEHAT
201107,2011-07-22,DKI4,73,,22,23,55,10,73,PM10,SEDANG
201107,2011-07-23,DKI4,103,,19,53,76,13,103,PM10,TIDAK SEHAT
201107,2011-07-24,DKI4,116,,16,25,107,15,116,PM10,TIDAK SEHAT
201107,2011-07-25,DKI3,83,,13,30,127,22,127,O3,TIDAK SEHAT
201107,2011-07-26,DKI3,86,,22,32,104,18,104,O3,TIDAK SEHAT
201107,2011-07-27,DKI4,100,,24,25,82,18,100,PM10,SEDANG
201107,2011-07-28,DKI3,103,,16,29,113,18,113,O3,TIDAK SEHAT
201107,2011-07-29,DKI2,70,,16,27,136,24,136,O3,TIDAK SEHAT
201107,2011-07-30,DKI2,87,,15,27,129,23,129,O3,TIDAK SEHAT
201107,2011-07-31,DKI4,96,,14,23,73,19,96,PM10,SEDANG
201101,2011-08-01,DKI3,70,,22,37,69,16,70,PM10,SEDANG
201102,2011-08-02,DKI4,57,,17,38,53,18,57,PM10,SEDANG
201103,2011-08-03,DKI4,43,,14,20,33,9,43,PM10,BAIK
201104,2011-08-04,DKI4,55,,18,24,44,15,55,PM10,SEDANG
201105,2011-08-05,DKI4,56,,15,42,50,13,56,PM10,SEDANG
201106,2011-08-06,DKI4,90,,20,35,85,31,90,PM10,SEDANG
201107,2011-08-07,DKI3,80,,20,25,88,15,88,O3,SEDANG
201108,2011-08-08,DKI4,134,,14,24,91,15,134,PM10,TIDAK SEHAT
201109,2011-08-09,DKI2,92,,16,28,159,16,159,O3,TIDAK SEHAT
201110,2011-08-10,DKI4,74,,19,26,61,14,74,PM10,SEDANG
201111,2011-08-11,DKI4,71,,23,23,105,34,105,O3,TIDAK SEHAT
201112,2011-08-12,DKI3,83,,25,37,171,22,171,O3,TIDAK SEHAT
201108,2011-08-13,DKI4,95,,12,19,91,13,95,PM10,SEDANG
201108,2011-08-14,DKI4,110,,13,20,77,15,110,PM10,TIDAK SEHAT
201108,2011-08-15,DKI3,69,,16,33,87,19,87,O3,SEDANG
201108,2011-08-16,DKI4,100,,13,29,76,17,100,PM10,SEDANG
201108,2011-08-17,DKI4,136,,13,22,83,15,136,PM10,TIDAK SEHAT
201108,2011-08-18,DKI4,171,,16,42,101,22,171,PM10,TIDAK SEHAT
201108,2011-08-19,DKI4,138,,11,30,78,14,138,PM10,TIDAK SEHAT
201108,2011-08-20,DKI4,100,,15,20,65,17,100,PM10,SEDANG
201108,2011-08-21,DKI4,113,,15,21,77,13,113,PM10,TIDAK SEHAT
201108,2011-08-22,DKI4,146,,17,28,124,22,146,PM10,TIDAK SEHAT
201108,2011-08-23,DKI4,126,,17,29,101,16,126,PM10,TIDAK SEHAT
201108,2011-08-24,DKI4,105,,17,29,92,18,105,PM10,TIDAK SEHAT
201108,2011-08-25,DKI2,83,,19,28,152,18,152,O3,TIDAK SEHAT
201108,2011-08-26,DKI3,110,,17,27,148,18,148,O3,TIDAK SEHAT
201108,2011-08-27,DKI4,126,,14,34,79,13,126,PM10,TIDAK SEHAT
201108,2011-08-28,DKI4,116,,13,30,75,13,116,PM10,TIDAK SEHAT
201108,2011-08-29,DKI4,98,,12,23,66,11,98,PM10,SEDANG
201108,2011-08-30,DKI2,86,,12,21,93,11,93,O3,SEDANG
201108,2011-08-31,DKI2,83,,14,36,95,14,95,O3,SEDANG
201101,2011-09-01,DKI3,74,,20,35,78,18,78,O3,SEDANG
201102,2011-09-02,DKI4,55,,19,30,70,22,70,O3,SEDANG
201103,2011-09-03,DKI4,51,,17,25,47,17,51,PM10,SEDANG
201104,2011-09-04,DKI1,50,,21,33,44,14,50,PM10,BAIK
201105,2011-09-05,DKI4,51,,9,20,153,27,153,O3,TIDAK SEHAT
201106,2011-09-06,DKI3,82,,15,37,121,27,121,O3,TIDAK SEHAT
201107,2011-09-07,DKI4,80,,17,21,60,13,80,PM10,SEDANG
201108,2011-09-08,DKI4,118,,17,23,107,14,118,PM10,TIDAK SEHAT
201109,2011-09-09,DKI3,120,,14,25,136,22,136,O3,TIDAK SEHAT
201110,2011-09-10,DKI4,113,,23,31,110,19,113,PM10,TIDAK SEHAT
201111,2011-09-11,DKI3,78,,24,31,127,32,127,O3,TIDAK SEHAT
201112,2011-09-12,DKI3,89,,22,32,171,30,171,O3,TIDAK SEHAT
201109,2011-09-13,DKI3,113,,15,28,141,22,141,O3,TIDAK SEHAT
201109,2011-09-14,DKI4,88,,14,25,70,12,88,PM10,SEDANG
201109,2011-09-15,DKI4,108,,19,26,82,17,108,PM10,TIDAK SEHAT
201109,2011-09-16,DKI4,94,,13,34,89,20,94,PM10,SEDANG
201109,2011-09-17,DKI4,100,,11,30,89,19,100,PM10,SEDANG
201109,2011-09-18,DKI4,148,,12,26,87,16,148,PM10,TIDAK SEHAT
201109,2011-09-19,DKI2,87,,15,31,104,22,104,O3,TIDAK SEHAT
201109,2011-09-20,DKI2,81,,16,31,125,23,125,O3,TIDAK SEHAT
201109,2011-09-21,DKI3,95,,19,52,130,19,130,O3,TIDAK SEHAT
201109,2011-09-22,DKI3,76,,19,29,177,30,177,O3,TIDAK SEHAT
201109,2011-09-23,DKI2,92,,26,28,201,22,201,O3,SANGAT TIDAK SEHAT
201109,2011-09-24,DKI3,88,,19,25,138,22,138,O3,TIDAK SEHAT
201109,2011-09-25,DKI3,92,,16,20,102,16,102,O3,TIDAK SEHAT
201109,2011-09-26,DKI2,80,,25,24,147,18,147,O3,TIDAK SEHAT
201109,2011-09-27,DKI2,78,,26,27,119,28,119,O3,TIDAK SEHAT
201109,2011-09-28,DKI3,91,,24,27,127,19,127,O3,TIDAK SEHAT
201109,2011-09-29,DKI3,81,,17,29,147,21,147,O3,TIDAK SEHAT
201109,2011-09-30,DKI3,100,,23,28,112,23,112,O3,TIDAK SEHAT
201101,2011-10-01,DKI3,55,,19,21,89,13,89,O3,SEDANG
201102,2011-10-02,DKI4,73,,18,38,64,21,73,PM10,SEDANG
201103,2011-10-03,DKI4,54,,17,26,43,17,54,PM10,SEDANG
201104,2011-10-04,DKI2,39,,16,23,49,19,49,O3,BAIK
201105,2011-10-05,DKI3,78,,20,29,137,24,137,O3,TIDAK SEHAT
201106,2011-10-06,DKI3,71,,18,32,93,19,93,O3,SEDANG
201107,2011-10-07,DKI4,83,,19,18,73,12,83,PM10,SEDANG
201108,2011-10-08,DKI3,127,,15,25,138,16,138,O3,TIDAK SEHAT
201109,2011-10-09,DKI2,94,,13,22,117,16,117,O3,TIDAK SEHAT
201110,2011-10-10,DKI1,83,,16,34,107,19,107,O3,TIDAK SEHAT
201111,2011-10-11,DKI3,80,,30,31,82,18,82,O3,SEDANG
201112,2011-10-12,DKI2,82,,25,48,100,25,100,O3,SEDANG
201110,2011-10-13,DKI3,98,,25,32,140,21,140,O3,TIDAK SEHAT
201110,2011-10-14,DKI3,100,,21,29,102,23,102,O3,TIDAK SEHAT
201110,2011-10-15,DKI3,136,,21,25,154,21,154,O3,TIDAK SEHAT
201110,2011-10-16,DKI4,129,,17,40,77,17,129,PM10,TIDAK SEHAT
201110,2011-10-17,DKI3,76,,16,27,78,14,78,O3,SEDANG
201110,2011-10-18,DKI4,89,,17,25,80,16,89,PM10,SEDANG
201110,2011-10-19,DKI4,104,,19,26,69,16,104,PM10,TIDAK SEHAT
201110,2011-10-20,DKI2,73,,17,32,120,20,120,O3,TIDAK SEHAT
201110,2011-10-21,DKI4,131,,21,35,126,18,131,PM10,TIDAK SEHAT
201110,2011-10-22,DKI2,99,,18,30,100,16,100,O3,SEDANG
201110,2011-10-23,DKI2,89,,18,26,140,16,140,O3,TIDAK SEHAT
201110,2011-10-24,DKI4,82,,17,22,77,11,82,PM10,SEDANG
201110,2011-10-25,DKI4,107,,19,36,93,15,107,PM10,TIDAK SEHAT
201110,2011-10-26,DKI2,81,,18,39,138,24,138,O3,TIDAK SEHAT
201110,2011-10-27,DKI2,82,,19,52,93,18,93,O3,SEDANG
201110,2011-10-28,DKI4,88,,14,30,83,15,88,PM10,SEDANG
201110,2011-10-29,DKI2,79,,15,41,87,16,87,O3,SEDANG
201110,2011-10-30,DKI2,79,,15,31,100,12,100,O3,SEDANG
201110,2011-10-31,DKI2,84,,18,32,154,19,154,O3,TIDAK SEHAT
201101,2011-11-01,DKI3,52,,18,24,63,12,63,O3,SEDANG
201102,2011-11-02,DKI4,78,,21,55,99,24,99,O3,SEDANG
201103,2011-11-03,DKI4,58,,15,24,52,11,58,PM10,SEDANG
201104,2011-11-04,DKI4,40,,17,30,44,23,44,O3,BAIK
201105,2011-11-05,DKI3,79,,19,30,92,29,92,O3,SEDANG
201106,2011-11-06,DKI3,65,,22,39,94,20,94,O3,SEDANG
201107,2011-11-07,DKI3,66,,13,27,92,17,92,O3,SEDANG
201108,2011-11-08,DKI4,127,,11,24,110,16,127,PM10,TIDAK SEHAT
201109,2011-11-09,DKI3,98,,11,17,99,16,99,O3,SEDANG
201110,2011-11-10,DKI3,99,,20,34,208,20,208,O3,SANGAT TIDAK SEHAT
201111,2011-11-11,DKI2,73,,20,37,79,18,79,O3,SEDANG
201112,2011-11-12,DKI2,53,,14,37,151,15,151,O3,TIDAK SEHAT
201111,2011-11-13,DKI2,70,,17,33,94,17,94,O3,SEDANG
201111,2011-11-14,DKI2,82,,22,26,123,21,123,O3,TIDAK SEHAT
201111,2011-11-15,DKI2,81,,22,35,147,19,147,O3,TIDAK SEHAT
201111,2011-11-16,DKI2,86,,31,39,185,36,185,O3,TIDAK SEHAT
201111,2011-11-17,DKI2,96,,33,33,179,28,179,O3,TIDAK SEHAT
201111,2011-11-18,DKI2,76,,19,31,129,20,129,O3,TIDAK SEHAT
201111,2011-11-19,DKI3,64,,18,28,122,18,122,O3,TIDAK SEHAT
201111,2011-11-20,DKI3,67,,20,25,152,14,152,O3,TIDAK SEHAT
201111,2011-11-21,DKI2,65,,25,35,121,21,121,O3,TIDAK SEHAT
201111,2011-11-22,DKI2,69,,32,28,106,21,106,O3,TIDAK SEHAT
201111,2011-11-23,DKI2,91,,26,38,179,21,179,O3,TIDAK SEHAT
201111,2011-11-24,DKI2,67,,33,34,158,22,158,O3,TIDAK SEHAT
201111,2011-11-25,DKI2,58,,18,26,115,16,115,O3,TIDAK SEHAT
201111,2011-11-26,DKI2,79,,19,33,126,15,126,O3,TIDAK SEHAT
201111,2011-11-27,DKI2,74,,12,23,133,13,133,O3,TIDAK SEHAT
201111,2011-11-28,DKI2,134,,27,35,159,26,159,O3,TIDAK SEHAT
201111,2011-11-29,DKI2,91,,23,32,104,19,104,O3,TIDAK SEHAT
201111,2011-11-30,DKI2,75,,20,28,164,20,164,O3,TIDAK SEHAT
201101,2011-12-01,DKI4,60,,20,28,58,15,60,PM10,SEDANG
201102,2011-12-02,DKI3,81,,17,79,85,18,85,O3,SEDANG
201103,2011-12-03,DKI2,54,,17,26,60,28,60,O3,SEDANG
201104,2011-12-04,DKI2,72,,22,35,90,19,90,O3,SEDANG
201105,2011-12-05,DKI4,84,,19,32,82,20,84,PM10,SEDANG
201106,2011-12-06,DKI4,93,,21,29,84,25,93,PM10,SEDANG
201107,2011-12-07,DKI4,92,,20,30,78,17,92,PM10,SEDANG
201108,2011-12-08,DKI3,86,,14,13,92,13,92,O3,SEDANG
201109,2011-12-09,DKI4,122,,14,27,86,16,122,PM10,TIDAK SEHAT
201110,2011-12-10,DKI3,93,,23,33,205,29,205,O3,SANGAT TIDAK SEHAT
201111,2011-12-11,DKI2,60,,19,20,96,11,96,O3,SEDANG
201112,2011-12-12,DKI2,54,,21,26,171,13,171,O3,TIDAK SEHAT
201112,2011-12-13,DKI3,71,,24,42,82,19,82,O3,SEDANG
201112,2011-12-14,DKI2,66,,21,37,106,17,106,O3,TIDAK SEHAT
201112,2011-12-15,DKI2,53,,17,23,117,12,117,O3,TIDAK SEHAT
201112,2011-12-16,DKI4,43,,20,22,41,10,43,PM10,BAIK
201112,2011-12-17,DKI4,42,,15,19,35,10,42,PM10,BAIK
201112,2011-12-18,DKI4,41,,13,17,27,9,41,PM10,BAIK
201112,2011-12-19,DKI4,43,,12,12,34,8,43,PM10,BAIK
201112,2011-12-20,DKI4,44,,7,20,30,6,44,PM10,BAIK
201112,2011-12-21,DKI4,53,,18,22,39,8,53,PM10,SEDANG
201112,2011-12-22,DKI2,51,,17,23,199,16,199,O3,TIDAK SEHAT
201112,2011-12-23,DKI2,50,,19,25,201,13,201,O3,SANGAT TIDAK SEHAT
201112,2011-12-24,DKI2,63,,21,69,206,10,206,O3,SANGAT TIDAK SEHAT
201112,2011-12-25,DKI2,57,,18,39,190,13,190,O3,TIDAK SEHAT
201112,2011-12-26,DKI1,57,,14,33,185,11,185,O3,TIDAK SEHAT
201112,2011-12-27,DKI2,46,,15,35,90,12,90,O3,SEDANG
201112,2011-12-28,DKI2,60,,21,32,101,15,101,O3,TIDAK SEHAT
201112,2011-12-29,DKI2,58,,28,29,76,14,76,O3,SEDANG
201112,2011-12-30,DKI2,55,,22,33,81,10,81,O3,SEDANG
201112,2011-12-31,DKI2,37,,19,22,81,9,81,O3,SEDANG
201201,2012-01-01,DKI2,52,,18,39,63,7,63,O3,SEDANG
201202,2012-01-02,DKI2,81,,44,68,105,21,105,O3,TIDAK SEHAT
201203,2012-01-03,DKI2,73,,56,51,137,15,137,O3,TIDAK SEHAT
201204,2012-01-04,DKI2,66,,31,34,207,18,207,O3,SANGAT TIDAK SEHAT
201205,2012-01-05,DKI2,59,,28,46,100,17,100,O3,SEDANG
201206,2012-01-06,DKI2,97,,32,70,107,28,107,O3,TIDAK SEHAT
201207,2012-01-07,DKI4,88,,25,19,81,17,88,PM10,SEDANG
201208,2012-01-08,DKI2,123,,27,36,236,25,236,O3,SANGAT TIDAK SEHAT
201209,2012-01-09,DKI3,77,,31,25,99,19,99,O3,SEDANG
201210,2012-01-10,DKI2,98,,27,47,219,15,219,O3,SANGAT TIDAK SEHAT
201211,2012-01-11,DKI2,98,,31,51,276,23,276,O3,SANGAT TIDAK SEHAT
201212,2012-01-12,DKI2,59,,30,61,106,18,106,O3,TIDAK SEHAT
201201,2012-01-13,DKI2,40,,19,27,55,13,55,O3,SEDANG
201201,2012-01-14,DKI1,34,,19,34,54,7,54,O3,SEDANG
201201,2012-01-15,DKI2,39,,18,20,89,10,89,O3,SEDANG
201201,2012-01-16,DKI2,50,,18,30,86,16,86,O3,SEDANG
201201,2012-01-17,DKI2,65,,30,33,94,23,94,O3,SEDANG
201201,2012-01-18,DKI2,60,,45,38,98,19,98,O3,SEDANG
201201,2012-01-19,DKI2,60,,22,43,65,16,65,O3,SEDANG
201201,2012-01-20,DKI2,60,,17,33,73,12,73,O3,SEDANG
201201,2012-01-21,DKI1,57,,25,29,90,21,90,O3,SEDANG
201201,2012-01-22,DKI4,71,,21,99,95,14,99,CO,SEDANG
201201,2012-01-23,DKI2,44,,17,15,78,10,78,O3,SEDANG
201201,2012-01-24,DKI4,55,,26,24,48,11,55,PM10,SEDANG
201201,2012-01-25,DKI1,48,,22,24,62,15,62,O3,SEDANG
201201,2012-01-26,DKI2,54,,23,30,81,11,81,O3,SEDANG
201201,2012-01-27,DKI2,51,,20,26,96,14,96,O3,SEDANG
201201,2012-01-28,DKI1,44,,24,26,85,17,85,O3,SEDANG
201201,2012-01-29,DKI2,33,,15,15,75,9,75,O3,SEDANG
201201,2012-01-30,DKI2,40,,21,29,130,10,130,O3,TIDAK SEHAT
201201,2012-01-31,DKI2,31,,18,29,61,12,61,O3,SEDANG
201201,2012-02-01,DKI2,49,,22,28,55,11,55,O3,SEDANG
201202,2012-02-02,DKI1,54,,52,34,74,17,74,O3,SEDANG
201203,2012-02-03,DKI2,56,,38,38,136,16,136,O3,TIDAK SEHAT
201204,2012-02-04,DKI2,67,,23,38,191,24,191,O3,TIDAK SEHAT
201205,2012-02-05,DKI2,76,,20,44,236,20,236,O3,SANGAT TIDAK SEHAT
201206,2012-02-06,DKI2,86,,31,44,140,25,140,O3,TIDAK SEHAT
201207,2012-02-07,DKI4,134,,28,30,80,19,134,PM10,TIDAK SEHAT
201208,2012-02-08,DKI2,103,,33,40,244,35,244,O3,SANGAT TIDAK SEHAT
201209,2012-02-09,DKI4,128,,40,25,127,20,128,PM10,TIDAK SEHAT
201210,2012-02-10,DKI2,92,,31,34,295,17,295,O3,SANGAT TIDAK SEHAT
201211,2012-02-11,DKI2,85,,35,72,270,24,270,O3,SANGAT TIDAK SEHAT
201212,2012-02-12,DKI2,66,,26,85,222,15,222,O3,SANGAT TIDAK SEHAT
201202,2012-02-13,DKI2,40,,11,37,171,24,171,O3,TIDAK SEHAT
201202,2012-02-14,DKI2,80,,17,53,100,24,100,O3,SEDANG
201202,2012-02-15,DKI2,60,,16,42,157,23,157,O3,TIDAK SEHAT
201202,2012-02-16,DKI2,84,,16,34,93,25,93,O3,SEDANG
201202,2012-02-17,DKI2,123,,44,41,154,26,154,O3,TIDAK SEHAT
201202,2012-02-18,DKI3,57,,24,28,100,17,100,O3,SEDANG
201202,2012-02-19,DKI3,62,,24,28,123,17,123,O3,TIDAK SEHAT
201202,2012-02-20,DKI4,59,,52,36,83,25,83,O3,SEDANG
201202,2012-02-21,DKI2,68,,41,47,175,22,175,O3,TIDAK SEHAT
201202,2012-02-22,DKI3,66,,31,39,168,13,168,O3,TIDAK SEHAT
201202,2012-02-23,DKI2,61,,23,31,147,13,147,O3,TIDAK SEHAT
201202,2012-02-24,DKI2,73,,26,32,151,19,151,O3,TIDAK SEHAT
201202,2012-02-25,DKI2,66,,26,51,160,19,160,O3,TIDAK SEHAT
201202,2012-02-26,DKI2,60,,18,22,162,15,162,O3,TIDAK SEHAT
201202,2012-02-27,DKI2,50,,33,45,114,16,114,O3,TIDAK SEHAT
201202,2012-02-28,DKI2,77,,53,48,232,22,232,O3,SANGAT TIDAK SEHAT
201202,2012-02-29,DKI2,81,,51,39,170,18,170,O3,TIDAK SEHAT
201201,2012-03-01,DKI1,65,,15,42,86,22,86,O3,SEDANG
201202,2012-03-02,DKI1,55,,31,44,59,14,59,O3,SEDANG
201203,2012-03-03,DKI1,56,,25,51,76,17,76,O3,SEDANG
201204,2012-03-04,DKI2,54,,21,36,208,26,208,O3,SANGAT TIDAK SEHAT
201205,2012-03-05,DKI2,73,,21,41,226,20,226,O3,SANGAT TIDAK SEHAT
201206,2012-03-06,DKI2,94,,31,30,129,23,129,O3,TIDAK SEHAT
201207,2012-03-07,DKI4,106,,31,33,72,17,106,PM10,TIDAK SEHAT
201208,2012-03-08,DKI2,81,,25,37,216,20,216,O3,SANGAT TIDAK SEHAT
201209,2012-03-09,DKI3,77,,26,32,97,20,97,O3,SEDANG
201210,2012-03-10,DKI2,96,,30,69,236,22,236,O3,SANGAT TIDAK SEHAT
201211,2012-03-11,DKI2,87,,28,61,282,24,282,O3,SANGAT TIDAK SEHAT
201212,2012-03-12,DKI2,52,,27,58,212,14,212,O3,SANGAT TIDAK SEHAT
201203,2012-03-13,DKI2,61,,12,27,96,14,96,O3,SEDANG
201203,2012-03-14,DKI2,53,,13,30,143,13,143,O3,TIDAK SEHAT
201203,2012-03-15,DKI2,51,,23,30,78,15,78,O3,SEDANG
201203,2012-03-16,DKI2,49,,20,29,131,13,131,O3,TIDAK SEHAT
201203,2012-03-17,DKI2,53,,29,30,90,15,90,O3,SEDANG
201203,2012-03-18,DKI2,51,,20,19,99,11,99,O3,SEDANG
201203,2012-03-19,DKI2,47,,27,23,92,11,92,O3,SEDANG
201203,2012-03-20,DKI4,37,,17,23,36,7,37,PM10,BAIK
201203,2012-03-21,DKI1,38,,17,17,42,5,42,O3,BAIK
201203,2012-03-22,DKI4,49,,17,19,48,5,49,PM10,BAIK
201203,2012-03-23,DKI4,59,,17,19,35,7,59,PM10,SEDANG
201203,2012-03-24,DKI2,59,,17,17,122,9,122,O3,TIDAK SEHAT
201203,2012-03-25,DKI2,97,,18,18,125,11,125,O3,TIDAK SEHAT
201203,2012-03-26,DKI2,80,,34,32,98,17,98,O3,SEDANG
201203,2012-03-27,DKI2,87,,38,45,136,29,136,O3,TIDAK SEHAT
201203,2012-03-28,DKI2,84,,25,54,95,18,95,O3,SEDANG
201203,2012-03-29,DKI2,60,,28,32,142,14,142,O3,TIDAK SEHAT
201203,2012-03-30,DKI2,48,,31,35,112,22,112,O3,TIDAK SEHAT
201203,2012-03-31,DKI2,60,,28,29,204,31,204,O3,SANGAT TIDAK SEHAT
201201,2012-04-01,DKI1,69,,20,55,97,20,97,O3,SEDANG
201202,2012-04-02,DKI1,59,,29,41,57,12,59,PM10,SEDANG
201203,2012-04-03,DKI2,47,,20,21,94,6,94,O3,SEDANG
201204,2012-04-04,DKI1,51,,25,38,110,23,110,O3,TIDAK SEHAT
201205,2012-04-05,DKI2,72,,21,24,226,17,226,O3,SANGAT TIDAK SEHAT
201206,2012-04-06,DKI2,82,,31,30,93,18,93,O3,SEDANG
201207,2012-04-07,DKI3,85,,26,40,98,23,98,O3,SEDANG
201208,2012-04-08,DKI4,101,,26,27,72,15,101,PM10,TIDAK SEHAT
201209,2012-04-09,DKI3,82,,33,29,89,22,89,O3,SEDANG
201210,2012-04-10,DKI2,76,,27,44,201,27,201,O3,SANGAT TIDAK SEHAT
201211,2012-04-11,DKI2,85,,29,72,314,20,314,O3,BERBAHAYA
201212,2012-04-12,DKI2,46,,31,64,202,16,202,O3,SANGAT TIDAK SEHAT
201204,2012-04-13,DKI2,66,,27,30,126,16,126,O3,TIDAK SEHAT
201204,2012-04-14,DKI2,77,,26,25,141,13,141,O3,TIDAK SEHAT
201204,2012-04-15,DKI2,72,,21,21,194,10,194,O3,TIDAK SEHAT
201204,2012-04-16,DKI2,114,,26,30,167,17,167,O3,TIDAK SEHAT
201204,2012-04-17,DKI2,84,,24,30,210,13,210,O3,SANGAT TIDAK SEHAT
201204,2012-04-18,DKI2,86,,29,48,144,23,144,O3,TIDAK SEHAT
201204,2012-04-19,DKI2,65,,27,34,211,21,211,O3,SANGAT TIDAK SEHAT
201204,2012-04-20,DKI2,115,,24,48,212,26,212,O3,SANGAT TIDAK SEHAT
201204,2012-04-21,DKI2,82,,16,47,214,20,214,O3,SANGAT TIDAK SEHAT
201204,2012-04-22,DKI2,86,,16,48,200,20,200,O3,SANGAT TIDAK SEHAT
201204,2012-04-23,DKI2,111,,27,33,187,19,187,O3,TIDAK SEHAT
201204,2012-04-24,DKI2,125,,24,31,150,17,150,O3,TIDAK SEHAT
201204,2012-04-25,DKI2,97,,20,36,215,20,215,O3,SANGAT TIDAK SEHAT
201204,2012-04-26,DKI2,87,,31,33,220,20,220,O3,SANGAT TIDAK SEHAT
201204,2012-04-27,DKI2,65,,34,32,111,21,111,O3,TIDAK SEHAT
201204,2012-04-28,DKI2,114,,30,31,164,23,164,O3,TIDAK SEHAT
201204,2012-04-29,DKI2,89,,24,24,199,17,199,O3,TIDAK SEHAT
201204,2012-04-30,DKI2,68,,26,40,135,23,135,O3,TIDAK SEHAT
201201,2012-05-01,DKI2,67,,14,39,157,25,157,O3,TIDAK SEHAT
201202,2012-05-02,DKI2,61,,23,53,90,22,90,O3,SEDANG
201203,2012-05-03,DKI2,52,,25,30,140,13,140,O3,TIDAK SEHAT
201204,2012-05-04,DKI2,73,,29,33,99,23,99,O3,SEDANG
201205,2012-05-05,DKI2,108,,32,31,116,16,116,O3,TIDAK SEHAT
201206,2012-05-06,DKI2,74,,24,38,169,18,169,O3,TIDAK SEHAT
201207,2012-05-07,DKI4,86,,29,36,82,22,86,PM10,SEDANG
201208,2012-05-08,DKI4,139,,25,16,73,15,139,PM10,TIDAK SEHAT
201209,2012-05-09,DKI2,71,,29,33,112,26,112,O3,TIDAK SEHAT
201210,2012-05-10,DKI2,65,,25,47,238,18,238,O3,SANGAT TIDAK SEHAT
201211,2012-05-11,DKI2,79,,29,78,297,27,297,O3,SANGAT TIDAK SEHAT
201212,2012-05-12,DKI5,57,,39,35,197,11,197,O3,TIDAK SEHAT
201205,2012-05-13,DKI2,82,,40,27,207,15,207,O3,SANGAT TIDAK SEHAT
201205,2012-05-14,DKI2,59,,31,30,144,15,144,O3,TIDAK SEHAT
201205,2012-05-15,DKI2,68,,27,37,164,19,164,O3,TIDAK SEHAT
201205,2012-05-16,DKI2,88,,28,32,196,17,196,O3,TIDAK SEHAT
201205,2012-05-17,DKI2,73,,25,43,178,23,178,O3,TIDAK SEHAT
201205,2012-05-18,DKI2,81,,25,24,165,19,165,O3,TIDAK SEHAT
201205,2012-05-19,DKI2,89,,23,32,146,20,146,O3,TIDAK SEHAT
201205,2012-05-20,DKI2,92,,24,18,213,9,213,O3,SANGAT TIDAK SEHAT
201205,2012-05-21,DKI2,72,,23,34,164,23,164,O3,TIDAK SEHAT
201205,2012-05-22,DKI2,64,,23,31,165,24,165,O3,TIDAK SEHAT
201205,2012-05-23,DKI2,108,,28,33,140,28,140,O3,TIDAK SEHAT
201205,2012-05-24,DKI2,67,,27,33,89,19,89,O3,SEDANG
201205,2012-05-25,DKI3,67,,26,34,89,23,89,O3,SEDANG
201205,2012-05-26,DKI2,81,,25,28,72,14,81,PM10,SEDANG
201205,2012-05-27,DKI4,86,,25,21,59,15,86,PM10,SEDANG
201205,2012-05-28,DKI2,83,,26,30,164,16,164,O3,TIDAK SEHAT
201205,2012-05-29,DKI2,91,,22,38,187,17,187,O3,TIDAK SEHAT
201205,2012-05-30,DKI3,80,,27,32,89,17,89,O3,SEDANG
201205,2012-05-31,DKI4,139,,32,40,76,19,139,PM10,TIDAK SEHAT
201201,2012-06-01,DKI2,52,,28,47,68,11,68,O3,SEDANG
201202,2012-06-02,DKI2,61,,26,34,70,13,70,O3,SEDANG
201203,2012-06-03,DKI4,47,,51,37,90,14,90,O3,SEDANG
201204,2012-06-04,DKI2,67,,30,30,80,15,80,O3,SEDANG
201205,2012-06-05,DKI2,83,,21,31,180,15,180,O3,TIDAK SEHAT
201206,2012-06-06,DKI2,79,,31,35,201,18,201,O3,SANGAT TIDAK SEHAT
201207,2012-06-07,DKI4,97,,30,35,77,19,97,PM10,SEDANG
201208,2012-06-08,DKI4,136,,26,38,106,19,136,PM10,TIDAK SEHAT
201209,2012-06-09,DKI2,84,,27,31,124,20,124,O3,TIDAK SEHAT
201210,2012-06-10,DKI2,66,,28,54,212,20,212,O3,SANGAT TIDAK SEHAT
201211,2012-06-11,DKI2,67,,30,47,270,22,270,O3,SANGAT TIDAK SEHAT
201212,2012-06-12,DKI2,63,,34,37,219,21,219,O3,SANGAT TIDAK SEHAT
201206,2012-06-13,DKI2,121,,34,34,138,19,138,O3,TIDAK SEHAT
201206,2012-06-14,DKI2,91,,28,35,155,20,155,O3,TIDAK SEHAT
201206,2012-06-15,DKI2,83,,28,37,216,23,216,O3,SANGAT TIDAK SEHAT
201206,2012-06-16,DKI2,94,,34,37,209,22,209,O3,SANGAT TIDAK SEHAT
201206,2012-06-17,DKI3,85,,25,22,93,16,93,O3,SEDANG
201206,2012-06-18,DKI4,95,,25,20,69,11,95,PM10,SEDANG
201206,2012-06-19,DKI4,92,,32,19,87,20,92,PM10,SEDANG
201206,2012-06-20,DKI4,95,,35,25,85,17,95,PM10,SEDANG
201206,2012-06-21,DKI4,120,,30,34,107,23,120,PM10,TIDAK SEHAT
201206,2012-06-22,DKI2,96,,24,31,123,14,123,O3,TIDAK SEHAT
201206,2012-06-23,DKI2,94,,31,28,96,12,96,O3,SEDANG
201206,2012-06-24,DKI2,105,,24,27,187,16,187,O3,TIDAK SEHAT
201206,2012-06-25,DKI3,79,,27,28,80,14,80,O3,SEDANG
201206,2012-06-26,DKI4,72,,27,23,72,15,72,PM10,SEDANG
201206,2012-06-27,DKI2,80,,30,30,98,29,98,O3,SEDANG
201206,2012-06-28,DKI3,113,,31,35,135,28,135,O3,TIDAK SEHAT
201206,2012-06-29,DKI3,107,,34,32,115,26,115,O3,TIDAK SEHAT
201206,2012-06-30,DKI4,98,,29,29,87,16,98,PM10,SEDANG
201201,2012-07-01,DKI2,61,,20,54,73,13,73,O3,SEDANG
201202,2012-07-02,DKI1,55,,22,34,72,17,72,O3,SEDANG
201203,2012-07-03,DKI2,74,,36,30,99,18,99,O3,SEDANG
201204,2012-07-04,DKI2,66,,21,33,92,17,92,O3,SEDANG
201205,2012-07-05,DKI2,74,,22,34,147,15,147,O3,TIDAK SEHAT
201206,2012-07-06,DKI2,58,,26,36,137,19,137,O3,TIDAK SEHAT
201207,2012-07-07,DKI4,127,,20,23,101,18,127,PM10,TIDAK SEHAT
201208,2012-07-08,DKI3,97,,23,36,146,25,146,O3,TIDAK SEHAT
201209,2012-07-09,DKI3,78,,26,31,109,21,109,O3,TIDAK SEHAT
201210,2012-07-10,DKI2,62,,26,27,210,16,210,O3,SANGAT TIDAK SEHAT
201211,2012-07-11,DKI2,80,,33,65,243,28,243,O3,SANGAT TIDAK SEHAT
201212,2012-07-12,DKI4,74,,13,58,221,19,221,O3,SANGAT TIDAK SEHAT
201207,2012-07-13,DKI4,106,,27,44,130,30,130,O3,TIDAK SEHAT
201207,2012-07-14,DKI1,107,,25,41,147,29,147,O3,TIDAK SEHAT
201207,2012-07-15,DKI4,145,,28,36,84,21,145,PM10,TIDAK SEHAT
201207,2012-07-16,DKI4,118,,27,37,92,28,118,PM10,TIDAK SEHAT
201207,2012-07-17,DKI2,72,,23,32,126,25,126,O3,TIDAK SEHAT
201207,2012-07-18,DKI2,76,,21,32,128,30,128,O3,TIDAK SEHAT
201207,2012-07-19,DKI3,110,,33,53,113,28,113,O3,TIDAK SEHAT
201207,2012-07-20,DKI1,77,,28,35,77,18,77,PM10,SEDANG
201207,2012-07-21,DKI3,73,,24,28,113,19,113,O3,TIDAK SEHAT
201207,2012-07-22,DKI4,120,,17,19,87,16,120,PM10,TIDAK SEHAT
201207,2012-07-23,DKI4,106,,26,38,151,28,151,O3,TIDAK SEHAT
201207,2012-07-24,DKI3,125,,28,36,141,29,141,O3,TIDAK SEHAT
201207,2012-07-25,DKI2,107,,29,34,290,25,290,O3,SANGAT TIDAK SEHAT
201207,2012-07-26,DKI2,138,,30,35,283,32,283,O3,SANGAT TIDAK SEHAT
201207,2012-07-27,DKI2,114,,40,37,276,29,276,O3,SANGAT TIDAK SEHAT
201207,2012-07-28,DKI2,148,,28,36,288,26,288,O3,SANGAT TIDAK SEHAT
201207,2012-07-29,DKI2,150,,22,24,234,16,234,O3,SANGAT TIDAK SEHAT
201207,2012-07-30,DKI2,107,,21,33,215,20,215,O3,SANGAT TIDAK SEHAT
201207,2012-07-31,DKI2,107,,24,36,221,21,221,O3,SANGAT TIDAK SEHAT
201201,2012-08-01,DKI2,48,,15,48,90,13,90,O3,SEDANG
201202,2012-08-02,DKI4,78,,13,29,72,14,78,PM10,SEDANG
201203,2012-08-03,DKI2,36,,14,29,95,13,95,O3,SEDANG
201204,2012-08-04,DKI2,63,,25,27,133,11,133,O3,TIDAK SEHAT
201205,2012-08-05,DKI2,79,,33,72,115,25,115,O3,TIDAK SEHAT
201206,2012-08-06,DKI2,72,,36,37,141,16,141,O3,TIDAK SEHAT
201207,2012-08-07,DKI4,140,,19,34,112,17,140,PM10,TIDAK SEHAT
201208,2012-08-08,DKI3,83,,25,34,125,24,125,O3,TIDAK SEHAT
201209,2012-08-09,DKI1,74,,25,27,65,19,74,PM10,SEDANG
201210,2012-08-10,DKI2,83,,27,37,238,20,238,O3,SANGAT TIDAK SEHAT
201211,2012-08-11,DKI2,62,,30,42,287,20,287,O3,SANGAT TIDAK SEHAT
201212,2012-08-12,DKI2,57,,9,26,210,14,210,O3,SANGAT TIDAK SEHAT
201208,2012-08-13,DKI4,132,,25,37,95,20,132,PM10,TIDAK SEHAT
201208,2012-08-14,DKI4,97,,22,33,82,24,97,PM10,SEDANG
201208,2012-08-15,DKI4,94,,23,29,68,22,94,PM10,SEDANG
201208,2012-08-16,DKI4,99,,27,24,73,16,99,PM10,SEDANG
201208,2012-08-17,DKI4,98,,23,20,78,15,98,PM10,SEDANG
201208,2012-08-18,DKI4,166,,22,25,82,15,166,PM10,TIDAK SEHAT
201208,2012-08-19,DKI4,109,,21,27,73,11,109,PM10,TIDAK SEHAT
201208,2012-08-20,DKI3,65,,19,10,78,14,78,O3,SEDANG
201208,2012-08-21,DKI3,72,,23,25,78,11,78,O3,SEDANG
201208,2012-08-22,DKI1,75,,21,13,88,16,88,O3,SEDANG
201208,2012-08-23,DKI3,85,,22,18,125,13,125,O3,TIDAK SEHAT
201208,2012-08-24,DKI3,89,,29,16,99,15,99,O3,SEDANG
201208,2012-08-25,DKI3,73,,23,14,104,16,104,O3,TIDAK SEHAT
201208,2012-08-26,DKI4,95,,24,17,91,11,95,PM10,SEDANG
201208,2012-08-27,DKI4,78,,23,30,94,21,94,O3,SEDANG
201208,2012-08-28,DKI4,128,,45,33,115,20,128,PM10,TIDAK SEHAT
201208,2012-08-29,DKI3,77,,22,33,103,23,103,O3,TIDAK SEHAT
201208,2012-08-30,DKI4,149,,27,30,83,20,149,PM10,TIDAK SEHAT
201208,2012-08-31,DKI4,106,,28,27,90,18,106,PM10,TIDAK SEHAT
201201,2012-09-01,DKI1,60,,16,63,72,21,72,O3,SEDANG
201202,2012-09-02,DKI1,50,,12,37,78,13,78,O3,SEDANG
201203,2012-09-03,DKI2,38,,13,27,88,12,88,O3,SEDANG
201204,2012-09-04,DKI2,73,,29,51,151,19,151,O3,TIDAK SEHAT
201205,2012-09-05,DKI2,76,,27,53,164,31,164,O3,TIDAK SEHAT
201206,2012-09-06,DKI2,66,,22,38,215,24,215,O3,SANGAT TIDAK SEHAT
201207,2012-09-07,DKI3,114,,18,43,125,33,125,O3,TIDAK SEHAT
201208,2012-09-08,DKI4,171,,31,32,71,26,171,PM10,TIDAK SEHAT
201209,2012-09-09,DKI1,71,,24,18,96,21,96,O3,SEDANG
201210,2012-09-10,DKI2,92,,34,52,205,19,205,O3,SANGAT TIDAK SEHAT
201211,2012-09-11,DKI2,53,,26,31,264,15,264,O3,SANGAT TIDAK SEHAT
201212,2012-09-12,DKI2,58,,7,38,228,16,228,O3,SANGAT TIDAK SEHAT
201209,2012-09-13,DKI3,70,,30,29,79,27,79,O3,SEDANG
201209,2012-09-14,DKI3,84,,37,28,144,25,144,O3,TIDAK SEHAT
201209,2012-09-15,DKI2,131,,54,27,218,29,218,O3,SANGAT TIDAK SEHAT
201209,2012-09-16,DKI2,111,,15,25,219,23,219,O3,SANGAT TIDAK SEHAT
201209,2012-09-17,DKI2,178,,20,38,224,19,224,O3,SANGAT TIDAK SEHAT
201209,2012-09-18,DKI2,100,,22,36,244,20,244,O3,SANGAT TIDAK SEHAT
201209,2012-09-19,DKI4,101,,33,34,89,18,101,PM10,TIDAK SEHAT
201209,2012-09-20,DKI2,71,,24,31,216,15,216,O3,SANGAT TIDAK SEHAT
201209,2012-09-21,DKI2,79,,27,34,258,27,258,O3,SANGAT TIDAK SEHAT
201209,2012-09-22,DKI2,110,,31,45,193,20,193,O3,TIDAK SEHAT
201209,2012-09-23,DKI2,102,,22,21,176,17,176,O3,TIDAK SEHAT
201209,2012-09-24,DKI2,81,,26,34,245,20,245,O3,SANGAT TIDAK SEHAT
201209,2012-09-25,DKI2,77,,26,37,238,20,238,O3,SANGAT TIDAK SEHAT
201209,2012-09-26,DKI2,86,,31,35,221,23,221,O3,SANGAT TIDAK SEHAT
201209,2012-09-27,DKI2,65,,26,32,222,25,222,O3,SANGAT TIDAK SEHAT
201209,2012-09-28,DKI2,74,,33,31,146,22,146,O3,TIDAK SEHAT
201209,2012-09-29,DKI2,109,,38,52,210,27,210,O3,SANGAT TIDAK SEHAT
201209,2012-09-30,DKI2,89,,32,52,215,18,215,O3,SANGAT TIDAK SEHAT
201201,2012-10-01,DKI2,39,,16,29,69,13,69,O3,SEDANG
201202,2012-10-02,DKI2,49,,13,25,112,13,112,O3,TIDAK SEHAT
201203,2012-10-03,DKI2,50,,14,41,115,17,115,O3,TIDAK SEHAT
201204,2012-10-04,DKI3,64,,29,35,106,20,106,O3,TIDAK SEHAT
201205,2012-10-05,DKI2,81,,25,38,170,25,170,O3,TIDAK SEHAT
201206,2012-10-06,DKI2,71,,26,36,208,20,208,O3,SANGAT TIDAK SEHAT
201207,2012-10-07,DKI3,116,,23,37,119,25,119,O3,TIDAK SEHAT
201208,2012-10-08,DKI4,140,,33,31,61,22,140,PM10,TIDAK SEHAT
201209,2012-10-09,DKI3,71,,23,35,122,20,122,O3,TIDAK SEHAT
201210,2012-10-10,DKI2,69,,30,32,288,22,288,O3,SANGAT TIDAK SEHAT
201211,2012-10-11,DKI2,65,,30,118,271,25,271,O3,SANGAT TIDAK SEHAT
201212,2012-10-12,DKI2,60,,4,28,229,16,229,O3,SANGAT TIDAK SEHAT
201210,2012-10-13,DKI2,109,,35,55,129,18,129,O3,TIDAK SEHAT
201210,2012-10-14,DKI2,93,,27,46,235,10,235,O3,SANGAT TIDAK SEHAT
201210,2012-10-15,DKI2,139,,32,63,228,21,228,O3,SANGAT TIDAK SEHAT
201210,2012-10-16,DKI2,92,,29,42,257,17,257,O3,SANGAT TIDAK SEHAT
201210,2012-10-17,DKI2,116,,35,52,275,17,275,O3,SANGAT TIDAK SEHAT
201210,2012-10-18,DKI2,111,,29,41,249,15,249,O3,SANGAT TIDAK SEHAT
201210,2012-10-19,DKI3,86,,29,40,274,25,274,O3,SANGAT TIDAK SEHAT
201210,2012-10-20,DKI2,95,,27,106,264,22,264,O3,SANGAT TIDAK SEHAT
201210,2012-10-21,DKI2,76,,29,62,244,11,244,O3,SANGAT TIDAK SEHAT
201210,2012-10-22,DKI2,62,,25,36,254,18,254,O3,SANGAT TIDAK SEHAT
201210,2012-10-23,DKI2,77,,30,41,225,23,225,O3,SANGAT TIDAK SEHAT
201210,2012-10-24,DKI2,109,,33,48,157,19,157,O3,TIDAK SEHAT
201210,2012-10-25,DKI2,81,,28,33,229,21,229,O3,SANGAT TIDAK SEHAT
201210,2012-10-26,DKI2,115,,24,80,247,17,247,O3,SANGAT TIDAK SEHAT
201210,2012-10-27,DKI2,69,,24,55,241,13,241,O3,SANGAT TIDAK SEHAT
201210,2012-10-28,DKI2,75,,22,73,243,14,243,O3,SANGAT TIDAK SEHAT
201210,2012-10-29,DKI2,84,,28,67,231,16,231,O3,SANGAT TIDAK SEHAT
201210,2012-10-30,DKI2,68,,29,58,268,14,268,O3,SANGAT TIDAK SEHAT
201210,2012-10-31,DKI2,72,,31,42,278,21,278,O3,SANGAT TIDAK SEHAT
201201,2012-11-01,DKI2,42,,16,31,75,14,75,O3,SEDANG
201202,2012-11-02,DKI2,64,,17,46,134,13,134,O3,TIDAK SEHAT
201203,2012-11-03,DKI2,43,,12,23,100,17,100,O3,SEDANG
201204,2012-11-04,DKI2,87,,36,48,110,24,110,O3,TIDAK SEHAT
201205,2012-11-05,DKI2,66,,25,38,173,26,173,O3,TIDAK SEHAT
201206,2012-11-06,DKI2,96,,21,53,204,34,204,O3,SANGAT TIDAK SEHAT
201207,2012-11-07,DKI4,105,,27,33,88,27,105,PM10,TIDAK SEHAT
201208,2012-11-08,DKI4,114,,32,22,97,17,114,PM10,TIDAK SEHAT
201209,2012-11-09,DKI3,78,,27,34,175,26,175,O3,TIDAK SEHAT
201210,2012-11-10,DKI2,74,,27,31,261,19,261,O3,SANGAT TIDAK SEHAT
201211,2012-11-11,DKI2,60,,25,28,267,22,267,O3,SANGAT TIDAK SEHAT
201212,2012-11-12,DKI3,70,,13,31,209,19,209,O3,SANGAT TIDAK SEHAT
201211,2012-11-13,DKI2,62,,26,40,270,18,270,O3,SANGAT TIDAK SEHAT
201211,2012-11-14,DKI2,93,,34,83,279,23,279,O3,SANGAT TIDAK SEHAT
201211,2012-11-15,DKI2,73,,30,134,261,17,261,O3,SANGAT TIDAK SEHAT
201211,2012-11-16,DKI4,83,,29,78,105,19,105,O3,TIDAK SEHAT
201211,2012-11-17,DKI2,79,,30,29,266,20,266,O3,SANGAT TIDAK SEHAT
201211,2012-11-18,DKI1,47,,23,17,57,12,57,O3,SEDANG
201211,2012-11-19,DKI2,51,,30,35,221,22,221,O3,SANGAT TIDAK SEHAT
201211,2012-11-20,DKI2,58,,30,43,261,19,261,O3,SANGAT TIDAK SEHAT
201211,2012-11-21,DKI2,75,,32,73,154,27,154,O3,TIDAK SEHAT
201211,2012-11-22,DKI2,71,,30,48,185,18,185,O3,TIDAK SEHAT
201211,2012-11-23,DKI2,69,,33,40,203,22,203,O3,SANGAT TIDAK SEHAT
201211,2012-11-24,DKI2,53,,30,31,200,18,200,O3,SANGAT TIDAK SEHAT
201211,2012-11-25,DKI2,62,,36,38,238,18,238,O3,SANGAT TIDAK SEHAT
201211,2012-11-26,DKI2,58,,34,40,203,18,203,O3,SANGAT TIDAK SEHAT
201211,2012-11-27,DKI2,84,,37,52,215,18,215,O3,SANGAT TIDAK SEHAT
201211,2012-11-28,DKI2,62,,30,47,227,16,227,O3,SANGAT TIDAK SEHAT
201211,2012-11-29,DKI2,69,,32,49,218,22,218,O3,SANGAT TIDAK SEHAT
201211,2012-11-30,DKI2,76,,30,76,137,22,137,O3,TIDAK SEHAT
201201,2012-12-01,DKI2,42,,20,37,52,13,52,O3,SEDANG
201202,2012-12-02,DKI2,40,,11,20,91,12,91,O3,SEDANG
201203,2012-12-03,DKI2,52,,13,23,177,11,177,O3,TIDAK SEHAT
201204,2012-12-04,DKI2,68,,27,36,147,19,147,O3,TIDAK SEHAT
201205,2012-12-05,DKI2,70,,27,33,164,17,164,O3,TIDAK SEHAT
201206,2012-12-06,DKI2,84,,30,46,168,22,168,O3,TIDAK SEHAT
201207,2012-12-07,DKI2,86,,31,33,131,20,131,O3,TIDAK SEHAT
201208,2012-12-08,DKI4,121,,27,22,86,26,121,PM10,TIDAK SEHAT
201209,2012-12-09,DKI3,82,,31,49,167,21,167,O3,TIDAK SEHAT
201210,2012-12-10,DKI2,69,,31,29,266,20,266,O3,SANGAT TIDAK SEHAT
201211,2012-12-11,DKI2,59,,27,39,246,22,246,O3,SANGAT TIDAK SEHAT
201212,2012-12-12,DKI2,72,,16,33,163,19,163,O3,TIDAK SEHAT
201212,2012-12-13,DKI2,64,,6,39,135,24,135,O3,TIDAK SEHAT
201212,2012-12-14,DKI2,68,,7,42,223,30,223,O3,SANGAT TIDAK SEHAT
201212,2012-12-15,DKI2,63,,5,61,214,17,214,O3,SANGAT TIDAK SEHAT
201212,2012-12-16,DKI2,59,,8,20,215,18,215,O3,SANGAT TIDAK SEHAT
201212,2012-12-17,DKI2,53,,7,32,124,20,124,O3,TIDAK SEHAT
201212,2012-12-18,DKI2,49,,8,39,107,19,107,O3,TIDAK SEHAT
201212,2012-12-19,DKI2,65,,6,51,168,18,168,O3,TIDAK SEHAT
201212,2012-12-20,DKI2,66,,12,33,155,20,155,O3,TIDAK SEHAT
201212,2012-12-21,DKI2,55,,9,29,185,14,185,O3,TIDAK SEHAT
201212,2012-12-22,DKI2,52,,2,39,217,12,217,O3,SANGAT TIDAK SEHAT
201212,2012-12-23,DKI2,43,,4,35,209,13,209,O3,SANGAT TIDAK SEHAT
201212,2012-12-24,DKI2,53,,9,21,178,13,178,O3,TIDAK SEHAT
201212,2012-12-25,DKI2,45,,4,20,192,10,192,O3,TIDAK SEHAT
201212,2012-12-26,DKI2,38,,3,31,205,16,205,O3,SANGAT TIDAK SEHAT
201212,2012-12-27,DKI2,45,,6,30,218,12,218,O3,SANGAT TIDAK SEHAT
201212,2012-12-28,DKI2,47,,4,23,210,11,210,O3,SANGAT TIDAK SEHAT
201212,2012-12-29,DKI2,40,,4,26,215,14,215,O3,SANGAT TIDAK SEHAT
201212,2012-12-30,DKI2,38,,4,20,215,10,215,O3,SANGAT TIDAK SEHAT
201212,2012-12-31,DKI2,36,,2,15,153,7,153,O3,TIDAK SEHAT
201301,2013-01-01,DKI2,75,,4,27,135,10,135,O3,TIDAK SEHAT
201302,2013-01-02,DKI2,69,,19,35,158,16,158,O3,TIDAK SEHAT
201303,2013-01-03,DKI2,48,,8,24,125,14,125,O3,TIDAK SEHAT
201304,2013-01-04,DKI2,56,,14,40,268,22,268,O3,SANGAT TIDAK SEHAT
201305,2013-01-05,DKI4,71,,11,18,74,12,74,O3,SEDANG
201306,2013-01-06,DKI4,50,,12,20,81,16,81,O3,SEDANG
201307,2013-01-07,DKI4,63,,30,31,71,20,71,O3,SEDANG
201308,2013-01-08,DKI3,70,,22,32,104,20,104,O3,TIDAK SEHAT
201309,2013-01-09,DKI4,74,,23,33,67,13,74,PM10,SEDANG
201310,2013-01-10,DKI4,101,,40,39,85,25,101,PM10,TIDAK SEHAT
201311,2013-01-11,DKI4,72,,35,34,130,22,130,O3,TIDAK SEHAT
201312,2013-01-12,DKI4,64,,27,26,158,16,158,O3,TIDAK SEHAT
201301,2013-01-13,DKI2,37,,3,37,154,11,154,O3,TIDAK SEHAT
201301,2013-01-14,DKI2,49,,4,26,171,13,171,O3,TIDAK SEHAT
201301,2013-01-15,DKI2,53,,3,40,154,22,154,O3,TIDAK SEHAT
201301,2013-01-16,DKI2,54,,6,37,159,20,159,O3,TIDAK SEHAT
201301,2013-01-17,DKI2,59,,8,42,186,18,186,O3,TIDAK SEHAT
201301,2013-01-18,DKI2,49,,3,37,202,27,202,O3,SANGAT TIDAK SEHAT
201301,2013-01-19,DKI2,84,,7,78,110,33,110,O3,TIDAK SEHAT
201301,2013-01-20,DKI2,39,,3,17,152,11,152,O3,TIDAK SEHAT
201301,2013-01-21,DKI2,55,,6,23,170,12,170,O3,TIDAK SEHAT
201301,2013-01-22,DKI2,61,,6,29,195,14,195,O3,TIDAK SEHAT
201301,2013-01-23,DKI2,57,,9,50,139,15,139,O3,TIDAK SEHAT
201301,2013-01-24,DKI2,40,,5,28,135,10,135,O3,TIDAK SEHAT
201301,2013-01-25,DKI2,51,,8,34,155,15,155,O3,TIDAK SEHAT
201301,2013-01-26,DKI2,62,,9,50,144,15,144,O3,TIDAK SEHAT
201301,2013-01-27,DKI2,52,,5,25,122,11,122,O3,TIDAK SEHAT
201301,2013-01-28,DKI2,41,,5,29,195,14,195,O3,TIDAK SEHAT
201301,2013-01-29,DKI2,69,,7,44,184,15,184,O3,TIDAK SEHAT
201301,2013-01-30,DKI2,55,,5,29,151,14,151,O3,TIDAK SEHAT
201301,2013-01-31,DKI2,74,,9,36,195,20,195,O3,TIDAK SEHAT
201301,2013-02-01,DKI2,35,,4,26,192,8,192,O3,TIDAK SEHAT
201302,2013-02-02,DKI2,82,,6,28,209,16,209,O3,SANGAT TIDAK SEHAT
201303,2013-02-03,DKI2,54,,7,26,216,12,216,O3,SANGAT TIDAK SEHAT
201304,2013-02-04,DKI3,67,,17,40,92,23,92,O3,SEDANG
201305,2013-02-05,DKI5,56,,12,33,83,19,83,O3,SEDANG
201306,2013-02-06,DKI4,67,,16,42,69,27,69,O3,SEDANG
201307,2013-02-07,DKI4,82,,28,43,79,21,82,PM10,SEDANG
201308,2013-02-08,DKI3,63,,25,37,75,15,75,O3,SEDANG
201309,2013-02-09,DKI3,76,,29,30,109,15,109,O3,TIDAK SEHAT
201310,2013-02-10,DKI5,82,,31,45,110,21,110,O3,TIDAK SEHAT
201311,2013-02-11,DKI5,64,,29,44,97,25,97,O3,SEDANG
201312,2013-02-12,DKI4,72,,42,32,193,20,193,O3,TIDAK SEHAT
201302,2013-02-13,DKI2,51,,10,31,213,19,213,O3,SANGAT TIDAK SEHAT
201302,2013-02-14,DKI2,69,,16,38,224,21,224,O3,SANGAT TIDAK SEHAT
201302,2013-02-15,DKI2,59,,11,34,196,17,196,O3,TIDAK SEHAT
201302,2013-02-16,DKI2,49,,7,21,174,11,174,O3,TIDAK SEHAT
201302,2013-02-17,DKI2,33,,5,20,134,10,134,O3,TIDAK SEHAT
201302,2013-02-18,DKI2,45,,8,33,153,15,153,O3,TIDAK SEHAT
201302,2013-02-19,DKI2,44,,7,32,104,14,104,O3,TIDAK SEHAT
201302,2013-02-20,DKI2,58,,8,42,145,13,145,O3,TIDAK SEHAT
201302,2013-02-21,DKI2,54,,7,44,152,19,152,O3,TIDAK SEHAT
201302,2013-02-22,DKI2,50,,6,25,64,11,64,O3,SEDANG
201302,2013-02-23,DKI2,49,,5,25,168,12,168,O3,TIDAK SEHAT
201302,2013-02-24,DKI2,59,,5,50,217,13,217,O3,SANGAT TIDAK SEHAT
201302,2013-02-25,DKI2,52,,6,24,134,15,134,O3,TIDAK SEHAT
201302,2013-02-26,DKI2,57,,5,31,213,14,213,O3,SANGAT TIDAK SEHAT
201302,2013-02-27,DKI2,53,,5,33,230,17,230,O3,SANGAT TIDAK SEHAT
201302,2013-02-28,DKI2,47,,6,21,185,7,185,O3,TIDAK SEHAT
201301,2013-03-01,DKI2,61,,5,36,195,9,195,O3,TIDAK SEHAT
201302,2013-03-02,DKI2,69,,21,63,135,22,135,O3,TIDAK SEHAT
201303,2013-03-03,DKI2,63,,7,33,217,14,217,O3,SANGAT TIDAK SEHAT
201304,2013-03-04,DKI4,71,,17,43,151,27,151,O3,TIDAK SEHAT
201305,2013-03-05,DKI3,71,,18,27,72,13,72,O3,SEDANG
201306,2013-03-06,DKI4,64,,12,28,60,17,64,PM10,SEDANG
201307,2013-03-07,DKI3,57,,16,43,134,23,134,O3,TIDAK SEHAT
201308,2013-03-08,DKI5,68,,23,33,72,16,72,O3,SEDANG
201309,2013-03-09,DKI5,82,,22,42,125,24,125,O3,TIDAK SEHAT
201310,2013-03-10,DKI3,75,,27,33,110,24,110,O3,TIDAK SEHAT
201311,2013-03-11,DKI5,70,,29,38,98,15,98,O3,SEDANG
201312,2013-03-12,DKI4,75,,36,37,169,22,169,O3,TIDAK SEHAT
201303,2013-03-13,DKI2,58,,9,33,204,16,204,O3,SANGAT TIDAK SEHAT
201303,2013-03-14,DKI2,64,,25,17,207,19,207,O3,SANGAT TIDAK SEHAT
201303,2013-03-15,DKI2,82,,15,38,205,19,205,O3,SANGAT TIDAK SEHAT
201303,2013-03-16,DKI2,67,,13,29,210,18,210,O3,SANGAT TIDAK SEHAT
201303,2013-03-17,DKI2,58,,12,33,212,13,212,O3,SANGAT TIDAK SEHAT
201303,2013-03-18,DKI2,61,,11,30,176,15,176,O3,TIDAK SEHAT
201303,2013-03-19,DKI2,69,,36,37,206,21,206,O3,SANGAT TIDAK SEHAT
201303,2013-03-20,DKI2,68,,14,36,217,20,217,O3,SANGAT TIDAK SEHAT
201303,2013-03-21,DKI2,62,,12,35,178,19,178,O3,TIDAK SEHAT
201303,2013-03-22,DKI2,76,,13,42,204,21,204,O3,SANGAT TIDAK SEHAT
201303,2013-03-23,DKI2,76,,19,37,168,14,168,O3,TIDAK SEHAT
201303,2013-03-24,DKI2,53,,15,33,198,18,198,O3,TIDAK SEHAT
201303,2013-03-25,DKI2,59,,15,18,197,19,197,O3,TIDAK SEHAT
201303,2013-03-26,DKI2,81,,19,44,198,21,198,O3,TIDAK SEHAT
201303,2013-03-27,DKI2,80,,16,37,187,23,187,O3,TIDAK SEHAT
201303,2013-03-28,DKI5,96,,17,68,213,28,213,O3,SANGAT TIDAK SEHAT
201303,2013-03-29,DKI2,79,,13,37,276,19,276,O3,SANGAT TIDAK SEHAT
201303,2013-03-30,DKI2,61,,18,23,263,18,263,O3,SANGAT TIDAK SEHAT
201303,2013-03-31,DKI2,54,,10,23,267,12,267,O3,SANGAT TIDAK SEHAT
201301,2013-04-01,DKI2,39,,4,13,210,10,210,O3,SANGAT TIDAK SEHAT
201302,2013-04-02,DKI3,87,,14,55,128,25,128,O3,TIDAK SEHAT
201303,2013-04-03,DKI2,46,,5,26,217,14,217,O3,SANGAT TIDAK SEHAT
201304,2013-04-04,DKI4,65,,13,35,144,17,144,O3,TIDAK SEHAT
201305,2013-04-05,DKI3,78,,24,21,94,12,94,O3,SEDANG
201306,2013-04-06,DKI4,56,,10,31,45,17,56,PM10,SEDANG
201307,2013-04-07,DKI2,58,,29,51,43,23,58,PM10,SEDANG
201308,2013-04-08,DKI3,73,,23,38,75,12,75,O3,SEDANG
201309,2013-04-09,DKI2,75,,19,33,98,19,98,O3,SEDANG
201310,2013-04-10,DKI4,85,,22,31,134,23,134,O3,TIDAK SEHAT
201311,2013-04-11,DKI2,66,,25,30,123,21,123,O3,TIDAK SEHAT
201312,2013-04-12,DKI4,72,,37,38,159,19,159,O3,TIDAK SEHAT
201304,2013-04-13,DKI2,58,,8,22,38,16,58,PM10,SEDANG
201304,2013-04-14,DKI2,114,,6,15,60,15,114,PM10,TIDAK SEHAT
201304,2013-04-15,DKI2,107,,6,22,93,10,107,PM10,TIDAK SEHAT
201304,2013-04-16,DKI4,62,,13,30,90,22,90,O3,SEDANG
201304,2013-04-17,DKI3,69,,15,37,125,32,125,O3,TIDAK SEHAT
201304,2013-04-18,DKI1,49,,8,31,121,22,121,O3,TIDAK SEHAT
201304,2013-04-19,DKI5,60,,16,46,133,22,133,O3,TIDAK SEHAT
201304,2013-04-20,DKI5,67,,22,34,128,20,128,O3,TIDAK SEHAT
201304,2013-04-21,DKI4,75,,10,37,120,19,120,O3,TIDAK SEHAT
201304,2013-04-22,DKI4,56,,16,32,71,12,71,O3,SEDANG
201304,2013-04-23,DKI1,73,,18,54,77,20,77,O3,SEDANG
201304,2013-04-24,DKI5,71,,20,33,66,16,71,PM10,SEDANG
201304,2013-04-25,DKI5,82,,14,43,140,14,140,O3,TIDAK SEHAT
201304,2013-04-26,DKI4,77,,20,58,99,24,99,O3,SEDANG
201304,2013-04-27,DKI4,68,,16,26,75,11,75,O3,SEDANG
201304,2013-04-28,DKI4,72,,15,26,60,13,72,PM10,SEDANG
201304,2013-04-29,DKI4,67,,23,18,60,14,67,PM10,SEDANG
201304,2013-04-30,DKI4,71,,19,15,68,13,71,PM10,SEDANG
201301,2013-05-01,DKI2,53,,5,14,111,8,111,O3,TIDAK SEHAT
201302,2013-05-02,DKI3,59,,9,37,158,21,158,O3,TIDAK SEHAT
201303,2013-05-03,DKI2,44,,5,38,132,16,132,O3,TIDAK SEHAT
201304,2013-05-04,DKI4,56,,15,38,66,16,66,O3,SEDANG
201305,2013-05-05,DKI4,76,,17,20,69,13,76,PM10,SEDANG
201306,2013-05-06,DKI4,62,,11,42,95,18,95,O3,SEDANG
201307,2013-05-07,DKI4,60,,40,49,64,22,64,O3,SEDANG
201308,2013-05-08,DKI5,69,,19,33,87,27,87,O3,SEDANG
201309,2013-05-09,DKI5,77,,20,32,139,24,139,O3,TIDAK SEHAT
201310,2013-05-10,DKI2,78,,28,35,107,18,107,O3,TIDAK SEHAT
201311,2013-05-11,DKI2,79,,23,31,118,18,118,O3,TIDAK SEHAT
201312,2013-05-12,DKI5,53,,39,23,133,19,133,O3,TIDAK SEHAT
201305,2013-05-13,DKI4,69,,16,37,47,19,69,PM10,SEDANG
201305,2013-05-14,DKI5,90,,17,54,93,27,93,O3,SEDANG
201305,2013-05-15,DKI4,82,,19,40,56,28,82,PM10,SEDANG
201305,2013-05-16,DKI4,69,,14,35,64,28,69,PM10,SEDANG
201305,2013-05-17,DKI4,87,,27,30,77,18,87,PM10,SEDANG
201305,2013-05-18,DKI4,68,,27,36,135,21,135,O3,TIDAK SEHAT
201305,2013-05-19,DKI4,77,,18,31,133,28,133,O3,TIDAK SEHAT
201305,2013-05-20,DKI5,54,,14,34,154,28,154,O3,TIDAK SEHAT
201305,2013-05-21,DKI5,81,,19,32,127,24,127,O3,TIDAK SEHAT
201305,2013-05-22,DKI5,88,,36,62,58,16,88,PM10,SEDANG
201305,2013-05-23,DKI5,68,,39,53,149,24,149,O3,TIDAK SEHAT
201305,2013-05-24,DKI5,63,,22,30,119,24,119,O3,TIDAK SEHAT
201305,2013-05-25,DKI4,77,,13,24,99,25,99,O3,SEDANG
201305,2013-05-26,DKI4,63,,17,26,103,17,103,O3,TIDAK SEHAT
201305,2013-05-27,DKI3,88,,20,32,90,23,90,O3,SEDANG
201305,2013-05-28,DKI2,70,,23,33,78,25,78,O3,SEDANG
201305,2013-05-29,DKI4,79,,22,67,120,22,120,O3,TIDAK SEHAT
201305,2013-05-30,DKI4,59,,18,21,75,22,75,O3,SEDANG
201305,2013-05-31,DKI4,52,,13,20,60,24,60,O3,SEDANG
201301,2013-06-01,DKI2,32,,3,20,150,9,150,O3,TIDAK SEHAT
201302,2013-06-02,DKI2,52,,7,28,151,14,151,O3,TIDAK SEHAT
201303,2013-06-03,DKI1,103,,17,80,99,35,103,PM10,TIDAK SEHAT
201304,2013-06-04,DKI4,51,,20,23,132,16,132,O3,TIDAK SEHAT
201305,2013-06-05,DKI4,89,,18,36,113,18,113,O3,TIDAK SEHAT
201306,2013-06-06,DKI4,53,,9,32,48,14,53,PM10,SEDANG
201307,2013-06-07,DKI1,58,,22,46,56,15,58,PM10,SEDANG
201308,2013-06-08,DKI5,95,,19,59,122,19,122,O3,TIDAK SEHAT
201309,2013-06-09,DKI4,67,,18,31,123,19,123,O3,TIDAK SEHAT
201310,2013-06-10,DKI5,75,,26,30,134,21,134,O3,TIDAK SEHAT
201311,2013-06-11,DKI4,80,,30,41,159,19,159,O3,TIDAK SEHAT
201312,2013-06-12,DKI4,70,,54,27,102,18,102,O3,TIDAK SEHAT
201306,2013-06-13,DKI4,70,,29,58,72,25,72,O3,SEDANG
201306,2013-06-14,DKI5,56,,23,51,71,13,71,O3,SEDANG
201306,2013-06-15,DKI4,67,,28,35,74,13,74,O3,SEDANG
201306,2013-06-16,DKI5,85,,33,71,151,21,151,O3,TIDAK SEHAT
201306,2013-06-17,DKI3,84,,15,53,124,19,124,O3,TIDAK SEHAT
201306,2013-06-18,DKI4,78,,14,54,65,25,78,PM10,SEDANG
201306,2013-06-19,DKI4,64,,18,35,60,15,64,PM10,SEDANG
201306,2013-06-20,DKI2,68,,21,45,74,17,74,O3,SEDANG
201306,2013-06-21,DKI4,99,,24,77,90,30,99,PM10,SEDANG
201306,2013-06-22,DKI4,92,,31,81,82,16,92,PM10,SEDANG
201306,2013-06-23,DKI4,74,,28,66,97,11,97,O3,SEDANG
201306,2013-06-24,DKI2,106,,34,40,114,18,114,O3,TIDAK SEHAT
201306,2013-06-25,DKI4,87,,39,45,140,21,140,O3,TIDAK SEHAT
201306,2013-06-26,DKI4,93,,40,34,101,26,101,O3,TIDAK SEHAT
201306,2013-06-27,DKI4,83,,52,58,89,26,89,O3,SEDANG
201306,2013-06-28,DKI5,59,,23,38,68,19,68,O3,SEDANG
201306,2013-06-29,DKI5,87,,34,81,79,14,87,PM10,SEDANG
201306,2013-06-30,DKI4,73,,40,35,69,14,73,PM10,SEDANG
201301,2013-07-01,DKI2,28,,4,14,170,11,170,O3,TIDAK SEHAT
201302,2013-07-02,DKI2,59,,9,57,213,21,213,O3,SANGAT TIDAK SEHAT
201303,2013-07-03,DKI2,87,,20,90,166,30,166,O3,TIDAK SEHAT
201304,2013-07-04,DKI2,70,,9,23,63,15,70,PM10,SEDANG
201305,2013-07-05,DKI4,89,,12,32,79,16,89,PM10,SEDANG
201306,2013-07-06,DKI4,76,,18,53,149,29,149,O3,TIDAK SEHAT
201307,2013-07-07,DKI4,83,,19,58,65,16,83,PM10,SEDANG
201308,2013-07-08,DKI5,61,,15,22,86,17,86,O3,SEDANG
201309,2013-07-09,DKI4,70,,20,32,78,20,78,O3,SEDANG
201310,2013-07-10,DKI3,67,,37,31,101,17,101,O3,TIDAK SEHAT
201311,2013-07-11,DKI4,85,,34,39,152,28,152,O3,TIDAK SEHAT
201312,2013-07-12,DKI4,57,,30,27,100,17,100,O3,SEDANG
201307,2013-07-13,DKI4,60,,27,39,83,19,83,O3,SEDANG
201307,2013-07-14,DKI2,35,,13,32,74,20,74,O3,SEDANG
201307,2013-07-15,DKI4,65,,27,48,76,19,76,O3,SEDANG
201307,2013-07-16,DKI2,77,,31,43,66,23,77,PM10,SEDANG
201307,2013-07-17,DKI4,74,,20,50,117,25,117,O3,TIDAK SEHAT
201307,2013-07-18,DKI4,75,,19,45,84,20,84,O3,SEDANG
201307,2013-07-19,DKI5,64,,23,41,99,21,99,O3,SEDANG
201307,2013-07-20,DKI5,76,,19,39,129,17,129,O3,TIDAK SEHAT
201307,2013-07-21,DKI2,77,,25,56,105,22,105,O3,TIDAK SEHAT
201307,2013-07-22,DKI5,62,,21,40,112,19,112,O3,TIDAK SEHAT
201307,2013-07-23,DKI5,81,,23,81,93,23,93,O3,SEDANG
201307,2013-07-24,DKI2,64,,30,46,64,17,64,PM10,SEDANG
201307,2013-07-25,DKI4,65,,24,44,56,13,65,PM10,SEDANG
201307,2013-07-26,DKI4,57,,19,25,51,9,57,PM10,SEDANG
201307,2013-07-27,DKI4,72,,27,30,91,15,91,O3,SEDANG
201307,2013-07-28,DKI4,78,,23,58,78,24,78,PM10,SEDANG
201307,2013-07-29,DKI4,80,,23,35,115,19,115,O3,TIDAK SEHAT
201307,2013-07-30,DKI3,68,,37,35,85,20,85,O3,SEDANG
201307,2013-07-31,DKI4,75,,18,32,88,21,88,O3,SEDANG
201301,2013-08-01,DKI4,33,,2,25,31,6,33,PM10,BAIK
201302,2013-08-02,DKI2,65,,12,33,205,22,205,O3,SANGAT TIDAK SEHAT
201303,2013-08-03,DKI2,64,,12,34,183,17,183,O3,TIDAK SEHAT
201304,2013-08-04,DKI5,56,,25,42,167,25,167,O3,TIDAK SEHAT
201305,2013-08-05,DKI4,58,,10,31,71,17,71,O3,SEDANG
201306,2013-08-06,DKI4,111,,25,62,129,21,129,O3,TIDAK SEHAT
201307,2013-08-07,DKI4,104,,36,98,109,17,109,O3,TIDAK SEHAT
201308,2013-08-08,DKI4,67,,18,58,94,13,94,O3,SEDANG
201309,2013-08-09,DKI3,63,,23,26,92,15,92,O3,SEDANG
201310,2013-08-10,DKI5,90,,26,32,88,22,90,PM10,SEDANG
201311,2013-08-11,DKI4,80,,50,35,132,25,132,O3,TIDAK SEHAT
201312,2013-08-12,DKI4,59,,35,32,117,17,117,O3,TIDAK SEHAT
201308,2013-08-13,DKI3,65,,22,39,119,18,119,O3,TIDAK SEHAT
201308,2013-08-14,DKI3,64,,38,22,115,17,115,O3,TIDAK SEHAT
201308,2013-08-15,DKI4,72,,32,25,59,15,72,PM10,SEDANG
201308,2013-08-16,DKI1,67,,28,27,68,10,68,O3,SEDANG
201308,2013-08-17,DKI4,68,,28,34,66,10,68,PM10,SEDANG
201308,2013-08-18,DKI4,54,,16,25,79,13,79,O3,SEDANG
201308,2013-08-19,DKI4,60,,29,32,71,16,71,O3,SEDANG
201308,2013-08-20,DKI3,61,,24,27,110,19,110,O3,TIDAK SEHAT
201308,2013-08-21,DKI3,83,,31,30,107,20,107,O3,TIDAK SEHAT
201308,2013-08-22,DKI2,79,,26,29,85,14,85,O3,SEDANG
201308,2013-08-23,DKI5,87,,21,39,113,22,113,O3,TIDAK SEHAT
201308,2013-08-24,DKI5,75,,26,40,88,19,88,O3,SEDANG
201308,2013-08-25,DKI5,73,,42,26,75,13,75,O3,SEDANG
201308,2013-08-26,DKI4,78,,40,25,71,14,78,PM10,SEDANG
201308,2013-08-27,DKI5,72,,32,27,85,14,85,O3,SEDANG
201308,2013-08-28,DKI4,74,,26,28,124,23,124,O3,TIDAK SEHAT
201308,2013-08-29,DKI4,74,,30,27,71,13,74,PM10,SEDANG
201308,2013-08-30,DKI4,91,,21,34,69,17,91,PM10,SEDANG
201308,2013-08-31,DKI3,68,,19,28,81,15,81,O3,SEDANG
201301,2013-09-01,DKI2,21,,2,18,92,7,92,O3,SEDANG
201302,2013-09-02,DKI2,70,,7,34,180,30,180,O3,TIDAK SEHAT
201303,2013-09-03,DKI2,64,,12,48,213,15,213,O3,SANGAT TIDAK SEHAT
201304,2013-09-04,DKI5,56,,10,37,167,23,167,O3,TIDAK SEHAT
201305,2013-09-05,DKI4,67,,18,28,77,17,77,O3,SEDANG
201306,2013-09-06,DKI2,68,,33,42,153,21,153,O3,TIDAK SEHAT
201307,2013-09-07,DKI2,72,,20,36,121,18,121,O3,TIDAK SEHAT
201308,2013-09-08,DKI4,53,,37,28,87,14,87,O3,SEDANG
201309,2013-09-09,DKI3,68,,24,34,90,20,90,O3,SEDANG
201310,2013-09-10,DKI5,70,,34,29,117,19,117,O3,TIDAK SEHAT
201311,2013-09-11,DKI4,73,,55,53,101,19,101,O3,TIDAK SEHAT
201312,2013-09-12,DKI4,62,,29,33,88,23,88,O3,SEDANG
201309,2013-09-13,DKI3,83,,40,32,114,22,114,O3,TIDAK SEHAT
201309,2013-09-14,DKI4,71,,30,28,113,19,113,O3,TIDAK SEHAT
201309,2013-09-15,DKI3,66,,25,35,98,17,98,O3,SEDANG
201309,2013-09-16,DKI5,54,,21,35,63,17,63,O3,SEDANG
201309,2013-09-17,DKI5,68,,30,34,138,26,138,O3,TIDAK SEHAT
201309,2013-09-18,DKI4,77,,19,30,110,27,110,O3,TIDAK SEHAT
201309,2013-09-19,DKI5,71,,37,30,91,19,91,O3,SEDANG
201309,2013-09-20,DKI3,71,,34,32,84,21,84,O3,SEDANG
201309,2013-09-21,DKI5,70,,26,25,134,19,134,O3,TIDAK SEHAT
201309,2013-09-22,DKI3,67,,25,33,107,17,107,O3,TIDAK SEHAT
201309,2013-09-23,DKI5,69,,27,30,128,27,128,O3,TIDAK SEHAT
201309,2013-09-24,DKI5,76,,30,27,79,22,79,O3,SEDANG
201309,2013-09-25,DKI5,76,,31,30,117,30,117,O3,TIDAK SEHAT
201309,2013-09-26,DKI4,67,,22,26,100,19,100,O3,SEDANG
201309,2013-09-27,DKI4,65,,31,31,118,25,118,O3,TIDAK SEHAT
201309,2013-09-28,DKI3,72,,37,26,91,18,91,O3,SEDANG
201309,2013-09-29,DKI4,77,,37,26,88,12,88,O3,SEDANG
201309,2013-09-30,DKI5,73,,33,29,69,18,73,PM10,SEDANG
201301,2013-10-01,DKI2,24,,4,16,76,6,76,O3,SEDANG
201302,2013-10-02,DKI2,65,,20,38,185,19,185,O3,TIDAK SEHAT
201303,2013-10-03,DKI2,58,,7,22,170,8,170,O3,TIDAK SEHAT
201304,2013-10-04,DKI3,63,,14,28,99,19,99,O3,SEDANG
201305,2013-10-05,DKI5,74,,13,32,117,25,117,O3,TIDAK SEHAT
201306,2013-10-06,DKI3,59,,23,28,113,20,113,O3,TIDAK SEHAT
201307,2013-10-07,DKI4,57,,14,37,104,20,104,O3,TIDAK SEHAT
201308,2013-10-08,DKI4,66,,22,36,117,11,117,O3,TIDAK SEHAT
201309,2013-10-09,DKI3,80,,44,42,98,21,98,O3,SEDANG
201310,2013-10-10,DKI3,66,,22,31,93,21,93,O3,SEDANG
201311,2013-10-11,DKI2,75,,30,53,131,16,131,O3,TIDAK SEHAT
201312,2013-10-12,DKI5,56,,30,42,142,17,142,O3,TIDAK SEHAT
201310,2013-10-13,DKI4,67,,25,22,119,14,119,O3,TIDAK SEHAT
201310,2013-10-14,DKI4,66,,32,36,120,18,120,O3,TIDAK SEHAT
201310,2013-10-15,DKI3,56,,23,24,80,15,80,O3,SEDANG
201310,2013-10-16,DKI3,76,,34,25,80,14,80,O3,SEDANG
201310,2013-10-17,DKI4,72,,25,24,55,14,72,PM10,SEDANG
201310,2013-10-18,DKI4,73,,27,23,83,13,83,O3,SEDANG
201310,2013-10-19,DKI3,76,,30,47,139,18,139,O3,TIDAK SEHAT
201310,2013-10-20,DKI5,56,,30,19,91,14,91,O3,SEDANG
201310,2013-10-21,DKI2,63,,34,33,105,19,105,O3,TIDAK SEHAT
201310,2013-10-22,DKI3,80,,40,30,89,20,89,O3,SEDANG
201310,2013-10-23,DKI5,69,,37,34,91,25,91,O3,SEDANG
201310,2013-10-24,DKI3,67,,40,38,103,22,103,O3,TIDAK SEHAT
201310,2013-10-25,DKI4,82,,29,38,159,30,159,O3,TIDAK SEHAT
201310,2013-10-26,DKI5,105,,37,50,110,21,110,O3,TIDAK SEHAT
201310,2013-10-27,DKI2,75,,45,41,85,18,85,O3,SEDANG
201310,2013-10-28,DKI4,65,,33,30,124,20,124,O3,TIDAK SEHAT
201310,2013-10-29,DKI4,65,,38,42,125,25,125,O3,TIDAK SEHAT
201310,2013-10-30,DKI4,69,,30,59,95,25,95,O3,SEDANG
201310,2013-10-31,DKI4,77,,28,45,120,20,120,O3,TIDAK SEHAT
201301,2013-11-01,DKI2,39,,5,15,53,5,53,O3,SEDANG
201302,2013-11-02,DKI2,72,,21,50,164,23,164,O3,TIDAK SEHAT
201303,2013-11-03,DKI2,51,,7,20,172,16,172,O3,TIDAK SEHAT
201304,2013-11-04,DKI4,78,,14,33,93,20,93,O3,SEDANG
201305,2013-11-05,DKI3,68,,48,32,110,19,110,O3,TIDAK SEHAT
201306,2013-11-06,DKI4,66,,19,35,116,19,116,O3,TIDAK SEHAT
201307,2013-11-07,DKI3,80,,19,45,118,26,118,O3,TIDAK SEHAT
201308,2013-11-08,DKI4,59,,24,32,92,15,92,O3,SEDANG
201309,2013-11-09,DKI3,77,,27,33,105,18,105,O3,TIDAK SEHAT
201310,2013-11-10,DKI3,71,,21,38,107,21,107,O3,TIDAK SEHAT
201311,2013-11-11,DKI4,68,,26,28,157,19,157,O3,TIDAK SEHAT
201312,2013-11-12,DKI4,64,,50,37,96,18,96,O3,SEDANG
201311,2013-11-13,DKI5,60,,45,37,140,19,140,O3,TIDAK SEHAT
201311,2013-11-14,DKI3,68,,41,60,121,25,121,O3,TIDAK SEHAT
201311,2013-11-15,DKI2,62,,28,52,104,26,104,O3,TIDAK SEHAT
201311,2013-11-16,DKI4,58,,33,33,97,17,97,O3,SEDANG
201311,2013-11-17,DKI4,49,,24,32,111,13,111,O3,TIDAK SEHAT
201311,2013-11-18,DKI4,48,,23,29,82,17,82,O3,SEDANG
201311,2013-11-19,DKI2,48,,23,35,59,9,59,O3,SEDANG
201311,2013-11-20,DKI4,50,,22,33,29,9,50,PM10,BAIK
201311,2013-11-21,DKI2,57,,22,28,58,16,58,O3,SEDANG
201311,2013-11-22,DKI2,64,,30,26,128,21,128,O3,TIDAK SEHAT
201311,2013-11-23,DKI4,67,,45,27,85,18,85,O3,SEDANG
201311,2013-11-24,DKI4,62,,33,20,147,14,147,O3,TIDAK SEHAT
201311,2013-11-25,DKI4,63,,28,27,147,19,147,O3,TIDAK SEHAT
201311,2013-11-26,DKI5,66,,33,27,38,17,66,PM10,SEDANG
201311,2013-11-27,DKI2,58,,35,35,112,28,112,O3,TIDAK SEHAT
201311,2013-11-28,DKI4,80,,52,32,127,22,127,O3,TIDAK SEHAT
201311,2013-11-29,DKI4,55,,42,28,140,15,140,O3,TIDAK SEHAT
201311,2013-11-30,DKI4,71,,50,31,151,24,151,O3,TIDAK SEHAT
201301,2013-12-01,DKI2,38,,7,16,140,6,140,O3,TIDAK SEHAT
201302,2013-12-02,DKI2,70,,17,35,158,20,158,O3,TIDAK SEHAT
201303,2013-12-03,DKI2,75,,32,30,187,37,187,O3,TIDAK SEHAT
201304,2013-12-04,DKI4,63,,14,33,54,21,63,PM10,SEDANG
201305,2013-12-05,DKI4,57,,11,32,110,18,110,O3,TIDAK SEHAT
201306,2013-12-06,DKI4,37,,10,33,55,12,55,O3,SEDANG
201307,2013-12-07,DKI4,60,,28,45,88,21,88,O3,SEDANG
201308,2013-12-08,DKI3,57,,16,23,110,15,110,O3,TIDAK SEHAT
201309,2013-12-09,DKI4,76,,33,29,70,17,76,PM10,SEDANG
201310,2013-12-10,DKI3,62,,31,29,121,20,121,O3,TIDAK SEHAT
201311,2013-12-11,DKI5,76,,40,42,87,23,87,O3,SEDANG
201312,2013-12-12,DKI2,51,,19,34,53,20,53,O3,SEDANG
201312,2013-12-13,DKI1,56,,22,57,52,17,57,CO,SEDANG
201312,2013-12-14,DKI4,39,,11,38,79,11,79,O3,SEDANG
201312,2013-12-15,DKI4,64,,25,66,101,16,101,O3,TIDAK SEHAT
201312,2013-12-16,DKI2,58,,6,41,141,21,141,O3,TIDAK SEHAT
201312,2013-12-17,DKI4,52,,6,39,132,21,132,O3,TIDAK SEHAT
201312,2013-12-18,DKI4,75,,4,65,123,21,123,O3,TIDAK SEHAT
201312,2013-12-19,DKI4,61,,5,32,117,17,117,O3,TIDAK SEHAT
201312,2013-12-20,DKI4,63,,6,50,79,15,79,O3,SEDANG
201312,2013-12-21,DKI1,41,,6,50,34,9,50,CO,BAIK
201312,2013-12-22,DKI4,26,,6,50,54,9,54,O3,SEDANG
201312,2013-12-23,DKI4,31,,7,50,53,12,53,O3,SEDANG
201312,2013-12-24,DKI4,40,,6,32,47,10,47,O3,BAIK
201312,2013-12-25,DKI1,57,,9,32,63,12,63,O3,SEDANG
201312,2013-12-26,DKI4,57,,7,27,72,15,72,O3,SEDANG
201312,2013-12-27,DKI4,72,,10,61,71,17,72,PM10,SEDANG
201312,2013-12-28,DKI4,67,,7,50,65,11,67,PM10,SEDANG
201312,2013-12-29,DKI4,53,,8,21,63,12,63,O3,SEDANG
201312,2013-12-30,DKI4,41,,10,26,67,12,67,O3,SEDANG
201312,2013-12-31,DKI4,28,,6,26,69,13,69,O3,SEDANG
201401,2014-01-01,DKI1,77,,3,39,54,13,77,PM10,SEDANG
201401,2014-01-01,DKI2,56,,2,33,50,13,56,PM10,SEDANG
201401,2014-01-01,DKI3,54,,6,56,41,---,56,CO,SEDANG
201401,2014-01-01,DKI4,63,,8,58,64,9,64,O3,SEDANG
201401,2014-01-01,DKI5,67,,3,44,44,10,67,PM10,SEDANG
201402,2014-01-02,DKI1,---,,1,23,48,12,48,O3,BAIK
201402,2014-01-02,DKI2,51,,1,21,45,11,51,PM10,SEDANG
201402,2014-01-02,DKI3,34,,6,29,45,---,45,O3,BAIK
201402,2014-01-02,DKI4,33,,6,30,43,5,43,O3,BAIK
201402,2014-01-02,DKI5,61,,1,22,47,9,61,PM10,SEDANG
201403,2014-01-03,DKI1,72,,5,36,47,16,72,PM10,SEDANG
201403,2014-01-03,DKI2,69,,10,25,64,17,69,PM10,SEDANG
201403,2014-01-03,DKI3,40,,9,31,91,7,91,O3,SEDANG
201403,2014-01-03,DKI4,65,,8,15,---,9,65,PM10,SEDANG
201403,2014-01-03,DKI5,74,,3,31,73,12,74,PM10,SEDANG
201404,2014-01-04,DKI1,64,,9,37,59,14,64,PM10,SEDANG
201404,2014-01-04,DKI2,72,,9,29,70,15,72,PM10,SEDANG
201404,2014-01-04,DKI3,21,,9,29,79,8,79,O3,SEDANG
201404,2014-01-04,DKI4,74,,9,27,71,15,74,PM10,SEDANG
201404,2014-01-04,DKI5,81,,5,30,111,13,111,O3,TIDAK SEHAT
201405,2014-01-05,DKI1,60,,8,40,69,18,69,O3,SEDANG
201405,2014-01-05,DKI2,74,,14,30,78,17,78,O3,SEDANG
201405,2014-01-05,DKI3,16,,11,30,80,13,80,O3,SEDANG
201405,2014-01-05,DKI4,53,,9,19,78,12,78,O3,SEDANG
201405,2014-01-05,DKI5,68,,5,28,94,13,94,O3,SEDANG
201406,2014-01-06,DKI1,67,,6,55,64,21,67,PM10,SEDANG
201406,2014-01-06,DKI2,75,,14,42,87,20,87,O3,SEDANG
201406,2014-01-06,DKI3,---,,---,---,---,---,0,,TIDAK ADA DATA
201406,2014-01-06,DKI4,79,,9,39,78,17,79,PM10,SEDANG
201406,2014-01-06,DKI5,80,,6,35,136,13,136,O3,TIDAK SEHAT
201407,2014-01-07,DKI1,55,,11,32,52,16,55,PM10,SEDANG
201407,2014-01-07,DKI2,---,,23,17,50,13,50,O3,BAIK
201407,2014-01-07,DKI3,19,,13,19,86,9,86,O3,SEDANG
201407,2014-01-07,DKI4,77,,13,14,95,13,95,O3,SEDANG
201407,2014-01-07,DKI5,60,,---,20,81,12,81,O3,SEDANG
201408,2014-01-08,DKI1,40,,9,12,64,10,64,O3,SEDANG
201408,2014-01-08,DKI2,54,,12,9,80,8,80,O3,SEDANG
201408,2014-01-08,DKI3,11,,13,14,55,5,55,O3,SEDANG
201408,2014-01-08,DKI4,56,,11,8,72,7,72,O3,SEDANG
201408,2014-01-08,DKI5,45,,4,11,64,5,64,O3,SEDANG
201409,2014-01-09,DKI1,50,,11,20,50,15,50,PM10,BAIK
201409,2014-01-09,DKI2,59,,10,9,60,14,60,O3,SEDANG
201409,2014-01-09,DKI3,29,,16,12,75,5,75,O3,SEDANG
201409,2014-01-09,DKI4,68,,14,7,43,5,68,PM10,SEDANG
201409,2014-01-09,DKI5,54,,9,10,42,10,54,PM10,SEDANG
201410,2014-01-10,DKI1,55,,13,26,38,20,55,PM10,SEDANG
201410,2014-01-10,DKI2,64,,15,14,66,13,66,O3,SEDANG
201410,2014-01-10,DKI3,35,,16,41,29,16,41,CO,BAIK
201410,2014-01-10,DKI4,102,,16,6,67,15,102,PM10,TIDAK SEHAT
201410,2014-01-10,DKI5,73,,9,28,54,12,73,PM10,SEDANG
201411,2014-01-11,DKI1,33,,9,22,69,21,69,O3,SEDANG
201411,2014-01-11,DKI2,---,,16,12,96,13,96,O3,SEDANG
201411,2014-01-11,DKI3,14,,15,11,36,6,36,O3,BAIK
201411,2014-01-11,DKI4,58,,---,5,77,9,77,O3,SEDANG
201411,2014-01-11,DKI5,44,,8,8,82,7,82,O3,SEDANG
201412,2014-01-12,DKI1,31,,12,20,29,10,31,PM10,BAIK
201412,2014-01-12,DKI2,33,,14,13,34,12,34,O3,BAIK
201412,2014-01-12,DKI3,13,,14,9,6,---,14,SO2,BAIK
201412,2014-01-12,DKI4,25,,11,4,22,3,25,PM10,BAIK
201412,2014-01-12,DKI5,32,,13,14,---,9,32,PM10,BAIK
201401,2014-01-13,DKI1,40,,6,39,54,15,54,O3,SEDANG
201401,2014-01-13,DKI2,28,,4,24,58,20,58,O3,SEDANG
201401,2014-01-13,DKI3,13,,7,23,42,---,42,O3,BAIK
201401,2014-01-13,DKI4,20,,6,18,70,8,70,O3,SEDANG
201401,2014-01-13,DKI5,34,,3,25,39,12,39,O3,BAIK
201401,2014-01-14,DKI1,54,,9,36,53,16,54,PM10,SEDANG
201401,2014-01-14,DKI2,37,,5,22,40,11,40,O3,BAIK
201401,2014-01-14,DKI3,17,,7,19,45,---,45,O3,BAIK
201401,2014-01-14,DKI4,34,,9,19,72,6,72,O3,SEDANG
201401,2014-01-14,DKI5,52,,8,18,38,8,52,PM10,SEDANG
201401,2014-01-15,DKI1,46,,3,29,54,10,54,O3,SEDANG
201401,2014-01-15,DKI2,28,,2,16,48,12,48,O3,BAIK
201401,2014-01-15,DKI3,21,,6,20,40,---,40,O3,BAIK
201401,2014-01-15,DKI4,27,,7,22,51,7,51,O3,SEDANG
201401,2014-01-15,DKI5,33,,4,14,35,7,35,O3,BAIK
201401,2014-01-16,DKI1,50,,4,39,46,14,50,PM10,BAIK
201401,2014-01-16,DKI2,31,,1,41,42,19,42,O3,BAIK
201401,2014-01-16,DKI3,17,,6,27,40,---,40,O3,BAIK
201401,2014-01-16,DKI4,20,,6,34,49,7,49,O3,BAIK
201401,2014-01-16,DKI5,40,,2,31,33,9,40,PM10,BAIK
201401,2014-01-17,DKI1,51,,2,33,56,18,56,O3,SEDANG
201401,2014-01-17,DKI2,36,,---,18,49,18,49,O3,BAIK
201401,2014-01-17,DKI3,25,,6,20,42,---,42,O3,BAIK
201401,2014-01-17,DKI4,30,,5,20,61,9,61,O3,SEDANG
201401,2014-01-17,DKI5,47,,2,19,39,13,47,PM10,BAIK
201401,2014-01-18,DKI1,39,,1,25,55,15,55,O3,SEDANG
201401,2014-01-18,DKI2,31,,---,10,47,13,47,O3,BAIK
201401,2014-01-18,DKI3,16,,6,21,42,---,42,O3,BAIK
201401,2014-01-18,DKI4,21,,5,16,54,8,54,O3,SEDANG
201401,2014-01-18,DKI5,32,,1,16,37,11,37,O3,BAIK
201401,2014-01-19,DKI1,38,,1,26,57,15,57,O3,SEDANG
201401,2014-01-19,DKI2,25,,---,12,47,16,47,O3,BAIK
201401,2014-01-19,DKI3,---,,6,21,41,---,41,O3,BAIK
201401,2014-01-19,DKI4,27,,5,24,60,---,60,O3,SEDANG
201401,2014-01-19,DKI5,37,,1,25,36,13,37,PM10,BAIK
201401,2014-01-20,DKI1,54,,2,23,53,13,54,PM10,SEDANG
201401,2014-01-20,DKI2,33,,---,21,47,13,47,O3,BAIK
201401,2014-01-20,DKI3,---,,6,24,42,---,42,O3,BAIK
201401,2014-01-20,DKI4,29,,5,23,50,6,50,O3,BAIK
201401,2014-01-20,DKI5,53,,2,27,36,8,53,PM10,SEDANG
201401,2014-01-21,DKI1,44,,2,28,52,15,52,O3,SEDANG
201401,2014-01-21,DKI2,21,,---,10,45,13,45,O3,BAIK
201401,2014-01-21,DKI3,---,,6,13,39,---,39,O3,BAIK
201401,2014-01-21,DKI4,19,,5,12,54,6,54,O3,SEDANG
201401,2014-01-21,DKI5,37,,2,13,32,11,37,PM10,BAIK
201401,2014-01-22,DKI1,59,,7,29,51,15,59,PM10,SEDANG
201401,2014-01-22,DKI2,32,,1,23,50,21,50,O3,BAIK
201401,2014-01-22,DKI3,---,,7,14,41,---,41,O3,BAIK
201401,2014-01-22,DKI4,25,,8,17,52,9,52,O3,SEDANG
201401,2014-01-22,DKI5,53,,3,15,38,8,53,PM10,SEDANG
201401,2014-01-23,DKI1,48,,2,26,53,15,53,O3,SEDANG
201401,2014-01-23,DKI2,29,,---,15,45,13,45,O3,BAIK
201401,2014-01-23,DKI3,---,,6,19,41,---,41,O3,BAIK
201401,2014-01-23,DKI4,23,,5,13,47,7,47,O3,BAIK
201401,2014-01-23,DKI5,41,,1,12,39,8,41,PM10,BAIK
201401,2014-01-24,DKI1,59,,4,41,50,17,59,PM10,SEDANG
201401,2014-01-24,DKI2,48,,1,30,44,17,48,PM10,BAIK
201401,2014-01-24,DKI3,---,,6,20,44,---,44,O3,BAIK
201401,2014-01-24,DKI4,32,,6,29,50,10,50,O3,BAIK
201401,2014-01-24,DKI5,56,,2,30,37,12,56,PM10,SEDANG
201401,2014-01-25,DKI1,53,,2,23,53,15,53,PM10,SEDANG
201401,2014-01-25,DKI2,41,,2,13,44,13,44,O3,BAIK
201401,2014-01-25,DKI3,---,,6,14,42,---,42,O3,BAIK
201401,2014-01-25,DKI4,26,,6,14,56,7,56,O3,SEDANG
201401,2014-01-25,DKI5,47,,1,13,37,8,47,PM10,BAIK
201401,2014-01-26,DKI1,60,,3,32,56,12,60,PM10,SEDANG
201401,2014-01-26,DKI2,53,,3,21,55,14,55,O3,SEDANG
201401,2014-01-26,DKI3,---,,---,---,---,---,0,,TIDAK ADA DATA
201401,2014-01-26,DKI4,42,,7,40,54,9,54,O3,SEDANG
201401,2014-01-26,DKI5,67,,3,43,36,10,67,PM10,SEDANG
201401,2014-01-27,DKI1,65,,2,29,51,13,65,PM10,SEDANG
201401,2014-01-27,DKI2,36,,1,14,48,12,48,O3,BAIK
201401,2014-01-27,DKI3,---,,---,---,---,---,0,,TIDAK ADA DATA
201401,2014-01-27,DKI4,45,,7,28,56,6,56,O3,SEDANG
201401,2014-01-27,DKI5,63,,3,23,34,10,63,PM10,SEDANG
201401,2014-01-28,DKI1,---,,1,26,52,11,52,O3,SEDANG
201401,2014-01-28,DKI2,34,,1,13,49,10,49,O3,BAIK
201401,2014-01-28,DKI3,---,,---,---,---,---,0,,TIDAK ADA DATA
201401,2014-01-28,DKI4,19,,5,19,53,9,53,O3,SEDANG
201401,2014-01-28,DKI5,47,,1,16,30,11,47,PM10,BAIK
201401,2014-01-29,DKI1,---,,1,25,49,12,49,O3,BAIK
201401,2014-01-29,DKI2,31,,---,11,45,11,45,O3,BAIK
201401,2014-01-29,DKI3,32,,6,27,33,---,33,O3,BAIK
201401,2014-01-29,DKI4,19,,5,20,51,9,51,O3,SEDANG
201401,2014-01-29,DKI5,33,,1,13,30,9,33,PM10,BAIK
201401,2014-01-30,DKI1,---,,2,24,42,10,42,O3,BAIK
201401,2014-01-30,DKI2,32,,1,8,44,9,44,O3,BAIK
201401,2014-01-30,DKI3,37,,6,33,38,4,38,O3,BAIK
201401,2014-01-30,DKI4,26,,6,33,53,8,53,O3,SEDANG
201401,2014-01-30,DKI5,54,,2,25,35,9,54,PM10,SEDANG
201401,2014-01-31,DKI1,---,,1,23,46,10,46,O3,BAIK
201401,2014-01-31,DKI2,36,,1,8,42,9,42,O3,BAIK
201401,2014-01-31,DKI3,44,,6,33,40,---,44,PM10,BAIK
201401,2014-01-31,DKI4,31,,6,22,46,8,46,O3,BAIK
201401,2014-01-31,DKI5,56,,1,23,43,9,56,PM10,SEDANG
201401,2014-02-01,DKI1,55,,4,29,58,12,58,O3,SEDANG
201401,2014-02-01,DKI2,41,,2,21,47,13,47,O3,BAIK
201401,2014-02-01,DKI3,19,,7,23,64,---,64,O3,SEDANG
201401,2014-02-01,DKI4,37,,7,29,74,7,74,O3,SEDANG
201401,2014-02-01,DKI5,45,,4,24,43,9,45,PM10,BAIK
201402,2014-02-02,DKI1,---,,4,15,39,12,39,O3,BAIK
201402,2014-02-02,DKI2,32,,1,7,50,9,50,O3,BAIK
201402,2014-02-02,DKI3,31,,6,27,42,---,42,O3,BAIK
201402,2014-02-02,DKI4,---,,6,21,34,6,34,O3,BAIK
201402,2014-02-02,DKI5,37,,1,11,35,6,37,PM10,BAIK
201403,2014-02-03,DKI1,59,,3,26,70,12,70,O3,SEDANG
201403,2014-02-03,DKI2,50,,5,16,72,20,72,O3,SEDANG
201403,2014-02-03,DKI3,22,,9,20,75,8,75,O3,SEDANG
201403,2014-02-03,DKI4,52,,7,11,92,10,92,O3,SEDANG
201403,2014-02-03,DKI5,55,,3,18,66,8,66,O3,SEDANG
201404,2014-02-04,DKI1,55,,7,28,54,17,55,PM10,SEDANG
201404,2014-02-04,DKI2,68,,8,15,63,8,68,PM10,SEDANG
201404,2014-02-04,DKI3,30,,9,33,96,6,96,O3,SEDANG
201404,2014-02-04,DKI4,68,,7,16,87,11,87,O3,SEDANG
201404,2014-02-04,DKI5,74,,5,---,109,14,109,O3,TIDAK SEHAT
201405,2014-02-05,DKI1,77,,8,38,69,28,77,PM10,SEDANG
201405,2014-02-05,DKI2,85,,16,50,71,21,85,PM10,SEDANG
201405,2014-02-05,DKI3,18,,9,56,58,9,58,O3,SEDANG
201405,2014-02-05,DKI4,70,,7,49,63,12,70,PM10,SEDANG
201405,2014-02-05,DKI5,88,,5,39,131,14,131,O3,TIDAK SEHAT
201406,2014-02-06,DKI1,52,,11,26,42,16,52,PM10,SEDANG
201406,2014-02-06,DKI2,67,,15,15,54,13,67,PM10,SEDANG
201406,2014-02-06,DKI3,---,,---,---,---,---,0,,TIDAK ADA DATA
201406,2014-02-06,DKI4,76,,10,21,65,13,76,PM10,SEDANG
201406,2014-02-06,DKI5,66,,8,22,58,12,66,PM10,SEDANG
201407,2014-02-07,DKI1,57,,12,28,45,23,57,PM10,SEDANG
201407,2014-02-07,DKI2,---,,19,17,61,16,61,O3,SEDANG
201407,2014-02-07,DKI3,24,,14,20,67,8,67,O3,SEDANG
201407,2014-02-07,DKI4,75,,13,12,61,10,75,PM10,SEDANG
201407,2014-02-07,DKI5,69,,---,24,---,13,69,PM10,SEDANG
201408,2014-02-08,DKI1,37,,10,13,60,12,60,O3,SEDANG
201408,2014-02-08,DKI2,55,,11,11,69,8,69,O3,SEDANG
201408,2014-02-08,DKI3,17,,13,11,74,4,74,O3,SEDANG
201408,2014-02-08,DKI4,63,,12,7,64,9,64,O3,SEDANG
201408,2014-02-08,DKI5,41,,4,10,61,7,61,O3,SEDANG
201409,2014-02-09,DKI1,44,,11,27,56,17,56,O3,SEDANG
201409,2014-02-09,DKI2,65,,13,12,65,14,65,PM10,SEDANG
201409,2014-02-09,DKI3,34,,16,13,93,7,93,O3,SEDANG
201409,2014-02-09,DKI4,73,,13,7,82,8,82,O3,SEDANG
201409,2014-02-09,DKI5,56,,9,13,83,11,83,O3,SEDANG
201410,2014-02-10,DKI1,51,,12,30,45,18,51,PM10,SEDANG
201410,2014-02-10,DKI2,60,,14,12,59,11,60,PM10,SEDANG
201410,2014-02-10,DKI3,34,,16,15,32,8,34,PM10,BAIK
201410,2014-02-10,DKI4,74,,14,4,74,12,74,PM10,SEDANG
201410,2014-02-10,DKI5,64,,9,16,63,13,64,PM10,SEDANG
201411,2014-02-11,DKI1,46,,9,32,84,19,84,O3,SEDANG
201411,2014-02-11,DKI2,---,,16,21,98,17,98,O3,SEDANG
201411,2014-02-11,DKI3,19,,16,20,46,6,46,O3,BAIK
201411,2014-02-11,DKI4,92,,---,6,99,18,99,O3,SEDANG
201411,2014-02-11,DKI5,56,,9,16,107,11,107,O3,TIDAK SEHAT
201412,2014-02-12,DKI1,30,,12,24,43,13,43,O3,BAIK
201412,2014-02-12,DKI2,43,,16,16,49,13,49,O3,BAIK
201412,2014-02-12,DKI3,20,,15,14,11,5,20,PM10,BAIK
201412,2014-02-12,DKI4,47,,16,6,43,8,47,PM10,BAIK
201412,2014-02-12,DKI5,24,,9,10,---,4,24,PM10,BAIK
201402,2014-02-13,DKI1,67,,5,31,49,15,67,PM10,SEDANG
201402,2014-02-13,DKI2,69,,5,20,65,14,69,PM10,SEDANG
201402,2014-02-13,DKI3,38,,8,40,79,12,79,O3,SEDANG
201402,2014-02-13,DKI4,61,,6,23,69,9,69,O3,SEDANG
201402,2014-02-13,DKI5,70,,3,30,65,13,70,PM10,SEDANG
201402,2014-02-14,DKI1,58,,5,28,45,18,58,PM10,SEDANG
201402,2014-02-14,DKI2,51,,3,13,63,17,63,O3,SEDANG
201402,2014-02-14,DKI3,43,,8,46,52,---,52,O3,SEDANG
201402,2014-02-14,DKI4,60,,8,24,63,6,63,O3,SEDANG
201402,2014-02-14,DKI5,58,,4,18,51,9,58,PM10,SEDANG
201402,2014-02-15,DKI1,59,,5,29,43,13,59,PM10,SEDANG
201402,2014-02-15,DKI2,52,,3,13,63,14,63,O3,SEDANG
201402,2014-02-15,DKI3,60,,9,48,39,---,60,PM10,SEDANG
201402,2014-02-15,DKI4,65,,8,36,47,10,65,PM10,SEDANG
201402,2014-02-15,DKI5,78,,3,37,40,12,78,PM10,SEDANG
201402,2014-02-16,DKI1,73,,13,47,42,14,73,PM10,SEDANG
201402,2014-02-16,DKI2,65,,4,38,50,17,65,PM10,SEDANG
201402,2014-02-16,DKI3,63,,12,34,40,8,63,PM10,SEDANG
201402,2014-02-16,DKI4,67,,12,41,52,12,67,PM10,SEDANG
201402,2014-02-16,DKI5,82,,7,43,45,10,82,PM10,SEDANG
201402,2014-02-17,DKI1,87,,7,42,54,25,87,PM10,SEDANG
201402,2014-02-17,DKI2,81,,8,35,59,27,81,PM10,SEDANG
201402,2014-02-17,DKI3,59,,8,42,99,9,99,O3,SEDANG
201402,2014-02-17,DKI4,75,,8,29,94,14,94,O3,SEDANG
201402,2014-02-17,DKI5,113,,4,61,66,20,113,PM10,TIDAK SEHAT
201402,2014-02-18,DKI1,---,,4,38,41,16,41,O3,BAIK
201402,2014-02-18,DKI2,57,,5,25,62,25,62,O3,SEDANG
201402,2014-02-18,DKI3,51,,7,34,42,9,51,PM10,SEDANG
201402,2014-02-18,DKI4,66,,6,20,57,11,66,PM10,SEDANG
201402,2014-02-18,DKI5,76,,4,35,61,12,76,PM10,SEDANG
201402,2014-02-19,DKI1,75,,7,37,48,16,75,PM10,SEDANG
201402,2014-02-19,DKI2,60,,7,23,58,16,60,PM10,SEDANG
201402,2014-02-19,DKI3,67,,8,38,41,---,67,PM10,SEDANG
201402,2014-02-19,DKI4,59,,9,27,65,9,65,O3,SEDANG
201402,2014-02-19,DKI5,75,,7,22,62,11,75,PM10,SEDANG
201402,2014-02-20,DKI1,77,,7,35,59,21,77,PM10,SEDANG
201402,2014-02-20,DKI2,70,,12,26,90,34,90,O3,SEDANG
201402,2014-02-20,DKI3,54,,7,38,49,---,54,PM10,SEDANG
201402,2014-02-20,DKI4,67,,10,22,80,9,80,O3,SEDANG
201402,2014-02-20,DKI5,91,,4,36,75,11,91,PM10,SEDANG
201402,2014-02-21,DKI1,46,,8,29,55,13,55,O3,SEDANG
201402,2014-02-21,DKI2,35,,3,16,67,12,67,O3,SEDANG
201402,2014-02-21,DKI3,30,,9,19,44,---,44,O3,BAIK
201402,2014-02-21,DKI4,42,,8,10,60,7,60,O3,SEDANG
201402,2014-02-21,DKI5,52,,3,13,73,7,73,O3,SEDANG
201402,2014-02-22,DKI1,46,,6,32,43,12,46,PM10,BAIK
201402,2014-02-22,DKI2,50,,5,29,45,13,50,PM10,BAIK
201402,2014-02-22,DKI3,28,,8,28,29,---,29,O3,BAIK
201402,2014-02-22,DKI4,38,,7,18,52,6,52,O3,SEDANG
201402,2014-02-22,DKI5,43,,3,26,48,9,48,O3,BAIK
201402,2014-02-23,DKI1,34,,4,34,41,13,41,O3,BAIK
201402,2014-02-23,DKI2,28,,1,34,44,15,44,O3,BAIK
201402,2014-02-23,DKI3,18,,8,31,47,---,47,O3,BAIK
201402,2014-02-23,DKI4,27,,6,42,54,10,54,O3,SEDANG
201402,2014-02-23,DKI5,31,,2,26,43,13,43,O3,BAIK
201402,2014-02-24,DKI1,44,,4,38,41,17,44,PM10,BAIK
201402,2014-02-24,DKI2,39,,4,24,47,21,47,O3,BAIK
201402,2014-02-24,DKI3,25,,8,25,44,---,44,O3,BAIK
201402,2014-02-24,DKI4,51,,7,17,---,10,51,PM10,SEDANG
201402,2014-02-24,DKI5,43,,2,22,41,12,43,PM10,BAIK
201402,2014-02-25,DKI1,54,,5,43,53,25,54,PM10,SEDANG
201402,2014-02-25,DKI2,52,,6,24,48,13,52,PM10,SEDANG
201402,2014-02-25,DKI3,29,,8,30,47,7,47,O3,BAIK
201402,2014-02-25,DKI4,51,,7,21,---,8,51,PM10,SEDANG
201402,2014-02-25,DKI5,52,,3,28,42,15,52,PM10,SEDANG
201402,2014-02-26,DKI1,52,,5,43,39,17,52,PM10,SEDANG
201402,2014-02-26,DKI2,52,,8,23,58,18,58,O3,SEDANG
201402,2014-02-26,DKI3,25,,8,20,45,8,45,O3,BAIK
201402,2014-02-26,DKI4,41,,7,13,---,8,41,PM10,BAIK
201402,2014-02-26,DKI5,50,,3,33,50,24,50,PM10,BAIK
201402,2014-02-27,DKI1,63,,4,57,53,28,63,PM10,SEDANG
201402,2014-02-27,DKI2,60,,8,41,76,26,76,O3,SEDANG
201402,2014-02-27,DKI3,33,,9,37,48,10,48,O3,BAIK
201402,2014-02-27,DKI4,53,,6,23,---,9,53,PM10,SEDANG
201402,2014-02-27,DKI5,65,,2,47,83,15,83,O3,SEDANG
201402,2014-02-28,DKI1,94,,7,90,49,34,94,PM10,SEDANG
201402,2014-02-28,DKI2,88,,8,60,54,29,88,PM10,SEDANG
201402,2014-02-28,DKI3,61,,11,69,97,11,97,O3,SEDANG
201402,2014-02-28,DKI4,88,,7,43,---,13,88,PM10,SEDANG
201402,2014-02-28,DKI5,105,,4,119,86,24,119,CO,TIDAK SEHAT
201401,2014-03-01,DKI1,60,,5,40,68,13,68,O3,SEDANG
201401,2014-03-01,DKI2,55,,9,49,49,16,55,PM10,SEDANG
201401,2014-03-01,DKI3,23,,7,34,76,---,76,O3,SEDANG
201401,2014-03-01,DKI4,55,,8,34,97,8,97,O3,SEDANG
201401,2014-03-01,DKI5,62,,3,35,61,11,62,PM10,SEDANG
201402,2014-03-02,DKI1,---,,4,30,34,15,34,O3,BAIK
201402,2014-03-02,DKI2,36,,1,19,45,14,45,O3,BAIK
201402,2014-03-02,DKI3,28,,6,31,48,---,48,O3,BAIK
201402,2014-03-02,DKI4,---,,6,26,31,8,31,O3,BAIK
201402,2014-03-02,DKI5,42,,2,29,35,13,42,PM10,BAIK
201403,2014-03-03,DKI1,61,,8,33,71,20,71,O3,SEDANG
201403,2014-03-03,DKI2,65,,14,19,81,21,81,O3,SEDANG
201403,2014-03-03,DKI3,25,,9,25,144,6,144,O3,TIDAK SEHAT
201403,2014-03-03,DKI4,56,,10,10,93,13,93,O3,SEDANG
201403,2014-03-03,DKI5,64,,4,28,88,13,88,O3,SEDANG
201404,2014-03-04,DKI1,57,,8,40,86,20,86,O3,SEDANG
201404,2014-03-04,DKI2,60,,13,29,89,19,89,O3,SEDANG
201404,2014-03-04,DKI3,22,,11,24,79,9,79,O3,SEDANG
201404,2014-03-04,DKI4,61,,8,37,71,15,71,O3,SEDANG
201404,2014-03-04,DKI5,69,,4,---,133,12,133,O3,TIDAK SEHAT
201405,2014-03-05,DKI1,76,,6,60,---,39,76,PM10,SEDANG
201405,2014-03-05,DKI2,75,,11,22,64,11,75,PM10,SEDANG
201405,2014-03-05,DKI3,15,,10,40,51,12,51,O3,SEDANG
201405,2014-03-05,DKI4,63,,7,43,52,16,63,PM10,SEDANG
201405,2014-03-05,DKI5,85,,4,97,144,16,144,O3,TIDAK SEHAT
201406,2014-03-06,DKI1,58,,11,28,37,18,58,PM10,SEDANG
201406,2014-03-06,DKI2,79,,13,17,58,15,79,PM10,SEDANG
201406,2014-03-06,DKI3,---,,---,---,---,---,0,,TIDAK ADA DATA
201406,2014-03-06,DKI4,86,,9,18,51,12,86,PM10,SEDANG
201406,2014-03-06,DKI5,75,,8,25,68,15,75,PM10,SEDANG
201407,2014-03-07,DKI1,85,,10,51,55,29,85,PM10,SEDANG
201407,2014-03-07,DKI2,---,,15,31,51,23,51,O3,SEDANG
201407,2014-03-07,DKI3,25,,13,21,85,6,85,O3,SEDANG
201407,2014-03-07,DKI4,76,,10,27,76,13,76,PM10,SEDANG
201407,2014-03-07,DKI5,88,,---,27,96,11,96,O3,SEDANG
201408,2014-03-08,DKI1,52,,8,19,57,11,57,O3,SEDANG
201408,2014-03-08,DKI2,56,,13,17,70,11,70,O3,SEDANG
201408,2014-03-08,DKI3,15,,13,22,77,7,77,O3,SEDANG
201408,2014-03-08,DKI4,77,,10,17,---,11,77,PM10,SEDANG
201408,2014-03-08,DKI5,55,,4,17,64,8,64,O3,SEDANG
201409,2014-03-09,DKI1,58,,12,26,68,18,68,O3,SEDANG
201409,2014-03-09,DKI2,70,,13,14,64,13,70,PM10,SEDANG
201409,2014-03-09,DKI3,40,,17,15,100,7,100,O3,SEDANG
201409,2014-03-09,DKI4,87,,15,9,101,10,101,O3,TIDAK SEHAT
201409,2014-03-09,DKI5,63,,10,13,85,10,85,O3,SEDANG
201410,2014-03-10,DKI1,53,,13,27,49,18,53,PM10,SEDANG
201410,2014-03-10,DKI2,55,,14,10,62,14,62,O3,SEDANG
201410,2014-03-10,DKI3,19,,16,21,24,8,24,O3,BAIK
201410,2014-03-10,DKI4,78,,15,4,83,14,83,O3,SEDANG
201410,2014-03-10,DKI5,65,,10,16,---,16,65,PM10,SEDANG
201411,2014-03-11,DKI1,44,,11,25,71,21,71,O3,SEDANG
201411,2014-03-11,DKI2,---,,25,16,93,21,93,O3,SEDANG
201411,2014-03-11,DKI3,17,,16,13,42,9,42,O3,BAIK
201411,2014-03-11,DKI4,74,,---,5,---,17,74,PM10,SEDANG
201411,2014-03-11,DKI5,53,,9,12,86,10,86,O3,SEDANG
201412,2014-03-12,DKI1,25,,10,23,30,10,30,O3,BAIK
201412,2014-03-12,DKI2,33,,13,13,52,11,52,O3,SEDANG
201412,2014-03-12,DKI3,18,,14,12,7,3,18,PM10,BAIK
201412,2014-03-12,DKI4,39,,11,5,32,6,39,PM10,BAIK
201412,2014-03-12,DKI5,17,,7,6,13,4,17,PM10,BAIK
201403,2014-03-13,DKI1,85,,7,62,60,26,85,PM10,SEDANG
201403,2014-03-13,DKI2,64,,4,34,59,22,64,PM10,SEDANG
201403,2014-03-13,DKI3,43,,10,70,66,12,70,CO,SEDANG
201403,2014-03-13,DKI4,89,,8,11,96,24,96,O3,SEDANG
201403,2014-03-13,DKI5,86,,4,54,60,13,86,PM10,SEDANG
201403,2014-03-14,DKI1,69,,7,36,63,22,69,PM10,SEDANG
201403,2014-03-14,DKI2,57,,4,22,67,18,67,O3,SEDANG
201403,2014-03-14,DKI3,26,,8,34,99,11,99,O3,SEDANG
201403,2014-03-14,DKI4,63,,9,8,85,16,85,O3,SEDANG
201403,2014-03-14,DKI5,75,,4,31,83,18,83,O3,SEDANG
201403,2014-03-15,DKI1,86,,12,67,63,27,86,PM10,SEDANG
201403,2014-03-15,DKI2,76,,8,49,68,23,76,PM10,SEDANG
201403,2014-03-15,DKI3,37,,8,51,138,12,138,O3,TIDAK SEHAT
201403,2014-03-15,DKI4,81,,8,20,108,12,108,O3,TIDAK SEHAT
201403,2014-03-15,DKI5,111,,3,69,90,23,111,PM10,TIDAK SEHAT
201403,2014-03-16,DKI1,80,,4,50,58,14,80,PM10,SEDANG
201403,2014-03-16,DKI2,76,,8,45,61,14,76,PM10,SEDANG
201403,2014-03-16,DKI3,30,,8,49,78,10,78,O3,SEDANG
201403,2014-03-16,DKI4,97,,8,16,76,13,97,PM10,SEDANG
201403,2014-03-16,DKI5,97,,3,48,59,12,97,PM10,SEDANG
201403,2014-03-17,DKI1,80,,4,45,84,26,84,O3,SEDANG
201403,2014-03-17,DKI2,75,,10,36,102,24,102,O3,TIDAK SEHAT
201403,2014-03-17,DKI3,24,,8,27,92,8,92,O3,SEDANG
201403,2014-03-17,DKI4,77,,7,20,146,17,146,O3,TIDAK SEHAT
201403,2014-03-17,DKI5,87,,3,32,108,11,108,O3,TIDAK SEHAT
201403,2014-03-18,DKI1,77,,7,52,71,22,77,PM10,SEDANG
201403,2014-03-18,DKI2,77,,10,41,68,27,77,PM10,SEDANG
201403,2014-03-18,DKI3,28,,8,42,90,10,90,O3,SEDANG
201403,2014-03-18,DKI4,68,,8,14,126,19,126,O3,TIDAK SEHAT
201403,2014-03-18,DKI5,77,,3,51,83,15,83,O3,SEDANG
201403,2014-03-19,DKI1,66,,10,36,70,18,70,O3,SEDANG
201403,2014-03-19,DKI2,86,,9,27,76,25,86,PM10,SEDANG
201403,2014-03-19,DKI3,23,,9,31,66,14,66,O3,SEDANG
201403,2014-03-19,DKI4,57,,10,16,88,11,88,O3,SEDANG
201403,2014-03-19,DKI5,76,,6,30,98,17,98,O3,SEDANG
201403,2014-03-20,DKI1,80,,11,48,107,27,107,O3,TIDAK SEHAT
201403,2014-03-20,DKI2,94,,17,37,141,23,141,O3,TIDAK SEHAT
201403,2014-03-20,DKI3,17,,8,40,146,8,146,O3,TIDAK SEHAT
201403,2014-03-20,DKI4,59,,---,21,142,12,142,O3,TIDAK SEHAT
201403,2014-03-20,DKI5,86,,5,37,195,17,195,O3,TIDAK SEHAT
201403,2014-03-21,DKI1,58,,7,40,63,15,63,O3,SEDANG
201403,2014-03-21,DKI2,51,,6,24,65,19,65,O3,SEDANG
201403,2014-03-21,DKI3,---,,---,---,---,---,0,,TIDAK ADA DATA
201403,2014-03-21,DKI4,56,,---,23,78,14,78,O3,SEDANG
201403,2014-03-21,DKI5,64,,6,18,88,7,88,O3,SEDANG
201403,2014-03-22,DKI1,51,,7,29,42,14,51,PM10,SEDANG
201403,2014-03-22,DKI2,48,,6,17,49,10,49,O3,BAIK
201403,2014-03-22,DKI3,25,,8,30,57,11,57,O3,SEDANG
201403,2014-03-22,DKI4,55,,7,23,62,12,62,O3,SEDANG
201403,2014-03-22,DKI5,64,,4,20,54,9,64,PM10,SEDANG
201403,2014-03-23,DKI1,44,,4,21,51,11,51,O3,SEDANG
201403,2014-03-23,DKI2,38,,5,12,70,12,70,O3,SEDANG
201403,2014-03-23,DKI3,18,,8,28,47,8,47,O3,BAIK
201403,2014-03-23,DKI4,49,,7,13,71,8,71,O3,SEDANG
201403,2014-03-23,DKI5,46,,3,17,70,7,70,O3,SEDANG
201403,2014-03-24,DKI1,68,,4,49,54,14,68,PM10,SEDANG
201403,2014-03-24,DKI2,72,,10,35,51,19,72,PM10,SEDANG
201403,2014-03-24,DKI3,33,,9,48,53,12,53,O3,SEDANG
201403,2014-03-24,DKI4,74,,7,37,68,15,74,PM10,SEDANG
201403,2014-03-24,DKI5,83,,4,50,75,12,83,PM10,SEDANG
201403,2014-03-25,DKI1,54,,4,25,52,12,54,PM10,SEDANG
201403,2014-03-25,DKI2,46,,4,17,53,13,53,O3,SEDANG
201403,2014-03-25,DKI3,31,,10,21,51,10,51,O3,SEDANG
201403,2014-03-25,DKI4,62,,11,21,59,13,62,PM10,SEDANG
201403,2014-03-25,DKI5,62,,3,21,63,9,63,O3,SEDANG
201403,2014-03-26,DKI1,---,,4,33,60,19,60,O3,SEDANG
201403,2014-03-26,DKI2,40,,4,14,58,13,58,O3,SEDANG
201403,2014-03-26,DKI3,25,,8,21,75,13,75,O3,SEDANG
201403,2014-03-26,DKI4,55,,9,14,66,10,66,O3,SEDANG
201403,2014-03-26,DKI5,54,,3,17,83,10,83,O3,SEDANG
201403,2014-03-27,DKI1,---,,10,70,61,31,70,CO,SEDANG
201403,2014-03-27,DKI2,107,,10,56,62,34,107,PM10,TIDAK SEHAT
201403,2014-03-27,DKI3,55,,11,54,114,12,114,O3,TIDAK SEHAT
201403,2014-03-27,DKI4,91,,9,48,114,18,114,O3,TIDAK SEHAT
201403,2014-03-27,DKI5,100,,6,85,65,24,100,PM10,SEDANG
201403,2014-03-28,DKI1,68,,7,35,78,23,78,O3,SEDANG
201403,2014-03-28,DKI2,62,,8,32,163,23,163,O3,TIDAK SEHAT
201403,2014-03-28,DKI3,28,,9,26,100,12,100,O3,SEDANG
201403,2014-03-28,DKI4,58,,7,25,111,15,111,O3,TIDAK SEHAT
201403,2014-03-28,DKI5,63,,---,---,---,---,63,PM10,SEDANG
201403,2014-03-29,DKI1,54,,6,30,70,16,70,O3,SEDANG
201403,2014-03-29,DKI2,67,,11,24,114,20,114,O3,TIDAK SEHAT
201403,2014-03-29,DKI3,20,,9,23,105,11,105,O3,TIDAK SEHAT
201403,2014-03-29,DKI4,52,,9,24,104,13,104,O3,TIDAK SEHAT
201403,2014-03-29,DKI5,66,,5,23,118,13,118,O3,TIDAK SEHAT
201403,2014-03-30,DKI1,53,,6,23,62,14,62,O3,SEDANG
201403,2014-03-30,DKI2,58,,12,18,58,18,58,PM10,SEDANG
201403,2014-03-30,DKI3,26,,9,25,76,13,76,O3,SEDANG
201403,2014-03-30,DKI4,52,,9,17,58,14,58,O3,SEDANG
201403,2014-03-30,DKI5,66,,3,21,91,9,91,O3,SEDANG
201403,2014-03-31,DKI1,57,,7,22,53,8,57,PM10,SEDANG
201403,2014-03-31,DKI2,60,,24,19,54,9,60,PM10,SEDANG
201403,2014-03-31,DKI3,26,,8,37,60,8,60,O3,SEDANG
201403,2014-03-31,DKI4,62,,7,30,55,8,62,PM10,SEDANG
201403,2014-03-31,DKI5,71,,5,29,89,8,89,O3,SEDANG
201401,2014-04-01,DKI1,55,,7,30,56,14,56,O3,SEDANG
201401,2014-04-01,DKI2,42,,5,17,55,10,55,O3,SEDANG
201401,2014-04-01,DKI3,23,,6,36,57,---,57,O3,SEDANG
201401,2014-04-01,DKI4,47,,6,35,57,---,57,O3,SEDANG
201401,2014-04-01,DKI5,53,,7,21,39,10,53,PM10,SEDANG
201402,2014-04-02,DKI1,---,,3,32,46,16,46,O3,BAIK
201402,2014-04-02,DKI2,33,,1,14,54,14,54,O3,SEDANG
201402,2014-04-02,DKI3,23,,6,23,56,---,56,O3,SEDANG
201402,2014-04-02,DKI4,---,,5,26,83,11,83,O3,SEDANG
201402,2014-04-02,DKI5,41,,1,21,51,12,51,O3,SEDANG
201403,2014-04-03,DKI1,59,,8,30,60,17,60,O3,SEDANG
201403,2014-04-03,DKI2,58,,18,15,66,17,66,O3,SEDANG
201403,2014-04-03,DKI3,26,,10,26,156,9,156,O3,TIDAK SEHAT
201403,2014-04-03,DKI4,59,,11,12,120,15,120,O3,TIDAK SEHAT
201403,2014-04-03,DKI5,62,,4,28,79,13,79,O3,SEDANG
201404,2014-04-04,DKI1,65,,5,37,66,20,66,O3,SEDANG
201404,2014-04-04,DKI2,64,,5,22,89,15,89,O3,SEDANG
201404,2014-04-04,DKI3,30,,8,34,59,7,59,O3,SEDANG
201404,2014-04-04,DKI4,69,,---,---,---,---,69,PM10,SEDANG
201404,2014-04-04,DKI5,90,,4,---,146,12,146,O3,TIDAK SEHAT
201405,2014-04-05,DKI1,51,,9,22,54,12,54,O3,SEDANG
201405,2014-04-05,DKI2,59,,12,15,66,11,66,O3,SEDANG
201405,2014-04-05,DKI3,13,,9,32,44,6,44,O3,BAIK
201405,2014-04-05,DKI4,54,,8,16,50,10,54,PM10,SEDANG
201405,2014-04-05,DKI5,65,,5,---,137,9,137,O3,TIDAK SEHAT
201406,2014-04-06,DKI1,56,,9,32,51,16,56,PM10,SEDANG
201406,2014-04-06,DKI2,78,,15,16,67,19,78,PM10,SEDANG
201406,2014-04-06,DKI3,---,,---,---,---,---,0,,TIDAK ADA DATA
201406,2014-04-06,DKI4,89,,9,22,76,19,89,PM10,SEDANG
201406,2014-04-06,DKI5,76,,7,29,87,13,87,O3,SEDANG
201407,2014-04-07,DKI1,69,,15,36,41,18,69,PM10,SEDANG
201407,2014-04-07,DKI2,---,,22,24,49,16,49,O3,BAIK
201407,2014-04-07,DKI3,33,,13,36,80,13,80,O3,SEDANG
201407,2014-04-07,DKI4,88,,12,24,---,15,88,PM10,SEDANG
201407,2014-04-07,DKI5,90,,---,47,62,13,90,PM10,SEDANG
201408,2014-04-08,DKI1,42,,8,21,48,12,48,O3,BAIK
201408,2014-04-08,DKI2,55,,20,15,59,10,59,O3,SEDANG
201408,2014-04-08,DKI3,17,,12,19,65,7,65,O3,SEDANG
201408,2014-04-08,DKI4,60,,9,14,---,9,60,PM10,SEDANG
201408,2014-04-08,DKI5,55,,4,24,---,10,55,PM10,SEDANG
201409,2014-04-09,DKI1,59,,10,29,69,18,69,O3,SEDANG
201409,2014-04-09,DKI2,74,,12,16,67,13,74,PM10,SEDANG
201409,2014-04-09,DKI3,29,,15,17,115,13,115,O3,TIDAK SEHAT
201409,2014-04-09,DKI4,85,,13,9,73,11,85,PM10,SEDANG
201409,2014-04-09,DKI5,64,,8,16,---,10,64,PM10,SEDANG
201410,2014-04-10,DKI1,---,,---,---,---,---,0,,TIDAK ADA DATA
201410,2014-04-10,DKI2,61,,16,18,50,15,61,PM10,SEDANG
201410,2014-04-10,DKI3,16,,16,13,24,5,24,O3,BAIK
201410,2014-04-10,DKI4,74,,14,4,62,10,74,PM10,SEDANG
201410,2014-04-10,DKI5,63,,9,15,---,14,63,PM10,SEDANG
201411,2014-04-11,DKI1,36,,12,28,64,23,64,O3,SEDANG
201411,2014-04-11,DKI2,67,,20,16,94,15,94,O3,SEDANG
201411,2014-04-11,DKI3,14,,20,13,29,9,29,O3,BAIK
201411,2014-04-11,DKI4,70,,13,4,62,10,70,PM10,SEDANG
201411,2014-04-11,DKI5,47,,9,9,89,10,89,O3,SEDANG
201412,2014-04-12,DKI1,28,,11,29,39,16,39,O3,BAIK
201412,2014-04-12,DKI2,36,,15,17,72,19,72,O3,SEDANG
201412,2014-04-12,DKI3,19,,15,14,12,5,19,PM10,BAIK
201412,2014-04-12,DKI4,54,,14,6,77,13,77,O3,SEDANG
201412,2014-04-12,DKI5,22,,8,8,34,5,34,O3,BAIK
201404,2014-04-13,DKI1,45,,18,21,54,15,54,O3,SEDANG
201404,2014-04-13,DKI2,42,,5,14,56,13,56,O3,SEDANG
201404,2014-04-13,DKI3,23,,8,22,42,7,42,O3,BAIK
201404,2014-04-13,DKI4,52,,7,8,30,6,52,PM10,SEDANG
201404,2014-04-13,DKI5,59,,3,13,88,9,88,O3,SEDANG
201404,2014-04-14,DKI1,40,,15,30,48,10,48,O3,BAIK
201404,2014-04-14,DKI2,28,,4,13,59,11,59,O3,SEDANG
201404,2014-04-14,DKI3,21,,8,42,44,8,44,O3,BAIK
201404,2014-04-14,DKI4,56,,7,14,41,7,56,PM10,SEDANG
201404,2014-04-14,DKI5,51,,4,17,87,6,87,O3,SEDANG
201404,2014-04-15,DKI1,36,,16,28,47,14,47,O3,BAIK
201404,2014-04-15,DKI2,33,,4,22,59,15,59,O3,SEDANG
201404,2014-04-15,DKI3,15,,---,51,31,8,51,CO,SEDANG
201404,2014-04-15,DKI4,48,,7,14,39,11,48,PM10,BAIK
201404,2014-04-15,DKI5,49,,4,20,99,7,99,O3,SEDANG
201404,2014-04-16,DKI1,41,,17,36,58,20,58,O3,SEDANG
201404,2014-04-16,DKI2,44,,6,17,82,17,82,O3,SEDANG
201404,2014-04-16,DKI3,27,,---,28,47,7,47,O3,BAIK
201404,2014-04-16,DKI4,52,,9,9,84,10,84,O3,SEDANG
201404,2014-04-16,DKI5,48,,3,10,98,4,98,O3,SEDANG
201404,2014-04-17,DKI1,66,,24,40,88,21,88,O3,SEDANG
201404,2014-04-17,DKI2,68,,9,35,164,26,164,O3,TIDAK SEHAT
201404,2014-04-17,DKI3,18,,11,36,54,10,54,O3,SEDANG
201404,2014-04-17,DKI4,58,,9,14,159,13,159,O3,TIDAK SEHAT
201404,2014-04-17,DKI5,84,,4,21,59,11,84,PM10,SEDANG
201404,2014-04-18,DKI1,66,,25,48,94,16,94,O3,SEDANG
201404,2014-04-18,DKI2,70,,13,27,132,17,132,O3,TIDAK SEHAT
201404,2014-04-18,DKI3,20,,9,30,58,11,58,O3,SEDANG
201404,2014-04-18,DKI4,53,,9,10,125,13,125,O3,TIDAK SEHAT
201404,2014-04-18,DKI5,66,,6,46,158,15,158,O3,TIDAK SEHAT
201404,2014-04-19,DKI1,64,,16,30,66,14,66,O3,SEDANG
201404,2014-04-19,DKI2,64,,12,25,91,15,91,O3,SEDANG
201404,2014-04-19,DKI3,24,,8,28,79,9,79,O3,SEDANG
201404,2014-04-19,DKI4,55,,7,12,59,11,59,O3,SEDANG
201404,2014-04-19,DKI5,55,,4,38,106,14,106,O3,TIDAK SEHAT
201404,2014-04-20,DKI1,34,,18,46,42,15,46,CO,BAIK
201404,2014-04-20,DKI2,43,,4,42,61,19,61,O3,SEDANG
201404,2014-04-20,DKI3,20,,9,42,47,5,47,O3,BAIK
201404,2014-04-20,DKI4,58,,7,32,58,12,58,PM10,SEDANG
201404,2014-04-20,DKI5,51,,3,26,76,13,76,O3,SEDANG
201404,2014-04-21,DKI1,51,,14,25,48,14,51,PM10,SEDANG
201404,2014-04-21,DKI2,56,,7,24,57,16,57,O3,SEDANG
201404,2014-04-21,DKI3,19,,10,28,31,12,31,O3,BAIK
201404,2014-04-21,DKI4,46,,7,25,37,8,46,PM10,BAIK
201404,2014-04-21,DKI5,57,,4,18,94,11,94,O3,SEDANG
201404,2014-04-22,DKI1,27,,11,20,43,9,43,O3,BAIK
201404,2014-04-22,DKI2,31,,4,13,59,18,59,O3,SEDANG
201404,2014-04-22,DKI3,17,,9,18,42,4,42,O3,BAIK
201404,2014-04-22,DKI4,42,,8,15,78,9,78,O3,SEDANG
201404,2014-04-22,DKI5,33,,3,7,51,5,51,O3,SEDANG
201404,2014-04-23,DKI1,60,,25,48,64,13,64,O3,SEDANG
201404,2014-04-23,DKI2,66,,8,32,86,22,86,O3,SEDANG
201404,2014-04-23,DKI3,17,,8,29,36,9,36,O3,BAIK
201404,2014-04-23,DKI4,51,,8,22,68,15,68,O3,SEDANG
201404,2014-04-23,DKI5,64,,4,40,180,12,180,O3,TIDAK SEHAT
201404,2014-04-24,DKI1,43,,17,30,41,11,43,PM10,BAIK
201404,2014-04-24,DKI2,57,,10,25,95,14,95,O3,SEDANG
201404,2014-04-24,DKI3,17,,8,37,42,6,42,O3,BAIK
201404,2014-04-24,DKI4,45,,9,19,66,9,66,O3,SEDANG
201404,2014-04-24,DKI5,54,,4,21,123,6,123,O3,TIDAK SEHAT
201404,2014-04-25,DKI1,29,,17,21,56,9,56,O3,SEDANG
201404,2014-04-25,DKI2,46,,8,14,69,20,69,O3,SEDANG
201404,2014-04-25,DKI3,14,,9,15,30,4,30,O3,BAIK
201404,2014-04-25,DKI4,29,,7,9,42,7,42,O3,BAIK
201404,2014-04-25,DKI5,37,,4,9,64,4,64,O3,SEDANG
201404,2014-04-26,DKI1,40,,6,22,51,12,51,O3,SEDANG
201404,2014-04-26,DKI2,54,,11,18,87,19,87,O3,SEDANG
201404,2014-04-26,DKI3,13,,11,13,66,9,66,O3,SEDANG
201404,2014-04-26,DKI4,39,,9,11,80,9,80,O3,SEDANG
201404,2014-04-26,DKI5,45,,5,13,163,11,163,O3,TIDAK SEHAT
201404,2014-04-27,DKI1,45,,5,23,62,12,62,O3,SEDANG
201404,2014-04-27,DKI2,45,,5,22,97,17,97,O3,SEDANG
201404,2014-04-27,DKI3,13,,9,27,42,6,42,O3,BAIK
201404,2014-04-27,DKI4,51,,7,13,60,6,60,O3,SEDANG
201404,2014-04-27,DKI5,44,,3,14,162,6,162,O3,TIDAK SEHAT
201404,2014-04-28,DKI1,52,,5,35,87,21,87,O3,SEDANG
201404,2014-04-28,DKI2,52,,5,25,91,29,91,O3,SEDANG
201404,2014-04-28,DKI3,14,,9,25,57,4,57,O3,SEDANG
201404,2014-04-28,DKI4,36,,7,27,85,11,85,O3,SEDANG
201404,2014-04-28,DKI5,55,,4,20,178,12,178,O3,TIDAK SEHAT
201404,2014-04-29,DKI1,54,,5,34,86,27,86,O3,SEDANG
201404,2014-04-29,DKI2,60,,7,22,116,17,116,O3,TIDAK SEHAT
201404,2014-04-29,DKI3,15,,8,25,116,8,116,O3,TIDAK SEHAT
201404,2014-04-29,DKI4,48,,7,22,113,12,113,O3,TIDAK SEHAT
201404,2014-04-29,DKI5,54,,5,23,165,13,165,O3,TIDAK SEHAT
201404,2014-04-30,DKI1,56,,5,35,85,29,85,O3,SEDANG
201404,2014-04-30,DKI2,60,,6,23,106,20,106,O3,TIDAK SEHAT
201404,2014-04-30,DKI3,18,,11,23,119,12,119,O3,TIDAK SEHAT
201404,2014-04-30,DKI4,53,,8,15,95,14,95,O3,SEDANG
201404,2014-04-30,DKI5,62,,5,18,85,17,85,O3,SEDANG
201401,2014-05-01,DKI1,39,,4,18,48,10,48,O3,BAIK
201401,2014-05-01,DKI2,29,,1,13,37,7,37,O3,BAIK
201401,2014-05-01,DKI3,16,,6,13,21,---,21,O3,BAIK
201401,2014-05-01,DKI4,29,,5,13,46,---,46,O3,BAIK
201401,2014-05-01,DKI5,36,,3,11,23,3,36,PM10,BAIK
201402,2014-05-02,DKI1,---,,2,37,53,16,53,O3,SEDANG
201402,2014-05-02,DKI2,43,,1,17,71,19,71,O3,SEDANG
201402,2014-05-02,DKI3,63,,7,62,62,10,63,PM10,SEDANG
201402,2014-05-02,DKI4,53,,6,44,85,11,85,O3,SEDANG
201402,2014-05-02,DKI5,71,,2,53,51,15,71,PM10,SEDANG
201403,2014-05-03,DKI1,65,,6,31,60,16,65,PM10,SEDANG
201403,2014-05-03,DKI2,51,,5,13,56,21,56,O3,SEDANG
201403,2014-05-03,DKI3,25,,10,20,67,12,67,O3,SEDANG
201403,2014-05-03,DKI4,63,,8,9,98,15,98,O3,SEDANG
201403,2014-05-03,DKI5,62,,4,19,63,8,63,O3,SEDANG
201404,2014-05-04,DKI1,71,,25,72,78,20,78,O3,SEDANG
201404,2014-05-04,DKI2,74,,13,38,85,21,85,O3,SEDANG
201404,2014-05-04,DKI3,26,,9,34,83,8,83,O3,SEDANG
201404,2014-05-04,DKI4,61,,8,18,82,16,82,O3,SEDANG
201404,2014-05-04,DKI5,83,,6,52,162,12,162,O3,TIDAK SEHAT
201405,2014-05-05,DKI1,50,,8,27,53,14,53,O3,SEDANG
201405,2014-05-05,DKI2,57,,8,13,64,10,64,O3,SEDANG
201405,2014-05-05,DKI3,---,,10,39,67,8,67,O3,SEDANG
201405,2014-05-05,DKI4,53,,7,21,55,9,55,O3,SEDANG
201405,2014-05-05,DKI5,66,,5,---,94,12,94,O3,SEDANG
201406,2014-05-06,DKI1,51,,10,36,61,22,61,O3,SEDANG
201406,2014-05-06,DKI2,78,,12,14,84,18,84,O3,SEDANG
201406,2014-05-06,DKI3,---,,---,---,---,---,0,,TIDAK ADA DATA
201406,2014-05-06,DKI4,94,,9,18,68,11,94,PM10,SEDANG
201406,2014-05-06,DKI5,88,,7,25,135,11,135,O3,TIDAK SEHAT
201407,2014-05-07,DKI1,53,,9,27,45,22,53,PM10,SEDANG
201407,2014-05-07,DKI2,---,,15,11,42,11,42,O3,BAIK
201407,2014-05-07,DKI3,24,,11,16,70,7,70,O3,SEDANG
201407,2014-05-07,DKI4,70,,9,12,52,10,70,PM10,SEDANG
201407,2014-05-07,DKI5,57,,8,16,61,10,61,O3,SEDANG
201408,2014-05-08,DKI1,44,,10,17,43,11,44,PM10,BAIK
201408,2014-05-08,DKI2,57,,14,11,61,11,61,O3,SEDANG
201408,2014-05-08,DKI3,15,,13,18,48,6,48,O3,BAIK
201408,2014-05-08,DKI4,59,,11,8,---,8,59,PM10,SEDANG
201408,2014-05-08,DKI5,53,,4,14,---,9,53,PM10,SEDANG
201409,2014-05-09,DKI1,52,,10,32,66,25,66,O3,SEDANG
201409,2014-05-09,DKI2,73,,16,15,62,18,73,PM10,SEDANG
201409,2014-05-09,DKI3,22,,14,18,77,13,77,O3,SEDANG
201409,2014-05-09,DKI4,76,,13,10,88,14,88,O3,SEDANG
201409,2014-05-09,DKI5,58,,7,15,86,8,86,O3,SEDANG
201410,2014-05-10,DKI1,---,,---,---,---,---,0,,TIDAK ADA DATA
201410,2014-05-10,DKI2,61,,13,26,80,17,80,O3,SEDANG
201410,2014-05-10,DKI3,17,,15,22,28,10,28,O3,BAIK
201410,2014-05-10,DKI4,78,,15,6,69,15,78,PM10,SEDANG
201410,2014-05-10,DKI5,67,,8,17,69,9,69,O3,SEDANG
201411,2014-05-11,DKI1,30,,10,27,51,22,51,O3,SEDANG
201411,2014-05-11,DKI2,57,,17,9,71,13,71,O3,SEDANG
201411,2014-05-11,DKI3,12,,16,11,26,12,26,O3,BAIK
201411,2014-05-11,DKI4,59,,13,3,62,11,62,O3,SEDANG
201411,2014-05-11,DKI5,44,,8,12,67,10,67,O3,SEDANG
201412,2014-05-12,DKI1,34,,11,28,72,23,72,O3,SEDANG
201412,2014-05-12,DKI2,50,,18,16,103,16,103,O3,TIDAK SEHAT
201412,2014-05-12,DKI3,27,,15,28,10,8,28,CO,BAIK
201412,2014-05-12,DKI4,68,,15,5,64,16,68,PM10,SEDANG
201412,2014-05-12,DKI5,24,,8,11,66,10,66,O3,SEDANG
201405,2014-05-13,DKI1,68,,5,36,100,20,100,O3,SEDANG
201405,2014-05-13,DKI2,71,,9,21,148,19,148,O3,TIDAK SEHAT
201405,2014-05-13,DKI3,19,,10,32,71,7,71,O3,SEDANG
201405,2014-05-13,DKI4,57,,7,19,108,12,108,O3,TIDAK SEHAT
201405,2014-05-13,DKI5,89,,6,---,200,10,200,O3,SANGAT TIDAK SEHAT
201405,2014-05-14,DKI1,52,,6,37,69,24,69,O3,SEDANG
201405,2014-05-14,DKI2,57,,10,15,87,19,87,O3,SEDANG
201405,2014-05-14,DKI3,26,,10,19,93,10,93,O3,SEDANG
201405,2014-05-14,DKI4,51,,8,19,91,16,91,O3,SEDANG
201405,2014-05-14,DKI5,58,,5,---,195,10,195,O3,TIDAK SEHAT
201405,2014-05-15,DKI1,54,,9,32,70,19,70,O3,SEDANG
201405,2014-05-15,DKI2,59,,14,19,83,23,83,O3,SEDANG
201405,2014-05-15,DKI3,23,,10,15,69,6,69,O3,SEDANG
201405,2014-05-15,DKI4,60,,9,22,68,15,68,O3,SEDANG
201405,2014-05-15,DKI5,62,,6,21,139,9,139,O3,TIDAK SEHAT
201405,2014-05-16,DKI1,57,,10,37,45,21,57,PM10,SEDANG
201405,2014-05-16,DKI2,58,,14,26,65,25,65,O3,SEDANG
201405,2014-05-16,DKI3,17,,12,29,72,7,72,O3,SEDANG
201405,2014-05-16,DKI4,52,,11,29,56,12,56,O3,SEDANG
201405,2014-05-16,DKI5,69,,4,37,75,10,75,O3,SEDANG
201405,2014-05-17,DKI1,51,,9,28,42,12,51,PM10,SEDANG
201405,2014-05-17,DKI2,55,,12,26,69,16,69,O3,SEDANG
201405,2014-05-17,DKI3,14,,10,16,77,8,77,O3,SEDANG
201405,2014-05-17,DKI4,52,,9,25,65,8,65,O3,SEDANG
201405,2014-05-17,DKI5,52,,4,22,106,13,106,O3,TIDAK SEHAT
201405,2014-05-18,DKI1,54,,8,28,84,17,84,O3,SEDANG
201405,2014-05-18,DKI2,56,,12,22,103,13,103,O3,TIDAK SEHAT
201405,2014-05-18,DKI3,24,,10,29,78,7,78,O3,SEDANG
201405,2014-05-18,DKI4,57,,8,26,64,8,64,O3,SEDANG
201405,2014-05-18,DKI5,60,,6,27,190,9,190,O3,TIDAK SEHAT
201405,2014-05-19,DKI1,65,,8,38,74,27,74,O3,SEDANG
201405,2014-05-19,DKI2,58,,7,26,80,19,80,O3,SEDANG
201405,2014-05-19,DKI3,19,,11,19,112,7,112,O3,TIDAK SEHAT
201405,2014-05-19,DKI4,60,,9,25,73,14,73,O3,SEDANG
201405,2014-05-19,DKI5,74,,5,30,121,11,121,O3,TIDAK SEHAT
201405,2014-05-20,DKI1,68,,8,36,59,21,68,PM10,SEDANG
201405,2014-05-20,DKI2,68,,17,19,74,19,74,O3,SEDANG
201405,2014-05-20,DKI3,27,,10,24,75,11,75,O3,SEDANG
201405,2014-05-20,DKI4,60,,8,20,58,17,60,PM10,SEDANG
201405,2014-05-20,DKI5,58,,7,34,133,20,133,O3,TIDAK SEHAT
201405,2014-05-21,DKI1,63,,8,41,60,16,63,PM10,SEDANG
201405,2014-05-21,DKI2,68,,10,21,80,18,80,O3,SEDANG
201405,2014-05-21,DKI3,20,,11,21,78,7,78,O3,SEDANG
201405,2014-05-21,DKI4,70,,8,26,76,15,76,O3,SEDANG
201405,2014-05-21,DKI5,75,,6,31,153,13,153,O3,TIDAK SEHAT
201405,2014-05-22,DKI1,45,,7,30,42,14,45,PM10,BAIK
201405,2014-05-22,DKI2,56,,10,14,67,15,67,O3,SEDANG
201405,2014-05-22,DKI3,22,,10,20,74,8,74,O3,SEDANG
201405,2014-05-22,DKI4,57,,8,16,64,12,64,O3,SEDANG
201405,2014-05-22,DKI5,59,,6,18,108,13,108,O3,TIDAK SEHAT
201405,2014-05-23,DKI1,47,,7,39,49,20,49,O3,BAIK
201405,2014-05-23,DKI2,63,,18,20,71,17,71,O3,SEDANG
201405,2014-05-23,DKI3,24,,10,21,73,9,73,O3,SEDANG
201405,2014-05-23,DKI4,55,,8,23,69,10,69,O3,SEDANG
201405,2014-05-23,DKI5,57,,5,28,93,15,93,O3,SEDANG
201405,2014-05-24,DKI1,60,,7,42,51,18,60,PM10,SEDANG
201405,2014-05-24,DKI2,84,,20,22,76,16,84,PM10,SEDANG
201405,2014-05-24,DKI3,20,,10,49,64,13,64,O3,SEDANG
201405,2014-05-24,DKI4,68,,8,26,53,16,68,PM10,SEDANG
201405,2014-05-24,DKI5,77,,6,41,104,20,104,O3,TIDAK SEHAT
201405,2014-05-25,DKI1,61,,7,30,43,12,61,PM10,SEDANG
201405,2014-05-25,DKI2,---,,---,---,---,---,0,,TIDAK ADA DATA
201405,2014-05-25,DKI3,21,,10,38,51,9,51,O3,SEDANG
201405,2014-05-25,DKI4,70,,8,32,48,9,70,PM10,SEDANG
201405,2014-05-25,DKI5,78,,6,41,109,12,109,O3,TIDAK SEHAT
201405,2014-05-26,DKI1,---,,7,26,39,13,39,O3,BAIK
201405,2014-05-26,DKI2,53,,11,11,61,7,61,O3,SEDANG
201405,2014-05-26,DKI3,20,,11,21,51,9,51,O3,SEDANG
201405,2014-05-26,DKI4,60,,8,12,53,10,60,PM10,SEDANG
201405,2014-05-26,DKI5,57,,6,26,114,14,114,O3,TIDAK SEHAT
201405,2014-05-27,DKI1,---,,8,53,96,20,96,O3,SEDANG
201405,2014-05-27,DKI2,81,,20,40,123,16,123,O3,TIDAK SEHAT
201405,2014-05-27,DKI3,29,,10,42,86,6,86,O3,SEDANG
201405,2014-05-27,DKI4,78,,8,46,81,11,81,O3,SEDANG
201405,2014-05-27,DKI5,77,,5,45,211,11,211,O3,SANGAT TIDAK SEHAT
201405,2014-05-28,DKI1,---,,6,37,76,26,76,O3,SEDANG
201405,2014-05-28,DKI2,57,,17,17,85,15,85,O3,SEDANG
201405,2014-05-28,DKI3,40,,10,17,75,6,75,O3,SEDANG
201405,2014-05-28,DKI4,55,,7,14,71,10,71,O3,SEDANG
201405,2014-05-28,DKI5,59,,5,---,161,10,161,O3,TIDAK SEHAT
201405,2014-05-29,DKI1,50,,7,35,44,14,50,PM10,BAIK
201405,2014-05-29,DKI2,59,,12,14,65,10,65,O3,SEDANG
201405,2014-05-29,DKI3,38,,11,26,82,9,82,O3,SEDANG
201405,2014-05-29,DKI4,60,,8,19,59,7,60,PM10,SEDANG
201405,2014-05-29,DKI5,55,,7,---,126,9,126,O3,TIDAK SEHAT
201405,2014-05-30,DKI1,58,,10,31,54,19,58,PM10,SEDANG
201405,2014-05-30,DKI2,77,,22,23,68,13,77,PM10,SEDANG
201405,2014-05-30,DKI3,48,,11,29,84,8,84,O3,SEDANG
201405,2014-05-30,DKI4,76,,9,20,86,13,86,O3,SEDANG
201405,2014-05-30,DKI5,67,,8,25,99,12,99,O3,SEDANG
201405,2014-05-31,DKI1,62,,7,43,52,21,62,PM10,SEDANG
201405,2014-05-31,DKI2,59,,9,24,87,17,87,O3,SEDANG
201405,2014-05-31,DKI3,---,,---,---,---,---,0,,TIDAK ADA DATA
201405,2014-05-31,DKI4,57,,8,23,84,16,84,O3,SEDANG
201405,2014-05-31,DKI5,59,,4,25,100,12,100,O3,SEDANG
201401,2014-06-01,DKI1,27,,2,18,45,6,45,O3,BAIK
201401,2014-06-01,DKI2,18,,1,12,39,9,39,O3,BAIK
201401,2014-06-01,DKI3,15,,5,7,17,---,17,O3,BAIK
201401,2014-06-01,DKI4,20,,5,7,35,---,35,O3,BAIK
201401,2014-06-01,DKI5,21,,1,7,23,3,23,O3,BAIK
201402,2014-06-02,DKI1,51,,2,40,48,17,51,PM10,SEDANG
201402,2014-06-02,DKI2,41,,1,20,61,18,61,O3,SEDANG
201402,2014-06-02,DKI3,63,,7,49,53,4,63,PM10,SEDANG
201402,2014-06-02,DKI4,51,,5,40,83,9,83,O3,SEDANG
201402,2014-06-02,DKI5,55,,2,22,46,11,55,PM10,SEDANG
201403,2014-06-03,DKI1,88,,10,42,101,26,101,O3,TIDAK SEHAT
201403,2014-06-03,DKI2,99,,16,34,94,28,99,PM10,SEDANG
201403,2014-06-03,DKI3,25,,10,48,155,15,155,O3,TIDAK SEHAT
201403,2014-06-03,DKI4,70,,10,18,100,21,100,O3,SEDANG
201403,2014-06-03,DKI5,105,,6,54,190,19,190,O3,TIDAK SEHAT
201404,2014-06-04,DKI1,39,,13,20,56,12,56,O3,SEDANG
201404,2014-06-04,DKI2,40,,6,13,70,13,70,O3,SEDANG
201404,2014-06-04,DKI3,15,,9,16,66,6,66,O3,SEDANG
201404,2014-06-04,DKI4,36,,8,8,52,12,52,O3,SEDANG
201404,2014-06-04,DKI5,53,,4,14,94,9,94,O3,SEDANG
201405,2014-06-05,DKI1,55,,8,28,55,13,55,PM10,SEDANG
201405,2014-06-05,DKI2,60,,10,11,71,12,71,O3,SEDANG
201405,2014-06-05,DKI3,---,,11,19,60,6,60,O3,SEDANG
201405,2014-06-05,DKI4,55,,8,15,56,13,56,O3,SEDANG
201405,2014-06-05,DKI5,63,,7,---,107,12,107,O3,TIDAK SEHAT
201406,2014-06-06,DKI1,65,,9,42,43,26,65,PM10,SEDANG
201406,2014-06-06,DKI2,73,,8,34,63,24,73,PM10,SEDANG
201406,2014-06-06,DKI3,40,,11,26,80,10,80,O3,SEDANG
201406,2014-06-06,DKI4,84,,9,27,66,17,84,PM10,SEDANG
201406,2014-06-06,DKI5,82,,6,29,94,14,94,O3,SEDANG
201407,2014-06-07,DKI1,45,,7,21,44,13,45,PM10,BAIK
201407,2014-06-07,DKI2,---,,8,17,48,14,48,O3,BAIK
201407,2014-06-07,DKI3,15,,11,12,53,4,53,O3,SEDANG
201407,2014-06-07,DKI4,55,,9,11,37,9,55,PM10,SEDANG
201407,2014-06-07,DKI5,56,,5,17,61,11,61,O3,SEDANG
201408,2014-06-08,DKI1,39,,11,14,39,7,39,PM10,BAIK
201408,2014-06-08,DKI2,57,,31,9,51,7,57,PM10,SEDANG
201408,2014-06-08,DKI3,14,,15,10,40,7,40,O3,BAIK
201408,2014-06-08,DKI4,53,,12,6,---,8,53,PM10,SEDANG
201408,2014-06-08,DKI5,36,,4,9,---,6,36,PM10,BAIK
201409,2014-06-09,DKI1,51,,10,30,94,18,94,O3,SEDANG
201409,2014-06-09,DKI2,61,,13,14,97,15,97,O3,SEDANG
201409,2014-06-09,DKI3,14,,14,12,82,5,82,O3,SEDANG
201409,2014-06-09,DKI4,59,,12,8,95,15,95,O3,SEDANG
201409,2014-06-09,DKI5,60,,9,12,82,7,82,O3,SEDANG
201410,2014-06-10,DKI1,---,,---,---,---,---,0,,TIDAK ADA DATA
201410,2014-06-10,DKI2,72,,27,22,76,24,76,O3,SEDANG
201410,2014-06-10,DKI3,19,,17,14,28,9,28,O3,BAIK
201410,2014-06-10,DKI4,82,,15,5,71,25,82,PM10,SEDANG
201410,2014-06-10,DKI5,66,,9,16,124,10,124,O3,TIDAK SEHAT
201411,2014-06-11,DKI1,51,,11,31,59,20,59,O3,SEDANG
201411,2014-06-11,DKI2,64,,17,19,72,16,72,O3,SEDANG
201411,2014-06-11,DKI3,12,,16,15,33,12,33,O3,BAIK
201411,2014-06-11,DKI4,71,,15,5,76,14,76,O3,SEDANG
201411,2014-06-11,DKI5,56,,8,16,90,9,90,O3,SEDANG
201412,2014-06-12,DKI1,36,,10,33,40,10,40,O3,BAIK
201412,2014-06-12,DKI2,54,,14,43,53,13,54,PM10,SEDANG
201412,2014-06-12,DKI3,13,,14,22,7,5,22,CO,BAIK
201412,2014-06-12,DKI4,47,,11,7,29,10,47,PM10,BAIK
201412,2014-06-12,DKI5,16,,8,17,---,8,17,CO,BAIK
201406,2014-06-13,DKI1,34,,6,39,116,28,116,O3,TIDAK SEHAT
201406,2014-06-13,DKI2,---,,---,---,---,---,0,,TIDAK ADA DATA
201406,2014-06-13,DKI3,31,,10,18,138,11,138,O3,TIDAK SEHAT
201406,2014-06-13,DKI4,45,,9,15,101,9,101,O3,TIDAK SEHAT
201406,2014-06-13,DKI5,52,,5,25,205,17,205,O3,SANGAT TIDAK SEHAT
201406,2014-06-14,DKI1,71,,9,65,46,24,71,PM10,SEDANG
201406,2014-06-14,DKI2,---,,---,---,---,---,0,,TIDAK ADA DATA
201406,2014-06-14,DKI3,35,,10,28,61,8,61,O3,SEDANG
201406,2014-06-14,DKI4,75,,9,41,51,15,75,PM10,SEDANG
201406,2014-06-14,DKI5,78,,6,47,---,18,78,PM10,SEDANG
201406,2014-06-15,DKI1,53,,6,34,51,16,53,PM10,SEDANG
201406,2014-06-15,DKI2,---,,---,---,---,---,0,,TIDAK ADA DATA
201406,2014-06-15,DKI3,30,,10,28,48,10,48,O3,BAIK
201406,2014-06-15,DKI4,53,,8,25,65,12,65,O3,SEDANG
201406,2014-06-15,DKI5,53,,4,35,---,11,53,PM10,SEDANG
201406,2014-06-16,DKI1,58,,9,43,63,21,63,O3,SEDANG
201406,2014-06-16,DKI2,---,,---,---,---,---,0,,TIDAK ADA DATA
201406,2014-06-16,DKI3,19,,12,23,86,12,86,O3,SEDANG
201406,2014-06-16,DKI4,60,,11,23,58,8,60,PM10,SEDANG
201406,2014-06-16,DKI5,55,,6,32,---,16,55,PM10,SEDANG
201406,2014-06-17,DKI1,43,,8,35,62,17,62,O3,SEDANG
201406,2014-06-17,DKI2,---,,---,---,---,---,0,,TIDAK ADA DATA
201406,2014-06-17,DKI3,20,,12,19,82,10,82,O3,SEDANG
201406,2014-06-17,DKI4,54,,10,26,77,11,77,O3,SEDANG
201406,2014-06-17,DKI5,53,,7,24,117,14,117,O3,TIDAK SEHAT
201406,2014-06-18,DKI1,54,,10,29,45,17,54,PM10,SEDANG
201406,2014-06-18,DKI2,---,,---,---,---,---,0,,TIDAK ADA DATA
201406,2014-06-18,DKI3,27,,11,30,75,11,75,O3,SEDANG
201406,2014-06-18,DKI4,63,,9,24,54,10,63,PM10,SEDANG
201406,2014-06-18,DKI5,66,,6,34,87,16,87,O3,SEDANG
201406,2014-06-19,DKI1,40,,10,31,56,18,56,O3,SEDANG
201406,2014-06-19,DKI2,56,,15,16,77,24,77,O3,SEDANG
201406,2014-06-19,DKI3,17,,11,16,73,8,73,O3,SEDANG
201406,2014-06-19,DKI4,57,,10,11,51,9,57,PM10,SEDANG
201406,2014-06-19,DKI5,51,,5,22,66,12,66,O3,SEDANG
201406,2014-06-20,DKI1,61,,10,31,40,14,61,PM10,SEDANG
201406,2014-06-20,DKI2,69,,17,25,68,17,69,PM10,SEDANG
201406,2014-06-20,DKI3,32,,12,26,58,8,58,O3,SEDANG
201406,2014-06-20,DKI4,67,,11,23,38,18,67,PM10,SEDANG
201406,2014-06-20,DKI5,66,,7,31,59,13,66,PM10,SEDANG
201406,2014-06-21,DKI1,53,,9,23,46,11,53,PM10,SEDANG
201406,2014-06-21,DKI2,60,,15,13,70,13,70,O3,SEDANG
201406,2014-06-21,DKI3,24,,11,28,50,9,50,O3,BAIK
201406,2014-06-21,DKI4,71,,9,14,43,9,71,PM10,SEDANG
201406,2014-06-21,DKI5,63,,7,27,69,11,69,O3,SEDANG
201406,2014-06-22,DKI1,84,,8,69,79,26,84,PM10,SEDANG
201406,2014-06-22,DKI2,72,,16,41,112,21,112,O3,TIDAK SEHAT
201406,2014-06-22,DKI3,23,,11,50,42,11,50,CO,BAIK
201406,2014-06-22,DKI4,79,,9,25,89,18,89,O3,SEDANG
201406,2014-06-22,DKI5,79,,5,80,88,18,88,O3,SEDANG
201406,2014-06-23,DKI1,60,,9,34,52,14,60,PM10,SEDANG
201406,2014-06-23,DKI2,65,,12,25,92,17,92,O3,SEDANG
201406,2014-06-23,DKI3,25,,12,23,67,12,67,O3,SEDANG
201406,2014-06-23,DKI4,79,,11,22,85,15,85,O3,SEDANG
201406,2014-06-23,DKI5,---,,---,---,---,---,0,,TIDAK ADA DATA
201406,2014-06-24,DKI1,55,,8,24,47,13,55,PM10,SEDANG
201406,2014-06-24,DKI2,59,,13,17,70,12,70,O3,SEDANG
201406,2014-06-24,DKI3,23,,12,40,49,8,49,O3,BAIK
201406,2014-06-24,DKI4,68,,9,20,46,7,68,PM10,SEDANG
201406,2014-06-24,DKI5,---,,---,---,---,---,0,,TIDAK ADA DATA
201406,2014-06-25,DKI1,55,,9,24,46,14,55,PM10,SEDANG
201406,2014-06-25,DKI2,61,,15,14,62,11,62,O3,SEDANG
201406,2014-06-25,DKI3,21,,11,32,66,11,66,O3,SEDANG
201406,2014-06-25,DKI4,79,,10,30,61,8,79,PM10,SEDANG
201406,2014-06-25,DKI5,---,,---,---,---,---,0,,TIDAK ADA DATA
201406,2014-06-26,DKI1,54,,8,35,29,24,54,PM10,SEDANG
201406,2014-06-26,DKI2,---,,11,26,58,20,58,O3,SEDANG
201406,2014-06-26,DKI3,17,,11,23,46,15,46,O3,BAIK
201406,2014-06-26,DKI4,60,,9,28,41,13,60,PM10,SEDANG
201406,2014-06-26,DKI5,51,,6,34,67,19,67,O3,SEDANG
201406,2014-06-27,DKI1,92,,11,52,52,22,92,PM10,SEDANG
201406,2014-06-27,DKI2,---,,13,42,43,25,43,O3,BAIK
201406,2014-06-27,DKI3,30,,13,43,75,11,75,O3,SEDANG
201406,2014-06-27,DKI4,87,,10,57,61,17,87,PM10,SEDANG
201406,2014-06-27,DKI5,95,,---,50,---,17,95,PM10,SEDANG
201406,2014-06-28,DKI1,53,,7,31,57,17,57,O3,SEDANG
201406,2014-06-28,DKI2,---,,9,20,83,20,83,O3,SEDANG
201406,2014-06-28,DKI3,13,,11,21,48,6,48,O3,BAIK
201406,2014-06-28,DKI4,64,,10,20,92,13,92,O3,SEDANG
201406,2014-06-28,DKI5,55,,---,17,80,9,80,O3,SEDANG
201406,2014-06-29,DKI1,73,,11,26,66,19,73,PM10,SEDANG
201406,2014-06-29,DKI2,---,,12,15,66,10,66,O3,SEDANG
201406,2014-06-29,DKI3,39,,14,20,68,7,68,O3,SEDANG
201406,2014-06-29,DKI4,90,,15,17,88,13,90,PM10,SEDANG
201406,2014-06-29,DKI5,73,,---,23,83,17,83,O3,SEDANG
201406,2014-06-30,DKI1,56,,8,34,75,22,75,O3,SEDANG
201406,2014-06-30,DKI2,---,,11,26,98,15,98,O3,SEDANG
201406,2014-06-30,DKI3,22,,12,19,65,6,65,O3,SEDANG
201406,2014-06-30,DKI4,75,,11,21,94,13,94,O3,SEDANG
201406,2014-06-30,DKI5,67,,---,23,117,10,117,O3,TIDAK SEHAT
201401,2014-07-01,DKI1,40,,5,27,52,13,52,O3,SEDANG
201401,2014-07-01,DKI2,27,,2,15,45,8,45,O3,BAIK
201401,2014-07-01,DKI3,23,,6,11,39,---,39,O3,BAIK
201401,2014-07-01,DKI4,27,,7,11,52,---,52,O3,SEDANG
201401,2014-07-01,DKI5,26,,4,9,33,6,33,O3,BAIK
201402,2014-07-02,DKI1,56,,4,35,47,13,56,PM10,SEDANG
201402,2014-07-02,DKI2,46,,3,18,56,16,56,O3,SEDANG
201402,2014-07-02,DKI3,51,,6,34,49,---,51,PM10,SEDANG
201402,2014-07-02,DKI4,46,,6,37,66,8,66,O3,SEDANG
201402,2014-07-02,DKI5,55,,3,19,58,8,58,O3,SEDANG
201403,2014-07-03,DKI1,77,,6,38,70,26,77,PM10,SEDANG
201403,2014-07-03,DKI2,77,,14,27,101,24,101,O3,TIDAK SEHAT
201403,2014-07-03,DKI3,28,,8,35,85,14,85,O3,SEDANG
201403,2014-07-03,DKI4,58,,7,6,85,17,85,O3,SEDANG
201403,2014-07-03,DKI5,80,,5,36,98,20,98,O3,SEDANG
201404,2014-07-04,DKI1,42,,17,30,57,17,57,O3,SEDANG
201404,2014-07-04,DKI2,34,,4,17,64,16,64,O3,SEDANG
201404,2014-07-04,DKI3,14,,8,11,44,4,44,O3,BAIK
201404,2014-07-04,DKI4,28,,8,9,41,8,41,O3,BAIK
201404,2014-07-04,DKI5,46,,3,12,119,9,119,O3,TIDAK SEHAT
201405,2014-07-05,DKI1,48,,6,26,66,19,66,O3,SEDANG
201405,2014-07-05,DKI2,60,,6,12,79,14,79,O3,SEDANG
201405,2014-07-05,DKI3,---,,9,23,84,6,84,O3,SEDANG
201405,2014-07-05,DKI4,---,,8,15,74,11,74,O3,SEDANG
201405,2014-07-05,DKI5,72,,5,---,144,10,144,O3,TIDAK SEHAT
201406,2014-07-06,DKI1,61,,13,32,52,17,61,PM10,SEDANG
201406,2014-07-06,DKI2,83,,15,21,63,14,83,PM10,SEDANG
201406,2014-07-06,DKI3,65,,13,48,81,12,81,O3,SEDANG
201406,2014-07-06,DKI4,111,,11,21,56,12,111,PM10,TIDAK SEHAT
201406,2014-07-06,DKI5,96,,8,43,79,13,96,PM10,SEDANG
201407,2014-07-07,DKI1,47,,8,43,40,24,47,PM10,BAIK
201407,2014-07-07,DKI2,---,,16,17,51,18,51,O3,SEDANG
201407,2014-07-07,DKI3,19,,13,16,59,9,59,O3,SEDANG
201407,2014-07-07,DKI4,45,,10,12,53,12,53,O3,SEDANG
201407,2014-07-07,DKI5,51,,7,20,80,12,80,O3,SEDANG
201408,2014-07-08,DKI1,45,,10,21,49,11,49,O3,BAIK
201408,2014-07-08,DKI2,62,,19,10,54,11,62,PM10,SEDANG
201408,2014-07-08,DKI3,21,,14,19,63,9,63,O3,SEDANG
201408,2014-07-08,DKI4,64,,12,7,---,8,64,PM10,SEDANG
201408,2014-07-08,DKI5,56,,8,17,---,13,56,PM10,SEDANG
201409,2014-07-09,DKI1,57,,10,27,67,18,67,O3,SEDANG
201409,2014-07-09,DKI2,67,,13,22,87,17,87,O3,SEDANG
201409,2014-07-09,DKI3,36,,15,20,89,11,89,O3,SEDANG
201409,2014-07-09,DKI4,68,,14,12,89,15,89,O3,SEDANG
201409,2014-07-09,DKI5,67,,7,20,---,9,67,PM10,SEDANG
201410,2014-07-10,DKI1,---,,---,---,---,---,0,,TIDAK ADA DATA
201410,2014-07-10,DKI2,70,,27,20,61,18,70,PM10,SEDANG
201410,2014-07-10,DKI3,19,,17,17,28,11,28,O3,BAIK
201410,2014-07-10,DKI4,83,,18,5,75,14,83,PM10,SEDANG
201410,2014-07-10,DKI5,68,,9,17,77,9,77,O3,SEDANG
201411,2014-07-11,DKI1,57,,10,33,56,21,57,PM10,SEDANG
201411,2014-07-11,DKI2,78,,16,19,69,13,78,PM10,SEDANG
201411,2014-07-11,DKI3,24,,16,21,35,10,35,O3,BAIK
201411,2014-07-11,DKI4,82,,14,6,92,10,92,O3,SEDANG
201411,2014-07-11,DKI5,71,,9,21,94,13,94,O3,SEDANG
201412,2014-07-12,DKI1,43,,9,51,40,9,51,CO,SEDANG
201412,2014-07-12,DKI2,52,,15,39,56,11,56,O3,SEDANG
201412,2014-07-12,DKI3,14,,15,32,8,6,32,CO,BAIK
201412,2014-07-12,DKI4,55,,11,15,19,8,55,PM10,SEDANG
201412,2014-07-12,DKI5,20,,7,40,---,8,40,CO,BAIK
201407,2014-07-13,DKI1,69,,6,52,41,18,69,PM10,SEDANG
201407,2014-07-13,DKI2,---,,8,42,30,26,42,CO,BAIK
201407,2014-07-13,DKI3,10,,11,28,30,10,30,O3,BAIK
201407,2014-07-13,DKI4,68,,10,29,---,16,68,PM10,SEDANG
201407,2014-07-13,DKI5,70,,---,28,31,12,70,PM10,SEDANG
201407,2014-07-14,DKI1,50,,8,33,45,17,50,PM10,BAIK
201407,2014-07-14,DKI2,---,,12,19,140,20,140,O3,TIDAK SEHAT
201407,2014-07-14,DKI3,17,,11,11,31,9,31,O3,BAIK
201407,2014-07-14,DKI4,37,,11,10,26,12,37,PM10,BAIK
201407,2014-07-14,DKI5,55,,---,21,---,16,55,PM10,SEDANG
201407,2014-07-15,DKI1,55,,10,30,41,19,55,PM10,SEDANG
201407,2014-07-15,DKI2,---,,23,17,84,17,84,O3,SEDANG
201407,2014-07-15,DKI3,21,,14,20,79,8,79,O3,SEDANG
201407,2014-07-15,DKI4,62,,13,12,---,13,62,PM10,SEDANG
201407,2014-07-15,DKI5,70,,---,23,---,12,70,PM10,SEDANG
201407,2014-07-16,DKI1,44,,7,45,56,21,56,O3,SEDANG
201407,2014-07-16,DKI2,---,,11,19,58,23,58,O3,SEDANG
201407,2014-07-16,DKI3,16,,12,19,94,8,94,O3,SEDANG
201407,2014-07-16,DKI4,56,,12,11,61,11,61,O3,SEDANG
201407,2014-07-16,DKI5,51,,---,24,75,11,75,O3,SEDANG
201407,2014-07-17,DKI1,57,,6,37,62,21,62,O3,SEDANG
201407,2014-07-17,DKI2,37,,19,18,79,21,79,O3,SEDANG
201407,2014-07-17,DKI3,13,,12,27,88,11,88,O3,SEDANG
201407,2014-07-17,DKI4,68,,12,12,---,15,68,PM10,SEDANG
201407,2014-07-17,DKI5,58,,6,32,89,17,89,O3,SEDANG
201407,2014-07-18,DKI1,62,,8,36,55,21,62,PM10,SEDANG
201407,2014-07-18,DKI2,71,,22,27,64,20,71,PM10,SEDANG
201407,2014-07-18,DKI3,13,,13,27,76,10,76,O3,SEDANG
201407,2014-07-18,DKI4,64,,11,15,---,7,64,PM10,SEDANG
201407,2014-07-18,DKI5,71,,---,31,---,16,71,PM10,SEDANG
201407,2014-07-19,DKI1,52,,10,30,62,24,62,O3,SEDANG
201407,2014-07-19,DKI2,63,,13,12,85,13,85,O3,SEDANG
201407,2014-07-19,DKI3,13,,13,16,79,9,79,O3,SEDANG
201407,2014-07-19,DKI4,68,,13,10,---,11,68,PM10,SEDANG
201407,2014-07-19,DKI5,55,,---,19,86,15,86,O3,SEDANG
201407,2014-07-20,DKI1,54,,8,39,50,13,54,PM10,SEDANG
201407,2014-07-20,DKI2,63,,13,18,57,14,63,PM10,SEDANG
201407,2014-07-20,DKI3,12,,12,16,65,6,65,O3,SEDANG
201407,2014-07-20,DKI4,63,,10,11,47,10,63,PM10,SEDANG
201407,2014-07-20,DKI5,65,,---,21,45,12,65,PM10,SEDANG
201407,2014-07-21,DKI1,50,,7,38,49,21,50,PM10,BAIK
201407,2014-07-21,DKI2,58,,14,18,69,19,69,O3,SEDANG
201407,2014-07-21,DKI3,12,,12,17,87,4,87,O3,SEDANG
201407,2014-07-21,DKI4,67,,11,14,51,17,67,PM10,SEDANG
201407,2014-07-21,DKI5,57,,---,20,87,13,87,O3,SEDANG
201407,2014-07-22,DKI1,51,,7,32,78,18,78,O3,SEDANG
201407,2014-07-22,DKI2,60,,18,19,104,15,104,O3,TIDAK SEHAT
201407,2014-07-22,DKI3,13,,14,18,94,8,94,O3,SEDANG
201407,2014-07-22,DKI4,57,,13,11,---,17,57,PM10,SEDANG
201407,2014-07-22,DKI5,58,,---,21,---,12,58,PM10,SEDANG
201407,2014-07-23,DKI1,37,,6,27,57,16,57,O3,SEDANG
201407,2014-07-23,DKI2,53,,12,14,81,14,81,O3,SEDANG
201407,2014-07-23,DKI3,14,,12,22,75,10,75,O3,SEDANG
201407,2014-07-23,DKI4,44,,11,8,91,11,91,O3,SEDANG
201407,2014-07-23,DKI5,49,,---,19,51,11,51,O3,SEDANG
201407,2014-07-24,DKI1,50,,10,29,57,19,57,O3,SEDANG
201407,2014-07-24,DKI2,60,,16,25,70,19,70,O3,SEDANG
201407,2014-07-24,DKI3,18,,13,15,57,8,57,O3,SEDANG
201407,2014-07-24,DKI4,51,,10,14,---,10,51,PM10,SEDANG
201407,2014-07-24,DKI5,50,,---,15,---,12,50,PM10,BAIK
201407,2014-07-25,DKI1,60,,6,43,47,16,60,PM10,SEDANG
201407,2014-07-25,DKI2,67,,13,34,68,16,68,O3,SEDANG
201407,2014-07-25,DKI3,12,,12,46,53,9,53,O3,SEDANG
201407,2014-07-25,DKI4,68,,10,22,---,11,68,PM10,SEDANG
201407,2014-07-25,DKI5,67,,4,32,41,11,67,PM10,SEDANG
201407,2014-07-26,DKI1,48,,6,27,47,14,48,PM10,BAIK
201407,2014-07-26,DKI2,51,,11,20,63,14,63,O3,SEDANG
201407,2014-07-26,DKI3,14,,12,22,62,9,62,O3,SEDANG
201407,2014-07-26,DKI4,53,,10,12,41,11,53,PM10,SEDANG
201407,2014-07-26,DKI5,53,,4,18,---,8,53,PM10,SEDANG
201407,2014-07-27,DKI1,33,,5,26,60,11,60,O3,SEDANG
201407,2014-07-27,DKI2,39,,8,12,53,11,53,O3,SEDANG
201407,2014-07-27,DKI3,13,,12,25,57,8,57,O3,SEDANG
201407,2014-07-27,DKI4,41,,9,9,---,8,41,PM10,BAIK
201407,2014-07-27,DKI5,37,,4,24,---,9,37,PM10,BAIK
201407,2014-07-28,DKI1,60,,6,39,71,13,71,O3,SEDANG
201407,2014-07-28,DKI2,56,,10,24,85,12,85,O3,SEDANG
201407,2014-07-28,DKI3,13,,12,29,86,9,86,O3,SEDANG
201407,2014-07-28,DKI4,59,,10,22,---,11,59,PM10,SEDANG
201407,2014-07-28,DKI5,59,,4,33,90,11,90,O3,SEDANG
201407,2014-07-29,DKI1,24,,7,13,41,11,41,O3,BAIK
201407,2014-07-29,DKI2,36,,11,9,49,14,49,O3,BAIK
201407,2014-07-29,DKI3,14,,12,13,87,9,87,O3,SEDANG
201407,2014-07-29,DKI4,35,,10,6,45,10,45,O3,BAIK
201407,2014-07-29,DKI5,29,,4,11,---,5,29,PM10,BAIK
201407,2014-07-30,DKI1,33,,8,12,52,11,52,O3,SEDANG
201407,2014-07-30,DKI2,52,,23,10,53,9,53,O3,SEDANG
201407,2014-07-30,DKI3,14,,12,19,54,6,54,O3,SEDANG
201407,2014-07-30,DKI4,46,,9,10,---,7,46,PM10,BAIK
201407,2014-07-30,DKI5,39,,4,13,53,6,53,O3,SEDANG
201407,2014-07-31,DKI1,30,,7,13,64,9,64,O3,SEDANG
201407,2014-07-31,DKI2,51,,16,8,84,9,84,O3,SEDANG
201407,2014-07-31,DKI3,15,,13,11,49,9,49,O3,BAIK
201407,2014-07-31,DKI4,51,,10,7,71,9,71,O3,SEDANG
201407,2014-07-31,DKI5,44,,4,11,68,7,68,O3,SEDANG
201401,2014-08-01,DKI1,51,,3,31,57,12,57,O3,SEDANG
201401,2014-08-01,DKI2,37,,2,19,48,14,48,O3,BAIK
201401,2014-08-01,DKI3,27,,6,30,40,---,40,O3,BAIK
201401,2014-08-01,DKI4,51,,6,20,65,6,65,O3,SEDANG
201401,2014-08-01,DKI5,48,,3,17,33,8,48,PM10,BAIK
201402,2014-08-02,DKI1,47,,5,30,46,15,47,PM10,BAIK
201402,2014-08-02,DKI2,39,,3,15,57,14,57,O3,SEDANG
201402,2014-08-02,DKI3,23,,6,14,33,---,33,O3,BAIK
201402,2014-08-02,DKI4,38,,6,12,56,9,56,O3,SEDANG
201402,2014-08-02,DKI5,37,,4,11,60,6,60,O3,SEDANG
201403,2014-08-03,DKI1,72,,6,30,58,23,72,PM10,SEDANG
201403,2014-08-03,DKI2,70,,8,24,68,17,70,PM10,SEDANG
201403,2014-08-03,DKI3,33,,9,25,85,9,85,O3,SEDANG
201403,2014-08-03,DKI4,61,,10,15,85,11,85,O3,SEDANG
201403,2014-08-03,DKI5,79,,4,31,84,19,84,O3,SEDANG
201404,2014-08-04,DKI1,54,,21,47,55,11,55,O3,SEDANG
201404,2014-08-04,DKI2,59,,9,31,72,16,72,O3,SEDANG
201404,2014-08-04,DKI3,19,,8,21,36,7,36,O3,BAIK
201404,2014-08-04,DKI4,41,,7,15,46,8,46,O3,BAIK
201404,2014-08-04,DKI5,58,,5,24,93,9,93,O3,SEDANG
201405,2014-08-05,DKI1,63,,6,36,62,18,63,PM10,SEDANG
201405,2014-08-05,DKI2,63,,8,31,88,23,88,O3,SEDANG
201405,2014-08-05,DKI3,---,,9,27,68,7,68,O3,SEDANG
201405,2014-08-05,DKI4,---,,7,27,66,15,66,O3,SEDANG
201405,2014-08-05,DKI5,62,,4,34,129,14,129,O3,TIDAK SEHAT
201406,2014-08-06,DKI1,59,,11,27,46,13,59,PM10,SEDANG
201406,2014-08-06,DKI2,78,,17,24,59,15,78,PM10,SEDANG
201406,2014-08-06,DKI3,52,,13,31,71,9,71,O3,SEDANG
201406,2014-08-06,DKI4,92,,12,26,236,11,236,O3,SANGAT TIDAK SEHAT
201406,2014-08-06,DKI5,81,,8,31,64,12,81,PM10,SEDANG
201407,2014-08-07,DKI1,56,,10,38,42,25,56,PM10,SEDANG
201407,2014-08-07,DKI2,---,,15,21,50,21,50,O3,BAIK
201407,2014-08-07,DKI3,17,,14,17,70,8,70,O3,SEDANG
201407,2014-08-07,DKI4,53,,10,15,62,9,62,O3,SEDANG
201407,2014-08-07,DKI5,57,,---,37,72,19,72,O3,SEDANG
201408,2014-08-08,DKI1,55,,10,27,60,14,60,O3,SEDANG
201408,2014-08-08,DKI2,70,,21,19,62,13,70,PM10,SEDANG
201408,2014-08-08,DKI3,25,,14,22,74,7,74,O3,SEDANG
201408,2014-08-08,DKI4,70,,12,14,---,12,70,PM10,SEDANG
201408,2014-08-08,DKI5,68,,7,18,---,10,68,PM10,SEDANG
201409,2014-08-09,DKI1,54,,11,27,55,21,55,O3,SEDANG
201409,2014-08-09,DKI2,77,,16,15,73,18,77,PM10,SEDANG
201409,2014-08-09,DKI3,39,,16,20,79,8,79,O3,SEDANG
201409,2014-08-09,DKI4,75,,12,12,63,11,75,PM10,SEDANG
201409,2014-08-09,DKI5,71,,8,23,80,14,80,O3,SEDANG
201410,2014-08-10,DKI1,---,,---,---,---,---,0,,TIDAK ADA DATA
201410,2014-08-10,DKI2,56,,15,17,89,17,89,O3,SEDANG
201410,2014-08-10,DKI3,17,,17,16,28,7,28,O3,BAIK
201410,2014-08-10,DKI4,72,,17,5,72,12,72,PM10,SEDANG
201410,2014-08-10,DKI5,64,,9,13,85,10,85,O3,SEDANG
201411,2014-08-11,DKI1,44,,10,30,90,19,90,O3,SEDANG
201411,2014-08-11,DKI2,70,,19,16,93,19,93,O3,SEDANG
201411,2014-08-11,DKI3,15,,15,16,33,5,33,O3,BAIK
201411,2014-08-11,DKI4,68,,12,6,90,13,90,O3,SEDANG
201411,2014-08-11,DKI5,65,,8,15,146,9,146,O3,TIDAK SEHAT
201412,2014-08-12,DKI1,25,,9,19,49,11,49,O3,BAIK
201412,2014-08-12,DKI2,30,,14,19,52,11,52,O3,SEDANG
201412,2014-08-12,DKI3,12,,15,9,5,---,15,SO2,BAIK
201412,2014-08-12,DKI4,19,,10,5,35,5,35,O3,BAIK
201412,2014-08-12,DKI5,12,,8,12,30,11,30,O3,BAIK
201408,2014-08-13,DKI1,50,,11,32,44,17,50,PM10,BAIK
201408,2014-08-13,DKI2,65,,15,18,49,16,65,PM10,SEDANG
201408,2014-08-13,DKI3,13,,13,15,98,5,98,O3,SEDANG
201408,2014-08-13,DKI4,59,,12,11,---,10,59,PM10,SEDANG
201408,2014-08-13,DKI5,56,,7,18,77,11,77,O3,SEDANG
201408,2014-08-14,DKI1,57,,13,24,49,13,57,PM10,SEDANG
201408,2014-08-14,DKI2,71,,17,13,61,15,71,PM10,SEDANG
201408,2014-08-14,DKI3,22,,15,18,72,10,72,O3,SEDANG
201408,2014-08-14,DKI4,73,,12,10,50,10,73,PM10,SEDANG
201408,2014-08-14,DKI5,59,,10,14,61,12,61,O3,SEDANG
201408,2014-08-15,DKI1,55,,11,30,61,19,61,O3,SEDANG
201408,2014-08-15,DKI2,70,,17,17,58,18,70,PM10,SEDANG
201408,2014-08-15,DKI3,22,,14,15,82,7,82,O3,SEDANG
201408,2014-08-15,DKI4,65,,12,10,81,11,81,O3,SEDANG
201408,2014-08-15,DKI5,66,,7,18,76,11,76,O3,SEDANG
201408,2014-08-16,DKI1,42,,9,26,51,15,51,O3,SEDANG
201408,2014-08-16,DKI2,58,,16,12,55,15,58,PM10,SEDANG
201408,2014-08-16,DKI3,14,,15,12,85,10,85,O3,SEDANG
201408,2014-08-16,DKI4,56,,12,7,51,12,56,PM10,SEDANG
201408,2014-08-16,DKI5,51,,7,13,65,9,65,O3,SEDANG
201408,2014-08-17,DKI1,43,,10,19,50,16,50,O3,BAIK
201408,2014-08-17,DKI2,63,,19,17,61,14,63,PM10,SEDANG
201408,2014-08-17,DKI3,14,,14,24,86,9,86,O3,SEDANG
201408,2014-08-17,DKI4,66,,12,16,---,10,66,PM10,SEDANG
201408,2014-08-17,DKI5,57,,7,15,---,11,57,PM10,SEDANG
201408,2014-08-18,DKI1,51,,11,23,60,13,60,O3,SEDANG
201408,2014-08-18,DKI2,69,,26,19,54,16,69,PM10,SEDANG
201408,2014-08-18,DKI3,17,,14,29,80,10,80,O3,SEDANG
201408,2014-08-18,DKI4,70,,13,16,---,14,70,PM10,SEDANG
201408,2014-08-18,DKI5,59,,8,20,---,12,59,PM10,SEDANG
201408,2014-08-19,DKI1,53,,14,25,50,18,53,PM10,SEDANG
201408,2014-08-19,DKI2,74,,20,15,54,15,74,PM10,SEDANG
201408,2014-08-19,DKI3,---,,15,16,98,8,98,O3,SEDANG
201408,2014-08-19,DKI4,82,,13,14,---,21,82,PM10,SEDANG
201408,2014-08-19,DKI5,64,,9,17,70,12,70,O3,SEDANG
201408,2014-08-20,DKI1,56,,12,31,72,20,72,O3,SEDANG
201408,2014-08-20,DKI2,74,,18,17,75,16,75,O3,SEDANG
201408,2014-08-20,DKI3,---,,14,17,65,12,65,O3,SEDANG
201408,2014-08-20,DKI4,75,,13,12,---,13,75,PM10,SEDANG
201408,2014-08-20,DKI5,64,,8,15,104,10,104,O3,TIDAK SEHAT
201408,2014-08-21,DKI1,63,,12,28,68,18,68,O3,SEDANG
201408,2014-08-21,DKI2,81,,17,22,59,16,81,PM10,SEDANG
201408,2014-08-21,DKI3,23,,14,17,88,12,88,O3,SEDANG
201408,2014-08-21,DKI4,93,,14,16,---,14,93,PM10,SEDANG
201408,2014-08-21,DKI5,82,,8,20,---,16,82,PM10,SEDANG
201408,2014-08-22,DKI1,53,,10,25,47,20,53,PM10,SEDANG
201408,2014-08-22,DKI2,65,,14,13,51,12,65,PM10,SEDANG
201408,2014-08-22,DKI3,30,,14,19,63,11,63,O3,SEDANG
201408,2014-08-22,DKI4,108,,11,14,---,11,108,PM10,TIDAK SEHAT
201408,2014-08-22,DKI5,66,,8,19,58,13,66,PM10,SEDANG
201408,2014-08-23,DKI1,51,,13,18,62,13,62,O3,SEDANG
201408,2014-08-23,DKI2,66,,13,11,60,11,66,PM10,SEDANG
201408,2014-08-23,DKI3,21,,16,16,76,9,76,O3,SEDANG
201408,2014-08-23,DKI4,76,,13,11,67,9,76,PM10,SEDANG
201408,2014-08-23,DKI5,54,,10,12,84,10,84,O3,SEDANG
201408,2014-08-24,DKI1,49,,9,15,62,8,62,O3,SEDANG
201408,2014-08-24,DKI2,62,,12,10,63,9,63,O3,SEDANG
201408,2014-08-24,DKI3,29,,14,12,82,7,82,O3,SEDANG
201408,2014-08-24,DKI4,75,,12,8,54,8,75,PM10,SEDANG
201408,2014-08-24,DKI5,62,,7,14,73,7,73,O3,SEDANG
201408,2014-08-25,DKI1,41,,9,30,68,25,68,O3,SEDANG
201408,2014-08-25,DKI2,65,,15,14,71,14,71,O3,SEDANG
201408,2014-08-25,DKI3,28,,14,11,76,6,76,O3,SEDANG
201408,2014-08-25,DKI4,72,,11,12,69,9,72,PM10,SEDANG
201408,2014-08-25,DKI5,61,,7,13,90,11,90,O3,SEDANG
201408,2014-08-26,DKI1,44,,13,31,65,17,65,O3,SEDANG
201408,2014-08-26,DKI2,72,,17,15,52,20,72,PM10,SEDANG
201408,2014-08-26,DKI3,34,,14,13,89,6,89,O3,SEDANG
201408,2014-08-26,DKI4,68,,19,12,76,20,76,O3,SEDANG
201408,2014-08-26,DKI5,58,,7,15,97,10,97,O3,SEDANG
201408,2014-08-27,DKI1,55,,12,26,45,18,55,PM10,SEDANG
201408,2014-08-27,DKI2,84,,15,15,51,13,84,PM10,SEDANG
201408,2014-08-27,DKI3,35,,14,22,88,7,88,O3,SEDANG
201408,2014-08-27,DKI4,84,,12,13,56,15,84,PM10,SEDANG
201408,2014-08-27,DKI5,70,,8,22,59,12,70,PM10,SEDANG
201408,2014-08-28,DKI1,49,,12,24,49,14,49,PM10,BAIK
201408,2014-08-28,DKI2,76,,15,13,54,14,76,PM10,SEDANG
201408,2014-08-28,DKI3,22,,14,13,78,7,78,O3,SEDANG
201408,2014-08-28,DKI4,72,,13,9,57,12,72,PM10,SEDANG
201408,2014-08-28,DKI5,62,,9,17,69,11,69,O3,SEDANG
201408,2014-08-29,DKI1,52,,11,27,55,17,55,O3,SEDANG
201408,2014-08-29,DKI2,76,,15,13,60,14,76,PM10,SEDANG
201408,2014-08-29,DKI3,23,,15,20,70,9,70,O3,SEDANG
201408,2014-08-29,DKI4,71,,12,9,63,10,71,PM10,SEDANG
201408,2014-08-29,DKI5,70,,8,20,73,12,73,O3,SEDANG
201408,2014-08-30,DKI1,58,,9,27,44,18,58,PM10,SEDANG
201408,2014-08-30,DKI2,77,,15,18,57,22,77,PM10,SEDANG
201408,2014-08-30,DKI3,28,,13,20,92,8,92,O3,SEDANG
201408,2014-08-30,DKI4,78,,12,13,58,12,78,PM10,SEDANG
201408,2014-08-30,DKI5,62,,7,22,---,13,62,PM10,SEDANG
201408,2014-08-31,DKI1,55,,10,17,54,14,55,PM10,SEDANG
201408,2014-08-31,DKI2,67,,11,11,56,7,67,PM10,SEDANG
201408,2014-08-31,DKI3,30,,14,16,83,5,83,O3,SEDANG
201408,2014-08-31,DKI4,80,,13,9,61,7,80,PM10,SEDANG
201408,2014-08-31,DKI5,60,,8,15,50,9,60,PM10,SEDANG
201401,2014-09-01,DKI1,50,,5,39,41,10,50,PM10,BAIK
201401,2014-09-01,DKI2,42,,2,52,34,15,52,CO,SEDANG
201401,2014-09-01,DKI3,19,,6,39,33,---,39,CO,BAIK
201401,2014-09-01,DKI4,39,,6,54,43,6,54,CO,SEDANG
201401,2014-09-01,DKI5,51,,1,41,22,8,51,PM10,SEDANG
201402,2014-09-02,DKI1,55,,2,56,54,20,56,CO,SEDANG
201402,2014-09-02,DKI2,48,,2,35,60,18,60,O3,SEDANG
201402,2014-09-02,DKI3,24,,6,71,41,---,71,CO,SEDANG
201402,2014-09-02,DKI4,46,,5,38,68,8,68,O3,SEDANG
201402,2014-09-02,DKI5,56,,2,60,61,14,61,O3,SEDANG
201403,2014-09-03,DKI1,78,,5,45,60,16,78,PM10,SEDANG
201403,2014-09-03,DKI2,66,,5,46,70,17,70,O3,SEDANG
201403,2014-09-03,DKI3,21,,7,63,52,8,63,CO,SEDANG
201403,2014-09-03,DKI4,73,,6,29,70,10,73,PM10,SEDANG
201403,2014-09-03,DKI5,89,,4,39,65,8,89,PM10,SEDANG
201404,2014-09-04,DKI1,25,,11,21,51,9,51,O3,SEDANG
201404,2014-09-04,DKI2,27,,4,13,73,8,73,O3,SEDANG
201404,2014-09-04,DKI3,18,,8,16,28,---,28,O3,BAIK
201404,2014-09-04,DKI4,31,,7,9,32,4,32,O3,BAIK
201404,2014-09-04,DKI5,43,,4,9,78,4,78,O3,SEDANG
201405,2014-09-05,DKI1,44,,7,30,78,31,78,O3,SEDANG
201405,2014-09-05,DKI2,54,,9,19,98,20,98,O3,SEDANG
201405,2014-09-05,DKI3,17,,10,16,123,8,123,O3,TIDAK SEHAT
201405,2014-09-05,DKI4,34,,9,17,84,12,84,O3,SEDANG
201405,2014-09-05,DKI5,55,,4,26,200,12,200,O3,SANGAT TIDAK SEHAT
201406,2014-09-06,DKI1,52,,10,27,43,14,52,PM10,SEDANG
201406,2014-09-06,DKI2,75,,12,19,60,16,75,PM10,SEDANG
201406,2014-09-06,DKI3,36,,11,32,63,10,63,O3,SEDANG
201406,2014-09-06,DKI4,87,,9,18,64,10,87,PM10,SEDANG
201406,2014-09-06,DKI5,80,,6,32,73,13,80,PM10,SEDANG
201407,2014-09-07,DKI1,74,,11,58,31,29,74,PM10,SEDANG
201407,2014-09-07,DKI2,---,,12,24,32,18,32,O3,BAIK
201407,2014-09-07,DKI3,19,,14,34,62,11,62,O3,SEDANG
201407,2014-09-07,DKI4,77,,11,29,---,11,77,PM10,SEDANG
201407,2014-09-07,DKI5,106,,---,83,---,22,106,PM10,TIDAK SEHAT
201408,2014-09-08,DKI1,56,,10,24,67,15,67,O3,SEDANG
201408,2014-09-08,DKI2,69,,17,19,73,14,73,O3,SEDANG
201408,2014-09-08,DKI3,15,,14,14,93,5,93,O3,SEDANG
201408,2014-09-08,DKI4,71,,12,14,---,10,71,PM10,SEDANG
201408,2014-09-08,DKI5,70,,8,18,81,10,81,O3,SEDANG
201409,2014-09-09,DKI1,59,,12,28,48,20,59,PM10,SEDANG
201409,2014-09-09,DKI2,77,,16,23,51,21,77,PM10,SEDANG
201409,2014-09-09,DKI3,39,,15,26,106,11,106,O3,TIDAK SEHAT
201409,2014-09-09,DKI4,86,,14,15,80,13,86,PM10,SEDANG
201409,2014-09-09,DKI5,71,,9,21,78,14,78,O3,SEDANG
201410,2014-09-10,DKI1,---,,---,---,---,---,0,,TIDAK ADA DATA
201410,2014-09-10,DKI2,46,,20,12,65,18,65,O3,SEDANG
201410,2014-09-10,DKI3,14,,16,13,28,8,28,O3,BAIK
201410,2014-09-10,DKI4,66,,16,4,78,16,78,O3,SEDANG
201410,2014-09-10,DKI5,51,,9,14,55,10,55,O3,SEDANG
201411,2014-09-11,DKI1,54,,9,32,77,22,77,O3,SEDANG
201411,2014-09-11,DKI2,64,,15,29,94,24,94,O3,SEDANG
201411,2014-09-11,DKI3,13,,15,28,31,18,31,O3,BAIK
201411,2014-09-11,DKI4,69,,11,8,70,19,70,O3,SEDANG
201411,2014-09-11,DKI5,58,,8,23,86,16,86,O3,SEDANG
201412,2014-09-12,DKI1,42,,12,39,38,12,42,PM10,BAIK
201412,2014-09-12,DKI2,41,,15,24,47,12,47,O3,BAIK
201412,2014-09-12,DKI3,14,,16,15,9,5,16,SO2,BAIK
201412,2014-09-12,DKI4,38,,12,19,35,10,38,PM10,BAIK
201412,2014-09-12,DKI5,19,,14,10,---,6,19,PM10,BAIK
201409,2014-09-13,DKI1,---,,13,22,56,20,56,O3,SEDANG
201409,2014-09-13,DKI2,69,,15,14,68,18,69,PM10,SEDANG
201409,2014-09-13,DKI3,42,,17,21,91,13,91,O3,SEDANG
201409,2014-09-13,DKI4,79,,16,7,60,15,79,PM10,SEDANG
201409,2014-09-13,DKI5,72,,9,18,---,17,72,PM10,SEDANG
201409,2014-09-14,DKI1,---,,11,15,57,19,57,O3,SEDANG
201409,2014-09-14,DKI2,63,,17,11,59,13,63,PM10,SEDANG
201409,2014-09-14,DKI3,22,,16,14,88,6,88,O3,SEDANG
201409,2014-09-14,DKI4,77,,14,7,59,12,77,PM10,SEDANG
201409,2014-09-14,DKI5,67,,8,16,---,13,67,PM10,SEDANG
201409,2014-09-15,DKI1,---,,11,27,84,22,84,O3,SEDANG
201409,2014-09-15,DKI2,64,,13,16,95,17,95,O3,SEDANG
201409,2014-09-15,DKI3,25,,18,20,102,11,102,O3,TIDAK SEHAT
201409,2014-09-15,DKI4,69,,18,8,71,14,71,O3,SEDANG
201409,2014-09-15,DKI5,72,,8,18,---,16,72,PM10,SEDANG
201409,2014-09-16,DKI1,55,,11,26,83,24,83,O3,SEDANG
201409,2014-09-16,DKI2,67,,14,16,59,17,67,PM10,SEDANG
201409,2014-09-16,DKI3,29,,16,27,112,17,112,O3,TIDAK SEHAT
201409,2014-09-16,DKI4,83,,17,9,57,16,83,PM10,SEDANG
201409,2014-09-16,DKI5,66,,8,14,---,12,66,PM10,SEDANG
201409,2014-09-17,DKI1,56,,13,21,49,15,56,PM10,SEDANG
201409,2014-09-17,DKI2,70,,18,16,56,17,70,PM10,SEDANG
201409,2014-09-17,DKI3,29,,17,15,75,8,75,O3,SEDANG
201409,2014-09-17,DKI4,82,,15,8,---,18,82,PM10,SEDANG
201409,2014-09-17,DKI5,62,,9,16,64,13,64,O3,SEDANG
201409,2014-09-18,DKI1,52,,11,24,45,14,52,PM10,SEDANG
201409,2014-09-18,DKI2,73,,20,14,53,18,73,PM10,SEDANG
201409,2014-09-18,DKI3,21,,17,16,81,9,81,O3,SEDANG
201409,2014-09-18,DKI4,80,,14,7,---,11,80,PM10,SEDANG
201409,2014-09-18,DKI5,60,,8,13,57,11,60,PM10,SEDANG
201409,2014-09-19,DKI1,51,,12,21,39,13,51,PM10,SEDANG
201409,2014-09-19,DKI2,68,,16,11,69,14,69,O3,SEDANG
201409,2014-09-19,DKI3,21,,16,17,69,7,69,O3,SEDANG
201409,2014-09-19,DKI4,77,,14,5,---,11,77,PM10,SEDANG
201409,2014-09-19,DKI5,63,,9,15,41,14,63,PM10,SEDANG
201409,2014-09-20,DKI1,45,,11,18,38,15,45,PM10,BAIK
201409,2014-09-20,DKI2,59,,13,8,46,9,59,PM10,SEDANG
201409,2014-09-20,DKI3,23,,19,15,86,10,86,O3,SEDANG
201409,2014-09-20,DKI4,74,,17,5,42,12,74,PM10,SEDANG
201409,2014-09-20,DKI5,55,,9,11,---,14,55,PM10,SEDANG
201409,2014-09-21,DKI1,63,,9,38,72,18,72,O3,SEDANG
201409,2014-09-21,DKI2,74,,14,33,76,21,76,O3,SEDANG
201409,2014-09-21,DKI3,27,,15,32,90,9,90,O3,SEDANG
201409,2014-09-21,DKI4,77,,12,13,58,13,77,PM10,SEDANG
201409,2014-09-21,DKI5,75,,6,30,---,13,75,PM10,SEDANG
201409,2014-09-22,DKI1,58,,9,31,47,19,58,PM10,SEDANG
201409,2014-09-22,DKI2,72,,14,21,76,19,76,O3,SEDANG
201409,2014-09-22,DKI3,22,,15,20,79,6,79,O3,SEDANG
201409,2014-09-22,DKI4,68,,14,8,53,13,68,PM10,SEDANG
201409,2014-09-22,DKI5,64,,6,24,---,10,64,PM10,SEDANG
201409,2014-09-23,DKI1,50,,10,26,37,16,50,PM10,BAIK
201409,2014-09-23,DKI2,63,,15,13,51,14,63,PM10,SEDANG
201409,2014-09-23,DKI3,14,,16,15,76,7,76,O3,SEDANG
201409,2014-09-23,DKI4,69,,13,7,43,10,69,PM10,SEDANG
201409,2014-09-23,DKI5,59,,7,16,---,11,59,PM10,SEDANG
201409,2014-09-24,DKI1,43,,11,20,41,16,43,PM10,BAIK
201409,2014-09-24,DKI2,67,,21,14,49,14,67,PM10,SEDANG
201409,2014-09-24,DKI3,10,,16,16,63,11,63,O3,SEDANG
201409,2014-09-24,DKI4,99,,14,5,34,14,99,PM10,SEDANG
201409,2014-09-24,DKI5,53,,8,12,52,8,53,PM10,SEDANG
201409,2014-09-25,DKI1,59,,13,28,74,24,74,O3,SEDANG
201409,2014-09-25,DKI2,76,,19,20,124,19,124,O3,TIDAK SEHAT
201409,2014-09-25,DKI3,31,,18,22,117,15,117,O3,TIDAK SEHAT
201409,2014-09-25,DKI4,78,,15,6,---,14,78,PM10,SEDANG
201409,2014-09-25,DKI5,75,,9,18,---,14,75,PM10,SEDANG
201409,2014-09-26,DKI1,58,,12,28,56,22,58,PM10,SEDANG
201409,2014-09-26,DKI2,75,,18,17,78,17,78,O3,SEDANG
201409,2014-09-26,DKI3,20,,17,25,107,9,107,O3,TIDAK SEHAT
201409,2014-09-26,DKI4,93,,16,7,87,14,93,PM10,SEDANG
201409,2014-09-26,DKI5,77,,9,21,76,15,77,PM10,SEDANG
201409,2014-09-27,DKI1,58,,13,24,48,20,58,PM10,SEDANG
201409,2014-09-27,DKI2,71,,21,19,66,21,71,PM10,SEDANG
201409,2014-09-27,DKI3,14,,17,27,78,11,78,O3,SEDANG
201409,2014-09-27,DKI4,85,,16,7,78,15,85,PM10,SEDANG
201409,2014-09-27,DKI5,67,,10,15,---,17,67,PM10,SEDANG
201409,2014-09-28,DKI1,63,,13,32,63,20,63,PM10,SEDANG
201409,2014-09-28,DKI2,77,,17,26,64,18,77,PM10,SEDANG
201409,2014-09-28,DKI3,22,,16,28,72,11,72,O3,SEDANG
201409,2014-09-28,DKI4,90,,16,6,79,17,90,PM10,SEDANG
201409,2014-09-28,DKI5,74,,9,20,---,16,74,PM10,SEDANG
201409,2014-09-29,DKI1,56,,12,28,51,17,56,PM10,SEDANG
201409,2014-09-29,DKI2,61,,15,16,63,15,63,O3,SEDANG
201409,2014-09-29,DKI3,21,,15,20,61,8,61,O3,SEDANG
201409,2014-09-29,DKI4,78,,15,5,93,13,93,O3,SEDANG
201409,2014-09-29,DKI5,65,,8,15,---,11,65,PM10,SEDANG
201409,2014-09-30,DKI1,53,,16,31,45,24,53,PM10,SEDANG
201409,2014-09-30,DKI2,66,,26,22,77,19,77,O3,SEDANG
201409,2014-09-30,DKI3,13,,17,13,30,18,30,O3,BAIK
201409,2014-09-30,DKI4,74,,20,6,76,14,76,O3,SEDANG
201409,2014-09-30,DKI5,63,,9,16,---,12,63,PM10,SEDANG
201401,2014-10-01,DKI1,39,,3,24,56,10,56,O3,SEDANG
201401,2014-10-01,DKI2,29,,1,15,95,15,95,O3,SEDANG
201401,2014-10-01,DKI3,17,,6,13,39,---,39,O3,BAIK
201401,2014-10-01,DKI4,33,,7,9,82,---,82,O3,SEDANG
201401,2014-10-01,DKI5,26,,1,9,31,4,31,O3,BAIK
201402,2014-10-02,DKI1,46,,3,36,47,20,47,O3,BAIK
201402,2014-10-02,DKI2,40,,2,26,54,27,54,O3,SEDANG
201402,2014-10-02,DKI3,14,,7,20,54,---,54,O3,SEDANG
201402,2014-10-02,DKI4,39,,6,24,80,17,80,O3,SEDANG
201402,2014-10-02,DKI5,35,,2,19,49,11,49,O3,BAIK
201403,2014-10-03,DKI1,68,,3,40,63,22,68,PM10,SEDANG
201403,2014-10-03,DKI2,53,,2,21,69,23,69,O3,SEDANG
201403,2014-10-03,DKI3,22,,8,31,55,7,55,O3,SEDANG
201403,2014-10-03,DKI4,72,,6,11,73,13,73,O3,SEDANG
201403,2014-10-03,DKI5,82,,3,24,76,10,82,PM10,SEDANG
201404,2014-10-04,DKI1,39,,14,25,46,12,46,O3,BAIK
201404,2014-10-04,DKI2,42,,4,25,53,8,53,O3,SEDANG
201404,2014-10-04,DKI3,22,,8,17,33,4,33,O3,BAIK
201404,2014-10-04,DKI4,43,,7,12,30,5,43,PM10,BAIK
201404,2014-10-04,DKI5,51,,3,10,57,3,57,O3,SEDANG
201405,2014-10-05,DKI1,56,,7,34,55,21,56,PM10,SEDANG
201405,2014-10-05,DKI2,70,,11,30,92,19,92,O3,SEDANG
201405,2014-10-05,DKI3,26,,10,24,124,22,124,O3,TIDAK SEHAT
201405,2014-10-05,DKI4,60,,9,28,76,15,76,O3,SEDANG
201405,2014-10-05,DKI5,70,,5,24,165,11,165,O3,TIDAK SEHAT
201406,2014-10-06,DKI1,38,,7,26,57,18,57,O3,SEDANG
201406,2014-10-06,DKI2,---,,---,---,---,---,0,,TIDAK ADA DATA
201406,2014-10-06,DKI3,48,,10,40,49,8,49,O3,BAIK
201406,2014-10-06,DKI4,83,,9,19,66,13,83,PM10,SEDANG
201406,2014-10-06,DKI5,67,,6,27,97,13,97,O3,SEDANG
201407,2014-10-07,DKI1,43,,8,29,70,15,70,O3,SEDANG
201407,2014-10-07,DKI2,---,,11,15,46,13,46,O3,BAIK
201407,2014-10-07,DKI3,13,,15,11,50,7,50,O3,BAIK
201407,2014-10-07,DKI4,53,,11,11,---,9,53,PM10,SEDANG
201407,2014-10-07,DKI5,50,,5,14,91,7,91,O3,SEDANG
201408,2014-10-08,DKI1,52,,11,16,61,18,61,O3,SEDANG
201408,2014-10-08,DKI2,70,,19,15,80,10,80,O3,SEDANG
201408,2014-10-08,DKI3,25,,15,17,88,8,88,O3,SEDANG
201408,2014-10-08,DKI4,39,,12,8,---,8,39,PM10,BAIK
201408,2014-10-08,DKI5,64,,9,16,---,9,64,PM10,SEDANG
201409,2014-10-09,DKI1,---,,12,26,68,21,68,O3,SEDANG
201409,2014-10-09,DKI2,71,,17,15,61,17,71,PM10,SEDANG
201409,2014-10-09,DKI3,48,,15,27,83,12,83,O3,SEDANG
201409,2014-10-09,DKI4,75,,14,9,71,14,75,PM10,SEDANG
201409,2014-10-09,DKI5,67,,8,19,70,11,70,O3,SEDANG
201410,2014-10-10,DKI1,45,,14,22,51,22,51,O3,SEDANG
201410,2014-10-10,DKI2,75,,16,13,81,14,81,O3,SEDANG
201410,2014-10-10,DKI3,13,,17,14,23,11,23,O3,BAIK
201410,2014-10-10,DKI4,62,,16,5,58,9,62,PM10,SEDANG
201410,2014-10-10,DKI5,57,,10,12,---,12,57,PM10,SEDANG
201411,2014-10-11,DKI1,39,,8,34,74,24,74,O3,SEDANG
201411,2014-10-11,DKI2,60,,15,16,99,17,99,O3,SEDANG
201411,2014-10-11,DKI3,14,,14,18,31,7,31,O3,BAIK
201411,2014-10-11,DKI4,61,,12,5,65,15,65,O3,SEDANG
201411,2014-10-11,DKI5,51,,7,14,86,15,86,O3,SEDANG
201412,2014-10-12,DKI1,35,,17,31,29,18,35,PM10,BAIK
201412,2014-10-12,DKI2,38,,17,13,51,11,51,O3,SEDANG
201412,2014-10-12,DKI3,17,,16,20,10,11,20,CO,BAIK
201412,2014-10-12,DKI4,45,,13,11,51,9,51,O3,SEDANG
201412,2014-10-12,DKI5,38,,14,9,38,8,38,PM10,BAIK
201410,2014-10-13,DKI1,62,,11,33,67,16,67,O3,SEDANG
201410,2014-10-13,DKI2,53,,15,16,131,16,131,O3,TIDAK SEHAT
201410,2014-10-13,DKI3,22,,16,29,42,9,42,O3,BAIK
201410,2014-10-13,DKI4,100,,14,5,93,18,100,PM10,SEDANG
201410,2014-10-13,DKI5,76,,9,18,---,9,76,PM10,SEDANG
201410,2014-10-14,DKI1,54,,9,26,36,15,54,PM10,SEDANG
201410,2014-10-14,DKI2,55,,12,19,73,14,73,O3,SEDANG
201410,2014-10-14,DKI3,15,,15,21,24,15,24,O3,BAIK
201410,2014-10-14,DKI4,77,,14,7,48,14,77,PM10,SEDANG
201410,2014-10-14,DKI5,72,,7,19,59,12,72,PM10,SEDANG
201410,2014-10-15,DKI1,---,,---,---,---,---,0,,TIDAK ADA DATA
201410,2014-10-15,DKI2,54,,15,19,80,17,80,O3,SEDANG
201410,2014-10-15,DKI3,17,,15,22,35,7,35,O3,BAIK
201410,2014-10-15,DKI4,81,,15,5,89,13,89,O3,SEDANG
201410,2014-10-15,DKI5,70,,9,18,85,12,85,O3,SEDANG
201410,2014-10-16,DKI1,63,,9,35,59,24,63,PM10,SEDANG
201410,2014-10-16,DKI2,48,,19,29,78,18,78,O3,SEDANG
201410,2014-10-16,DKI3,14,,14,25,43,9,43,O3,BAIK
201410,2014-10-16,DKI4,92,,17,5,71,21,92,PM10,SEDANG
201410,2014-10-16,DKI5,79,,8,18,69,17,79,PM10,SEDANG
201410,2014-10-17,DKI1,58,,11,27,52,16,58,PM10,SEDANG
201410,2014-10-17,DKI2,65,,17,14,69,15,69,O3,SEDANG
201410,2014-10-17,DKI3,11,,15,28,37,8,37,O3,BAIK
201410,2014-10-17,DKI4,93,,13,4,70,11,93,PM10,SEDANG
201410,2014-10-17,DKI5,79,,9,23,71,13,79,PM10,SEDANG
201410,2014-10-18,DKI1,51,,11,27,48,20,51,PM10,SEDANG
201410,2014-10-18,DKI2,66,,16,20,70,15,70,O3,SEDANG
201410,2014-10-18,DKI3,18,,15,24,23,16,24,CO,BAIK
201410,2014-10-18,DKI4,91,,14,4,46,12,91,PM10,SEDANG
201410,2014-10-18,DKI5,72,,8,17,60,10,72,PM10,SEDANG
201410,2014-10-19,DKI1,46,,11,34,54,19,54,O3,SEDANG
201410,2014-10-19,DKI2,66,,20,15,67,13,67,O3,SEDANG
201410,2014-10-19,DKI3,14,,15,25,25,8,25,CO,BAIK
201410,2014-10-19,DKI4,94,,15,6,49,13,94,PM10,SEDANG
201410,2014-10-19,DKI5,68,,8,19,73,10,73,O3,SEDANG
201410,2014-10-20,DKI1,43,,13,21,57,18,57,O3,SEDANG
201410,2014-10-20,DKI2,63,,15,14,69,12,69,O3,SEDANG
201410,2014-10-20,DKI3,16,,16,17,24,5,24,O3,BAIK
201410,2014-10-20,DKI4,77,,14,4,61,11,77,PM10,SEDANG
201410,2014-10-20,DKI5,70,,9,16,78,11,78,O3,SEDANG
201410,2014-10-21,DKI1,45,,11,22,52,16,52,O3,SEDANG
201410,2014-10-21,DKI2,65,,20,12,63,14,65,PM10,SEDANG
201410,2014-10-21,DKI3,17,,16,15,28,7,28,O3,BAIK
201410,2014-10-21,DKI4,81,,16,5,58,14,81,PM10,SEDANG
201410,2014-10-21,DKI5,65,,9,13,59,13,65,PM10,SEDANG
201410,2014-10-22,DKI1,50,,13,23,46,22,50,PM10,BAIK
201410,2014-10-22,DKI2,77,,23,12,72,13,77,PM10,SEDANG
201410,2014-10-22,DKI3,15,,16,19,30,8,30,O3,BAIK
201410,2014-10-22,DKI4,83,,12,7,70,11,83,PM10,SEDANG
201410,2014-10-22,DKI5,64,,9,14,55,9,64,PM10,SEDANG
201410,2014-10-23,DKI1,52,,13,27,62,27,62,O3,SEDANG
201410,2014-10-23,DKI2,86,,18,23,95,16,95,O3,SEDANG
201410,2014-10-23,DKI3,---,,---,---,---,---,0,,TIDAK ADA DATA
201410,2014-10-23,DKI4,79,,11,6,89,12,89,O3,SEDANG
201410,2014-10-23,DKI5,72,,8,12,116,9,116,O3,TIDAK SEHAT
201410,2014-10-24,DKI1,52,,9,27,55,21,55,O3,SEDANG
201410,2014-10-24,DKI2,100,,17,14,81,16,100,PM10,SEDANG
201410,2014-10-24,DKI3,---,,---,---,---,---,0,,TIDAK ADA DATA
201410,2014-10-24,DKI4,66,,10,5,63,11,66,PM10,SEDANG
201410,2014-10-24,DKI5,58,,7,9,62,10,62,O3,SEDANG
201410,2014-10-25,DKI1,57,,13,30,52,16,57,PM10,SEDANG
201410,2014-10-25,DKI2,116,,21,18,76,14,116,PM10,TIDAK SEHAT
201410,2014-10-25,DKI3,11,,16,41,20,12,41,CO,BAIK
201410,2014-10-25,DKI4,95,,11,7,77,13,95,PM10,SEDANG
201410,2014-10-25,DKI5,76,,9,34,82,13,82,O3,SEDANG
201410,2014-10-26,DKI1,52,,10,36,72,15,72,O3,SEDANG
201410,2014-10-26,DKI2,10,,15,16,75,13,75,O3,SEDANG
201410,2014-10-26,DKI3,16,,16,30,29,10,30,CO,BAIK
201410,2014-10-26,DKI4,86,,19,6,70,15,86,PM10,SEDANG
201410,2014-10-26,DKI5,67,,8,19,92,14,92,O3,SEDANG
201410,2014-10-27,DKI1,48,,9,32,62,24,62,O3,SEDANG
201410,2014-10-27,DKI2,25,,15,16,78,15,78,O3,SEDANG
201410,2014-10-27,DKI3,11,,15,18,26,7,26,O3,BAIK
201410,2014-10-27,DKI4,64,,18,5,---,11,64,PM10,SEDANG
201410,2014-10-27,DKI5,58,,7,---,85,8,85,O3,SEDANG
201410,2014-10-28,DKI1,41,,10,27,70,20,70,O3,SEDANG
201410,2014-10-28,DKI2,---,,12,15,112,18,112,O3,TIDAK SEHAT
201410,2014-10-28,DKI3,10,,15,16,25,12,25,O3,BAIK
201410,2014-10-28,DKI4,70,,12,8,---,21,70,PM10,SEDANG
201410,2014-10-28,DKI5,66,,8,11,78,11,78,O3,SEDANG
201410,2014-10-29,DKI1,43,,12,25,57,19,57,O3,SEDANG
201410,2014-10-29,DKI2,84,,20,13,70,17,84,PM10,SEDANG
201410,2014-10-29,DKI3,11,,15,14,27,7,27,O3,BAIK
201410,2014-10-29,DKI4,69,,11,6,---,13,69,PM10,SEDANG
201410,2014-10-29,DKI5,59,,9,10,75,14,75,O3,SEDANG
201410,2014-10-30,DKI1,48,,9,27,44,18,48,PM10,BAIK
201410,2014-10-30,DKI2,---,,16,12,61,15,61,O3,SEDANG
201410,2014-10-30,DKI3,14,,14,30,13,10,30,CO,BAIK
201410,2014-10-30,DKI4,71,,---,6,---,15,71,PM10,SEDANG
201410,2014-10-30,DKI5,64,,8,14,60,16,64,PM10,SEDANG
201410,2014-10-31,DKI1,52,,11,26,49,19,52,PM10,SEDANG
201410,2014-10-31,DKI2,---,,20,15,65,17,65,O3,SEDANG
201410,2014-10-31,DKI3,23,,16,20,34,8,34,O3,BAIK
201410,2014-10-31,DKI4,83,,---,7,60,12,83,PM10,SEDANG
201410,2014-10-31,DKI5,64,,9,18,65,14,65,O3,SEDANG
201401,2014-11-01,DKI1,51,,4,28,75,21,75,O3,SEDANG
201401,2014-11-01,DKI2,56,,7,29,80,16,80,O3,SEDANG
201401,2014-11-01,DKI3,17,,7,15,66,---,66,O3,SEDANG
201401,2014-11-01,DKI4,56,,6,23,96,6,96,O3,SEDANG
201401,2014-11-01,DKI5,44,,1,23,85,11,85,O3,SEDANG
201402,2014-11-02,DKI1,57,,5,32,53,15,57,PM10,SEDANG
201402,2014-11-02,DKI2,53,,2,28,68,25,68,O3,SEDANG
201402,2014-11-02,DKI3,25,,7,22,58,---,58,O3,SEDANG
201402,2014-11-02,DKI4,55,,6,27,75,16,75,O3,SEDANG
201402,2014-11-02,DKI5,58,,3,22,56,10,58,PM10,SEDANG
201403,2014-11-03,DKI1,83,,5,49,50,21,83,PM10,SEDANG
201403,2014-11-03,DKI2,84,,8,53,46,21,84,PM10,SEDANG
201403,2014-11-03,DKI3,33,,8,46,53,16,53,O3,SEDANG
201403,2014-11-03,DKI4,95,,7,14,59,17,95,PM10,SEDANG
201403,2014-11-03,DKI5,92,,3,56,62,21,92,PM10,SEDANG
201404,2014-11-04,DKI1,51,,17,27,50,13,51,PM10,SEDANG
201404,2014-11-04,DKI2,47,,5,22,60,16,60,O3,SEDANG
201404,2014-11-04,DKI3,18,,8,33,31,8,33,CO,BAIK
201404,2014-11-04,DKI4,63,,8,30,42,9,63,PM10,SEDANG
201404,2014-11-04,DKI5,62,,5,17,78,7,78,O3,SEDANG
201405,2014-11-05,DKI1,56,,4,23,74,20,74,O3,SEDANG
201405,2014-11-05,DKI2,62,,6,21,94,16,94,O3,SEDANG
201405,2014-11-05,DKI3,34,,9,24,73,8,73,O3,SEDANG
201405,2014-11-05,DKI4,57,,7,25,69,11,69,O3,SEDANG
201405,2014-11-05,DKI5,67,,4,23,169,11,169,O3,TIDAK SEHAT
201406,2014-11-06,DKI1,64,,5,43,96,22,96,O3,SEDANG
201406,2014-11-06,DKI2,---,,---,---,---,---,0,,TIDAK ADA DATA
201406,2014-11-06,DKI3,48,,11,26,129,10,129,O3,TIDAK SEHAT
201406,2014-11-06,DKI4,83,,10,22,83,14,83,PM10,SEDANG
201406,2014-11-06,DKI5,70,,5,31,---,11,70,PM10,SEDANG
201407,2014-11-07,DKI1,56,,11,24,41,13,56,PM10,SEDANG
201407,2014-11-07,DKI2,---,,15,12,40,11,40,O3,BAIK
201407,2014-11-07,DKI3,19,,14,11,53,6,53,O3,SEDANG
201407,2014-11-07,DKI4,58,,12,8,35,10,58,PM10,SEDANG
201407,2014-11-07,DKI5,58,,---,15,34,12,58,PM10,SEDANG
201408,2014-11-08,DKI1,52,,11,26,49,14,52,PM10,SEDANG
201408,2014-11-08,DKI2,66,,23,11,50,10,66,PM10,SEDANG
201408,2014-11-08,DKI3,12,,15,15,65,10,65,O3,SEDANG
201408,2014-11-08,DKI4,---,,13,9,56,11,56,O3,SEDANG
201408,2014-11-08,DKI5,57,,8,15,57,10,57,PM10,SEDANG
201409,2014-11-09,DKI1,---,,11,25,50,17,50,O3,BAIK
201409,2014-11-09,DKI2,75,,19,16,48,17,75,PM10,SEDANG
201409,2014-11-09,DKI3,43,,15,16,89,8,89,O3,SEDANG
201409,2014-11-09,DKI4,81,,15,7,58,14,81,PM10,SEDANG
201409,2014-11-09,DKI5,58,,8,13,69,11,69,O3,SEDANG
201410,2014-11-10,DKI1,56,,16,30,78,23,78,O3,SEDANG
201410,2014-11-10,DKI2,53,,20,22,121,15,121,O3,TIDAK SEHAT
201410,2014-11-10,DKI3,19,,17,27,29,12,29,O3,BAIK
201410,2014-11-10,DKI4,86,,16,5,81,13,86,PM10,SEDANG
201410,2014-11-10,DKI5,70,,9,24,---,15,70,PM10,SEDANG
201411,2014-11-11,DKI1,47,,9,31,59,18,59,O3,SEDANG
201411,2014-11-11,DKI2,54,,14,22,103,18,103,O3,TIDAK SEHAT
201411,2014-11-11,DKI3,14,,14,21,26,12,26,O3,BAIK
201411,2014-11-11,DKI4,55,,11,6,73,15,73,O3,SEDANG
201411,2014-11-11,DKI5,44,,9,20,66,17,66,O3,SEDANG
201412,2014-11-12,DKI1,29,,13,28,40,17,40,O3,BAIK
201412,2014-11-12,DKI2,29,,15,9,48,11,48,O3,BAIK
201412,2014-11-12,DKI3,15,,18,15,11,8,18,SO2,BAIK
201412,2014-11-12,DKI4,61,,14,8,35,12,61,PM10,SEDANG
201412,2014-11-12,DKI5,26,,12,9,30,6,30,O3,BAIK
201411,2014-11-13,DKI1,38,,11,28,70,21,70,O3,SEDANG
201411,2014-11-13,DKI2,67,,25,19,93,25,93,O3,SEDANG
201411,2014-11-13,DKI3,13,,15,16,31,6,31,O3,BAIK
201411,2014-11-13,DKI4,62,,18,7,69,18,69,O3,SEDANG
201411,2014-11-13,DKI5,41,,8,16,100,11,100,O3,SEDANG
201411,2014-11-14,DKI1,52,,13,31,61,21,61,O3,SEDANG
201411,2014-11-14,DKI2,70,,24,23,64,22,70,PM10,SEDANG
201411,2014-11-14,DKI3,18,,17,35,23,10,35,CO,BAIK
201411,2014-11-14,DKI4,63,,12,8,87,14,87,O3,SEDANG
201411,2014-11-14,DKI5,52,,14,27,82,15,82,O3,SEDANG
201411,2014-11-15,DKI1,61,,12,41,80,26,80,O3,SEDANG
201411,2014-11-15,DKI2,79,,23,26,103,27,103,O3,TIDAK SEHAT
201411,2014-11-15,DKI3,10,,16,28,27,12,28,CO,BAIK
201411,2014-11-15,DKI4,71,,13,7,81,10,81,O3,SEDANG
201411,2014-11-15,DKI5,52,,12,28,---,17,52,PM10,SEDANG
201411,2014-11-16,DKI1,51,,9,24,55,21,55,O3,SEDANG
201411,2014-11-16,DKI2,67,,19,16,104,17,104,O3,TIDAK SEHAT
201411,2014-11-16,DKI3,14,,14,23,19,8,23,CO,BAIK
201411,2014-11-16,DKI4,64,,11,4,62,11,64,PM10,SEDANG
201411,2014-11-16,DKI5,54,,8,21,77,13,77,O3,SEDANG
201411,2014-11-17,DKI1,36,,10,27,45,19,45,O3,BAIK
201411,2014-11-17,DKI2,---,,18,19,58,14,58,O3,SEDANG
201411,2014-11-17,DKI3,11,,15,19,18,6,19,CO,BAIK
201411,2014-11-17,DKI4,---,,12,6,43,10,43,O3,BAIK
201411,2014-11-17,DKI5,47,,8,15,70,8,70,O3,SEDANG
201411,2014-11-18,DKI1,50,,11,29,51,19,51,O3,SEDANG
201411,2014-11-18,DKI2,---,,26,23,57,15,57,O3,SEDANG
201411,2014-11-18,DKI3,13,,15,37,18,10,37,CO,BAIK
201411,2014-11-18,DKI4,---,,13,6,39,13,39,O3,BAIK
201411,2014-11-18,DKI5,51,,11,32,82,15,82,O3,SEDANG
201411,2014-11-19,DKI1,52,,11,30,68,18,68,O3,SEDANG
201411,2014-11-19,DKI2,---,,18,26,94,16,94,O3,SEDANG
201411,2014-11-19,DKI3,12,,16,21,31,8,31,O3,BAIK
201411,2014-11-19,DKI4,66,,11,7,79,13,79,O3,SEDANG
201411,2014-11-19,DKI5,54,,10,19,104,12,104,O3,TIDAK SEHAT
201411,2014-11-20,DKI1,37,,11,34,69,20,69,O3,SEDANG
201411,2014-11-20,DKI2,---,,21,21,90,20,90,O3,SEDANG
201411,2014-11-20,DKI3,---,,---,---,---,---,0,,TIDAK ADA DATA
201411,2014-11-20,DKI4,50,,12,5,73,13,73,O3,SEDANG
201411,2014-11-20,DKI5,36,,8,22,74,12,74,O3,SEDANG
201411,2014-11-21,DKI1,40,,10,33,59,16,59,O3,SEDANG
201411,2014-11-21,DKI2,60,,15,19,72,13,72,O3,SEDANG
201411,2014-11-21,DKI3,---,,---,---,---,---,0,,TIDAK ADA DATA
201411,2014-11-21,DKI4,62,,12,4,57,12,62,PM10,SEDANG
201411,2014-11-21,DKI5,38,,9,18,70,12,70,O3,SEDANG
201411,2014-11-22,DKI1,52,,10,44,58,20,58,O3,SEDANG
201411,2014-11-22,DKI2,61,,18,31,65,20,65,O3,SEDANG
201411,2014-11-22,DKI3,19,,16,38,17,8,38,CO,BAIK
201411,2014-11-22,DKI4,64,,12,8,59,14,64,PM10,SEDANG
201411,2014-11-22,DKI5,51,,9,26,82,16,82,O3,SEDANG
201411,2014-11-23,DKI1,48,,11,38,50,14,50,O3,BAIK
201411,2014-11-23,DKI2,58,,17,25,58,12,58,PM10,SEDANG
201411,2014-11-23,DKI3,10,,15,30,15,7,30,CO,BAIK
201411,2014-11-23,DKI4,78,,12,8,36,12,78,PM10,SEDANG
201411,2014-11-23,DKI5,57,,8,28,44,12,57,PM10,SEDANG
201411,2014-11-24,DKI1,45,,9,29,72,17,72,O3,SEDANG
201411,2014-11-24,DKI2,57,,15,19,105,14,105,O3,TIDAK SEHAT
201411,2014-11-24,DKI3,11,,15,22,31,8,31,O3,BAIK
201411,2014-11-24,DKI4,65,,12,6,76,12,76,O3,SEDANG
201411,2014-11-24,DKI5,37,,8,15,79,9,79,O3,SEDANG
201411,2014-11-25,DKI1,36,,9,30,64,17,64,O3,SEDANG
201411,2014-11-25,DKI2,50,,16,17,92,17,92,O3,SEDANG
201411,2014-11-25,DKI3,8,,14,18,17,11,18,CO,BAIK
201411,2014-11-25,DKI4,40,,10,6,45,13,45,O3,BAIK
201411,2014-11-25,DKI5,25,,8,20,---,13,25,PM10,BAIK
201411,2014-11-26,DKI1,48,,10,30,76,21,76,O3,SEDANG
201411,2014-11-26,DKI2,54,,15,30,91,21,91,O3,SEDANG
201411,2014-11-26,DKI3,14,,16,21,19,7,21,CO,BAIK
201411,2014-11-26,DKI4,59,,12,6,63,12,63,O3,SEDANG
201411,2014-11-26,DKI5,39,,7,21,93,9,93,O3,SEDANG
201411,2014-11-27,DKI1,59,,11,39,67,25,67,O3,SEDANG
201411,2014-11-27,DKI2,69,,19,30,100,22,100,O3,SEDANG
201411,2014-11-27,DKI3,24,,15,25,49,8,49,O3,BAIK
201411,2014-11-27,DKI4,80,,---,---,---,---,80,PM10,SEDANG
201411,2014-11-27,DKI5,52,,8,40,65,15,65,O3,SEDANG
201411,2014-11-28,DKI1,50,,13,32,123,23,123,O3,TIDAK SEHAT
201411,2014-11-28,DKI2,66,,17,24,140,19,140,O3,TIDAK SEHAT
201411,2014-11-28,DKI3,15,,16,22,27,7,27,O3,BAIK
201411,2014-11-28,DKI4,63,,11,3,63,14,63,PM10,SEDANG
201411,2014-11-28,DKI5,32,,10,28,---,13,32,PM10,BAIK
201411,2014-11-29,DKI1,62,,11,64,74,23,74,O3,SEDANG
201411,2014-11-29,DKI2,79,,23,35,64,30,79,PM10,SEDANG
201411,2014-11-29,DKI3,14,,16,40,18,12,40,CO,BAIK
201411,2014-11-29,DKI4,77,,15,22,66,12,77,PM10,SEDANG
201411,2014-11-29,DKI5,26,,11,31,---,15,31,CO,BAIK
201411,2014-11-30,DKI1,29,,9,26,51,15,51,O3,SEDANG
201411,2014-11-30,DKI2,37,,13,20,48,14,48,O3,BAIK
201411,2014-11-30,DKI3,17,,14,18,15,4,18,CO,BAIK
201411,2014-11-30,DKI4,32,,10,6,40,10,40,O3,BAIK
201411,2014-11-30,DKI5,24,,8,20,---,10,24,PM10,BAIK
201401,2014-12-01,DKI1,44,,1,25,71,13,71,O3,SEDANG
201401,2014-12-01,DKI2,39,,3,26,70,15,70,O3,SEDANG
201401,2014-12-01,DKI3,16,,5,25,51,4,51,O3,SEDANG
201401,2014-12-01,DKI4,34,,5,29,69,9,69,O3,SEDANG
201401,2014-12-01,DKI5,38,,1,22,50,11,50,O3,BAIK
201402,2014-12-02,DKI1,58,,2,28,57,11,58,PM10,SEDANG
201402,2014-12-02,DKI2,56,,4,16,74,26,74,O3,SEDANG
201402,2014-12-02,DKI3,40,,7,42,55,5,55,O3,SEDANG
201402,2014-12-02,DKI4,63,,6,30,77,12,77,O3,SEDANG
201402,2014-12-02,DKI5,58,,2,14,77,9,77,O3,SEDANG
201403,2014-12-03,DKI1,61,,6,51,47,20,61,PM10,SEDANG
201403,2014-12-03,DKI2,59,,6,40,56,16,59,PM10,SEDANG
201403,2014-12-03,DKI3,33,,8,50,44,7,50,CO,BAIK
201403,2014-12-03,DKI4,62,,6,9,62,9,62,PM10,SEDANG
201403,2014-12-03,DKI5,69,,2,59,66,9,69,PM10,SEDANG
201404,2014-12-04,DKI1,65,,22,62,58,21,65,PM10,SEDANG
201404,2014-12-04,DKI2,66,,7,26,80,18,80,O3,SEDANG
201404,2014-12-04,DKI3,36,,8,50,34,11,50,CO,BAIK
201404,2014-12-04,DKI4,70,,7,19,49,9,70,PM10,SEDANG
201404,2014-12-04,DKI5,68,,5,26,94,18,94,O3,SEDANG
201405,2014-12-05,DKI1,61,,4,44,67,20,67,O3,SEDANG
201405,2014-12-05,DKI2,63,,8,28,85,20,85,O3,SEDANG
201405,2014-12-05,DKI3,26,,10,19,83,11,83,O3,SEDANG
201405,2014-12-05,DKI4,56,,7,27,91,11,91,O3,SEDANG
201405,2014-12-05,DKI5,70,,4,37,144,17,144,O3,TIDAK SEHAT
201406,2014-12-06,DKI1,63,,5,37,145,20,145,O3,TIDAK SEHAT
201406,2014-12-06,DKI2,---,,---,---,---,---,0,,TIDAK ADA DATA
201406,2014-12-06,DKI3,40,,10,32,99,16,99,O3,SEDANG
201406,2014-12-06,DKI4,75,,9,18,86,11,86,O3,SEDANG
201406,2014-12-06,DKI5,69,,6,---,214,21,214,O3,SANGAT TIDAK SEHAT
201407,2014-12-07,DKI1,57,,8,35,49,20,57,PM10,SEDANG
201407,2014-12-07,DKI2,---,,17,14,42,12,42,O3,BAIK
201407,2014-12-07,DKI3,30,,11,30,42,7,42,O3,BAIK
201407,2014-12-07,DKI4,76,,11,29,---,12,76,PM10,SEDANG
201407,2014-12-07,DKI5,83,,---,41,60,12,83,PM10,SEDANG
201408,2014-12-08,DKI1,---,,12,34,59,18,59,O3,SEDANG
201408,2014-12-08,DKI2,66,,19,26,57,18,66,PM10,SEDANG
201408,2014-12-08,DKI3,12,,12,18,99,6,99,O3,SEDANG
201408,2014-12-08,DKI4,---,,11,12,---,13,13,NO2,BAIK
201408,2014-12-08,DKI5,54,,7,22,---,13,54,PM10,SEDANG
201409,2014-12-09,DKI1,---,,13,24,54,22,54,O3,SEDANG
201409,2014-12-09,DKI2,73,,17,20,84,19,84,O3,SEDANG
201409,2014-12-09,DKI3,26,,16,19,87,12,87,O3,SEDANG
201409,2014-12-09,DKI4,79,,15,10,62,15,79,PM10,SEDANG
201409,2014-12-09,DKI5,67,,9,16,---,15,67,PM10,SEDANG
201410,2014-12-10,DKI1,55,,14,28,75,18,75,O3,SEDANG
201410,2014-12-10,DKI2,34,,17,24,106,20,106,O3,TIDAK SEHAT
201410,2014-12-10,DKI3,16,,18,27,43,11,43,O3,BAIK
201410,2014-12-10,DKI4,105,,17,5,94,15,105,PM10,TIDAK SEHAT
201410,2014-12-10,DKI5,68,,11,15,---,10,68,PM10,SEDANG
201411,2014-12-11,DKI1,60,,13,37,53,22,60,PM10,SEDANG
201411,2014-12-11,DKI2,69,,16,28,83,21,83,O3,SEDANG
201411,2014-12-11,DKI3,20,,15,38,26,12,38,CO,BAIK
201411,2014-12-11,DKI4,69,,13,7,68,14,69,PM10,SEDANG
201411,2014-12-11,DKI5,56,,13,23,---,18,56,PM10,SEDANG
201412,2014-12-12,DKI1,28,,13,23,43,14,43,O3,BAIK
201412,2014-12-12,DKI2,32,,16,11,48,13,48,O3,BAIK
201412,2014-12-12,DKI3,15,,15,16,9,4,16,CO,BAIK
201412,2014-12-12,DKI4,52,,12,10,31,6,52,PM10,SEDANG
201412,2014-12-12,DKI5,25,,10,8,---,5,25,PM10,BAIK
201412,2014-12-13,DKI1,31,,13,24,42,12,42,O3,BAIK
201412,2014-12-13,DKI2,37,,15,15,50,11,50,O3,BAIK
201412,2014-12-13,DKI3,18,,16,12,18,4,18,PM10,BAIK
201412,2014-12-13,DKI4,59,,13,9,58,6,59,PM10,SEDANG
201412,2014-12-13,DKI5,18,,12,7,---,5,18,PM10,BAIK
201412,2014-12-14,DKI1,47,,14,23,37,12,47,PM10,BAIK
201412,2014-12-14,DKI2,48,,19,16,46,7,48,PM10,BAIK
201412,2014-12-14,DKI3,15,,16,10,9,2,16,SO2,BAIK
201412,2014-12-14,DKI4,50,,13,6,35,6,50,PM10,BAIK
201412,2014-12-14,DKI5,38,,13,13,---,6,38,PM10,BAIK
201412,2014-12-15,DKI1,26,,12,23,36,12,36,O3,BAIK
201412,2014-12-15,DKI2,25,,16,10,41,12,41,O3,BAIK
201412,2014-12-15,DKI3,20,,16,11,11,3,20,PM10,BAIK
201412,2014-12-15,DKI4,41,,12,7,38,4,41,PM10,BAIK
201412,2014-12-15,DKI5,25,,10,9,---,4,25,PM10,BAIK
201412,2014-12-16,DKI1,33,,12,26,46,15,46,O3,BAIK
201412,2014-12-16,DKI2,35,,16,10,56,19,56,O3,SEDANG
201412,2014-12-16,DKI3,22,,17,19,11,11,22,PM10,BAIK
201412,2014-12-16,DKI4,72,,15,11,47,10,72,PM10,SEDANG
201412,2014-12-16,DKI5,28,,14,16,---,14,28,PM10,BAIK
201412,2014-12-17,DKI1,22,,10,25,40,13,40,O3,BAIK
201412,2014-12-17,DKI2,29,,14,11,52,11,52,O3,SEDANG
201412,2014-12-17,DKI3,14,,15,8,6,3,15,SO2,BAIK
201412,2014-12-17,DKI4,47,,12,6,16,6,47,PM10,BAIK
201412,2014-12-17,DKI5,22,,8,7,---,3,22,PM10,BAIK
201412,2014-12-18,DKI1,22,,11,11,37,10,37,O3,BAIK
201412,2014-12-18,DKI2,31,,29,23,37,10,37,O3,BAIK
201412,2014-12-18,DKI3,13,,16,14,13,4,16,SO2,BAIK
201412,2014-12-18,DKI4,56,,15,15,29,8,56,PM10,SEDANG
201412,2014-12-18,DKI5,17,,9,7,---,3,17,PM10,BAIK
201412,2014-12-19,DKI1,62,,10,19,46,15,62,PM10,SEDANG
201412,2014-12-19,DKI2,60,,34,30,13,13,60,PM10,SEDANG
201412,2014-12-19,DKI3,20,,7,27,6,9,27,CO,BAIK
201412,2014-12-19,DKI4,57,,14,18,---,10,57,PM10,SEDANG
201412,2014-12-19,DKI5,21,,14,16,---,7,21,PM10,BAIK
201412,2014-12-20,DKI1,33,,6,20,42,13,42,O3,BAIK
201412,2014-12-20,DKI2,37,,30,30,11,13,37,PM10,BAIK
201412,2014-12-20,DKI3,16,,5,28,7,9,28,CO,BAIK
201412,2014-12-20,DKI4,30,,10,16,---,8,30,PM10,BAIK
201412,2014-12-20,DKI5,18,,5,12,6,7,18,PM10,BAIK
201412,2014-12-21,DKI1,---,,7,39,48,14,48,O3,BAIK
201412,2014-12-21,DKI2,67,,34,43,23,13,67,PM10,SEDANG
201412,2014-12-21,DKI3,39,,5,47,8,9,47,CO,BAIK
201412,2014-12-21,DKI4,52,,11,39,11,15,52,PM10,SEDANG
201412,2014-12-21,DKI5,34,,5,38,6,10,38,CO,BAIK
201412,2014-12-22,DKI1,---,,7,19,50,18,50,O3,BAIK
201412,2014-12-22,DKI2,42,,25,30,79,19,79,O3,SEDANG
201412,2014-12-22,DKI3,22,,5,33,10,11,33,CO,BAIK
201412,2014-12-22,DKI4,39,,10,18,10,14,39,PM10,BAIK
201412,2014-12-22,DKI5,14,,4,15,9,7,15,CO,BAIK
201412,2014-12-23,DKI1,---,,6,25,33,13,33,O3,BAIK
201412,2014-12-23,DKI2,39,,3,37,55,18,55,O3,SEDANG
201412,2014-12-23,DKI3,17,,---,---,---,---,17,PM10,BAIK
201412,2014-12-23,DKI4,36,,10,27,12,12,36,PM10,BAIK
201412,2014-12-23,DKI5,19,,---,---,---,---,19,PM10,BAIK
201412,2014-12-24,DKI1,---,,6,25,16,13,25,CO,BAIK
201412,2014-12-24,DKI2,69,,11,43,137,19,137,O3,TIDAK SEHAT
201412,2014-12-24,DKI3,17,,---,---,---,---,17,PM10,BAIK
201412,2014-12-24,DKI4,61,,11,43,16,13,61,PM10,SEDANG
201412,2014-12-24,DKI5,39,,4,20,15,10,39,PM10,BAIK
201412,2014-12-25,DKI1,---,,6,25,16,13,25,CO,BAIK
201412,2014-12-25,DKI2,58,,7,37,130,16,130,O3,TIDAK SEHAT
201412,2014-12-25,DKI3,13,,5,36,22,7,36,CO,BAIK
201412,2014-12-25,DKI4,59,,12,27,13,12,59,PM10,SEDANG
201412,2014-12-25,DKI5,25,,5,18,21,8,25,PM10,BAIK
201412,2014-12-26,DKI1,---,,6,25,42,13,42,O3,BAIK
201412,2014-12-26,DKI2,52,,11,29,71,14,71,O3,SEDANG
201412,2014-12-26,DKI3,11,,5,30,21,6,30,CO,BAIK
201412,2014-12-26,DKI4,50,,14,14,11,9,50,PM10,BAIK
201412,2014-12-26,DKI5,21,,4,13,18,7,21,PM10,BAIK
201412,2014-12-27,DKI1,28,,5,17,31,16,31,O3,BAIK
201412,2014-12-27,DKI2,24,,2,32,40,14,40,O3,BAIK
201412,2014-12-27,DKI3,15,,5,27,6,6,27,CO,BAIK
201412,2014-12-27,DKI4,30,,9,15,9,7,30,PM10,BAIK
201412,2014-12-27,DKI5,16,,3,10,3,8,16,PM10,BAIK
201412,2014-12-28,DKI1,33,,5,22,29,22,33,PM10,BAIK
201412,2014-12-28,DKI2,40,,3,41,31,20,41,CO,BAIK
201412,2014-12-28,DKI3,16,,5,41,5,8,41,CO,BAIK
201412,2014-12-28,DKI4,39,,10,42,137,12,137,O3,TIDAK SEHAT
201412,2014-12-28,DKI5,19,,3,24,3,9,24,CO,BAIK
201412,2014-12-29,DKI1,25,,5,9,27,6,27,O3,BAIK
201412,2014-12-29,DKI2,28,,2,25,30,6,30,O3,BAIK
201412,2014-12-29,DKI3,16,,5,25,8,5,25,CO,BAIK
201412,2014-12-29,DKI4,31,,9,13,201,6,201,O3,SANGAT TIDAK SEHAT
201412,2014-12-29,DKI5,11,,3,8,3,3,11,PM10,BAIK
201412,2014-12-30,DKI1,33,,6,11,22,8,33,PM10,BAIK
201412,2014-12-30,DKI2,35,,2,28,26,9,35,PM10,BAIK
201412,2014-12-30,DKI3,17,,5,25,7,3,25,CO,BAIK
201412,2014-12-30,DKI4,36,,10,16,81,11,81,O3,SEDANG
201412,2014-12-30,DKI5,18,,3,8,3,4,18,PM10,BAIK
201412,2014-12-31,DKI1,24,,5,11,26,11,26,O3,BAIK
201412,2014-12-31,DKI2,23,,2,25,36,5,36,O3,BAIK
201412,2014-12-31,DKI3,13,,5,20,4,---,20,CO,BAIK
201412,2014-12-31,DKI4,18,,9,11,217,5,217,O3,SANGAT TIDAK SEHAT
201412,2014-12-31,DKI5,14,,3,5,3,2,14,PM10,BAIK
201501,2015-01-01,DKI1,49,,10,39,27,10,49,PM10,BAIK
201202,2015-01-02,DKI1,42,,7,30,42,12,42,PM10,BAIK
201503,2015-01-03,DKI4,86,,16,48,39,16,86,PM10,SEDANG
201504,2015-01-04,DKI2,65,,19,37,80,21,80,O3,SEDANG
201505,2015-01-05,DKI2,57,,17,33,105,20,105,O3,TIDAK SEHAT
201506,2015-01-06,DKI2,74,,20,35,53,17,74,PM10,SEDANG
201507,2015-01-07,DKI4,83,,32,30,86,24,86,O3,SEDANG
201508,2015-01-08,DKI3,81,,32,29,91,20,91,O3,SEDANG
201509,2015-01-09,DKI4,78,,34,19,71,24,78,PM10,SEDANG
201510,2015-01-10,DKI4,121,,36,28,69,33,121,PM10,TIDAK SEHAT
201511,2015-01-11,DKI3,103,,28,28,119,19,119,O3,TIDAK SEHAT
201512,2015-01-12,DKI3,76,,19,37,106,28,106,O3,TIDAK SEHAT
201501,2015-01-13,DKI1,45,,11,39,35,18,45,PM10,BAIK
201501,2015-01-14,DKI2,41,,11,44,40,17,44,CO,BAIK
201501,2015-01-15,DKI2,39,,10,34,47,20,47,O3,BAIK
201501,2015-01-16,DKI3,57,,16,61,40,17,61,CO,SEDANG
201501,2015-01-17,DKI2,39,,11,30,43,15,43,O3,BAIK
201501,2015-01-18,DKI5,46,,11,36,45,18,46,PM10,BAIK
201501,2015-01-19,DKI1,54,,11,39,41,16,54,PM10,SEDANG
201501,2015-01-20,DKI2,70,,13,72,51,24,72,CO,SEDANG
201501,2015-01-21,DKI2,56,,12,61,40,16,61,CO,SEDANG
201501,2015-01-22,DKI4,45,,11,36,36,15,45,PM10,BAIK
201501,2015-01-23,DKI2,49,,10,50,41,23,50,CO,BAIK
201501,2015-01-24,DKI3,71,,13,72,65,21,72,CO,SEDANG
201501,2015-01-25,DKI3,35,,11,29,67,18,67,O3,SEDANG
201501,2015-01-26,DKI3,53,,14,41,59,14,59,O3,SEDANG
201501,2015-01-27,DKI5,68,,12,51,49,13,68,PM10,SEDANG
201501,2015-01-28,DKI3,57,,14,46,65,15,65,O3,SEDANG
201501,2015-01-29,DKI3,55,,13,34,61,17,61,O3,SEDANG
201501,2015-01-30,DKI1,52,,12,46,50,13,52,PM10,SEDANG
201501,2015-01-31,DKI1,54,,14,32,41,15,54,PM10,SEDANG
201501,2015-02-01,DKI2,28,,9,26,48,10,48,O3,BAIK
201202,2015-02-02,DKI5,50,,6,49,42,21,50,PM10,BAIK
201503,2015-02-03,DKI1,57,,17,40,41,18,57,PM10,SEDANG
201504,2015-02-04,DKI2,67,,13,45,88,22,88,O3,SEDANG
201505,2015-02-05,DKI2,82,,19,53,99,16,99,O3,SEDANG
201506,2015-02-06,DKI4,89,,20,45,77,17,89,PM10,SEDANG
201507,2015-02-07,DKI4,86,,34,37,93,21,93,O3,SEDANG
201508,2015-02-08,DKI3,86,,27,28,94,15,94,O3,SEDANG
201509,2015-02-09,DKI4,86,,39,23,70,25,86,PM10,SEDANG
201510,2015-02-10,DKI4,107,,33,33,57,16,107,PM10,TIDAK SEHAT
201511,2015-02-11,DKI2,84,,28,40,91,24,91,O3,SEDANG
201512,2015-02-12,DKI2,72,,20,25,111,20,111,O3,TIDAK SEHAT
201202,2015-02-13,DKI3,48,,10,37,48,15,48,PM10,BAIK
201202,2015-02-14,DKI5,58,,13,57,48,16,58,PM10,SEDANG
201202,2015-02-15,DKI3,67,,13,71,44,12,71,CO,SEDANG
201202,2015-02-16,DKI3,69,,13,56,72,18,72,O3,SEDANG
201202,2015-02-17,DKI3,49,,13,57,63,13,63,O3,SEDANG
201202,2015-02-18,DKI4,56,,19,48,66,24,66,O3,SEDANG
201202,2015-02-19,DKI3,40,,13,34,42,13,42,O3,BAIK
201202,2015-02-20,DKI3,52,,24,42,68,20,68,O3,SEDANG
201202,2015-02-21,DKI4,98,,15,60,62,27,98,PM10,SEDANG
201202,2015-02-22,DKI4,71,,15,37,57,23,71,PM10,SEDANG
201202,2015-02-23,DKI4,63,,16,32,46,15,63,PM10,SEDANG
201202,2015-02-24,DKI3,70,,17,42,70,17,70,PM10,SEDANG
201202,2015-02-25,DKI3,85,,20,45,121,18,121,O3,TIDAK SEHAT
201202,2015-02-26,DKI3,87,,19,35,147,31,147,O3,TIDAK SEHAT
201202,2015-02-27,DKI3,83,,16,38,129,21,129,O3,TIDAK SEHAT
201202,2015-02-28,DKI4,78,,17,43,65,19,78,PM10,SEDANG
201501,2015-03-01,DKI2,27,,10,28,44,10,44,O3,BAIK
201202,2015-03-02,DKI5,76,,8,69,50,15,76,PM10,SEDANG
201503,2015-03-03,DKI1,62,,19,33,50,18,62,PM10,SEDANG
201504,2015-03-04,DKI3,51,,14,50,54,17,54,O3,SEDANG
201505,2015-03-05,DKI3,65,,21,35,96,22,96,O3,SEDANG
201506,2015-03-06,DKI3,61,,19,30,84,16,84,O3,SEDANG
201507,2015-03-07,DKI5,75,,35,31,99,19,99,O3,SEDANG
201508,2015-03-08,DKI3,67,,35,25,69,17,69,O3,SEDANG
201509,2015-03-09,DKI4,101,,37,23,61,21,101,PM10,TIDAK SEHAT
201510,2015-03-10,DKI4,108,,32,27,54,13,108,PM10,TIDAK SEHAT
201511,2015-03-11,DKI3,65,,27,25,117,17,117,O3,TIDAK SEHAT
201512,2015-03-12,DKI3,71,,32,32,82,26,82,O3,SEDANG
201503,2015-03-13,DKI1,66,,16,61,49,24,66,PM10,SEDANG
201503,2015-03-14,DKI4,72,,17,44,52,13,72,PM10,SEDANG
201503,2015-03-15,DKI1,64,,16,30,49,14,64,PM10,SEDANG
201503,2015-03-16,DKI4,55,,14,52,71,19,71,O3,SEDANG
201503,2015-03-17,DKI4,66,,20,46,85,21,85,O3,SEDANG
201503,2015-03-18,DKI2,75,,22,35,104,25,104,O3,TIDAK SEHAT
201503,2015-03-19,DKI3,68,,16,33,130,26,130,O3,TIDAK SEHAT
201503,2015-03-20,DKI2,57,,15,30,127,30,127,O3,TIDAK SEHAT
201503,2015-03-21,DKI3,52,,14,30,92,16,92,O3,SEDANG
201503,2015-03-22,DKI3,63,,16,36,113,17,113,O3,TIDAK SEHAT
201503,2015-03-23,DKI5,53,,17,33,155,28,155,O3,TIDAK SEHAT
201503,2015-03-24,DKI3,76,,17,46,94,20,94,O3,SEDANG
201503,2015-03-25,DKI4,75,,21,44,57,20,75,PM10,SEDANG
201503,2015-03-26,DKI2,66,,15,43,62,21,66,PM10,SEDANG
201503,2015-03-27,DKI3,67,,17,58,83,20,83,O3,SEDANG
201503,2015-03-28,DKI3,68,,17,33,77,17,77,O3,SEDANG
201503,2015-03-29,DKI4,78,,15,53,74,12,78,PM10,SEDANG
201503,2015-03-30,DKI3,69,,14,47,76,17,76,O3,SEDANG
201503,2015-03-31,DKI4,80,,17,29,72,18,80,PM10,SEDANG
201501,2015-04-01,DKI2,22,,9,28,42,12,42,O3,BAIK
201202,2015-04-02,DKI5,68,,10,59,55,23,68,PM10,SEDANG
201503,2015-04-03,DKI1,59,,16,41,38,19,59,PM10,SEDANG
201504,2015-04-04,DKI2,75,,18,52,108,21,108,O3,TIDAK SEHAT
201505,2015-04-05,DKI4,55,,19,43,71,16,71,O3,SEDANG
201506,2015-04-06,DKI4,79,,19,42,60,12,79,PM10,SEDANG
201507,2015-04-07,DKI3,77,,40,22,94,22,94,O3,SEDANG
201508,2015-04-08,DKI4,101,,38,37,86,24,101,PM10,TIDAK SEHAT
201509,2015-04-09,DKI4,89,,35,22,74,19,89,PM10,SEDANG
201510,2015-04-10,DKI4,121,,33,26,66,11,121,PM10,TIDAK SEHAT
201511,2015-04-11,DKI3,75,,28,26,84,19,84,O3,SEDANG
201512,2015-04-12,DKI3,66,,30,30,84,24,84,O3,SEDANG
201504,2015-04-13,DKI1,74,,21,35,65,17,74,PM10,SEDANG
201504,2015-04-14,DKI4,74,,22,54,67,30,74,PM10,SEDANG
201504,2015-04-15,DKI3,64,,17,37,83,19,83,O3,SEDANG
201504,2015-04-16,DKI3,73,,18,36,87,21,87,O3,SEDANG
201504,2015-04-17,DKI2,64,,18,37,54,16,64,PM10,SEDANG
201504,2015-04-18,DKI4,84,,22,47,74,19,84,PM10,SEDANG
201504,2015-04-19,DKI2,83,,18,48,111,21,111,O3,TIDAK SEHAT
201504,2015-04-20,DKI1,61,,22,42,98,21,98,O3,SEDANG
201504,2015-04-21,DKI3,76,,25,45,101,30,101,O3,TIDAK SEHAT
201504,2015-04-22,DKI3,71,,17,36,119,19,119,O3,TIDAK SEHAT
201504,2015-04-23,DKI1,40,,16,26,46,10,46,O3,BAIK
201504,2015-04-24,DKI1,34,,15,28,39,7,39,O3,BAIK
201504,2015-04-25,DKI1,32,,15,30,40,14,40,O3,BAIK
201504,2015-04-26,DKI2,53,,16,39,43,16,53,PM10,SEDANG
201504,2015-04-27,DKI4,53,,16,47,67,9,67,O3,SEDANG
201504,2015-04-28,DKI4,46,,15,28,42,12,46,PM10,BAIK
201504,2015-04-29,DKI4,50,,15,27,42,12,50,PM10,BAIK
201504,2015-04-30,DKI2,40,,15,28,51,16,51,O3,SEDANG
201501,2015-05-01,DKI2,25,,9,25,32,7,32,O3,BAIK
201202,2015-05-02,DKI3,47,,9,33,58,17,58,O3,SEDANG
201503,2015-05-03,DKI1,51,,14,29,44,15,51,PM10,SEDANG
201504,2015-05-04,DKI5,75,,19,45,77,23,77,O3,SEDANG
201505,2015-05-05,DKI2,73,,22,61,62,23,73,PM10,SEDANG
201506,2015-05-06,DKI4,63,,21,31,51,16,63,PM10,SEDANG
201507,2015-05-07,DKI5,114,,35,52,87,20,114,PM10,TIDAK SEHAT
201508,2015-05-08,DKI4,91,,35,21,73,20,91,PM10,SEDANG
201509,2015-05-09,DKI4,80,,33,20,71,18,80,PM10,SEDANG
201510,2015-05-10,DKI4,86,,31,23,81,21,86,PM10,SEDANG
201511,2015-05-11,DKI3,89,,28,34,89,19,89,PM10,SEDANG
201512,2015-05-12,DKI3,74,,31,43,103,25,103,O3,TIDAK SEHAT
201505,2015-05-13,DKI4,75,,24,33,63,43,75,PM10,SEDANG
201505,2015-05-14,DKI4,67,,18,28,61,22,67,PM10,SEDANG
201505,2015-05-15,DKI5,60,,17,38,53,63,63,NO2,SEDANG
201505,2015-05-16,DKI4,68,,17,46,92,17,92,O3,SEDANG
201505,2015-05-17,DKI4,67,,17,37,66,42,67,PM10,SEDANG
201505,2015-05-18,DKI3,77,,18,32,77,30,77,PM10,SEDANG
201505,2015-05-19,DKI3,84,,18,31,105,19,105,O3,TIDAK SEHAT
201505,2015-05-20,DKI3,83,,18,30,97,22,97,O3,SEDANG
201505,2015-05-21,DKI4,87,,18,32,84,19,87,PM10,SEDANG
201505,2015-05-22,DKI5,85,,19,27,90,17,90,O3,SEDANG
201505,2015-05-23,DKI4,93,,22,36,90,18,93,PM10,SEDANG
201505,2015-05-24,DKI4,87,,24,34,77,17,87,PM10,SEDANG
201505,2015-05-25,DKI3,83,,20,29,83,14,83,PM10,SEDANG
201505,2015-05-26,DKI3,78,,19,41,85,17,85,O3,SEDANG
201505,2015-05-27,DKI4,96,,20,32,74,16,96,PM10,SEDANG
201505,2015-05-28,DKI4,69,,20,24,37,11,69,PM10,SEDANG
201505,2015-05-29,DKI1,64,,20,30,64,22,64,PM10,SEDANG
201505,2015-05-30,DKI2,74,,20,36,70,18,74,PM10,SEDANG
201505,2015-05-31,DKI3,70,,20,53,83,14,83,O3,SEDANG
201501,2015-06-01,DKI2,29,,9,26,37,11,37,O3,BAIK
201202,2015-06-02,DKI3,30,,8,52,49,13,52,CO,SEDANG
201503,2015-06-03,DKI5,66,,17,44,70,18,70,O3,SEDANG
201504,2015-06-04,DKI4,71,,17,41,61,20,71,PM10,SEDANG
201505,2015-06-05,DKI2,79,,19,45,48,22,79,PM10,SEDANG
201506,2015-06-06,DKI4,79,,25,42,60,22,79,PM10,SEDANG
201507,2015-06-07,DKI3,84,,34,25,95,21,95,O3,SEDANG
201508,2015-06-08,DKI4,86,,34,24,84,19,86,PM10,SEDANG
201509,2015-06-09,DKI4,89,,32,21,75,16,89,PM10,SEDANG
201510,2015-06-10,DKI3,93,,33,31,95,22,95,O3,SEDANG
201511,2015-06-11,DKI3,82,,28,27,103,20,103,O3,TIDAK SEHAT
201512,2015-06-12,DKI4,71,,34,40,79,20,79,O3,SEDANG
201506,2015-06-13,DKI5,81,,30,39,94,32,94,O3,SEDANG
201506,2015-06-14,DKI3,89,,30,37,113,22,113,O3,TIDAK SEHAT
201506,2015-06-15,DKI3,85,,28,36,108,26,108,O3,TIDAK SEHAT
201506,2015-06-16,DKI3,92,,32,47,115,29,115,O3,TIDAK SEHAT
201506,2015-06-17,DKI4,115,,37,48,78,25,115,PM10,TIDAK SEHAT
201506,2015-06-18,DKI4,83,,34,29,80,19,83,PM10,SEDANG
201506,2015-06-19,DKI2,79,,32,30,87,28,87,O3,SEDANG
201506,2015-06-20,DKI4,79,,37,34,77,25,79,PM10,SEDANG
201506,2015-06-21,DKI2,92,,31,28,99,17,99,O3,SEDANG
201506,2015-06-22,DKI4,98,,26,31,97,20,98,PM10,SEDANG
201506,2015-06-23,DKI4,109,,30,32,98,30,109,PM10,TIDAK SEHAT
201506,2015-06-24,DKI3,86,,34,34,94,29,94,O3,SEDANG
201506,2015-06-25,DKI5,101,,33,38,72,23,101,PM10,TIDAK SEHAT
201506,2015-06-26,DKI5,114,,34,31,67,18,114,PM10,TIDAK SEHAT
201506,2015-06-27,DKI5,105,,33,34,61,12,105,PM10,TIDAK SEHAT
201506,2015-06-28,DKI2,72,,26,26,84,15,84,O3,SEDANG
201506,2015-06-29,DKI4,94,,28,35,101,22,101,O3,TIDAK SEHAT
201506,2015-06-30,DKI3,95,,31,33,101,22,101,O3,TIDAK SEHAT
201501,2015-07-01,DKI1,32,,10,32,35,12,35,O3,BAIK
201202,2015-07-02,DKI3,51,,9,33,53,15,53,O3,SEDANG
201503,2015-07-03,DKI4,53,,15,27,59,20,59,O3,SEDANG
201504,2015-07-04,DKI4,57,,17,29,33,12,57,PM10,SEDANG
201505,2015-07-05,DKI3,59,,18,29,67,15,67,O3,SEDANG
201506,2015-07-06,DKI4,86,,22,37,65,16,86,PM10,SEDANG
201507,2015-07-07,DKI3,83,,37,27,123,27,123,O3,TIDAK SEHAT
201508,2015-07-08,DKI3,62,,31,19,88,18,88,O3,SEDANG
201509,2015-07-09,DKI3,82,,33,24,83,20,83,O3,SEDANG
201510,2015-07-10,DKI3,78,,30,31,97,25,97,O3,SEDANG
201511,2015-07-11,DKI4,90,,31,29,87,24,90,PM10,SEDANG
201512,2015-07-12,DKI3,52,,31,31,63,15,63,O3,SEDANG
201507,2015-07-13,DKI5,60,,31,23,54,11,60,PM10,SEDANG
201507,2015-07-14,DKI4,70,,33,25,53,12,70,PM10,SEDANG
201507,2015-07-15,DKI5,60,,32,25,39,12,60,PM10,SEDANG
201507,2015-07-16,DKI4,55,,31,21,45,9,55,PM10,SEDANG
201507,2015-07-17,DKI4,56,,31,31,44,8,56,PM10,SEDANG
201507,2015-07-18,DKI3,52,,30,22,58,8,58,O3,SEDANG
201507,2015-07-19,DKI3,54,,29,21,56,8,56,O3,SEDANG
201507,2015-07-20,DKI3,55,,30,22,61,9,61,O3,SEDANG
201507,2015-07-21,DKI4,72,,30,22,64,9,72,PM10,SEDANG
201507,2015-07-22,DKI4,62,,27,22,61,10,62,PM10,SEDANG
201507,2015-07-23,DKI4,63,,28,30,56,11,63,PM10,SEDANG
201507,2015-07-24,DKI4,59,,29,23,53,10,59,PM10,SEDANG
201507,2015-07-25,DKI3,66,,32,24,79,12,79,O3,SEDANG
201507,2015-07-26,DKI4,110,,28,27,80,30,110,PM10,TIDAK SEHAT
201507,2015-07-27,DKI3,69,,27,26,82,17,82,O3,SEDANG
201507,2015-07-28,DKI3,65,,34,26,66,16,66,O3,SEDANG
201507,2015-07-29,DKI4,71,,33,26,54,17,71,PM10,SEDANG
201507,2015-07-30,DKI4,80,,33,28,73,15,80,PM10,SEDANG
201507,2015-07-31,DKI3,79,,32,27,82,22,82,O3,SEDANG
201501,2015-08-01,DKI3,48,,10,25,40,13,48,PM10,BAIK
201202,2015-08-02,DKI1,49,,9,34,46,12,49,PM10,BAIK
201503,2015-08-03,DKI4,46,,14,36,36,17,46,PM10,BAIK
201504,2015-08-04,DKI2,65,,15,46,86,19,86,O3,SEDANG
201505,2015-08-05,DKI4,72,,22,27,53,15,72,PM10,SEDANG
201506,2015-08-06,DKI4,85,,21,45,54,15,85,PM10,SEDANG
201507,2015-08-07,DKI3,81,,33,26,109,21,109,O3,TIDAK SEHAT
201508,2015-08-08,DKI3,70,,27,22,95,22,95,O3,SEDANG
201509,2015-08-09,DKI3,86,,33,25,102,18,102,O3,TIDAK SEHAT
201510,2015-08-10,DKI3,70,,27,25,97,23,97,O3,SEDANG
201511,2015-08-11,DKI3,78,,29,58,81,20,81,O3,SEDANG
201512,2015-08-12,DKI2,70,,32,25,57,21,70,PM10,SEDANG
201508,2015-08-13,DKI4,92,,25,28,83,19,92,PM10,SEDANG
201508,2015-08-14,DKI4,65,,25,22,56,13,65,PM10,SEDANG
201508,2015-08-15,DKI3,70,,29,22,75,16,75,O3,SEDANG
201508,2015-08-16,DKI4,69,,27,20,68,11,69,PM10,SEDANG
201508,2015-08-17,DKI3,72,,29,18,77,14,77,O3,SEDANG
201508,2015-08-18,DKI3,78,,29,23,79,18,79,O3,SEDANG
201508,2015-08-19,DKI4,88,,29,24,82,16,88,PM10,SEDANG
201508,2015-08-20,DKI4,94,,27,25,92,28,94,PM10,SEDANG
201508,2015-08-21,DKI3,79,,29,22,98,22,98,O3,SEDANG
201508,2015-08-22,DKI3,94,,32,18,96,19,96,O3,SEDANG
201508,2015-08-23,DKI4,97,,31,22,77,20,97,PM10,SEDANG
201508,2015-08-24,DKI4,87,,33,24,84,21,87,PM10,SEDANG
201508,2015-08-25,DKI3,96,,34,25,102,21,102,O3,TIDAK SEHAT
201508,2015-08-26,DKI4,110,,35,24,95,26,110,PM10,TIDAK SEHAT
201508,2015-08-27,DKI4,97,,34,25,83,22,97,PM10,SEDANG
201508,2015-08-28,DKI4,88,,32,23,75,24,88,PM10,SEDANG
201508,2015-08-29,DKI3,81,,32,26,100,15,100,O3,SEDANG
201508,2015-08-30,DKI4,80,,30,19,75,13,80,PM10,SEDANG
201508,2015-08-31,DKI2,69,,31,19,105,24,105,O3,TIDAK SEHAT
201501,2015-09-01,DKI1,24,,10,24,32,7,32,O3,BAIK
201202,2015-09-02,DKI3,27,,8,45,36,14,45,CO,BAIK
201503,2015-09-03,DKI5,51,,15,33,45,17,51,PM10,SEDANG
201504,2015-09-04,DKI2,69,,14,42,86,23,86,O3,SEDANG
201505,2015-09-05,DKI2,83,,15,40,83,16,83,PM10,SEDANG
201506,2015-09-06,DKI4,91,,21,43,51,18,91,PM10,SEDANG
201507,2015-09-07,DKI3,81,,32,21,95,22,95,O3,SEDANG
201508,2015-09-08,DKI4,76,,30,31,71,20,76,PM10,SEDANG
201509,2015-09-09,DKI3,94,,31,28,96,23,96,O3,SEDANG
201510,2015-09-10,DKI4,79,,29,34,78,22,79,PM10,SEDANG
201511,2015-09-11,DKI3,57,,29,29,112,18,112,O3,TIDAK SEHAT
201512,2015-09-12,DKI2,62,,31,31,65,20,65,O3,SEDANG
201509,2015-09-13,DKI2,62,,29,20,87,13,87,O3,SEDANG
201509,2015-09-14,DKI2,70,,33,17,114,24,114,O3,TIDAK SEHAT
201509,2015-09-15,DKI3,75,,33,27,91,23,91,O3,SEDANG
201509,2015-09-16,DKI4,76,,31,23,71,17,76,PM10,SEDANG
201509,2015-09-17,DKI4,96,,33,24,80,16,96,PM10,SEDANG
201509,2015-09-18,DKI4,94,,31,22,67,14,94,PM10,SEDANG
201509,2015-09-19,DKI4,100,,33,23,68,17,100,PM10,SEDANG
201509,2015-09-20,DKI4,116,,30,28,92,19,116,PM10,TIDAK SEHAT
201509,2015-09-21,DKI3,112,,32,27,120,22,120,O3,TIDAK SEHAT
201509,2015-09-22,DKI4,114,,34,31,80,24,114,PM10,TIDAK SEHAT
201509,2015-09-23,DKI4,93,,37,43,92,26,93,PM10,SEDANG
201509,2015-09-24,DKI4,98,,33,40,95,23,98,PM10,SEDANG
201509,2015-09-25,DKI3,88,,32,21,91,19,91,O3,SEDANG
201509,2015-09-26,DKI1,77,,34,28,68,18,77,PM10,SEDANG
201509,2015-09-27,DKI4,80,,32,22,78,13,80,PM10,SEDANG
201509,2015-09-28,DKI3,76,,30,25,94,19,94,O3,SEDANG
201509,2015-09-29,DKI4,105,,31,30,69,20,105,PM10,TIDAK SEHAT
201509,2015-09-30,DKI4,92,,33,25,67,23,92,PM10,SEDANG
201501,2015-10-01,DKI2,25,,10,24,43,8,43,O3,BAIK
201202,2015-10-02,DKI3,23,,9,42,46,11,46,O3,BAIK
201503,2015-10-03,DKI5,49,,14,36,63,25,63,O3,SEDANG
201504,2015-10-04,DKI3,87,,18,64,87,39,87,PM10,SEDANG
201505,2015-10-05,DKI2,57,,19,28,76,19,76,O3,SEDANG
201506,2015-10-06,DKI5,78,,27,49,93,21,93,O3,SEDANG
201507,2015-10-07,DKI3,73,,35,27,86,27,86,O3,SEDANG
201508,2015-10-08,DKI4,68,,29,23,59,13,68,PM10,SEDANG
201509,2015-10-09,DKI3,71,,35,35,99,24,99,O3,SEDANG
201510,2015-10-10,DKI4,80,,31,36,69,18,80,PM10,SEDANG
201511,2015-10-11,DKI3,65,,30,25,105,23,105,O3,TIDAK SEHAT
201512,2015-10-12,DKI3,63,,28,22,85,20,85,O3,SEDANG
201510,2015-10-13,DKI3,80,,28,25,80,22,80,PM10,SEDANG
201510,2015-10-14,DKI3,76,,29,35,82,21,82,O3,SEDANG
201510,2015-10-15,DKI4,89,,32,30,75,19,89,PM10,SEDANG
201510,2015-10-16,DKI3,55,,34,27,73,24,73,O3,SEDANG
201510,2015-10-17,DKI5,78,,36,38,58,19,78,PM10,SEDANG
201510,2015-10-18,DKI3,91,,33,56,108,20,108,O3,TIDAK SEHAT
201510,2015-10-19,DKI3,83,,36,35,104,22,104,O3,TIDAK SEHAT
201510,2015-10-20,DKI4,100,,35,25,90,23,100,PM10,SEDANG
201510,2015-10-21,DKI4,112,,33,30,71,23,112,PM10,TIDAK SEHAT
201510,2015-10-22,DKI4,79,,34,22,70,16,79,PM10,SEDANG
201510,2015-10-23,DKI4,93,,34,28,86,26,93,PM10,SEDANG
201510,2015-10-24,DKI4,122,,34,43,97,25,122,PM10,TIDAK SEHAT
201510,2015-10-25,DKI4,116,,29,31,83,19,116,PM10,TIDAK SEHAT
201510,2015-10-26,DKI4,121,,29,34,84,24,121,PM10,TIDAK SEHAT
201510,2015-10-27,DKI3,108,,33,34,123,27,123,O3,TIDAK SEHAT
201510,2015-10-28,DKI4,100,,29,32,86,21,100,PM10,SEDANG
201510,2015-10-29,DKI3,93,,30,34,94,24,94,O3,SEDANG
201510,2015-10-30,DKI4,92,,28,35,77,22,92,PM10,SEDANG
201510,2015-10-31,DKI5,93,,29,35,120,26,120,O3,TIDAK SEHAT
201501,2015-11-01,DKI1,34,,11,23,41,11,41,O3,BAIK
201202,2015-11-02,DKI3,56,,9,68,40,11,68,CO,SEDANG
201503,2015-11-03,DKI3,44,,14,27,62,15,62,O3,SEDANG
201504,2015-11-04,DKI2,59,,17,36,62,15,62,O3,SEDANG
201505,2015-11-05,DKI4,65,,23,28,47,30,65,PM10,SEDANG
201506,2015-11-06,DKI3,71,,19,44,90,28,90,O3,SEDANG
201507,2015-11-07,DKI3,70,,47,26,77,15,77,O3,SEDANG
201508,2015-11-08,DKI4,75,,29,24,74,15,75,PM10,SEDANG
201509,2015-11-09,DKI3,70,,34,25,79,18,79,O3,SEDANG
201510,2015-11-10,DKI4,87,,32,34,59,11,87,PM10,SEDANG
201511,2015-11-11,DKI2,90,,30,31,91,25,91,O3,SEDANG
201512,2015-11-12,DKI2,66,,27,31,85,23,85,O3,SEDANG
201511,2015-11-13,DKI3,65,,28,23,74,21,74,O3,SEDANG
201511,2015-11-14,DKI3,59,,28,25,73,24,73,O3,SEDANG
201511,2015-11-15,DKI2,73,,28,37,64,15,73,PM10,SEDANG
201511,2015-11-16,DKI2,58,,28,22,89,15,89,O3,SEDANG
201511,2015-11-17,DKI2,56,,30,23,87,23,87,O3,SEDANG
201511,2015-11-18,DKI4,74,,31,32,71,18,74,PM10,SEDANG
201511,2015-11-19,DKI5,71,,29,28,50,17,71,PM10,SEDANG
201511,2015-11-20,DKI3,74,,29,30,81,20,81,O3,SEDANG
201511,2015-11-21,DKI2,75,,30,41,86,24,86,O3,SEDANG
201511,2015-11-22,DKI2,81,,29,40,88,18,88,O3,SEDANG
201511,2015-11-23,DKI2,70,,29,30,79,19,79,O3,SEDANG
201511,2015-11-24,DKI2,72,,29,33,77,16,77,O3,SEDANG
201511,2015-11-25,DKI3,67,,29,29,100,27,100,O3,SEDANG
201511,2015-11-26,DKI3,70,,29,27,117,24,117,O3,TIDAK SEHAT
201511,2015-11-27,DKI2,72,,29,28,85,22,85,O3,SEDANG
201511,2015-11-28,DKI5,107,,21,54,143,24,143,O3,TIDAK SEHAT
201511,2015-11-29,DKI2,73,,29,27,98,17,98,O3,SEDANG
201511,2015-11-30,DKI2,79,,29,45,105,21,105,O3,TIDAK SEHAT
201501,2015-12-01,DKI1,37,,11,28,37,13,37,PM10,BAIK
201202,2015-12-02,DKI5,72,,10,54,50,22,72,PM10,SEDANG
201503,2015-12-03,DKI4,43,,16,29,48,12,48,O3,BAIK
201504,2015-12-04,DKI3,62,,22,35,88,25,88,O3,SEDANG
201505,2015-12-05,DKI2,77,,20,42,57,16,77,PM10,SEDANG
201506,2015-12-06,DKI2,86,,24,43,107,19,107,O3,TIDAK SEHAT
201507,2015-12-07,DKI3,63,,29,23,64,13,64,O3,SEDANG
201508,2015-12-08,DKI3,66,,26,21,74,22,74,O3,SEDANG
201509,2015-12-09,DKI3,70,,31,20,78,17,78,O3,SEDANG
201510,2015-12-10,DKI3,80,,32,26,92,21,92,O3,SEDANG
201511,2015-12-11,DKI3,78,,30,37,108,22,108,O3,TIDAK SEHAT
201512,2015-12-12,DKI2,61,,25,27,90,19,90,O3,SEDANG
201512,2015-12-13,DKI2,61,,25,49,61,17,61,PM10,SEDANG
201512,2015-12-14,DKI2,35,,21,24,40,9,40,O3,BAIK
201512,2015-12-15,DKI2,37,,22,19,42,8,42,O3,BAIK
201512,2015-12-16,DKI2,36,,19,19,44,11,44,O3,BAIK
201512,2015-12-17,DKI1,39,,19,18,24,10,39,PM10,BAIK
201512,2015-12-18,DKI1,46,,18,19,44,12,46,PM10,BAIK
201512,2015-12-19,DKI4,68,,18,19,75,13,75,O3,SEDANG
201512,2015-12-20,DKI4,51,,18,35,97,13,97,O3,SEDANG
201512,2015-12-21,DKI1,37,,18,21,36,10,37,PM10,BAIK
201512,2015-12-22,DKI1,48,,18,19,28,9,48,PM10,BAIK
201512,2015-12-23,DKI1,41,,19,19,31,13,41,PM10,BAIK
201512,2015-12-24,DKI5,44,,18,30,33,8,44,PM10,BAIK
201512,2015-12-25,DKI2,41,,19,25,52,12,52,O3,SEDANG
201512,2015-12-26,DKI3,44,,19,30,46,9,46,O3,BAIK
201512,2015-12-27,DKI5,53,,21,28,47,15,53,PM10,SEDANG
201512,2015-12-28,DKI5,55,,21,30,45,18,55,PM10,SEDANG
201512,2015-12-29,DKI5,61,,22,34,41,17,61,PM10,SEDANG
201512,2015-12-30,DKI1,55,,22,24,50,14,55,PM10,SEDANG
201512,2015-12-31,DKI2,43,,19,29,51,9,51,O3,SEDANG
201601,2016-01-01,DKI1,59,,19,27,31,1,59,PM10,SEDANG
201601,2016-01-01,DKI2,69,,19,42,40,10,69,PM10,SEDANG
201601,2016-01-01,DKI3,---,,17,53,51,11,53,CO,SEDANG
201601,2016-01-01,DKI4,72,,32,12,37,11,72,PM10,SEDANG
201601,2016-01-01,DKI5,54,,11,---,33,4,54,PM10,SEDANG
201602,2016-01-02,DKI1,61,,42,20,49,3,61,PM10,SEDANG
201602,2016-01-02,DKI2,33,,1,22,38,11,38,O3,BAIK
201602,2016-01-02,DKI3,---,,---,---,---,---,0,,TIDAK ADA DATA
201602,2016-01-02,DKI4,71,,---,---,---,---,71,PM10,SEDANG
201602,2016-01-02,DKI5,---,,---,---,---,---,0,,TIDAK ADA DATA
201603,2016-01-03,DKI1,16,,26,27,28,2,28,O3,BAIK
201603,2016-01-03,DKI2,27,,2,23,37,11,37,O3,BAIK
201603,2016-01-03,DKI3,18,,14,11,43,2,43,O3,BAIK
201603,2016-01-03,DKI4,23,,8,4,23,9,23,PM10,BAIK
201603,2016-01-03,DKI5,22,,6,24,59,9,59,O3,SEDANG
201604,2016-01-04,DKI1,74,,27,35,16,3,74,PM10,SEDANG
201604,2016-01-04,DKI2,69,,14,39,57,16,69,PM10,SEDANG
201604,2016-01-04,DKI3,69,,21,32,84,8,84,O3,SEDANG
201604,2016-01-04,DKI4,73,,14,14,77,12,77,O3,SEDANG
201604,2016-01-04,DKI5,81,,7,66,82,17,82,O3,SEDANG
201605,2016-01-05,DKI1,53,,29,32,14,7,53,PM10,SEDANG
201605,2016-01-05,DKI2,46,,13,33,48,16,48,O3,BAIK
201605,2016-01-05,DKI3,---,,---,---,---,---,0,,TIDAK ADA DATA
201605,2016-01-05,DKI4,56,,14,43,29,10,56,PM10,SEDANG
201605,2016-01-05,DKI5,57,,9,69,62,9,69,CO,SEDANG
201606,2016-01-06,DKI1,71,,28,32,34,4,71,PM10,SEDANG
201606,2016-01-06,DKI2,75,,15,28,119,14,119,O3,TIDAK SEHAT
201606,2016-01-06,DKI3,76,,22,27,77,7,77,O3,SEDANG
201606,2016-01-06,DKI4,67,,20,21,82,8,82,O3,SEDANG
201606,2016-01-06,DKI5,63,,11,57,111,14,111,O3,TIDAK SEHAT
201607,2016-01-07,DKI1,52,,29,39,36,4,52,PM10,SEDANG
201607,2016-01-07,DKI2,52,,14,23,58,21,58,O3,SEDANG
201607,2016-01-07,DKI3,52,,21,36,77,5,77,O3,SEDANG
201607,2016-01-07,DKI4,37,,18,35,91,10,91,O3,SEDANG
201607,2016-01-07,DKI5,59,,8,68,104,6,104,O3,TIDAK SEHAT
201608,2016-01-08,DKI1,53,,29,27,21,4,53,PM10,SEDANG
201609,2016-01-08,DKI2,56,,17,30,66,23,66,O3,SEDANG
201608,2016-01-08,DKI2,60,,18,21,70,11,70,O3,SEDANG
201609,2016-01-08,DKI3,55,,25,14,85,3,85,O3,SEDANG
201608,2016-01-08,DKI3,55,,24,12,100,4,100,O3,SEDANG
201609,2016-01-08,DKI4,61,,21,16,---,11,61,PM10,SEDANG
201608,2016-01-08,DKI4,73,,20,10,74,9,74,O3,SEDANG
201608,2016-01-08,DKI5,57,,10,45,83,10,83,O3,SEDANG
201609,2016-01-08,DKI5,62,,10,44,79,7,79,O3,SEDANG
201609,2016-01-09,DKI1,---,,30,33,28,4,33,CO,BAIK
201610,2016-01-10,DKI1,55,,30,26,25,3,55,PM10,SEDANG
201610,2016-01-10,DKI2,51,,20,28,62,16,62,O3,SEDANG
201610,2016-01-10,DKI3,51,,26,18,49,7,51,PM10,SEDANG
201610,2016-01-10,DKI4,61,,23,32,48,12,61,PM10,SEDANG
201610,2016-01-10,DKI5,47,,12,41,41,3,47,PM10,BAIK
201611,2016-01-11,DKI1,45,,30,25,20,3,45,PM10,BAIK
201611,2016-01-11,DKI2,34,,20,26,53,16,53,O3,SEDANG
201611,2016-01-11,DKI3,51,,26,11,59,6,59,O3,SEDANG
201611,2016-01-11,DKI4,46,,23,14,42,11,46,PM10,BAIK
201611,2016-01-11,DKI5,30,,9,30,43,3,43,O3,BAIK
201612,2016-01-12,DKI1,55,,31,32,10,3,55,PM10,SEDANG
201601,2016-01-13,DKI1,60,,37,---,---,2,60,PM10,SEDANG
201601,2016-01-13,DKI2,55,,26,17,57,16,57,O3,SEDANG
201601,2016-01-13,DKI3,---,,16,43,---,8,43,CO,BAIK
201601,2016-01-13,DKI4,61,,34,19,30,12,61,PM10,SEDANG
201601,2016-01-13,DKI5,65,,11,36,32,14,65,PM10,SEDANG
201601,2016-01-14,DKI1,51,,38,---,---,3,51,PM10,SEDANG
201601,2016-01-14,DKI2,59,,27,17,53,18,59,PM10,SEDANG
201601,2016-01-14,DKI3,---,,17,33,---,7,33,CO,BAIK
201601,2016-01-14,DKI4,57,,34,22,34,10,57,PM10,SEDANG
201601,2016-01-14,DKI5,53,,10,27,---,13,53,PM10,SEDANG
201601,2016-01-15,DKI1,53,,42,---,---,3,53,PM10,SEDANG
201601,2016-01-15,DKI2,55,,27,13,60,11,60,O3,SEDANG
201601,2016-01-15,DKI3,58,,16,39,46,8,58,PM10,SEDANG
201601,2016-01-15,DKI4,68,,35,21,39,10,68,PM10,SEDANG
201601,2016-01-15,DKI5,62,,11,27,---,10,62,PM10,SEDANG
201601,2016-01-16,DKI1,59,,42,26,95,4,95,O3,SEDANG
201601,2016-01-16,DKI2,54,,23,20,78,13,78,O3,SEDANG
201601,2016-01-16,DKI3,49,,17,34,80,4,80,O3,SEDANG
201601,2016-01-16,DKI4,68,,35,22,71,15,71,O3,SEDANG
201601,2016-01-16,DKI5,53,,10,---,68,8,68,O3,SEDANG
201601,2016-01-17,DKI1,58,,42,19,149,4,149,O3,TIDAK SEHAT
201601,2016-01-17,DKI2,61,,---,14,146,17,146,O3,TIDAK SEHAT
201601,2016-01-17,DKI3,68,,17,39,103,8,103,O3,TIDAK SEHAT
201601,2016-01-17,DKI4,94,,38,20,96,17,96,O3,SEDANG
201601,2016-01-17,DKI5,38,,10,---,61,9,61,O3,SEDANG
201601,2016-01-18,DKI1,73,,44,32,87,4,87,O3,SEDANG
201601,2016-01-18,DKI2,79,,---,29,107,21,107,O3,TIDAK SEHAT
201601,2016-01-18,DKI3,62,,16,43,73,5,73,O3,SEDANG
201601,2016-01-18,DKI4,96,,36,17,67,11,96,PM10,SEDANG
201601,2016-01-18,DKI5,47,,11,27,---,15,47,PM10,BAIK
201601,2016-01-19,DKI1,60,,45,24,78,4,78,O3,SEDANG
201601,2016-01-19,DKI2,62,,---,20,74,18,74,O3,SEDANG
201601,2016-01-19,DKI3,59,,17,31,83,4,83,O3,SEDANG
201601,2016-01-19,DKI4,77,,39,17,70,13,77,PM10,SEDANG
201601,2016-01-19,DKI5,56,,13,12,52,12,56,PM10,SEDANG
201601,2016-01-20,DKI1,54,,44,33,69,3,69,O3,SEDANG
201601,2016-01-20,DKI2,61,,24,27,66,18,66,O3,SEDANG
201601,2016-01-20,DKI3,---,,16,39,50,8,50,O3,BAIK
201601,2016-01-20,DKI4,59,,36,14,49,10,59,PM10,SEDANG
201601,2016-01-20,DKI5,43,,13,---,39,9,43,PM10,BAIK
201601,2016-01-21,DKI1,66,,48,31,53,3,66,PM10,SEDANG
201601,2016-01-21,DKI2,54,,---,23,39,14,54,PM10,SEDANG
201601,2016-01-21,DKI3,54,,16,35,73,8,73,O3,SEDANG
201601,2016-01-21,DKI4,59,,37,15,---,11,59,PM10,SEDANG
201601,2016-01-21,DKI5,44,,13,20,26,13,44,PM10,BAIK
201601,2016-01-22,DKI1,65,,41,31,45,2,65,PM10,SEDANG
201601,2016-01-22,DKI2,60,,2,37,32,15,60,PM10,SEDANG
201601,2016-01-22,DKI3,---,,---,59,52,9,59,CO,SEDANG
201601,2016-01-22,DKI4,79,,36,15,---,13,79,PM10,SEDANG
201601,2016-01-22,DKI5,34,,11,---,22,8,34,PM10,BAIK
201601,2016-01-23,DKI1,43,,40,25,51,3,51,O3,SEDANG
201601,2016-01-23,DKI2,49,,4,23,40,14,49,PM10,BAIK
201601,2016-01-23,DKI3,52,,---,37,46,10,52,PM10,SEDANG
201601,2016-01-23,DKI4,55,,37,17,---,9,55,PM10,SEDANG
201601,2016-01-23,DKI5,4,,11,---,---,12,12,NO2,BAIK
201601,2016-01-24,DKI1,55,,41,38,48,2,55,PM10,SEDANG
201601,2016-01-24,DKI2,45,,1,42,38,14,45,PM10,BAIK
201601,2016-01-24,DKI3,---,,---,40,44,4,44,O3,BAIK
201601,2016-01-24,DKI4,53,,36,15,---,8,53,PM10,SEDANG
201601,2016-01-24,DKI5,16,,11,---,20,9,20,O3,BAIK
201601,2016-01-25,DKI1,33,,40,32,49,4,49,O3,BAIK
201601,2016-01-25,DKI2,30,,5,29,43,13,43,O3,BAIK
201601,2016-01-25,DKI3,29,,---,28,46,7,46,O3,BAIK
201601,2016-01-25,DKI4,37,,36,15,---,8,37,PM10,BAIK
201601,2016-01-25,DKI5,6,,11,---,35,11,35,O3,BAIK
201601,2016-01-26,DKI1,61,,42,40,54,3,61,PM10,SEDANG
201601,2016-01-26,DKI2,58,,10,47,40,16,58,PM10,SEDANG
201601,2016-01-26,DKI3,45,,---,41,54,7,54,O3,SEDANG
201601,2016-01-26,DKI4,61,,36,17,---,7,61,PM10,SEDANG
201601,2016-01-26,DKI5,13,,11,---,40,9,40,O3,BAIK
201601,2016-01-27,DKI1,74,,43,41,61,4,74,PM10,SEDANG
201601,2016-01-27,DKI2,75,,4,41,49,21,75,PM10,SEDANG
201601,2016-01-27,DKI3,70,,---,58,81,8,81,O3,SEDANG
201601,2016-01-27,DKI4,80,,36,14,---,10,80,PM10,SEDANG
201601,2016-01-27,DKI5,35,,11,---,36,9,36,O3,BAIK
201601,2016-01-28,DKI1,58,,42,30,77,3,77,O3,SEDANG
201601,2016-01-28,DKI2,61,,12,22,49,12,61,PM10,SEDANG
201601,2016-01-28,DKI3,---,,---,---,---,---,0,,TIDAK ADA DATA
201601,2016-01-28,DKI4,64,,36,13,---,11,64,PM10,SEDANG
201601,2016-01-28,DKI5,48,,11,---,66,15,66,O3,SEDANG
201601,2016-01-29,DKI1,58,,44,29,79,4,79,O3,SEDANG
201601,2016-01-29,DKI2,55,,4,29,83,16,83,O3,SEDANG
201601,2016-01-29,DKI3,---,,---,---,---,---,0,,TIDAK ADA DATA
201601,2016-01-29,DKI4,69,,37,14,---,14,69,PM10,SEDANG
201601,2016-01-29,DKI5,---,,---,---,---,---,0,,TIDAK ADA DATA
201601,2016-01-30,DKI1,45,,42,22,62,2,62,O3,SEDANG
201601,2016-01-30,DKI2,46,,5,24,62,14,62,O3,SEDANG
201601,2016-01-30,DKI3,---,,---,---,---,---,0,,TIDAK ADA DATA
201601,2016-01-30,DKI4,80,,---,---,---,---,80,PM10,SEDANG
201601,2016-01-30,DKI5,---,,---,---,---,---,0,,TIDAK ADA DATA
201601,2016-01-31,DKI1,48,,42,21,51,2,51,O3,SEDANG
201601,2016-01-31,DKI2,35,,2,25,44,12,44,O3,BAIK
201601,2016-01-31,DKI3,---,,---,---,---,---,0,,TIDAK ADA DATA
201601,2016-01-31,DKI4,80,,---,---,---,---,80,PM10,SEDANG
201601,2016-01-31,DKI5,---,,---,---,---,---,0,,TIDAK ADA DATA
201601,2016-02-01,DKI1,52,,19,---,33,2,52,PM10,SEDANG
201601,2016-02-01,DKI2,40,,20,15,44,12,44,O3,BAIK
201601,2016-02-01,DKI3,---,,16,29,50,5,50,O3,BAIK
201601,2016-02-01,DKI4,42,,32,8,34,7,42,PM10,BAIK
201601,2016-02-01,DKI5,43,,11,---,30,5,43,PM10,BAIK
201602,2016-02-02,DKI1,46,,40,24,51,3,51,O3,SEDANG
201602,2016-02-02,DKI2,34,,1,29,43,17,43,O3,BAIK
201602,2016-02-02,DKI3,---,,---,---,---,---,0,,TIDAK ADA DATA
201602,2016-02-02,DKI4,52,,32,7,38,9,52,PM10,SEDANG
201602,2016-02-02,DKI5,---,,---,---,---,---,0,,TIDAK ADA DATA
201603,2016-02-03,DKI1,33,,26,25,30,2,33,PM10,BAIK
201603,2016-02-03,DKI2,33,,3,27,31,14,33,PM10,BAIK
201603,2016-02-03,DKI3,52,,15,26,40,3,52,PM10,SEDANG
201603,2016-02-03,DKI4,51,,8,9,34,8,51,PM10,SEDANG
201603,2016-02-03,DKI5,31,,6,32,51,9,51,O3,SEDANG
201604,2016-02-04,DKI1,57,,26,29,18,2,57,PM10,SEDANG
201604,2016-02-04,DKI2,42,,9,23,64,13,64,O3,SEDANG
201604,2016-02-04,DKI3,45,,21,15,102,3,102,O3,TIDAK SEHAT
201604,2016-02-04,DKI4,35,,14,13,51,8,51,O3,SEDANG
201604,2016-02-04,DKI5,45,,10,37,79,12,79,O3,SEDANG
201605,2016-02-05,DKI1,47,,29,29,17,3,47,PM10,BAIK
201605,2016-02-05,DKI2,54,,14,23,53,12,54,PM10,SEDANG
201605,2016-02-05,DKI3,---,,---,---,---,---,0,,TIDAK ADA DATA
201605,2016-02-05,DKI4,64,,15,21,40,12,64,PM10,SEDANG
201605,2016-02-05,DKI5,52,,9,49,66,8,66,O3,SEDANG
201606,2016-02-06,DKI1,55,,27,30,20,2,55,PM10,SEDANG
201606,2016-02-06,DKI2,57,,13,19,42,14,57,PM10,SEDANG
201606,2016-02-06,DKI3,---,,21,34,75,6,75,O3,SEDANG
201606,2016-02-06,DKI4,69,,17,28,43,9,69,PM10,SEDANG
201606,2016-02-06,DKI5,55,,8,81,46,15,81,CO,SEDANG
201607,2016-02-07,DKI1,73,,29,32,32,4,73,PM10,SEDANG
201607,2016-02-07,DKI2,68,,15,32,104,15,104,O3,TIDAK SEHAT
201607,2016-02-07,DKI3,79,,22,37,81,6,81,O3,SEDANG
201607,2016-02-07,DKI4,20,,18,27,92,14,92,O3,SEDANG
201607,2016-02-07,DKI5,75,,10,67,96,6,96,O3,SEDANG
201608,2016-02-08,DKI1,44,,30,27,28,4,44,PM10,BAIK
201609,2016-02-08,DKI2,67,,17,35,73,19,73,O3,SEDANG
201608,2016-02-08,DKI2,41,,13,22,131,14,131,O3,TIDAK SEHAT
201609,2016-02-08,DKI3,55,,24,21,141,6,141,O3,TIDAK SEHAT
201608,2016-02-08,DKI3,48,,23,14,94,---,94,O3,SEDANG
201609,2016-02-08,DKI4,82,,21,30,92,14,92,O3,SEDANG
201608,2016-02-08,DKI4,58,,22,12,79,12,79,O3,SEDANG
201608,2016-02-08,DKI5,51,,9,38,75,6,75,O3,SEDANG
201609,2016-02-08,DKI5,58,,9,52,139,7,139,O3,TIDAK SEHAT
201609,2016-02-09,DKI1,66,,29,32,38,5,66,PM10,SEDANG
201610,2016-02-10,DKI1,30,,30,18,12,2,30,PM10,BAIK
201610,2016-02-10,DKI2,25,,17,21,41,7,41,O3,BAIK
201610,2016-02-10,DKI3,54,,25,10,40,4,54,PM10,SEDANG
201610,2016-02-10,DKI4,45,,21,17,21,5,45,PM10,BAIK
201610,2016-02-10,DKI5,26,,9,31,30,---,31,CO,BAIK
201611,2016-02-11,DKI1,41,,30,22,16,2,41,PM10,BAIK
201611,2016-02-11,DKI2,35,,19,25,49,10,49,O3,BAIK
201611,2016-02-11,DKI3,49,,26,15,29,3,49,PM10,BAIK
201611,2016-02-11,DKI4,40,,22,21,23,7,40,PM10,BAIK
201611,2016-02-11,DKI5,38,,9,29,30,1,38,PM10,BAIK
201612,2016-02-12,DKI1,28,,31,17,10,1,31,SO2,BAIK
201602,2016-02-13,DKI1,52,,31,55,52,---,55,CO,SEDANG
201602,2016-02-13,DKI2,73,,16,47,72,23,73,PM10,SEDANG
201602,2016-02-13,DKI3,41,,14,56,79,8,79,O3,SEDANG
201602,2016-02-13,DKI4,58,,10,17,71,8,71,O3,SEDANG
201602,2016-02-13,DKI5,48,,7,99,114,18,114,O3,TIDAK SEHAT
201602,2016-02-14,DKI1,52,,28,27,60,2,60,O3,SEDANG
201602,2016-02-14,DKI2,62,,21,24,86,15,86,O3,SEDANG
201602,2016-02-14,DKI3,54,,14,23,75,4,75,O3,SEDANG
201602,2016-02-14,DKI4,68,,12,10,93,10,93,O3,SEDANG
201602,2016-02-14,DKI5,50,,6,54,96,11,96,O3,SEDANG
201602,2016-02-15,DKI1,54,,28,29,46,2,54,PM10,SEDANG
201602,2016-02-15,DKI2,55,,9,29,63,12,63,O3,SEDANG
201602,2016-02-15,DKI3,40,,14,22,32,3,40,PM10,BAIK
201602,2016-02-15,DKI4,53,,9,10,40,8,53,PM10,SEDANG
201602,2016-02-15,DKI5,54,,6,44,61,10,61,O3,SEDANG
201602,2016-02-16,DKI1,50,,28,24,37,2,50,PM10,BAIK
201602,2016-02-16,DKI2,50,,6,22,31,14,50,PM10,BAIK
201602,2016-02-16,DKI3,62,,14,30,37,3,62,PM10,SEDANG
201602,2016-02-16,DKI4,84,,10,14,---,15,84,PM10,SEDANG
201602,2016-02-16,DKI5,29,,10,33,52,9,52,O3,SEDANG
201602,2016-02-17,DKI1,42,,27,23,37,2,42,PM10,BAIK
201602,2016-02-17,DKI2,44,,8,27,42,11,44,PM10,BAIK
201602,2016-02-17,DKI3,45,,14,22,36,3,45,PM10,BAIK
201602,2016-02-17,DKI4,71,,8,11,18,10,71,PM10,SEDANG
201602,2016-02-17,DKI5,17,,6,33,58,10,58,O3,SEDANG
201602,2016-02-18,DKI1,56,,28,41,37,2,56,PM10,SEDANG
201602,2016-02-18,DKI2,56,,4,45,37,16,56,PM10,SEDANG
201602,2016-02-18,DKI3,54,,14,41,60,3,60,O3,SEDANG
201602,2016-02-18,DKI4,64,,8,21,44,11,64,PM10,SEDANG
201602,2016-02-18,DKI5,63,,7,72,65,8,72,CO,SEDANG
201602,2016-02-19,DKI1,62,,27,40,38,3,62,PM10,SEDANG
201602,2016-02-19,DKI2,78,,14,49,44,16,78,PM10,SEDANG
201602,2016-02-19,DKI3,40,,14,34,67,3,67,O3,SEDANG
201602,2016-02-19,DKI4,73,,9,13,54,12,73,PM10,SEDANG
201602,2016-02-19,DKI5,38,,8,56,85,11,85,O3,SEDANG
201602,2016-02-20,DKI1,64,,27,27,34,2,64,PM10,SEDANG
201602,2016-02-20,DKI2,62,,4,37,37,15,62,PM10,SEDANG
201602,2016-02-20,DKI3,78,,14,31,52,3,78,PM10,SEDANG
201602,2016-02-20,DKI4,75,,8,10,28,15,75,PM10,SEDANG
201602,2016-02-20,DKI5,36,,9,47,68,10,68,O3,SEDANG
201602,2016-02-21,DKI1,58,,27,29,37,2,58,PM10,SEDANG
201602,2016-02-21,DKI2,52,,4,29,41,14,52,PM10,SEDANG
201602,2016-02-21,DKI3,61,,15,15,49,2,61,PM10,SEDANG
201602,2016-02-21,DKI4,83,,8,11,26,9,83,PM10,SEDANG
201602,2016-02-21,DKI5,21,,10,42,65,11,65,O3,SEDANG
201602,2016-02-22,DKI1,51,,26,25,39,2,51,PM10,SEDANG
201602,2016-02-22,DKI2,44,,4,28,40,13,44,PM10,BAIK
201602,2016-02-22,DKI3,62,,15,30,46,3,62,PM10,SEDANG
201602,2016-02-22,DKI4,65,,8,7,30,11,65,PM10,SEDANG
201602,2016-02-22,DKI5,26,,6,42,64,9,64,O3,SEDANG
201602,2016-02-23,DKI1,54,,27,27,44,2,54,PM10,SEDANG
201602,2016-02-23,DKI2,62,,6,27,67,21,67,O3,SEDANG
201602,2016-02-23,DKI3,61,,14,23,50,3,61,PM10,SEDANG
201602,2016-02-23,DKI4,63,,8,6,38,12,63,PM10,SEDANG
201602,2016-02-23,DKI5,25,,11,39,79,8,79,O3,SEDANG
201602,2016-02-24,DKI1,53,,27,26,35,2,53,PM10,SEDANG
201602,2016-02-24,DKI2,58,,3,32,36,14,58,PM10,SEDANG
201602,2016-02-24,DKI3,43,,15,20,38,3,43,PM10,BAIK
201602,2016-02-24,DKI4,66,,8,9,25,13,66,PM10,SEDANG
201602,2016-02-24,DKI5,11,,9,33,60,9,60,O3,SEDANG
201602,2016-02-25,DKI1,39,,26,33,35,2,39,PM10,BAIK
201602,2016-02-25,DKI2,29,,2,25,41,15,41,O3,BAIK
201602,2016-02-25,DKI3,26,,14,16,42,3,42,O3,BAIK
201602,2016-02-25,DKI4,46,,8,7,22,9,46,PM10,BAIK
201602,2016-02-25,DKI5,6,,6,31,62,14,62,O3,SEDANG
201602,2016-02-26,DKI1,49,,27,32,37,3,49,PM10,BAIK
201602,2016-02-26,DKI2,24,,2,26,39,18,39,O3,BAIK
201602,2016-02-26,DKI3,19,,15,8,54,---,54,O3,SEDANG
201602,2016-02-26,DKI4,25,,8,7,39,8,39,O3,BAIK
201602,2016-02-26,DKI5,3,,5,31,57,9,57,O3,SEDANG
201602,2016-02-27,DKI1,49,,27,29,29,1,49,PM10,BAIK
201602,2016-02-27,DKI2,50,,3,29,35,12,50,PM10,BAIK
201602,2016-02-27,DKI3,49,,15,21,46,---,49,PM10,BAIK
201602,2016-02-27,DKI4,55,,9,9,31,8,55,PM10,SEDANG
201602,2016-02-27,DKI5,4,,7,37,57,8,57,O3,SEDANG
201602,2016-02-28,DKI1,42,,26,19,29,2,42,PM10,BAIK
201602,2016-02-28,DKI2,41,,2,20,53,12,53,O3,SEDANG
201602,2016-02-28,DKI3,---,,15,13,46,3,46,O3,BAIK
201602,2016-02-28,DKI4,46,,10,4,31,11,46,PM10,BAIK
201602,2016-02-28,DKI5,---,,6,26,70,9,70,O3,SEDANG
201602,2016-02-29,DKI1,46,,26,29,29,3,46,PM10,BAIK
201602,2016-02-29,DKI2,44,,3,24,49,15,49,O3,BAIK
201602,2016-02-29,DKI3,---,,15,25,42,3,42,O3,BAIK
201602,2016-02-29,DKI4,53,,8,12,34,12,53,PM10,SEDANG
201602,2016-02-29,DKI5,---,,6,30,60,11,60,O3,SEDANG
201601,2016-03-01,DKI1,44,,19,---,36,2,44,PM10,BAIK
201601,2016-03-01,DKI2,32,,18,24,43,18,43,O3,BAIK
201601,2016-03-01,DKI3,---,,16,33,50,5,50,O3,BAIK
201601,2016-03-01,DKI4,37,,33,9,48,9,48,O3,BAIK
201601,2016-03-01,DKI5,38,,10,---,37,4,38,PM10,BAIK
201602,2016-03-02,DKI1,41,,43,21,55,3,55,O3,SEDANG
201602,2016-03-02,DKI2,36,,2,27,57,15,57,O3,SEDANG
201602,2016-03-02,DKI3,---,,---,---,---,---,0,,TIDAK ADA DATA
201602,2016-03-02,DKI4,40,,9,9,56,---,56,O3,SEDANG
201602,2016-03-02,DKI5,---,,---,---,---,---,0,,TIDAK ADA DATA
201603,2016-03-03,DKI1,51,,26,39,37,2,51,PM10,SEDANG
201603,2016-03-03,DKI2,49,,4,31,41,16,49,PM10,BAIK
201603,2016-03-03,DKI3,48,,15,29,39,3,48,PM10,BAIK
201603,2016-03-03,DKI4,52,,9,12,31,8,52,PM10,SEDANG
201603,2016-03-03,DKI5,46,,7,54,52,11,54,CO,SEDANG
201604,2016-03-04,DKI1,53,,27,27,23,4,53,PM10,SEDANG
201604,2016-03-04,DKI2,52,,27,33,53,15,53,O3,SEDANG
201604,2016-03-04,DKI3,35,,22,21,74,6,74,O3,SEDANG
201604,2016-03-04,DKI4,58,,16,9,46,13,58,PM10,SEDANG
201604,2016-03-04,DKI5,47,,10,48,80,10,80,O3,SEDANG
201605,2016-03-05,DKI1,57,,29,29,14,1,57,PM10,SEDANG
201605,2016-03-05,DKI2,62,,12,21,36,10,62,PM10,SEDANG
201605,2016-03-05,DKI3,50,,24,30,47,8,50,PM10,BAIK
201605,2016-03-05,DKI4,70,,17,18,28,6,70,PM10,SEDANG
201605,2016-03-05,DKI5,59,,10,48,54,9,59,PM10,SEDANG
201606,2016-03-06,DKI1,41,,28,27,35,4,41,PM10,BAIK
201606,2016-03-06,DKI2,48,,10,22,140,18,140,O3,TIDAK SEHAT
201606,2016-03-06,DKI3,51,,22,13,95,8,95,O3,SEDANG
201606,2016-03-06,DKI4,48,,18,16,72,12,72,O3,SEDANG
201606,2016-03-06,DKI5,32,,8,35,101,11,101,O3,TIDAK SEHAT
201607,2016-03-07,DKI1,51,,28,26,21,2,51,PM10,SEDANG
201607,2016-03-07,DKI2,55,,20,23,46,7,55,PM10,SEDANG
201607,2016-03-07,DKI3,59,,22,20,70,3,70,O3,SEDANG
201607,2016-03-07,DKI4,16,,17,18,49,7,49,O3,BAIK
201607,2016-03-07,DKI5,56,,8,48,53,3,56,PM10,SEDANG
201608,2016-03-08,DKI1,54,,30,26,47,5,54,PM10,SEDANG
201609,2016-03-08,DKI2,66,,21,32,65,15,66,PM10,SEDANG
201608,2016-03-08,DKI2,54,,15,32,110,21,110,O3,TIDAK SEHAT
201609,2016-03-08,DKI3,60,,25,30,92,5,92,O3,SEDANG
201608,2016-03-08,DKI3,42,,24,13,110,---,110,O3,TIDAK SEHAT
201609,2016-03-08,DKI4,69,,21,20,60,13,69,PM10,SEDANG
201608,2016-03-08,DKI4,64,,22,15,98,19,98,O3,SEDANG
201608,2016-03-08,DKI5,50,,9,41,136,6,136,O3,TIDAK SEHAT
201609,2016-03-08,DKI5,66,,10,61,94,6,94,O3,SEDANG
201609,2016-03-09,DKI1,---,,29,43,27,4,43,CO,BAIK
201610,2016-03-10,DKI1,37,,30,26,40,6,40,O3,BAIK
201610,2016-03-10,DKI2,34,,19,20,107,11,107,O3,TIDAK SEHAT
201610,2016-03-10,DKI3,32,,25,9,81,5,81,O3,SEDANG
201610,2016-03-10,DKI4,56,,23,10,94,7,94,O3,SEDANG
201610,2016-03-10,DKI5,27,,10,32,137,---,137,O3,TIDAK SEHAT
201611,2016-03-11,DKI1,40,,31,22,16,3,40,PM10,BAIK
201611,2016-03-11,DKI2,37,,21,21,73,12,73,O3,SEDANG
201611,2016-03-11,DKI3,48,,27,12,56,7,56,O3,SEDANG
201611,2016-03-11,DKI4,55,,25,13,62,6,62,O3,SEDANG
201611,2016-03-11,DKI5,37,,10,33,40,3,40,O3,BAIK
201612,2016-03-12,DKI1,24,,31,17,10,1,31,SO2,BAIK
201603,2016-03-13,DKI1,37,,26,27,49,2,49,O3,BAIK
201603,2016-03-13,DKI2,49,,7,24,70,15,70,O3,SEDANG
201603,2016-03-13,DKI3,56,,15,16,78,1,78,O3,SEDANG
201603,2016-03-13,DKI4,65,,12,17,59,9,65,PM10,SEDANG
201603,2016-03-13,DKI5,52,,11,35,72,10,72,O3,SEDANG
201603,2016-03-14,DKI1,54,,26,27,41,4,54,PM10,SEDANG
201603,2016-03-14,DKI2,55,,5,29,66,21,66,O3,SEDANG
201603,2016-03-14,DKI3,58,,16,22,71,1,71,O3,SEDANG
201603,2016-03-14,DKI4,74,,12,17,50,12,74,PM10,SEDANG
201603,2016-03-14,DKI5,64,,10,43,67,12,67,O3,SEDANG
201603,2016-03-15,DKI1,51,,26,33,87,5,87,O3,SEDANG
201603,2016-03-15,DKI2,71,,14,31,173,16,173,O3,TIDAK SEHAT
201603,2016-03-15,DKI3,49,,16,20,94,2,94,O3,SEDANG
201603,2016-03-15,DKI4,68,,12,15,96,20,96,O3,SEDANG
201603,2016-03-15,DKI5,66,,11,37,109,9,109,O3,TIDAK SEHAT
201603,2016-03-16,DKI1,57,,26,36,51,4,57,PM10,SEDANG
201603,2016-03-16,DKI2,60,,9,40,119,19,119,O3,TIDAK SEHAT
201603,2016-03-16,DKI3,53,,16,23,69,1,69,O3,SEDANG
201603,2016-03-16,DKI4,59,,11,15,60,11,60,O3,SEDANG
201603,2016-03-16,DKI5,55,,9,35,85,10,85,O3,SEDANG
201603,2016-03-17,DKI1,44,,26,28,49,3,49,O3,BAIK
201603,2016-03-17,DKI2,54,,10,24,120,16,120,O3,TIDAK SEHAT
201603,2016-03-17,DKI3,56,,16,19,59,---,59,O3,SEDANG
201603,2016-03-17,DKI4,64,,11,16,49,13,64,PM10,SEDANG
201603,2016-03-17,DKI5,56,,9,30,78,8,78,O3,SEDANG
201603,2016-03-18,DKI1,41,,26,29,40,3,41,PM10,BAIK
201603,2016-03-18,DKI2,36,,7,20,36,15,36,PM10,BAIK
201603,2016-03-18,DKI3,47,,16,25,53,3,53,O3,SEDANG
201603,2016-03-18,DKI4,54,,11,15,53,9,54,PM10,SEDANG
201603,2016-03-18,DKI5,55,,9,44,61,10,61,O3,SEDANG
201603,2016-03-19,DKI1,40,,26,26,49,3,49,O3,BAIK
201603,2016-03-19,DKI2,53,,10,25,91,14,91,O3,SEDANG
201603,2016-03-19,DKI3,63,,16,19,41,1,63,PM10,SEDANG
201603,2016-03-19,DKI4,65,,11,15,36,11,65,PM10,SEDANG
201603,2016-03-19,DKI5,64,,---,---,---,---,64,PM10,SEDANG
201603,2016-03-20,DKI1,47,,26,30,45,3,47,PM10,BAIK
201603,2016-03-20,DKI2,50,,7,23,91,11,91,O3,SEDANG
201603,2016-03-20,DKI3,62,,16,18,38,---,62,PM10,SEDANG
201603,2016-03-20,DKI4,59,,11,16,37,11,59,PM10,SEDANG
201603,2016-03-20,DKI5,54,,---,---,---,---,54,PM10,SEDANG
201603,2016-03-21,DKI1,---,,26,35,36,2,36,O3,BAIK
201603,2016-03-21,DKI2,46,,4,28,54,14,54,O3,SEDANG
201603,2016-03-21,DKI3,53,,16,17,30,---,53,PM10,SEDANG
201603,2016-03-21,DKI4,66,,14,12,24,8,66,PM10,SEDANG
201603,2016-03-21,DKI5,54,,11,33,63,7,63,O3,SEDANG
201603,2016-03-22,DKI1,70,,26,35,19,2,70,PM10,SEDANG
201603,2016-03-22,DKI2,62,,11,43,74,21,74,O3,SEDANG
201603,2016-03-22,DKI3,57,,16,25,23,2,57,PM10,SEDANG
201603,2016-03-22,DKI4,72,,14,---,30,11,72,PM10,SEDANG
201603,2016-03-22,DKI5,76,,14,45,71,9,76,PM10,SEDANG
201603,2016-03-23,DKI1,27,,26,25,19,3,27,PM10,BAIK
201603,2016-03-23,DKI2,30,,6,21,74,10,74,O3,SEDANG
201603,2016-03-23,DKI3,29,,15,9,24,---,29,PM10,BAIK
201603,2016-03-23,DKI4,30,,13,---,22,9,30,PM10,BAIK
201603,2016-03-23,DKI5,39,,10,18,74,6,74,O3,SEDANG
201603,2016-03-24,DKI1,51,,26,27,22,4,51,PM10,SEDANG
201603,2016-03-24,DKI2,49,,6,27,122,14,122,O3,TIDAK SEHAT
201603,2016-03-24,DKI3,52,,24,18,68,9,68,O3,SEDANG
201603,2016-03-24,DKI4,50,,16,---,---,---,50,PM10,BAIK
201603,2016-03-24,DKI5,51,,12,18,100,12,100,O3,SEDANG
201603,2016-03-25,DKI1,65,,26,31,30,4,65,PM10,SEDANG
201603,2016-03-25,DKI2,72,,23,28,136,15,136,O3,TIDAK SEHAT
201603,2016-03-25,DKI3,53,,22,19,103,5,103,O3,TIDAK SEHAT
201603,2016-03-25,DKI4,---,,16,7,---,9,16,SO2,BAIK
201603,2016-03-25,DKI5,60,,10,50,97,13,97,O3,SEDANG
201603,2016-03-26,DKI1,72,,26,31,17,3,72,PM10,SEDANG
201603,2016-03-26,DKI2,61,,20,29,48,16,61,PM10,SEDANG
201603,2016-03-26,DKI3,57,,20,23,128,6,128,O3,TIDAK SEHAT
201603,2016-03-26,DKI4,---,,15,12,---,11,15,SO2,BAIK
201603,2016-03-26,DKI5,65,,9,55,78,13,78,O3,SEDANG
201603,2016-03-27,DKI1,47,,26,26,26,2,47,PM10,BAIK
201603,2016-03-27,DKI2,61,,23,30,52,20,61,PM10,SEDANG
201603,2016-03-27,DKI3,58,,21,25,88,4,88,O3,SEDANG
201603,2016-03-27,DKI4,---,,18,8,---,6,18,SO2,BAIK
201603,2016-03-27,DKI5,63,,9,53,77,9,77,O3,SEDANG
201603,2016-03-28,DKI1,---,,---,---,---,---,0,,TIDAK ADA DATA
201603,2016-03-28,DKI2,31,,5,22,38,11,38,O3,BAIK
201603,2016-03-28,DKI3,60,,21,25,63,4,63,O3,SEDANG
201603,2016-03-28,DKI4,---,,14,11,---,9,14,SO2,BAIK
201603,2016-03-28,DKI5,63,,9,38,58,9,63,PM10,SEDANG
201603,2016-03-29,DKI1,55,,26,23,16,2,55,PM10,SEDANG
201603,2016-03-29,DKI2,35,,5,21,35,12,35,PM10,BAIK
201603,2016-03-29,DKI3,58,,21,18,93,4,93,O3,SEDANG
201603,2016-03-29,DKI4,---,,15,6,53,8,53,O3,SEDANG
201603,2016-03-29,DKI5,49,,9,30,67,9,67,O3,SEDANG
201603,2016-03-30,DKI1,73,,27,30,15,2,73,PM10,SEDANG
201603,2016-03-30,DKI2,66,,24,36,39,20,66,PM10,SEDANG
201603,2016-03-30,DKI3,62,,24,22,64,5,64,O3,SEDANG
201603,2016-03-30,DKI4,71,,16,11,38,15,71,PM10,SEDANG
201603,2016-03-30,DKI5,74,,10,50,63,11,74,PM10,SEDANG
201603,2016-03-31,DKI1,60,,26,30,13,3,60,PM10,SEDANG
201603,2016-03-31,DKI2,68,,13,28,40,12,68,PM10,SEDANG
201603,2016-03-31,DKI3,73,,22,32,64,9,73,PM10,SEDANG
201603,2016-03-31,DKI4,81,,15,10,26,11,81,PM10,SEDANG
201603,2016-03-31,DKI5,78,,7,52,63,13,78,PM10,SEDANG
201601,2016-04-01,DKI1,58,,21,---,46,5,58,PM10,SEDANG
201601,2016-04-01,DKI2,61,,27,21,103,24,103,O3,TIDAK SEHAT
201601,2016-04-01,DKI3,---,,18,36,71,9,71,O3,SEDANG
201601,2016-04-01,DKI4,61,,33,6,40,20,61,PM10,SEDANG
201601,2016-04-01,DKI5,51,,12,---,67,8,67,O3,SEDANG
201602,2016-04-02,DKI1,61,,45,21,60,3,61,PM10,SEDANG
201602,2016-04-02,DKI2,52,,5,25,55,18,55,O3,SEDANG
201602,2016-04-02,DKI3,58,,13,25,49,---,58,PM10,SEDANG
201602,2016-04-02,DKI4,68,,13,12,56,11,68,PM10,SEDANG
201602,2016-04-02,DKI5,---,,---,---,---,---,0,,TIDAK ADA DATA
201603,2016-04-03,DKI1,41,,26,23,35,1,41,PM10,BAIK
201603,2016-04-03,DKI2,39,,3,24,34,12,39,PM10,BAIK
201603,2016-04-03,DKI3,68,,15,40,41,3,68,PM10,SEDANG
201603,2016-04-03,DKI4,60,,9,12,21,6,60,PM10,SEDANG
201603,2016-04-03,DKI5,40,,14,39,54,7,54,O3,SEDANG
201604,2016-04-04,DKI1,34,,27,28,21,5,34,PM10,BAIK
201604,2016-04-04,DKI2,38,,16,19,50,11,50,O3,BAIK
201604,2016-04-04,DKI3,38,,22,12,66,---,66,O3,SEDANG
201604,2016-04-04,DKI4,48,,16,6,44,8,48,PM10,BAIK
201604,2016-04-04,DKI5,50,,10,39,66,10,66,O3,SEDANG
201605,2016-04-05,DKI1,52,,30,27,12,1,52,PM10,SEDANG
201605,2016-04-05,DKI2,56,,11,19,35,8,56,PM10,SEDANG
201605,2016-04-05,DKI3,78,,24,47,54,9,78,PM10,SEDANG
201605,2016-04-05,DKI4,75,,14,32,28,7,75,PM10,SEDANG
201605,2016-04-05,DKI5,57,,12,71,56,10,71,CO,SEDANG
201606,2016-04-06,DKI1,75,,28,34,35,5,75,PM10,SEDANG
201606,2016-04-06,DKI2,88,,16,36,81,18,88,PM10,SEDANG
201606,2016-04-06,DKI3,---,,22,27,81,9,81,O3,SEDANG
201606,2016-04-06,DKI4,75,,20,30,74,9,75,PM10,SEDANG
201606,2016-04-06,DKI5,58,,10,61,85,16,85,O3,SEDANG
201607,2016-04-07,DKI1,44,,28,25,23,2,44,PM10,BAIK
201607,2016-04-07,DKI2,36,,26,21,40,11,40,O3,BAIK
201607,2016-04-07,DKI3,31,,21,18,55,---,55,O3,SEDANG
201607,2016-04-07,DKI4,13,,17,12,37,6,37,O3,BAIK
201607,2016-04-07,DKI5,35,,8,49,46,7,49,CO,BAIK
201608,2016-04-08,DKI1,38,,30,29,40,4,40,O3,BAIK
201609,2016-04-08,DKI2,67,,42,23,53,18,67,PM10,SEDANG
201608,2016-04-08,DKI2,59,,15,29,133,15,133,O3,TIDAK SEHAT
201609,2016-04-08,DKI3,60,,24,16,53,3,60,PM10,SEDANG
201608,2016-04-08,DKI3,62,,25,24,114,7,114,O3,TIDAK SEHAT
201609,2016-04-08,DKI4,73,,26,17,52,17,73,PM10,SEDANG
201608,2016-04-08,DKI4,87,,21,23,106,11,106,O3,TIDAK SEHAT
201608,2016-04-08,DKI5,60,,10,49,101,8,101,O3,TIDAK SEHAT
201609,2016-04-08,DKI5,57,,9,42,69,5,69,O3,SEDANG
201609,2016-04-09,DKI1,---,,29,27,23,3,29,SO2,BAIK
201610,2016-04-10,DKI1,66,,30,38,36,7,66,PM10,SEDANG
201610,2016-04-10,DKI2,62,,30,27,86,21,86,O3,SEDANG
201610,2016-04-10,DKI3,24,,26,15,117,22,117,O3,TIDAK SEHAT
201610,2016-04-10,DKI4,66,,22,18,72,12,72,O3,SEDANG
201610,2016-04-10,DKI5,59,,11,56,126,6,126,O3,TIDAK SEHAT
201611,2016-04-11,DKI1,60,,32,27,44,5,60,PM10,SEDANG
201611,2016-04-11,DKI2,61,,29,27,126,16,126,O3,TIDAK SEHAT
201611,2016-04-11,DKI3,64,,28,15,120,8,120,O3,TIDAK SEHAT
201611,2016-04-11,DKI4,61,,---,16,94,16,94,O3,SEDANG
201611,2016-04-11,DKI5,52,,12,37,105,5,105,O3,TIDAK SEHAT
201612,2016-04-12,DKI1,38,,31,17,7,1,38,PM10,BAIK
201604,2016-04-13,DKI1,51,,26,25,14,2,51,PM10,SEDANG
201604,2016-04-13,DKI2,54,,10,25,47,20,54,PM10,SEDANG
201604,2016-04-13,DKI3,64,,22,19,70,6,70,O3,SEDANG
201604,2016-04-13,DKI4,71,,18,9,34,13,71,PM10,SEDANG
201604,2016-04-13,DKI5,55,,11,34,65,9,65,O3,SEDANG
201604,2016-04-14,DKI1,62,,27,29,14,3,62,PM10,SEDANG
201604,2016-04-14,DKI2,73,,16,39,123,18,123,O3,TIDAK SEHAT
201604,2016-04-14,DKI3,62,,22,27,117,8,117,O3,TIDAK SEHAT
201604,2016-04-14,DKI4,72,,18,8,86,9,86,O3,SEDANG
201604,2016-04-14,DKI5,52,,9,41,63,14,63,O3,SEDANG
201604,2016-04-15,DKI1,63,,27,40,18,3,63,PM10,SEDANG
201604,2016-04-15,DKI2,57,,12,33,117,20,117,O3,TIDAK SEHAT
201604,2016-04-15,DKI3,---,,---,---,---,---,0,,TIDAK ADA DATA
201604,2016-04-15,DKI4,65,,14,10,78,10,78,O3,SEDANG
201604,2016-04-15,DKI5,57,,8,62,71,22,71,O3,SEDANG
201604,2016-04-16,DKI1,59,,27,33,19,2,59,PM10,SEDANG
201604,2016-04-16,DKI2,60,,14,22,55,12,60,PM10,SEDANG
201604,2016-04-16,DKI3,---,,---,---,---,---,0,,TIDAK ADA DATA
201604,2016-04-16,DKI4,55,,15,13,51,8,55,PM10,SEDANG
201604,2016-04-16,DKI5,69,,9,58,78,16,78,O3,SEDANG
201604,2016-04-17,DKI1,43,,27,23,18,2,43,PM10,BAIK
201604,2016-04-17,DKI2,45,,7,18,52,9,52,O3,SEDANG
201604,2016-04-17,DKI3,56,,23,21,78,4,78,O3,SEDANG
201604,2016-04-17,DKI4,65,,14,16,31,7,65,PM10,SEDANG
201604,2016-04-17,DKI5,49,,8,38,55,11,55,O3,SEDANG
201604,2016-04-18,DKI1,34,,27,33,23,3,34,PM10,BAIK
201604,2016-04-18,DKI2,47,,16,31,58,17,58,O3,SEDANG
201604,2016-04-18,DKI3,32,,22,16,75,---,75,O3,SEDANG
201604,2016-04-18,DKI4,39,,15,23,---,7,39,PM10,BAIK
201604,2016-04-18,DKI5,39,,8,47,93,13,93,O3,SEDANG
201604,2016-04-19,DKI1,43,,27,29,17,3,43,PM10,BAIK
201604,2016-04-19,DKI2,53,,13,25,50,16,53,PM10,SEDANG
201604,2016-04-19,DKI3,43,,22,16,67,5,67,O3,SEDANG
201604,2016-04-19,DKI4,52,,14,8,---,10,52,PM10,SEDANG
201604,2016-04-19,DKI5,54,,8,46,80,15,80,O3,SEDANG
201604,2016-04-20,DKI1,37,,27,26,15,3,37,PM10,BAIK
201604,2016-04-20,DKI2,49,,14,19,66,12,66,O3,SEDANG
201604,2016-04-20,DKI3,39,,22,17,99,4,99,O3,SEDANG
201604,2016-04-20,DKI4,51,,14,15,---,10,51,PM10,SEDANG
201604,2016-04-20,DKI5,55,,9,38,61,15,61,O3,SEDANG
201604,2016-04-21,DKI1,50,,27,39,32,4,50,PM10,BAIK
201604,2016-04-21,DKI2,45,,13,30,91,20,91,O3,SEDANG
201604,2016-04-21,DKI3,38,,22,20,97,4,97,O3,SEDANG
201604,2016-04-21,DKI4,39,,13,15,---,13,39,PM10,BAIK
201604,2016-04-21,DKI5,51,,7,51,135,18,135,O3,TIDAK SEHAT
201604,2016-04-22,DKI1,45,,28,30,15,2,45,PM10,BAIK
201604,2016-04-22,DKI2,53,,12,28,50,17,53,PM10,SEDANG
201604,2016-04-22,DKI3,---,,23,16,69,5,69,O3,SEDANG
201604,2016-04-22,DKI4,50,,16,10,---,11,50,PM10,BAIK
201604,2016-04-22,DKI5,46,,8,41,69,12,69,O3,SEDANG
201604,2016-04-23,DKI1,55,,30,28,16,1,55,PM10,SEDANG
201604,2016-04-23,DKI2,50,,19,16,46,8,50,PM10,BAIK
201604,2016-04-23,DKI3,---,,24,11,56,2,56,O3,SEDANG
201604,2016-04-23,DKI4,49,,17,8,---,7,49,PM10,BAIK
201604,2016-04-23,DKI5,46,,12,32,65,7,65,O3,SEDANG
201604,2016-04-24,DKI1,48,,28,23,16,1,48,PM10,BAIK
201604,2016-04-24,DKI2,63,,17,20,42,11,63,PM10,SEDANG
201604,2016-04-24,DKI3,---,,22,19,52,3,52,O3,SEDANG
201604,2016-04-24,DKI4,40,,14,12,---,6,40,PM10,BAIK
201604,2016-04-24,DKI5,53,,8,39,57,8,57,O3,SEDANG
201604,2016-04-25,DKI1,57,,29,27,17,2,57,PM10,SEDANG
201604,2016-04-25,DKI2,65,,22,20,47,12,65,PM10,SEDANG
201604,2016-04-25,DKI3,---,,22,21,60,3,60,O3,SEDANG
201604,2016-04-25,DKI4,58,,15,15,---,12,58,PM10,SEDANG
201604,2016-04-25,DKI5,54,,9,42,66,10,66,O3,SEDANG
201604,2016-04-26,DKI1,71,,29,30,13,3,71,PM10,SEDANG
201604,2016-04-26,DKI2,51,,10,24,37,13,51,PM10,SEDANG
201604,2016-04-26,DKI3,53,,22,17,67,4,67,O3,SEDANG
201604,2016-04-26,DKI4,59,,16,14,---,13,59,PM10,SEDANG
201604,2016-04-26,DKI5,64,,11,49,67,18,67,O3,SEDANG
201604,2016-04-27,DKI1,55,,30,30,22,3,55,PM10,SEDANG
201604,2016-04-27,DKI2,62,,18,27,62,15,62,PM10,SEDANG
201604,2016-04-27,DKI3,59,,23,18,76,4,76,O3,SEDANG
201604,2016-04-27,DKI4,66,,15,28,41,12,66,PM10,SEDANG
201604,2016-04-27,DKI5,64,,10,50,76,12,76,O3,SEDANG
201604,2016-04-28,DKI1,55,,30,28,27,3,55,PM10,SEDANG
201604,2016-04-28,DKI2,60,,21,26,61,19,61,O3,SEDANG
201604,2016-04-28,DKI3,54,,22,20,77,3,77,O3,SEDANG
201604,2016-04-28,DKI4,60,,17,22,48,12,60,PM10,SEDANG
201604,2016-04-28,DKI5,58,,10,47,82,13,82,O3,SEDANG
201604,2016-04-29,DKI1,44,,30,27,21,2,44,PM10,BAIK
201604,2016-04-29,DKI2,44,,10,18,50,10,50,O3,BAIK
201604,2016-04-29,DKI3,57,,24,12,71,5,71,O3,SEDANG
201604,2016-04-29,DKI4,50,,18,11,57,8,57,O3,SEDANG
201604,2016-04-29,DKI5,47,,9,39,74,8,74,O3,SEDANG
201604,2016-04-30,DKI1,63,,31,36,13,3,63,PM10,SEDANG
201604,2016-04-30,DKI2,63,,17,25,42,15,63,PM10,SEDANG
201604,2016-04-30,DKI3,61,,22,35,52,6,61,PM10,SEDANG
201604,2016-04-30,DKI4,71,,16,21,39,10,71,PM10,SEDANG
201604,2016-04-30,DKI5,56,,9,69,66,13,69,CO,SEDANG
201601,2016-05-01,DKI1,70,,19,---,41,4,70,PM10,SEDANG
201601,2016-05-01,DKI2,61,,21,31,67,22,67,O3,SEDANG
201601,2016-05-01,DKI3,---,,16,54,46,11,54,CO,SEDANG
201601,2016-05-01,DKI4,99,,33,24,55,21,99,PM10,SEDANG
201601,2016-05-01,DKI5,68,,11,---,50,7,68,PM10,SEDANG
201602,2016-05-02,DKI1,54,,45,27,60,3,60,O3,SEDANG
201602,2016-05-02,DKI2,51,,3,25,43,17,51,PM10,SEDANG
201602,2016-05-02,DKI3,54,,15,19,52,2,54,PM10,SEDANG
201602,2016-05-02,DKI4,61,,11,12,57,13,61,PM10,SEDANG
201602,2016-05-02,DKI5,---,,---,---,---,---,0,,TIDAK ADA DATA
201603,2016-05-03,DKI1,42,,26,23,39,2,42,PM10,BAIK
201603,2016-05-03,DKI2,26,,3,20,40,12,40,O3,BAIK
201603,2016-05-03,DKI3,51,,15,11,56,2,56,O3,SEDANG
201603,2016-05-03,DKI4,53,,9,5,46,7,53,PM10,SEDANG
201603,2016-05-03,DKI5,48,,12,30,58,7,58,O3,SEDANG
201604,2016-05-04,DKI1,42,,27,28,21,2,42,PM10,BAIK
201604,2016-05-04,DKI2,48,,21,26,38,11,48,PM10,BAIK
201604,2016-05-04,DKI3,44,,20,14,66,2,66,O3,SEDANG
201604,2016-05-04,DKI4,54,,16,8,34,9,54,PM10,SEDANG
201604,2016-05-04,DKI5,52,,10,40,61,8,61,O3,SEDANG
201605,2016-05-05,DKI1,51,,28,28,10,1,51,PM10,SEDANG
201605,2016-05-05,DKI2,56,,5,21,27,9,56,PM10,SEDANG
201605,2016-05-05,DKI3,60,,23,36,39,9,60,PM10,SEDANG
201605,2016-05-05,DKI4,63,,14,24,17,6,63,PM10,SEDANG
201605,2016-05-05,DKI5,52,,8,52,46,9,52,PM10,SEDANG
201606,2016-05-06,DKI1,78,,28,41,24,3,78,PM10,SEDANG
201606,2016-05-06,DKI2,74,,13,52,57,19,74,PM10,SEDANG
201606,2016-05-06,DKI3,---,,21,34,70,4,70,O3,SEDANG
201606,2016-05-06,DKI4,84,,18,49,52,16,84,PM10,SEDANG
201606,2016-05-06,DKI5,74,,8,72,61,15,74,PM10,SEDANG
201607,2016-05-07,DKI1,53,,28,22,25,2,53,PM10,SEDANG
201607,2016-05-07,DKI2,49,,17,25,44,10,49,PM10,BAIK
201607,2016-05-07,DKI3,52,,21,19,68,---,68,O3,SEDANG
201607,2016-05-07,DKI4,8,,17,18,41,8,41,O3,BAIK
201607,2016-05-07,DKI5,53,,8,43,53,5,53,PM10,SEDANG
201608,2016-05-08,DKI1,70,,30,30,24,4,70,PM10,SEDANG
201609,2016-05-08,DKI2,39,,19,16,48,10,48,O3,BAIK
201608,2016-05-08,DKI2,72,,30,34,65,21,72,PM10,SEDANG
201609,2016-05-08,DKI3,62,,26,17,22,6,62,PM10,SEDANG
201608,2016-05-08,DKI3,70,,24,22,108,5,108,O3,TIDAK SEHAT
201609,2016-05-08,DKI4,53,,21,15,39,9,53,PM10,SEDANG
201608,2016-05-08,DKI4,107,,21,27,82,15,107,PM10,TIDAK SEHAT
201608,2016-05-08,DKI5,63,,10,47,91,10,91,O3,SEDANG
201609,2016-05-08,DKI5,51,,10,39,45,5,51,PM10,SEDANG
201609,2016-05-09,DKI1,---,,29,26,15,3,29,SO2,BAIK
201610,2016-05-10,DKI1,65,,30,36,37,4,65,PM10,SEDANG
201610,2016-05-10,DKI2,59,,24,45,203,22,203,O3,SANGAT TIDAK SEHAT
201610,2016-05-10,DKI3,50,,26,17,88,6,88,O3,SEDANG
201610,2016-05-10,DKI4,69,,---,40,99,15,99,O3,SEDANG
201610,2016-05-10,DKI5,57,,11,52,78,6,78,O3,SEDANG
201611,2016-05-11,DKI1,68,,32,27,50,5,68,PM10,SEDANG
201611,2016-05-11,DKI2,69,,25,28,150,18,150,O3,TIDAK SEHAT
201611,2016-05-11,DKI3,66,,30,13,122,13,122,O3,TIDAK SEHAT
201611,2016-05-11,DKI4,67,,23,13,104,12,104,O3,TIDAK SEHAT
201611,2016-05-11,DKI5,63,,11,37,101,6,101,O3,TIDAK SEHAT
201612,2016-05-12,DKI1,23,,31,16,11,1,31,SO2,BAIK
201605,2016-05-13,DKI1,52,,29,29,19,3,52,PM10,SEDANG
201605,2016-05-13,DKI2,63,,19,23,50,13,63,PM10,SEDANG
201605,2016-05-13,DKI3,47,,22,14,70,5,70,O3,SEDANG
201605,2016-05-13,DKI4,52,,17,18,66,11,66,O3,SEDANG
201605,2016-05-13,DKI5,41,,8,45,94,13,94,O3,SEDANG
201605,2016-05-14,DKI1,55,,28,28,23,3,55,PM10,SEDANG
201605,2016-05-14,DKI2,54,,7,29,62,17,62,O3,SEDANG
201605,2016-05-14,DKI3,45,,21,11,70,---,70,O3,SEDANG
201605,2016-05-14,DKI4,56,,15,14,62,11,62,O3,SEDANG
201605,2016-05-14,DKI5,5,,8,39,104,8,104,O3,TIDAK SEHAT
201605,2016-05-15,DKI1,54,,30,26,16,2,54,PM10,SEDANG
201605,2016-05-15,DKI2,62,,17,24,37,8,62,PM10,SEDANG
201605,2016-05-15,DKI3,49,,23,12,56,4,56,O3,SEDANG
201605,2016-05-15,DKI4,50,,16,14,38,5,50,PM10,BAIK
201605,2016-05-15,DKI5,2,,11,46,73,7,73,O3,SEDANG
201605,2016-05-16,DKI1,32,,29,31,15,4,32,PM10,BAIK
201605,2016-05-16,DKI2,43,,12,21,61,21,61,O3,SEDANG
201605,2016-05-16,DKI3,40,,22,12,67,4,67,O3,SEDANG
201605,2016-05-16,DKI4,42,,15,13,36,11,42,PM10,BAIK
201605,2016-05-16,DKI5,33,,9,39,92,9,92,O3,SEDANG
201605,2016-05-17,DKI1,77,,29,33,21,5,77,PM10,SEDANG
201605,2016-05-17,DKI2,78,,14,29,83,21,83,O3,SEDANG
201605,2016-05-17,DKI3,67,,23,19,80,5,80,O3,SEDANG
201605,2016-05-17,DKI4,69,,16,22,79,13,79,O3,SEDANG
201605,2016-05-17,DKI5,73,,9,56,82,11,82,O3,SEDANG
201605,2016-05-18,DKI1,76,,30,41,15,3,76,PM10,SEDANG
201605,2016-05-18,DKI2,78,,15,34,42,17,78,PM10,SEDANG
201605,2016-05-18,DKI3,56,,23,26,72,---,72,O3,SEDANG
201605,2016-05-18,DKI4,64,,17,41,51,9,64,PM10,SEDANG
201605,2016-05-18,DKI5,62,,9,61,56,18,62,PM10,SEDANG
201605,2016-05-19,DKI1,58,,29,31,22,4,58,PM10,SEDANG
201605,2016-05-19,DKI2,69,,12,29,68,12,69,PM10,SEDANG
201605,2016-05-19,DKI3,60,,22,24,155,5,155,O3,TIDAK SEHAT
201605,2016-05-19,DKI4,67,,17,37,74,11,74,O3,SEDANG
201605,2016-05-19,DKI5,60,,7,56,109,9,109,O3,TIDAK SEHAT
201605,2016-05-20,DKI1,61,,29,30,24,6,61,PM10,SEDANG
201605,2016-05-20,DKI2,72,,20,31,81,19,81,O3,SEDANG
201605,2016-05-20,DKI3,56,,21,15,71,10,71,O3,SEDANG
201605,2016-05-20,DKI4,63,,20,18,84,17,84,O3,SEDANG
201605,2016-05-20,DKI5,62,,8,43,90,10,90,O3,SEDANG
201605,2016-05-21,DKI1,38,,28,29,21,5,38,PM10,BAIK
201605,2016-05-21,DKI2,54,,11,17,73,12,73,O3,SEDANG
201605,2016-05-21,DKI3,52,,21,23,71,5,71,O3,SEDANG
201605,2016-05-21,DKI4,61,,15,25,52,21,61,PM10,SEDANG
201605,2016-05-21,DKI5,51,,7,37,81,14,81,O3,SEDANG
201605,2016-05-22,DKI1,61,,28,29,29,3,61,PM10,SEDANG
201605,2016-05-22,DKI2,65,,22,30,90,15,90,O3,SEDANG
201605,2016-05-22,DKI3,---,,21,23,106,5,106,O3,TIDAK SEHAT
201605,2016-05-22,DKI4,56,,15,25,---,14,56,PM10,SEDANG
201605,2016-05-22,DKI5,57,,7,53,109,15,109,O3,TIDAK SEHAT
201605,2016-05-23,DKI1,53,,28,27,29,4,53,PM10,SEDANG
201605,2016-05-23,DKI2,56,,13,24,92,20,92,O3,SEDANG
201605,2016-05-23,DKI3,54,,22,19,118,3,118,O3,TIDAK SEHAT
201605,2016-05-23,DKI4,51,,16,16,79,11,79,O3,SEDANG
201605,2016-05-23,DKI5,59,,8,40,99,13,99,O3,SEDANG
201605,2016-05-24,DKI1,64,,28,34,27,4,64,PM10,SEDANG
201605,2016-05-24,DKI2,63,,12,35,78,20,78,O3,SEDANG
201605,2016-05-24,DKI3,57,,22,20,80,5,80,O3,SEDANG
201605,2016-05-24,DKI4,59,,16,28,53,15,59,PM10,SEDANG
201605,2016-05-24,DKI5,63,,9,55,91,19,91,O3,SEDANG
201605,2016-05-25,DKI1,45,,28,32,12,3,45,PM10,BAIK
201605,2016-05-25,DKI2,62,,17,25,41,18,62,PM10,SEDANG
201605,2016-05-25,DKI3,---,,21,16,68,5,68,O3,SEDANG
201605,2016-05-25,DKI4,49,,17,14,52,11,52,O3,SEDANG
201605,2016-05-25,DKI5,44,,9,47,82,13,82,O3,SEDANG
201605,2016-05-26,DKI1,61,,29,34,13,4,61,PM10,SEDANG
201605,2016-05-26,DKI2,91,,38,27,47,17,91,PM10,SEDANG
201605,2016-05-26,DKI3,---,,22,22,63,---,63,O3,SEDANG
201605,2016-05-26,DKI4,66,,17,28,46,13,66,PM10,SEDANG
201605,2016-05-26,DKI5,63,,9,56,53,16,63,PM10,SEDANG
201605,2016-05-27,DKI1,84,,29,40,17,---,84,PM10,SEDANG
201605,2016-05-27,DKI2,89,,28,31,61,29,89,PM10,SEDANG
201605,2016-05-27,DKI3,---,,21,28,66,2,66,O3,SEDANG
201605,2016-05-27,DKI4,79,,17,39,47,16,79,PM10,SEDANG
201605,2016-05-27,DKI5,70,,9,55,73,17,73,O3,SEDANG
201605,2016-05-28,DKI1,90,,29,41,21,3,90,PM10,SEDANG
201605,2016-05-28,DKI2,94,,20,39,77,18,94,PM10,SEDANG
201605,2016-05-28,DKI3,---,,23,42,79,8,79,O3,SEDANG
201605,2016-05-28,DKI4,86,,19,45,64,10,86,PM10,SEDANG
201605,2016-05-28,DKI5,86,,12,67,70,19,86,PM10,SEDANG
201605,2016-05-29,DKI1,44,,28,27,14,2,44,PM10,BAIK
201605,2016-05-29,DKI2,57,,26,19,37,13,57,PM10,SEDANG
201605,2016-05-29,DKI3,53,,22,15,59,---,59,O3,SEDANG
201605,2016-05-29,DKI4,61,,18,16,31,13,61,PM10,SEDANG
201605,2016-05-29,DKI5,41,,9,39,41,12,41,PM10,BAIK
201605,2016-05-30,DKI1,65,,29,35,18,4,65,PM10,SEDANG
201605,2016-05-30,DKI2,63,,23,37,52,27,63,PM10,SEDANG
201605,2016-05-30,DKI3,---,,23,23,67,3,67,O3,SEDANG
201605,2016-05-30,DKI4,61,,19,26,43,12,61,PM10,SEDANG
201605,2016-05-30,DKI5,55,,13,56,79,14,79,O3,SEDANG
201605,2016-05-31,DKI1,65,,29,31,31,4,65,PM10,SEDANG
201605,2016-05-31,DKI2,60,,15,26,100,14,100,O3,SEDANG
201605,2016-05-31,DKI3,60,,22,17,78,3,78,O3,SEDANG
201605,2016-05-31,DKI4,64,,19,19,80,8,80,O3,SEDANG
201605,2016-05-31,DKI5,53,,11,46,101,10,101,O3,TIDAK SEHAT
201601,2016-06-01,DKI1,69,,19,---,19,4,69,PM10,SEDANG
201601,2016-06-01,DKI2,64,,24,25,55,17,64,PM10,SEDANG
201601,2016-06-01,DKI3,---,,17,43,39,13,43,CO,BAIK
201601,2016-06-01,DKI4,75,,33,9,32,11,75,PM10,SEDANG
201601,2016-06-01,DKI5,65,,---,---,37,8,65,PM10,SEDANG
201602,2016-06-02,DKI1,65,,45,35,59,3,65,PM10,SEDANG
201602,2016-06-02,DKI2,63,,8,28,87,17,87,O3,SEDANG
201602,2016-06-02,DKI3,61,,13,20,41,3,61,PM10,SEDANG
201602,2016-06-02,DKI4,65,,12,17,60,9,65,PM10,SEDANG
201602,2016-06-02,DKI5,---,,---,---,---,---,0,,TIDAK ADA DATA
201603,2016-06-03,DKI1,62,,26,33,43,2,62,PM10,SEDANG
201603,2016-06-03,DKI2,53,,4,29,43,16,53,PM10,SEDANG
201603,2016-06-03,DKI3,67,,15,33,72,2,72,O3,SEDANG
201603,2016-06-03,DKI4,80,,11,16,63,13,80,PM10,SEDANG
201603,2016-06-03,DKI5,71,,11,43,69,11,71,PM10,SEDANG
201604,2016-06-04,DKI1,46,,27,28,22,3,46,PM10,BAIK
201604,2016-06-04,DKI2,---,,24,23,58,12,58,O3,SEDANG
201604,2016-06-04,DKI3,55,,21,17,98,4,98,O3,SEDANG
201604,2016-06-04,DKI4,67,,15,9,60,10,67,PM10,SEDANG
201604,2016-06-04,DKI5,57,,11,42,88,10,88,O3,SEDANG
201605,2016-06-05,DKI1,81,,29,46,26,5,81,PM10,SEDANG
201605,2016-06-05,DKI2,76,,12,46,95,16,95,O3,SEDANG
201605,2016-06-05,DKI3,79,,23,43,128,7,128,O3,TIDAK SEHAT
201605,2016-06-05,DKI4,74,,15,49,77,12,77,O3,SEDANG
201605,2016-06-05,DKI5,78,,10,78,100,14,100,O3,SEDANG
201606,2016-06-06,DKI1,84,,28,36,35,4,84,PM10,SEDANG
201606,2016-06-06,DKI2,83,,17,46,99,19,99,O3,SEDANG
201606,2016-06-06,DKI3,---,,21,36,100,4,100,O3,SEDANG
201606,2016-06-06,DKI4,95,,19,47,80,11,95,PM10,SEDANG
201606,2016-06-06,DKI5,78,,9,71,113,13,113,O3,TIDAK SEHAT
201607,2016-06-07,DKI1,50,,28,37,24,3,50,PM10,BAIK
201607,2016-06-07,DKI2,55,,19,37,46,14,55,PM10,SEDANG
201607,2016-06-07,DKI3,60,,22,38,66,---,66,O3,SEDANG
201607,2016-06-07,DKI4,10,,17,33,45,9,45,O3,BAIK
201607,2016-06-07,DKI5,54,,8,65,51,9,65,CO,SEDANG
201608,2016-06-08,DKI1,58,,30,27,25,4,58,PM10,SEDANG
201609,2016-06-08,DKI2,56,,19,27,56,11,56,PM10,SEDANG
201608,2016-06-08,DKI2,53,,14,22,83,11,83,O3,SEDANG
201609,2016-06-08,DKI3,65,,27,27,42,7,65,PM10,SEDANG
201608,2016-06-08,DKI3,72,,24,18,87,4,87,O3,SEDANG
201609,2016-06-08,DKI4,66,,22,23,53,8,66,PM10,SEDANG
201608,2016-06-08,DKI4,72,,22,12,62,14,72,PM10,SEDANG
201608,2016-06-08,DKI5,69,,10,40,51,7,69,PM10,SEDANG
201609,2016-06-08,DKI5,64,,11,60,61,6,64,PM10,SEDANG
201609,2016-06-09,DKI1,---,,30,30,19,3,30,SO2,BAIK
201610,2016-06-10,DKI1,52,,30,31,26,5,52,PM10,SEDANG
201610,2016-06-10,DKI2,51,,21,27,157,20,157,O3,TIDAK SEHAT
201610,2016-06-10,DKI3,34,,27,11,100,8,100,O3,SEDANG
201610,2016-06-10,DKI4,53,,23,13,108,10,108,O3,TIDAK SEHAT
201610,2016-06-10,DKI5,48,,10,42,72,4,72,O3,SEDANG
201611,2016-06-11,DKI1,104,,32,42,46,5,104,PM10,TIDAK SEHAT
201611,2016-06-11,DKI2,103,,33,40,137,21,137,O3,TIDAK SEHAT
201611,2016-06-11,DKI3,90,,30,26,152,12,152,O3,TIDAK SEHAT
201611,2016-06-11,DKI4,128,,23,32,97,14,128,PM10,TIDAK SEHAT
201611,2016-06-11,DKI5,87,,13,65,172,6,172,O3,TIDAK SEHAT
201612,2016-06-12,DKI1,28,,31,19,12,1,31,SO2,BAIK
201606,2016-06-13,DKI1,64,,28,30,23,5,64,PM10,SEDANG
201606,2016-06-13,DKI2,52,,15,31,62,17,62,O3,SEDANG
201606,2016-06-13,DKI3,61,,21,19,129,3,129,O3,TIDAK SEHAT
201606,2016-06-13,DKI4,62,,17,24,55,14,62,PM10,SEDANG
201606,2016-06-13,DKI5,59,,8,49,96,12,96,O3,SEDANG
201606,2016-06-14,DKI1,62,,29,29,33,4,62,PM10,SEDANG
201606,2016-06-14,DKI2,73,,13,30,83,15,83,O3,SEDANG
201606,2016-06-14,DKI3,62,,22,16,85,2,85,O3,SEDANG
201606,2016-06-14,DKI4,58,,19,20,84,12,84,O3,SEDANG
201606,2016-06-14,DKI5,48,,9,45,85,15,85,O3,SEDANG
201606,2016-06-15,DKI1,66,,29,32,20,3,66,PM10,SEDANG
201606,2016-06-15,DKI2,63,,18,28,54,21,63,PM10,SEDANG
201606,2016-06-15,DKI3,59,,22,20,81,11,81,O3,SEDANG
201606,2016-06-15,DKI4,64,,21,25,64,14,64,PM10,SEDANG
201606,2016-06-15,DKI5,16,,9,47,47,18,47,CO,BAIK
201606,2016-06-16,DKI1,60,,31,29,20,2,60,PM10,SEDANG
201606,2016-06-16,DKI2,44,,22,31,36,15,44,PM10,BAIK
201606,2016-06-16,DKI3,---,,23,19,53,4,53,O3,SEDANG
201606,2016-06-16,DKI4,65,,22,33,41,19,65,PM10,SEDANG
201606,2016-06-16,DKI5,54,,13,47,43,16,54,PM10,SEDANG
201606,2016-06-17,DKI1,54,,29,27,18,2,54,PM10,SEDANG
201606,2016-06-17,DKI2,66,,17,20,32,11,66,PM10,SEDANG
201606,2016-06-17,DKI3,58,,23,16,69,4,69,O3,SEDANG
201606,2016-06-17,DKI4,61,,21,15,44,11,61,PM10,SEDANG
201606,2016-06-17,DKI5,48,,12,41,44,20,48,PM10,BAIK
201606,2016-06-18,DKI1,37,,29,33,16,2,37,PM10,BAIK
201606,2016-06-18,DKI2,40,,9,23,25,12,40,PM10,BAIK
201606,2016-06-18,DKI3,---,,20,17,33,---,33,O3,BAIK
201606,2016-06-18,DKI4,35,,16,22,23,12,35,PM10,BAIK
201606,2016-06-18,DKI5,34,,8,44,24,18,44,CO,BAIK
201606,2016-06-19,DKI1,62,,29,36,29,4,62,PM10,SEDANG
201606,2016-06-19,DKI2,60,,13,53,88,13,88,O3,SEDANG
201606,2016-06-19,DKI3,---,,21,25,72,3,72,O3,SEDANG
201606,2016-06-19,DKI4,53,,20,44,126,9,126,O3,TIDAK SEHAT
201606,2016-06-19,DKI5,50,,11,59,99,11,99,O3,SEDANG
201606,2016-06-20,DKI1,69,,30,36,25,4,69,PM10,SEDANG
201606,2016-06-20,DKI2,77,,26,37,79,16,79,O3,SEDANG
201606,2016-06-20,DKI3,---,,23,35,113,7,113,O3,TIDAK SEHAT
201606,2016-06-20,DKI4,65,,19,34,85,10,85,O3,SEDANG
201606,2016-06-20,DKI5,59,,12,65,71,20,71,O3,SEDANG
201606,2016-06-21,DKI1,---,,30,33,53,6,53,O3,SEDANG
201606,2016-06-21,DKI2,85,,25,48,109,22,109,O3,TIDAK SEHAT
201606,2016-06-21,DKI3,---,,22,28,115,3,115,O3,TIDAK SEHAT
201606,2016-06-21,DKI4,77,,20,31,95,20,95,O3,SEDANG
201606,2016-06-21,DKI5,60,,10,52,125,24,125,O3,TIDAK SEHAT
201606,2016-06-22,DKI1,55,,28,31,29,4,55,PM10,SEDANG
201606,2016-06-22,DKI2,67,,21,26,126,20,126,O3,TIDAK SEHAT
201606,2016-06-22,DKI3,---,,21,15,127,5,127,O3,TIDAK SEHAT
201606,2016-06-22,DKI4,53,,18,12,67,10,67,O3,SEDANG
201606,2016-06-22,DKI5,59,,9,37,124,16,124,O3,TIDAK SEHAT
201606,2016-06-23,DKI1,53,,28,26,26,---,53,PM10,SEDANG
201606,2016-06-23,DKI2,71,,23,24,108,16,108,O3,TIDAK SEHAT
201606,2016-06-23,DKI3,---,,22,14,54,---,54,O3,SEDANG
201606,2016-06-23,DKI4,43,,18,12,70,11,70,O3,SEDANG
201606,2016-06-23,DKI5,51,,9,41,72,16,72,O3,SEDANG
201606,2016-06-24,DKI1,---,,---,---,---,---,0,,TIDAK ADA DATA
201606,2016-06-24,DKI2,71,,30,23,90,15,90,O3,SEDANG
201606,2016-06-24,DKI3,---,,21,15,89,---,89,O3,SEDANG
201606,2016-06-24,DKI4,55,,17,18,79,14,79,O3,SEDANG
201606,2016-06-24,DKI5,31,,9,49,119,16,119,O3,TIDAK SEHAT
201606,2016-06-25,DKI1,59,,29,41,31,4,59,PM10,SEDANG
201606,2016-06-25,DKI2,73,,29,36,73,17,73,PM10,SEDANG
201606,2016-06-25,DKI3,---,,22,18,109,3,109,O3,TIDAK SEHAT
201606,2016-06-25,DKI4,68,,20,28,83,19,83,O3,SEDANG
201606,2016-06-25,DKI5,---,,9,65,106,19,106,O3,TIDAK SEHAT
201606,2016-06-26,DKI1,83,,29,32,25,3,83,PM10,SEDANG
201606,2016-06-26,DKI2,73,,13,40,74,18,74,O3,SEDANG
201606,2016-06-26,DKI3,---,,21,28,78,3,78,O3,SEDANG
201606,2016-06-26,DKI4,74,,20,32,63,14,74,PM10,SEDANG
201606,2016-06-26,DKI5,---,,9,59,75,19,75,O3,SEDANG
201606,2016-06-27,DKI1,62,,29,32,22,4,62,PM10,SEDANG
201606,2016-06-27,DKI2,63,,19,28,73,14,73,O3,SEDANG
201606,2016-06-27,DKI3,---,,21,25,55,---,55,O3,SEDANG
201606,2016-06-27,DKI4,51,,16,26,54,7,54,O3,SEDANG
201606,2016-06-27,DKI5,---,,8,61,48,14,61,CO,SEDANG
201606,2016-06-28,DKI1,68,,30,28,17,4,68,PM10,SEDANG
201606,2016-06-28,DKI2,72,,20,32,69,16,72,PM10,SEDANG
201606,2016-06-28,DKI3,---,,22,26,137,5,137,O3,TIDAK SEHAT
201606,2016-06-28,DKI4,76,,---,---,---,---,76,PM10,SEDANG
201606,2016-06-28,DKI5,70,,11,51,72,7,72,O3,SEDANG
201606,2016-06-29,DKI1,63,,30,30,31,4,63,PM10,SEDANG
201606,2016-06-29,DKI2,68,,18,38,84,24,84,O3,SEDANG
201606,2016-06-29,DKI3,---,,22,34,70,4,70,O3,SEDANG
201606,2016-06-29,DKI4,26,,19,37,46,19,46,O3,BAIK
201606,2016-06-29,DKI5,66,,10,53,100,5,100,O3,SEDANG
201606,2016-06-30,DKI1,58,,28,30,21,5,58,PM10,SEDANG
201606,2016-06-30,DKI2,56,,15,27,59,16,59,O3,SEDANG
201606,2016-06-30,DKI3,57,,21,26,78,8,78,O3,SEDANG
201606,2016-06-30,DKI4,23,,17,19,53,12,53,O3,SEDANG
201606,2016-06-30,DKI5,61,,8,57,67,5,67,O3,SEDANG
201601,2016-07-01,DKI1,58,,19,---,25,3,58,PM10,SEDANG
201601,2016-07-01,DKI2,57,,30,21,70,13,70,O3,SEDANG
201601,2016-07-01,DKI3,---,,17,31,52,11,52,O3,SEDANG
201601,2016-07-01,DKI4,75,,33,8,41,12,75,PM10,SEDANG
201601,2016-07-01,DKI5,55,,12,28,48,13,55,PM10,SEDANG
201602,2016-07-02,DKI1,52,,39,38,59,2,59,O3,SEDANG
201602,2016-07-02,DKI2,50,,6,32,41,11,50,PM10,BAIK
201602,2016-07-02,DKI3,46,,13,28,41,5,46,PM10,BAIK
201602,2016-07-02,DKI4,64,,8,19,46,8,64,PM10,SEDANG
201602,2016-07-02,DKI5,---,,---,---,---,---,0,,TIDAK ADA DATA
201603,2016-07-03,DKI1,36,,26,29,44,4,44,O3,BAIK
201603,2016-07-03,DKI2,54,,4,25,59,14,59,O3,SEDANG
201603,2016-07-03,DKI3,52,,15,16,102,4,102,O3,TIDAK SEHAT
201603,2016-07-03,DKI4,49,,9,16,47,9,49,PM10,BAIK
201603,2016-07-03,DKI5,31,,12,31,85,18,85,O3,SEDANG
201604,2016-07-04,DKI1,54,,27,28,16,3,54,PM10,SEDANG
201604,2016-07-04,DKI2,55,,20,27,47,16,55,PM10,SEDANG
201604,2016-07-04,DKI3,53,,21,20,77,8,77,O3,SEDANG
201604,2016-07-04,DKI4,61,,16,8,37,10,61,PM10,SEDANG
201604,2016-07-04,DKI5,64,,9,44,64,13,64,PM10,SEDANG
201605,2016-07-05,DKI1,59,,28,28,21,3,59,PM10,SEDANG
201605,2016-07-05,DKI2,62,,10,27,93,11,93,O3,SEDANG
201605,2016-07-05,DKI3,77,,22,22,83,2,83,O3,SEDANG
201605,2016-07-05,DKI4,73,,16,28,68,8,73,PM10,SEDANG
201605,2016-07-05,DKI5,57,,8,46,72,13,72,O3,SEDANG
201606,2016-07-06,DKI1,72,,28,39,19,4,72,PM10,SEDANG
201606,2016-07-06,DKI2,77,,30,41,46,20,77,PM10,SEDANG
201606,2016-07-06,DKI3,---,,---,---,---,---,0,,TIDAK ADA DATA
201606,2016-07-06,DKI4,65,,17,44,55,13,65,PM10,SEDANG
201606,2016-07-06,DKI5,63,,8,65,56,20,65,CO,SEDANG
201607,2016-07-07,DKI1,39,,28,18,26,1,39,PM10,BAIK
201607,2016-07-07,DKI2,47,,23,15,44,5,47,PM10,BAIK
201607,2016-07-07,DKI3,50,,22,10,64,---,64,O3,SEDANG
201607,2016-07-07,DKI4,10,,18,7,51,5,51,O3,SEDANG
201607,2016-07-07,DKI5,43,,9,32,61,10,61,O3,SEDANG
201608,2016-07-08,DKI1,46,,30,21,36,3,46,PM10,BAIK
201609,2016-07-08,DKI2,48,,17,22,47,15,48,PM10,BAIK
201608,2016-07-08,DKI2,54,,19,22,119,11,119,O3,TIDAK SEHAT
201609,2016-07-08,DKI3,61,,24,15,36,---,61,PM10,SEDANG
201608,2016-07-08,DKI3,58,,25,14,70,---,70,O3,SEDANG
201608,2016-07-08,DKI4,81,,25,11,87,10,87,O3,SEDANG
201609,2016-07-08,DKI4,56,,21,18,42,14,56,PM10,SEDANG
201608,2016-07-08,DKI5,56,,9,37,54,7,56,PM10,SEDANG
201609,2016-07-08,DKI5,53,,9,43,62,7,62,O3,SEDANG
201609,2016-07-09,DKI1,55,,29,27,20,3,55,PM10,SEDANG
201610,2016-07-10,DKI1,61,,30,25,41,5,61,PM10,SEDANG
201610,2016-07-10,DKI2,60,,23,29,136,15,136,O3,TIDAK SEHAT
201610,2016-07-10,DKI3,42,,26,7,110,4,110,O3,TIDAK SEHAT
201610,2016-07-10,DKI4,73,,24,18,106,12,106,O3,TIDAK SEHAT
201610,2016-07-10,DKI5,60,,11,37,91,4,91,O3,SEDANG
201611,2016-07-11,DKI1,61,,31,31,55,5,61,PM10,SEDANG
201611,2016-07-11,DKI2,78,,49,30,128,22,128,O3,TIDAK SEHAT
201611,2016-07-11,DKI3,60,,28,12,128,7,128,O3,TIDAK SEHAT
201611,2016-07-11,DKI4,79,,23,24,96,14,96,O3,SEDANG
201611,2016-07-11,DKI5,59,,10,46,136,6,136,O3,TIDAK SEHAT
201612,2016-07-12,DKI1,39,,31,20,16,2,39,PM10,BAIK
201607,2016-07-13,DKI1,63,,29,32,27,4,63,PM10,SEDANG
201607,2016-07-13,DKI2,67,,36,36,64,15,67,PM10,SEDANG
201607,2016-07-13,DKI3,51,,23,18,88,2,88,O3,SEDANG
201607,2016-07-13,DKI4,73,,18,27,67,10,73,PM10,SEDANG
201607,2016-07-13,DKI5,62,,8,56,90,10,90,O3,SEDANG
201607,2016-07-14,DKI1,63,,31,35,18,4,63,PM10,SEDANG
201607,2016-07-14,DKI2,65,,24,43,41,20,65,PM10,SEDANG
201607,2016-07-14,DKI3,69,,22,22,57,4,69,PM10,SEDANG
201607,2016-07-14,DKI4,86,,18,37,40,10,86,PM10,SEDANG
201607,2016-07-14,DKI5,60,,10,53,73,18,73,O3,SEDANG
201607,2016-07-15,DKI1,49,,32,26,12,1,49,PM10,BAIK
201607,2016-07-15,DKI2,56,,19,20,32,10,56,PM10,SEDANG
201607,2016-07-15,DKI3,51,,23,12,45,3,51,PM10,SEDANG
201607,2016-07-15,DKI4,62,,19,11,31,6,62,PM10,SEDANG
201607,2016-07-15,DKI5,47,,11,34,45,4,47,PM10,BAIK
201607,2016-07-16,DKI1,51,,28,24,22,2,51,PM10,SEDANG
201607,2016-07-16,DKI2,51,,20,19,34,9,51,PM10,SEDANG
201607,2016-07-16,DKI3,47,,22,15,54,3,54,O3,SEDANG
201607,2016-07-16,DKI4,56,,17,12,31,8,56,PM10,SEDANG
201607,2016-07-16,DKI5,49,,9,36,43,5,49,PM10,BAIK
201607,2016-07-17,DKI1,65,,28,39,23,2,65,PM10,SEDANG
201607,2016-07-17,DKI2,58,,34,39,45,14,58,PM10,SEDANG
201607,2016-07-17,DKI3,58,,22,29,71,4,71,O3,SEDANG
201607,2016-07-17,DKI4,---,,18,36,59,8,59,O3,SEDANG
201607,2016-07-17,DKI5,58,,8,58,63,5,63,O3,SEDANG
201607,2016-07-18,DKI1,53,,28,34,25,3,53,PM10,SEDANG
201607,2016-07-18,DKI2,46,,20,33,109,16,109,O3,TIDAK SEHAT
201607,2016-07-18,DKI3,---,,---,---,---,---,0,,TIDAK ADA DATA
201607,2016-07-18,DKI4,---,,18,27,134,10,134,O3,TIDAK SEHAT
201607,2016-07-18,DKI5,---,,8,55,69,7,69,O3,SEDANG
201607,2016-07-19,DKI1,63,,28,31,24,5,63,PM10,SEDANG
201607,2016-07-19,DKI2,58,,24,26,74,19,74,O3,SEDANG
201607,2016-07-19,DKI3,52,,23,23,115,3,115,O3,TIDAK SEHAT
201607,2016-07-19,DKI4,63,,21,20,92,12,92,O3,SEDANG
201607,2016-07-19,DKI5,54,,11,56,98,21,98,O3,SEDANG
201607,2016-07-20,DKI1,51,,28,30,22,3,51,PM10,SEDANG
201607,2016-07-20,DKI2,48,,18,29,76,16,76,O3,SEDANG
201607,2016-07-20,DKI3,50,,23,15,80,4,80,O3,SEDANG
201607,2016-07-20,DKI4,60,,19,19,55,9,60,PM10,SEDANG
201607,2016-07-20,DKI5,38,,8,43,81,9,81,O3,SEDANG
201607,2016-07-21,DKI1,58,,29,29,31,4,58,PM10,SEDANG
201607,2016-07-21,DKI2,58,,19,30,60,22,60,O3,SEDANG
201607,2016-07-21,DKI3,41,,23,19,81,3,81,O3,SEDANG
201607,2016-07-21,DKI4,69,,21,20,97,10,97,O3,SEDANG
201607,2016-07-21,DKI5,40,,9,45,83,12,83,O3,SEDANG
201607,2016-07-22,DKI1,58,,29,29,19,3,58,PM10,SEDANG
201607,2016-07-22,DKI2,73,,25,25,49,14,73,PM10,SEDANG
201607,2016-07-22,DKI3,43,,22,17,55,8,55,O3,SEDANG
201607,2016-07-22,DKI4,56,,19,15,37,8,56,PM10,SEDANG
201607,2016-07-22,DKI5,48,,9,45,65,12,65,O3,SEDANG
201607,2016-07-23,DKI1,80,,29,32,25,3,80,PM10,SEDANG
201607,2016-07-23,DKI2,58,,16,28,56,15,58,PM10,SEDANG
201607,2016-07-23,DKI3,50,,23,27,87,5,87,O3,SEDANG
201607,2016-07-23,DKI4,55,,21,16,---,11,55,PM10,SEDANG
201607,2016-07-23,DKI5,60,,9,58,82,12,82,O3,SEDANG
201607,2016-07-24,DKI1,69,,29,32,29,3,69,PM10,SEDANG
201607,2016-07-24,DKI2,58,,26,38,77,14,77,O3,SEDANG
201607,2016-07-24,DKI3,55,,23,22,94,2,94,O3,SEDANG
201607,2016-07-24,DKI4,70,,20,35,---,10,70,PM10,SEDANG
201607,2016-07-24,DKI5,62,,9,59,103,11,103,O3,TIDAK SEHAT
201607,2016-07-25,DKI1,39,,28,22,28,4,39,PM10,BAIK
201607,2016-07-25,DKI2,32,,14,23,90,11,90,O3,SEDANG
201607,2016-07-25,DKI3,36,,22,18,96,---,96,O3,SEDANG
201607,2016-07-25,DKI4,49,,18,16,---,8,49,PM10,BAIK
201607,2016-07-25,DKI5,34,,8,45,89,6,89,O3,SEDANG
201607,2016-07-26,DKI1,64,,29,30,42,4,64,PM10,SEDANG
201607,2016-07-26,DKI2,53,,14,31,173,14,173,O3,TIDAK SEHAT
201607,2016-07-26,DKI3,54,,23,25,91,3,91,O3,SEDANG
201607,2016-07-26,DKI4,70,,21,24,87,9,87,O3,SEDANG
201607,2016-07-26,DKI5,55,,10,42,106,9,106,O3,TIDAK SEHAT
201607,2016-07-27,DKI1,57,,30,27,27,5,57,PM10,SEDANG
201607,2016-07-27,DKI2,57,,24,24,113,18,113,O3,TIDAK SEHAT
201607,2016-07-27,DKI3,55,,24,14,146,---,146,O3,TIDAK SEHAT
201607,2016-07-27,DKI4,68,,22,13,85,14,85,O3,SEDANG
201607,2016-07-27,DKI5,46,,10,43,110,10,110,O3,TIDAK SEHAT
201607,2016-07-28,DKI1,59,,30,26,18,3,59,PM10,SEDANG
201607,2016-07-28,DKI2,61,,19,20,50,15,61,PM10,SEDANG
201607,2016-07-28,DKI3,64,,24,17,72,4,72,O3,SEDANG
201607,2016-07-28,DKI4,81,,22,14,62,13,81,PM10,SEDANG
201607,2016-07-28,DKI5,---,,---,---,---,---,0,,TIDAK ADA DATA
201607,2016-07-29,DKI1,58,,30,26,31,3,58,PM10,SEDANG
201607,2016-07-29,DKI2,66,,27,22,57,13,66,PM10,SEDANG
201607,2016-07-29,DKI3,64,,23,20,106,3,106,O3,TIDAK SEHAT
201607,2016-07-29,DKI4,90,,22,17,88,12,90,PM10,SEDANG
201607,2016-07-29,DKI5,---,,---,---,---,---,0,,TIDAK ADA DATA
201607,2016-07-30,DKI1,56,,29,30,32,4,56,PM10,SEDANG
201607,2016-07-30,DKI2,53,,16,25,94,20,94,O3,SEDANG
201607,2016-07-30,DKI3,48,,23,13,116,5,116,O3,TIDAK SEHAT
201607,2016-07-30,DKI4,55,,20,16,88,14,88,O3,SEDANG
201607,2016-07-30,DKI5,55,,8,51,119,9,119,O3,TIDAK SEHAT
201607,2016-07-31,DKI1,54,,30,23,27,3,54,PM10,SEDANG
201607,2016-07-31,DKI2,58,,22,20,65,11,65,O3,SEDANG
201607,2016-07-31,DKI3,54,,24,18,106,4,106,O3,TIDAK SEHAT
201607,2016-07-31,DKI4,71,,20,14,65,8,71,PM10,SEDANG
201607,2016-07-31,DKI5,55,,9,36,89,8,89,O3,SEDANG
201601,2016-08-01,DKI1,46,,24,---,---,3,46,PM10,BAIK
201601,2016-08-01,DKI2,50,,22,10,62,9,62,O3,SEDANG
201601,2016-08-01,DKI3,---,,18,30,60,7,60,O3,SEDANG
201601,2016-08-01,DKI4,60,,33,5,35,7,60,PM10,SEDANG
201601,2016-08-01,DKI5,43,,11,22,37,9,43,PM10,BAIK
201602,2016-08-02,DKI1,47,,40,25,48,2,48,O3,BAIK
201602,2016-08-02,DKI2,38,,4,27,40,10,40,O3,BAIK
201602,2016-08-02,DKI3,49,,13,26,43,---,49,PM10,BAIK
201602,2016-08-02,DKI4,44,,8,21,39,8,44,PM10,BAIK
201602,2016-08-02,DKI5,---,,---,---,---,---,0,,TIDAK ADA DATA
201603,2016-08-03,DKI1,40,,26,28,40,2,40,PM10,BAIK
201603,2016-08-03,DKI2,52,,4,23,53,11,53,O3,SEDANG
201603,2016-08-03,DKI3,52,,15,15,81,5,81,O3,SEDANG
201603,2016-08-03,DKI4,74,,9,19,36,17,74,PM10,SEDANG
201603,2016-08-03,DKI5,57,,11,28,75,9,75,O3,SEDANG
201604,2016-08-04,DKI1,60,,27,26,16,2,60,PM10,SEDANG
201604,2016-08-04,DKI2,55,,13,21,40,10,55,PM10,SEDANG
201604,2016-08-04,DKI3,59,,20,18,48,5,59,PM10,SEDANG
201604,2016-08-04,DKI4,65,,16,10,24,19,65,PM10,SEDANG
201604,2016-08-04,DKI5,55,,11,38,49,10,55,PM10,SEDANG
201605,2016-08-05,DKI1,66,,28,34,31,3,66,PM10,SEDANG
201605,2016-08-05,DKI2,74,,16,44,84,22,84,O3,SEDANG
201605,2016-08-05,DKI3,70,,22,33,67,3,70,PM10,SEDANG
201605,2016-08-05,DKI4,70,,14,57,64,15,70,PM10,SEDANG
201605,2016-08-05,DKI5,63,,8,67,81,14,81,O3,SEDANG
201606,2016-08-06,DKI1,35,,29,27,22,4,35,PM10,BAIK
201606,2016-08-06,DKI2,54,,21,19,46,14,54,PM10,SEDANG
201606,2016-08-06,DKI3,33,,22,10,114,---,114,O3,TIDAK SEHAT
201606,2016-08-06,DKI4,40,,17,11,60,14,60,O3,SEDANG
201606,2016-08-06,DKI5,37,,8,38,76,10,76,O3,SEDANG
201607,2016-08-07,DKI1,39,,28,17,24,2,39,PM10,BAIK
201607,2016-08-07,DKI2,39,,11,17,52,7,52,O3,SEDANG
201607,2016-08-07,DKI3,---,,---,---,---,---,0,,TIDAK ADA DATA
201607,2016-08-07,DKI4,7,,17,9,59,7,59,O3,SEDANG
201607,2016-08-07,DKI5,35,,9,31,65,13,65,O3,SEDANG
201608,2016-08-08,DKI1,42,,29,27,26,2,42,PM10,BAIK
201609,2016-08-08,DKI2,52,,16,28,91,15,91,O3,SEDANG
201608,2016-08-08,DKI2,36,,14,18,65,11,65,O3,SEDANG
201609,2016-08-08,DKI3,55,,25,15,37,4,55,PM10,SEDANG
201608,2016-08-08,DKI3,46,,23,10,54,---,54,O3,SEDANG
201608,2016-08-08,DKI4,58,,21,7,64,7,64,O3,SEDANG
201609,2016-08-08,DKI4,54,,22,23,72,13,72,O3,SEDANG
201608,2016-08-08,DKI5,54,,9,35,77,7,77,O3,SEDANG
201609,2016-08-08,DKI5,46,,9,36,125,8,125,O3,TIDAK SEHAT
201609,2016-08-09,DKI1,60,,30,26,33,5,60,PM10,SEDANG
201612,2016-08-12,DKI1,58,,32,24,21,3,58,PM10,SEDANG
201608,2016-08-13,DKI1,60,,29,27,19,3,60,PM10,SEDANG
201609,2016-08-13,DKI2,49,,21,17,67,14,67,O3,SEDANG
201608,2016-08-13,DKI2,57,,16,22,66,16,66,O3,SEDANG
201609,2016-08-13,DKI3,62,,27,19,29,5,62,PM10,SEDANG
201608,2016-08-13,DKI3,59,,24,14,103,3,103,O3,TIDAK SEHAT
201608,2016-08-13,DKI4,63,,24,13,49,10,63,PM10,SEDANG
201609,2016-08-13,DKI4,64,,23,14,---,9,64,PM10,SEDANG
201608,2016-08-13,DKI5,58,,9,38,58,7,58,PM10,SEDANG
201609,2016-08-13,DKI5,54,,11,43,85,4,85,O3,SEDANG
201608,2016-08-14,DKI1,51,,29,22,23,4,51,PM10,SEDANG
201609,2016-08-14,DKI2,56,,27,20,60,10,60,O3,SEDANG
201608,2016-08-14,DKI2,42,,15,26,57,15,57,O3,SEDANG
201609,2016-08-14,DKI3,55,,26,14,36,7,55,PM10,SEDANG
201608,2016-08-14,DKI3,50,,23,12,72,2,72,O3,SEDANG
201608,2016-08-14,DKI4,50,,20,14,49,9,50,PM10,BAIK
201609,2016-08-14,DKI4,91,,26,11,71,14,91,PM10,SEDANG
201608,2016-08-14,DKI5,46,,9,38,51,8,51,O3,SEDANG
201609,2016-08-14,DKI5,43,,12,34,79,6,79,O3,SEDANG
201608,2016-08-15,DKI1,50,,28,34,38,4,50,PM10,BAIK
201609,2016-08-15,DKI2,46,,19,21,146,13,146,O3,TIDAK SEHAT
201608,2016-08-15,DKI2,33,,15,23,93,19,93,O3,SEDANG
201609,2016-08-15,DKI3,38,,25,10,23,---,38,PM10,BAIK
201608,2016-08-15,DKI3,31,,24,16,95,4,95,O3,SEDANG
201608,2016-08-15,DKI4,42,,19,16,111,14,111,O3,TIDAK SEHAT
201609,2016-08-15,DKI4,54,,26,16,61,14,61,O3,SEDANG
201608,2016-08-15,DKI5,34,,8,45,121,11,121,O3,TIDAK SEHAT
201609,2016-08-15,DKI5,34,,9,37,131,3,131,O3,TIDAK SEHAT
201608,2016-08-16,DKI1,62,,30,33,30,3,62,PM10,SEDANG
201609,2016-08-16,DKI2,86,,40,34,67,23,86,PM10,SEDANG
201608,2016-08-16,DKI2,56,,19,19,69,12,69,O3,SEDANG
201609,2016-08-16,DKI3,57,,28,18,22,5,57,PM10,SEDANG
201608,2016-08-16,DKI3,72,,27,21,107,7,107,O3,TIDAK SEHAT
201608,2016-08-16,DKI4,67,,24,16,74,8,74,O3,SEDANG
201609,2016-08-16,DKI4,66,,23,19,56,11,66,PM10,SEDANG
201608,2016-08-16,DKI5,58,,13,41,91,9,91,O3,SEDANG
201609,2016-08-16,DKI5,65,,10,84,74,21,84,CO,SEDANG
201608,2016-08-17,DKI1,65,,31,30,24,2,65,PM10,SEDANG
201609,2016-08-17,DKI2,50,,17,23,69,17,69,O3,SEDANG
201608,2016-08-17,DKI2,63,,33,30,36,12,63,PM10,SEDANG
201609,2016-08-17,DKI3,65,,27,12,31,4,65,PM10,SEDANG
201608,2016-08-17,DKI3,86,,25,28,55,7,86,PM10,SEDANG
201608,2016-08-17,DKI4,69,,21,21,52,8,69,PM10,SEDANG
201609,2016-08-17,DKI4,64,,21,18,56,9,64,PM10,SEDANG
201608,2016-08-17,DKI5,68,,11,69,59,8,69,CO,SEDANG
201609,2016-08-17,DKI5,59,,10,44,47,5,59,PM10,SEDANG
201608,2016-08-18,DKI1,52,,29,28,25,3,52,PM10,SEDANG
201609,2016-08-18,DKI2,46,,17,24,96,13,96,O3,SEDANG
201608,2016-08-18,DKI2,37,,21,21,45,12,45,O3,BAIK
201609,2016-08-18,DKI3,58,,28,11,30,---,58,PM10,SEDANG
201608,2016-08-18,DKI3,50,,24,17,73,---,73,O3,SEDANG
201608,2016-08-18,DKI4,55,,21,9,60,10,60,O3,SEDANG
201609,2016-08-18,DKI4,50,,25,13,79,8,79,O3,SEDANG
201608,2016-08-18,DKI5,50,,9,47,77,10,77,O3,SEDANG
201609,2016-08-18,DKI5,33,,10,35,81,3,81,O3,SEDANG
201608,2016-08-19,DKI1,57,,30,27,29,5,57,PM10,SEDANG
201609,2016-08-19,DKI2,62,,33,27,52,13,62,PM10,SEDANG
201608,2016-08-19,DKI2,58,,12,27,---,15,58,PM10,SEDANG
201609,2016-08-19,DKI3,52,,26,14,43,5,52,PM10,SEDANG
201608,2016-08-19,DKI3,71,,25,14,75,2,75,O3,SEDANG
201608,2016-08-19,DKI4,65,,21,22,83,10,83,O3,SEDANG
201609,2016-08-19,DKI4,52,,21,14,45,10,52,PM10,SEDANG
201608,2016-08-19,DKI5,67,,11,46,80,9,80,O3,SEDANG
201609,2016-08-19,DKI5,57,,8,52,64,7,64,O3,SEDANG
201608,2016-08-20,DKI1,42,,29,26,25,4,42,PM10,BAIK
201609,2016-08-20,DKI2,59,,18,36,87,18,87,O3,SEDANG
201608,2016-08-20,DKI2,55,,24,21,60,16,60,O3,SEDANG
201609,2016-08-20,DKI3,54,,25,15,45,4,54,PM10,SEDANG
201608,2016-08-20,DKI3,49,,25,15,115,4,115,O3,TIDAK SEHAT
201608,2016-08-20,DKI4,51,,21,12,71,12,71,O3,SEDANG
201609,2016-08-20,DKI4,59,,21,23,69,12,69,O3,SEDANG
201608,2016-08-20,DKI5,36,,9,45,60,8,60,O3,SEDANG
201609,2016-08-20,DKI5,53,,8,63,64,6,64,O3,SEDANG
201608,2016-08-21,DKI1,53,,30,22,30,3,53,PM10,SEDANG
201609,2016-08-21,DKI2,22,,16,23,67,10,67,O3,SEDANG
201608,2016-08-21,DKI2,57,,18,21,64,12,64,O3,SEDANG
201609,2016-08-21,DKI3,46,,26,11,27,---,46,PM10,BAIK
201608,2016-08-21,DKI3,52,,25,12,88,---,88,O3,SEDANG
201608,2016-08-21,DKI4,69,,23,13,70,9,70,O3,SEDANG
201609,2016-08-21,DKI4,58,,21,11,69,13,69,O3,SEDANG
201608,2016-08-21,DKI5,44,,10,35,73,8,73,O3,SEDANG
201609,2016-08-21,DKI5,25,,8,---,30,2,30,O3,BAIK
201608,2016-08-22,DKI1,51,,31,25,29,4,51,PM10,SEDANG
201609,2016-08-22,DKI2,35,,17,27,56,18,56,O3,SEDANG
201608,2016-08-22,DKI2,51,,26,17,58,11,58,O3,SEDANG
201609,2016-08-22,DKI3,43,,29,21,22,2,43,PM10,BAIK
201608,2016-08-22,DKI3,54,,27,16,76,---,76,O3,SEDANG
201608,2016-08-22,DKI4,59,,22,10,64,8,64,O3,SEDANG
201609,2016-08-22,DKI4,43,,23,21,60,9,60,O3,SEDANG
201608,2016-08-22,DKI5,52,,11,38,83,10,83,O3,SEDANG
201609,2016-08-22,DKI5,31,,12,28,49,3,49,O3,BAIK
201608,2016-08-23,DKI1,45,,30,24,31,4,45,PM10,BAIK
201609,2016-08-23,DKI2,36,,19,21,55,17,55,O3,SEDANG
201608,2016-08-23,DKI2,48,,15,22,176,13,176,O3,TIDAK SEHAT
201609,2016-08-23,DKI3,44,,25,13,23,---,44,PM10,BAIK
201608,2016-08-23,DKI3,65,,27,15,67,6,67,O3,SEDANG
201608,2016-08-23,DKI4,52,,24,8,142,7,142,O3,TIDAK SEHAT
201609,2016-08-23,DKI4,51,,22,16,57,12,57,O3,SEDANG
201608,2016-08-23,DKI5,39,,10,33,74,7,74,O3,SEDANG
201609,2016-08-23,DKI5,35,,10,31,48,1,48,O3,BAIK
201608,2016-08-24,DKI1,40,,29,26,34,3,40,PM10,BAIK
201609,2016-08-24,DKI2,52,,23,31,48,12,52,PM10,SEDANG
201608,2016-08-24,DKI2,36,,14,19,101,9,101,O3,TIDAK SEHAT
201609,2016-08-24,DKI3,56,,25,12,18,---,56,PM10,SEDANG
201608,2016-08-24,DKI3,70,,25,14,93,8,93,O3,SEDANG
201608,2016-08-24,DKI4,57,,24,7,101,15,101,O3,TIDAK SEHAT
201609,2016-08-24,DKI4,54,,23,14,37,8,54,PM10,SEDANG
201608,2016-08-24,DKI5,43,,10,35,91,9,91,O3,SEDANG
201609,2016-08-24,DKI5,50,,11,43,48,3,50,PM10,BAIK
201608,2016-08-25,DKI1,55,,30,27,40,5,55,PM10,SEDANG
201609,2016-08-25,DKI2,55,,30,31,71,12,71,O3,SEDANG
201608,2016-08-25,DKI2,70,,34,26,133,21,133,O3,TIDAK SEHAT
201609,2016-08-25,DKI3,41,,25,20,15,---,41,PM10,BAIK
201608,2016-08-25,DKI3,60,,25,20,96,4,96,O3,SEDANG
201608,2016-08-25,DKI4,80,,26,15,88,12,88,O3,SEDANG
201609,2016-08-25,DKI4,42,,21,25,51,9,51,O3,SEDANG
201608,2016-08-25,DKI5,62,,10,62,95,11,95,O3,SEDANG
201609,2016-08-25,DKI5,45,,9,66,46,3,66,CO,SEDANG
201608,2016-08-26,DKI1,62,,31,28,27,4,62,PM10,SEDANG
201609,2016-08-26,DKI2,42,,21,22,69,9,69,O3,SEDANG
201608,2016-08-26,DKI2,66,,30,30,68,17,68,O3,SEDANG
201609,2016-08-26,DKI3,40,,25,11,15,---,40,PM10,BAIK
201608,2016-08-26,DKI3,67,,26,15,75,6,75,O3,SEDANG
201608,2016-08-26,DKI4,78,,24,17,---,11,78,PM10,SEDANG
201609,2016-08-26,DKI4,33,,21,12,41,7,41,O3,BAIK
201608,2016-08-26,DKI5,58,,12,44,103,15,103,O3,TIDAK SEHAT
201609,2016-08-26,DKI5,29,,9,35,44,2,44,O3,BAIK
201608,2016-08-27,DKI1,60,,31,31,21,4,60,PM10,SEDANG
201609,2016-08-27,DKI2,59,,24,28,95,18,95,O3,SEDANG
201608,2016-08-27,DKI2,70,,29,25,65,12,70,PM10,SEDANG
201609,2016-08-27,DKI3,55,,27,15,25,8,55,PM10,SEDANG
201608,2016-08-27,DKI3,72,,26,22,63,7,72,PM10,SEDANG
201608,2016-08-27,DKI4,79,,23,16,---,10,79,PM10,SEDANG
201609,2016-08-27,DKI4,62,,23,20,62,12,62,PM10,SEDANG
201608,2016-08-27,DKI5,68,,14,58,70,9,70,O3,SEDANG
201609,2016-08-27,DKI5,60,,12,50,90,8,90,O3,SEDANG
201608,2016-08-28,DKI1,58,,29,30,19,3,58,PM10,SEDANG
201609,2016-08-28,DKI2,55,,24,26,55,19,55,PM10,SEDANG
201608,2016-08-28,DKI2,56,,25,28,43,11,56,PM10,SEDANG
201609,2016-08-28,DKI3,61,,27,15,58,---,61,PM10,SEDANG
201608,2016-08-28,DKI3,57,,24,26,78,6,78,O3,SEDANG
201608,2016-08-28,DKI4,60,,20,36,---,8,60,PM10,SEDANG
201609,2016-08-28,DKI4,59,,23,15,62,10,62,O3,SEDANG
201608,2016-08-28,DKI5,54,,9,64,50,7,64,CO,SEDANG
201609,2016-08-28,DKI5,54,,12,40,62,7,62,O3,SEDANG
201608,2016-08-29,DKI1,59,,29,34,20,4,59,PM10,SEDANG
201609,2016-08-29,DKI2,42,,24,19,70,13,70,O3,SEDANG
201608,2016-08-29,DKI2,61,,29,24,56,12,61,PM10,SEDANG
201609,2016-08-29,DKI3,54,,26,13,96,9,96,O3,SEDANG
201608,2016-08-29,DKI3,63,,24,41,---,7,63,PM10,SEDANG
201608,2016-08-29,DKI4,75,,21,26,---,10,75,PM10,SEDANG
201609,2016-08-29,DKI4,40,,22,11,63,7,63,O3,SEDANG
201608,2016-08-29,DKI5,80,,10,76,66,11,80,PM10,SEDANG
201609,2016-08-29,DKI5,25,,9,38,84,4,84,O3,SEDANG
201608,2016-08-30,DKI1,70,,30,34,24,4,70,PM10,SEDANG
201609,2016-08-30,DKI2,54,,27,23,38,14,54,PM10,SEDANG
201608,2016-08-30,DKI2,65,,14,30,65,21,65,PM10,SEDANG
201609,2016-08-30,DKI3,51,,26,19,58,8,58,O3,SEDANG
201608,2016-08-30,DKI3,70,,24,23,111,6,111,O3,TIDAK SEHAT
201608,2016-08-30,DKI4,81,,21,26,---,12,81,PM10,SEDANG
201609,2016-08-30,DKI4,52,,23,14,46,9,52,PM10,SEDANG
201608,2016-08-30,DKI5,72,,10,48,96,8,96,O3,SEDANG
201609,2016-08-30,DKI5,39,,11,45,41,4,45,CO,BAIK
201608,2016-08-31,DKI1,70,,29,39,21,4,70,PM10,SEDANG
201608,2016-08-31,DKI2,73,,14,52,42,26,73,PM10,SEDANG
201608,2016-08-31,DKI3,63,,24,29,71,6,71,O3,SEDANG
201608,2016-08-31,DKI4,78,,21,38,---,17,78,PM10,SEDANG
201608,2016-08-31,DKI5,72,,9,79,57,8,79,CO,SEDANG
201601,2016-09-01,DKI1,51,,32,---,---,2,51,PM10,SEDANG
201601,2016-09-01,DKI2,51,,23,12,68,8,68,O3,SEDANG
201601,2016-09-01,DKI3,---,,17,34,64,8,64,O3,SEDANG
201601,2016-09-01,DKI4,77,,33,8,36,8,77,PM10,SEDANG
201601,2016-09-01,DKI5,54,,10,22,50,9,54,PM10,SEDANG
201602,2016-09-02,DKI1,20,,41,13,53,2,53,O3,SEDANG
201602,2016-09-02,DKI2,22,,2,18,48,7,48,O3,BAIK
201602,2016-09-02,DKI3,13,,13,8,25,---,25,O3,BAIK
201602,2016-09-02,DKI4,19,,8,19,31,4,31,O3,BAIK
201602,2016-09-02,DKI5,---,,---,---,---,---,0,,TIDAK ADA DATA
201603,2016-09-03,DKI1,58,,26,29,53,2,58,PM10,SEDANG
201603,2016-09-03,DKI2,65,,5,31,65,18,65,PM10,SEDANG
201603,2016-09-03,DKI3,58,,15,24,99,4,99,O3,SEDANG
201603,2016-09-03,DKI4,80,,9,20,48,10,80,PM10,SEDANG
201603,2016-09-03,DKI5,54,,11,39,93,11,93,O3,SEDANG
201604,2016-09-04,DKI1,53,,26,24,28,3,53,PM10,SEDANG
201604,2016-09-04,DKI2,46,,7,23,94,22,94,O3,SEDANG
201604,2016-09-04,DKI3,58,,20,22,84,6,84,O3,SEDANG
201604,2016-09-04,DKI4,70,,14,16,52,10,70,PM10,SEDANG
201604,2016-09-04,DKI5,62,,8,39,91,13,91,O3,SEDANG
201605,2016-09-05,DKI1,64,,29,33,27,5,64,PM10,SEDANG
201605,2016-09-05,DKI2,63,,13,30,145,13,145,O3,TIDAK SEHAT
201605,2016-09-05,DKI3,57,,22,19,127,8,127,O3,TIDAK SEHAT
201605,2016-09-05,DKI4,58,,15,29,75,12,75,O3,SEDANG
201605,2016-09-05,DKI5,59,,8,50,75,16,75,O3,SEDANG
201606,2016-09-06,DKI1,52,,28,25,16,3,52,PM10,SEDANG
201606,2016-09-06,DKI2,51,,11,26,59,17,59,O3,SEDANG
201606,2016-09-06,DKI3,50,,22,14,59,3,59,O3,SEDANG
201606,2016-09-06,DKI4,51,,17,14,55,12,55,O3,SEDANG
201606,2016-09-06,DKI5,37,,8,37,42,12,42,O3,BAIK
201607,2016-09-07,DKI1,54,,29,20,34,2,54,PM10,SEDANG
201607,2016-09-07,DKI2,55,,12,21,53,9,55,PM10,SEDANG
201607,2016-09-07,DKI3,55,,22,13,62,---,62,O3,SEDANG
201607,2016-09-07,DKI4,9,,18,15,59,7,59,O3,SEDANG
201607,2016-09-07,DKI5,56,,8,40,73,12,73,O3,SEDANG
201608,2016-09-08,DKI1,57,,28,29,22,2,57,PM10,SEDANG
201609,2016-09-08,DKI2,77,,30,34,82,22,82,O3,SEDANG
201608,2016-09-08,DKI2,56,,26,30,41,16,56,PM10,SEDANG
201609,2016-09-08,DKI3,60,,25,18,38,4,60,PM10,SEDANG
201608,2016-09-08,DKI3,37,,24,16,63,4,63,O3,SEDANG
201608,2016-09-08,DKI4,60,,20,26,44,12,60,PM10,SEDANG
201609,2016-09-08,DKI4,84,,21,33,59,17,84,PM10,SEDANG
201608,2016-09-08,DKI5,52,,9,45,56,11,56,O3,SEDANG
201609,2016-09-08,DKI5,62,,12,45,90,8,90,O3,SEDANG
201609,2016-09-09,DKI1,79,,30,32,30,4,79,PM10,SEDANG
201610,2016-09-10,DKI1,52,,30,28,26,3,52,PM10,SEDANG
201610,2016-09-10,DKI2,52,,22,31,100,13,100,O3,SEDANG
201610,2016-09-10,DKI3,45,,26,15,80,7,80,O3,SEDANG
201610,2016-09-10,DKI4,52,,---,---,---,---,52,PM10,SEDANG
201610,2016-09-10,DKI5,43,,9,41,80,2,80,O3,SEDANG
201612,2016-09-12,DKI1,35,,31,22,15,2,35,PM10,BAIK
201609,2016-09-13,DKI1,59,,31,22,39,3,59,PM10,SEDANG
201609,2016-09-14,DKI1,53,,31,23,26,4,53,PM10,SEDANG
201609,2016-09-15,DKI1,41,,29,23,43,4,43,O3,BAIK
201609,2016-09-16,DKI1,79,,30,41,39,4,79,PM10,SEDANG
201609,2016-09-17,DKI1,59,,30,25,21,2,59,PM10,SEDANG
201609,2016-09-18,DKI1,---,,30,23,33,2,33,O3,BAIK
201609,2016-09-19,DKI1,59,,29,32,---,3,59,PM10,SEDANG
201609,2016-09-20,DKI1,66,,29,43,20,4,66,PM10,SEDANG
201609,2016-09-21,DKI1,33,,29,22,19,2,33,PM10,BAIK
201609,2016-09-22,DKI1,48,,29,25,19,2,48,PM10,BAIK
201609,2016-09-23,DKI1,45,,30,23,18,3,45,PM10,BAIK
201609,2016-09-24,DKI1,52,,30,31,19,2,52,PM10,SEDANG
201609,2016-09-25,DKI1,55,,30,36,19,2,55,PM10,SEDANG
201609,2016-09-26,DKI1,31,,29,19,19,2,31,PM10,BAIK
201609,2016-09-27,DKI1,62,,30,30,24,4,62,PM10,SEDANG
201609,2016-09-28,DKI1,58,,31,29,19,4,58,PM10,SEDANG
201609,2016-09-29,DKI1,24,,30,24,23,6,30,SO2,BAIK
201609,2016-09-30,DKI1,52,,30,25,18,3,52,PM10,SEDANG
201601,2016-10-01,DKI1,59,,39,---,43,3,59,PM10,SEDANG
201601,2016-10-01,DKI2,57,,32,16,86,15,86,O3,SEDANG
201601,2016-10-01,DKI3,---,,17,38,74,7,74,O3,SEDANG
201601,2016-10-01,DKI4,83,,33,7,61,11,83,PM10,SEDANG
201601,2016-10-01,DKI5,61,,10,23,65,11,65,O3,SEDANG
201602,2016-10-02,DKI1,39,,43,18,40,2,43,SO2,BAIK
201602,2016-10-02,DKI2,29,,2,30,38,10,38,O3,BAIK
201602,2016-10-02,DKI3,19,,13,14,31,---,31,O3,BAIK
201602,2016-10-02,DKI4,38,,8,10,42,7,42,O3,BAIK
201602,2016-10-02,DKI5,17,,11,---,44,5,44,O3,BAIK
201603,2016-10-03,DKI1,52,,26,32,81,4,81,O3,SEDANG
201603,2016-10-03,DKI2,58,,4,25,101,25,101,O3,TIDAK SEHAT
201603,2016-10-03,DKI3,54,,15,22,133,3,133,O3,TIDAK SEHAT
201603,2016-10-03,DKI4,71,,9,19,79,12,79,O3,SEDANG
201603,2016-10-03,DKI5,52,,11,39,111,10,111,O3,TIDAK SEHAT
201604,2016-10-04,DKI1,52,,26,25,23,2,52,PM10,SEDANG
201604,2016-10-04,DKI2,57,,20,25,66,16,66,O3,SEDANG
201604,2016-10-04,DKI3,57,,21,17,76,5,76,O3,SEDANG
201604,2016-10-04,DKI4,61,,15,12,39,10,61,PM10,SEDANG
201604,2016-10-04,DKI5,52,,9,45,63,12,63,O3,SEDANG
201605,2016-10-05,DKI1,58,,29,30,22,4,58,PM10,SEDANG
201605,2016-10-05,DKI2,76,,27,31,54,19,76,PM10,SEDANG
201605,2016-10-05,DKI3,67,,23,23,86,8,86,O3,SEDANG
201605,2016-10-05,DKI4,59,,15,27,59,8,59,PM10,SEDANG
201605,2016-10-05,DKI5,58,,10,46,70,14,70,O3,SEDANG
201606,2016-10-06,DKI1,71,,27,45,14,5,71,PM10,SEDANG
201606,2016-10-06,DKI2,72,,18,27,45,20,72,PM10,SEDANG
201606,2016-10-06,DKI3,67,,21,25,65,5,67,PM10,SEDANG
201606,2016-10-06,DKI4,65,,18,25,48,15,65,PM10,SEDANG
201606,2016-10-06,DKI5,63,,10,73,45,26,73,CO,SEDANG
201607,2016-10-07,DKI1,59,,29,20,27,2,59,PM10,SEDANG
201607,2016-10-07,DKI2,56,,14,20,57,10,57,O3,SEDANG
201607,2016-10-07,DKI3,62,,22,16,65,2,65,O3,SEDANG
201607,2016-10-07,DKI4,9,,19,15,46,7,46,O3,BAIK
201607,2016-10-07,DKI5,61,,9,42,68,12,68,O3,SEDANG
201608,2016-10-08,DKI1,60,,29,32,28,3,60,PM10,SEDANG
201609,2016-10-08,DKI2,66,,31,30,55,12,66,PM10,SEDANG
201608,2016-10-08,DKI2,50,,19,29,46,16,50,PM10,BAIK
201609,2016-10-08,DKI3,68,,26,30,23,8,68,PM10,SEDANG
201608,2016-10-08,DKI3,50,,24,17,72,6,72,O3,SEDANG
201608,2016-10-08,DKI4,57,,21,18,80,9,80,O3,SEDANG
201609,2016-10-08,DKI4,94,,23,32,59,9,94,PM10,SEDANG
201608,2016-10-08,DKI5,54,,9,45,102,13,102,O3,TIDAK SEHAT
201609,2016-10-08,DKI5,67,,11,52,73,5,73,O3,SEDANG
201609,2016-10-09,DKI1,69,,31,33,28,3,69,PM10,SEDANG
201610,2016-10-10,DKI1,49,,30,25,21,3,49,PM10,BAIK
201610,2016-10-10,DKI1,54,,30,31,20,4,54,PM10,SEDANG
201610,2016-10-10,DKI2,47,,18,26,82,18,82,O3,SEDANG
201610,2016-10-10,DKI2,62,,34,32,100,22,100,O3,SEDANG
201610,2016-10-10,DKI3,55,,25,12,63,6,63,O3,SEDANG
201610,2016-10-10,DKI3,46,,26,16,79,12,79,O3,SEDANG
201610,2016-10-10,DKI4,57,,23,15,70,11,70,O3,SEDANG
201610,2016-10-10,DKI4,44,,---,---,---,---,44,PM10,BAIK
201610,2016-10-10,DKI5,43,,10,35,69,2,69,O3,SEDANG
201610,2016-10-10,DKI5,51,,10,46,82,6,82,O3,SEDANG
201611,2016-10-11,DKI1,59,,33,24,31,4,59,PM10,SEDANG
201611,2016-10-11,DKI2,56,,28,22,116,17,116,O3,TIDAK SEHAT
201611,2016-10-11,DKI3,---,,---,---,---,---,0,,TIDAK ADA DATA
201611,2016-10-11,DKI4,50,,27,11,80,9,80,O3,SEDANG
201611,2016-10-11,DKI5,47,,13,36,70,4,70,O3,SEDANG
201612,2016-10-12,DKI1,27,,31,18,12,2,31,SO2,BAIK
201610,2016-10-13,DKI1,67,,30,34,21,3,67,PM10,SEDANG
201610,2016-10-13,DKI2,61,,26,35,28,12,61,PM10,SEDANG
201610,2016-10-13,DKI3,70,,28,22,69,10,70,PM10,SEDANG
201610,2016-10-13,DKI4,74,,24,23,63,8,74,PM10,SEDANG
201610,2016-10-13,DKI5,60,,13,45,63,5,63,O3,SEDANG
201610,2016-10-14,DKI1,56,,30,39,14,3,56,PM10,SEDANG
201610,2016-10-14,DKI2,44,,---,---,---,---,44,PM10,BAIK
201610,2016-10-14,DKI3,55,,26,44,26,9,55,PM10,SEDANG
201610,2016-10-14,DKI4,67,,24,74,20,12,74,CO,SEDANG
201610,2016-10-14,DKI5,57,,9,83,28,4,83,CO,SEDANG
201610,2016-10-15,DKI1,35,,30,20,28,3,35,PM10,BAIK
201610,2016-10-15,DKI2,50,,---,---,---,---,50,PM10,BAIK
201610,2016-10-15,DKI3,36,,28,13,62,9,62,O3,SEDANG
201610,2016-10-15,DKI4,53,,23,16,50,10,53,PM10,SEDANG
201610,2016-10-15,DKI5,39,,10,32,54,3,54,O3,SEDANG
201610,2016-10-16,DKI1,52,,30,28,21,3,52,PM10,SEDANG
201610,2016-10-16,DKI2,50,,30,26,51,12,51,O3,SEDANG
201610,2016-10-16,DKI3,52,,27,14,60,9,60,O3,SEDANG
201610,2016-10-16,DKI4,53,,23,18,43,8,53,PM10,SEDANG
201610,2016-10-16,DKI5,54,,10,44,51,3,54,PM10,SEDANG
201610,2016-10-17,DKI1,51,,31,21,44,4,51,PM10,SEDANG
201610,2016-10-17,DKI2,61,,38,23,94,---,94,O3,SEDANG
201610,2016-10-17,DKI3,54,,27,13,122,6,122,O3,TIDAK SEHAT
201610,2016-10-17,DKI4,63,,24,13,82,8,82,O3,SEDANG
201610,2016-10-17,DKI5,54,,11,42,115,4,115,O3,TIDAK SEHAT
201610,2016-10-18,DKI1,54,,31,24,34,5,54,PM10,SEDANG
201610,2016-10-18,DKI2,57,,22,20,84,11,84,O3,SEDANG
201610,2016-10-18,DKI3,63,,29,11,96,8,96,O3,SEDANG
201610,2016-10-18,DKI4,66,,24,15,77,20,77,O3,SEDANG
201610,2016-10-18,DKI5,58,,12,37,115,7,115,O3,TIDAK SEHAT
201610,2016-10-19,DKI1,49,,31,23,25,4,49,PM10,BAIK
201610,2016-10-19,DKI2,58,,27,18,62,11,62,O3,SEDANG
201610,2016-10-19,DKI3,54,,27,9,80,7,80,O3,SEDANG
201610,2016-10-19,DKI4,56,,23,11,59,9,59,O3,SEDANG
201610,2016-10-19,DKI5,54,,11,35,78,3,78,O3,SEDANG
201610,2016-10-20,DKI1,58,,31,24,29,4,58,PM10,SEDANG
201610,2016-10-20,DKI2,59,,21,24,82,25,82,O3,SEDANG
201610,2016-10-20,DKI3,58,,28,10,92,10,92,O3,SEDANG
201610,2016-10-20,DKI4,82,,26,15,88,13,88,O3,SEDANG
201610,2016-10-20,DKI5,64,,10,42,95,5,95,O3,SEDANG
201610,2016-10-21,DKI1,65,,31,28,35,5,65,PM10,SEDANG
201610,2016-10-21,DKI2,65,,25,28,105,17,105,O3,TIDAK SEHAT
201610,2016-10-21,DKI3,65,,---,---,---,---,65,PM10,SEDANG
201610,2016-10-21,DKI4,81,,24,18,71,13,81,PM10,SEDANG
201610,2016-10-21,DKI5,70,,10,42,83,4,83,O3,SEDANG
201610,2016-10-22,DKI1,87,,30,39,25,5,87,PM10,SEDANG
201610,2016-10-22,DKI2,79,,24,50,63,26,79,PM10,SEDANG
201610,2016-10-22,DKI3,63,,27,16,72,12,72,O3,SEDANG
201610,2016-10-22,DKI4,85,,24,27,51,13,85,PM10,SEDANG
201610,2016-10-22,DKI5,74,,10,53,72,5,74,PM10,SEDANG
201610,2016-10-23,DKI1,34,,30,22,17,2,34,PM10,BAIK
201610,2016-10-23,DKI2,29,,23,17,46,8,46,O3,BAIK
201610,2016-10-23,DKI3,36,,25,8,57,6,57,O3,SEDANG
201610,2016-10-23,DKI4,34,,22,9,27,6,34,PM10,BAIK
201610,2016-10-23,DKI5,31,,8,33,36,4,36,O3,BAIK
201610,2016-10-24,DKI1,54,,31,34,35,4,54,PM10,SEDANG
201610,2016-10-24,DKI2,55,,31,37,102,15,102,O3,TIDAK SEHAT
201610,2016-10-24,DKI3,39,,27,20,70,9,70,O3,SEDANG
201610,2016-10-24,DKI4,52,,25,26,76,8,76,O3,SEDANG
201610,2016-10-24,DKI5,42,,9,50,145,5,145,O3,TIDAK SEHAT
201610,2016-10-25,DKI1,61,,30,41,20,5,61,PM10,SEDANG
201610,2016-10-25,DKI2,64,,51,34,60,23,64,PM10,SEDANG
201610,2016-10-25,DKI3,56,,26,26,100,11,100,O3,SEDANG
201610,2016-10-25,DKI4,59,,23,23,64,12,64,O3,SEDANG
201610,2016-10-25,DKI5,55,,10,69,56,7,69,CO,SEDANG
201610,2016-10-26,DKI1,49,,30,27,13,2,49,PM10,BAIK
201610,2016-10-26,DKI2,44,,22,18,50,10,50,O3,BAIK
201610,2016-10-26,DKI3,51,,28,12,133,10,133,O3,TIDAK SEHAT
201610,2016-10-26,DKI4,50,,25,13,52,11,52,O3,SEDANG
201610,2016-10-26,DKI5,31,,10,39,68,5,68,O3,SEDANG
201610,2016-10-27,DKI1,55,,31,26,20,3,55,PM10,SEDANG
201610,2016-10-27,DKI2,53,,28,17,61,14,61,O3,SEDANG
201610,2016-10-27,DKI3,56,,28,13,133,8,133,O3,TIDAK SEHAT
201610,2016-10-27,DKI4,59,,26,13,68,14,68,O3,SEDANG
201610,2016-10-27,DKI5,44,,11,42,78,5,78,O3,SEDANG
201610,2016-10-28,DKI1,59,,31,28,19,4,59,PM10,SEDANG
201610,2016-10-28,DKI2,53,,22,29,120,13,120,O3,TIDAK SEHAT
201610,2016-10-28,DKI3,51,,26,21,72,8,72,O3,SEDANG
201610,2016-10-28,DKI4,55,,24,27,80,12,80,O3,SEDANG
201610,2016-10-28,DKI5,48,,10,38,66,3,66,O3,SEDANG
201610,2016-10-29,DKI1,55,,30,33,18,3,55,PM10,SEDANG
201610,2016-10-29,DKI2,53,,35,36,85,20,85,O3,SEDANG
201610,2016-10-29,DKI3,51,,27,25,55,13,55,O3,SEDANG
201610,2016-10-29,DKI4,54,,23,34,47,8,54,PM10,SEDANG
201610,2016-10-29,DKI5,53,,10,63,32,4,63,CO,SEDANG
201610,2016-10-30,DKI1,53,,31,28,31,3,53,PM10,SEDANG
201610,2016-10-30,DKI2,52,,34,34,101,10,101,O3,TIDAK SEHAT
201610,2016-10-30,DKI3,42,,27,19,98,7,98,O3,SEDANG
201610,2016-10-30,DKI4,48,,23,23,64,6,64,O3,SEDANG
201610,2016-10-30,DKI5,46,,10,42,84,3,84,O3,SEDANG
201610,2016-10-31,DKI1,44,,31,23,32,4,44,PM10,BAIK
201610,2016-10-31,DKI2,39,,22,22,119,17,119,O3,TIDAK SEHAT
201610,2016-10-31,DKI3,46,,27,15,76,9,76,O3,SEDANG
201610,2016-10-31,DKI4,50,,27,19,89,16,89,O3,SEDANG
201610,2016-10-31,DKI5,44,,9,31,68,2,68,O3,SEDANG
201601,2016-11-01,DKI1,66,,38,---,29,3,66,PM10,SEDANG
201601,2016-11-01,DKI2,59,,24,26,93,14,93,O3,SEDANG
201601,2016-11-01,DKI3,---,,17,36,65,5,65,O3,SEDANG
201601,2016-11-01,DKI4,82,,35,13,65,12,82,PM10,SEDANG
201601,2016-11-01,DKI5,66,,10,35,46,11,66,PM10,SEDANG
201602,2016-11-02,DKI1,43,,43,21,55,3,55,O3,SEDANG
201602,2016-11-02,DKI2,44,,3,32,48,11,48,O3,BAIK
201602,2016-11-02,DKI3,29,,13,36,32,---,36,CO,BAIK
201602,2016-11-02,DKI4,53,,8,14,38,7,53,PM10,SEDANG
201602,2016-11-02,DKI5,39,,6,51,65,5,65,O3,SEDANG
201603,2016-11-03,DKI1,48,,26,31,71,4,71,O3,SEDANG
201603,2016-11-03,DKI2,56,,5,33,89,20,89,O3,SEDANG
201603,2016-11-03,DKI3,57,,15,20,76,6,76,O3,SEDANG
201603,2016-11-03,DKI4,65,,9,18,47,17,65,PM10,SEDANG
201603,2016-11-03,DKI5,55,,10,31,98,12,98,O3,SEDANG
201604,2016-11-04,DKI1,58,,27,28,19,3,58,PM10,SEDANG
201604,2016-11-04,DKI2,70,,16,24,77,12,77,O3,SEDANG
201604,2016-11-04,DKI3,70,,21,25,139,7,139,O3,TIDAK SEHAT
201604,2016-11-04,DKI4,80,,14,14,53,9,80,PM10,SEDANG
201604,2016-11-04,DKI5,61,,9,44,73,13,73,O3,SEDANG
201605,2016-11-05,DKI1,56,,30,27,14,2,56,PM10,SEDANG
201605,2016-11-05,DKI2,71,,13,26,41,10,71,PM10,SEDANG
201605,2016-11-05,DKI3,56,,23,19,84,5,84,O3,SEDANG
201605,2016-11-05,DKI4,67,,17,17,61,6,67,PM10,SEDANG
201605,2016-11-05,DKI5,58,,11,39,---,10,58,PM10,SEDANG
201606,2016-11-06,DKI1,59,,28,32,17,2,59,PM10,SEDANG
201606,2016-11-06,DKI2,38,,12,33,47,13,47,O3,BAIK
201606,2016-11-06,DKI3,54,,21,16,68,2,68,O3,SEDANG
201606,2016-11-06,DKI4,56,,17,25,53,9,56,PM10,SEDANG
201606,2016-11-06,DKI5,53,,9,49,60,9,60,O3,SEDANG
201607,2016-11-07,DKI1,59,,29,26,26,2,59,PM10,SEDANG
201607,2016-11-07,DKI2,58,,13,34,36,14,58,PM10,SEDANG
201607,2016-11-07,DKI3,73,,22,25,54,---,73,PM10,SEDANG
201607,2016-11-07,DKI4,7,,19,37,33,9,37,CO,BAIK
201607,2016-11-07,DKI5,64,,9,45,52,11,64,PM10,SEDANG
201608,2016-11-08,DKI1,59,,28,29,24,3,59,PM10,SEDANG
201609,2016-11-08,DKI2,54,,25,22,71,11,71,O3,SEDANG
201608,2016-11-08,DKI2,51,,14,22,52,18,52,O3,SEDANG
201609,2016-11-08,DKI3,55,,26,14,24,2,55,PM10,SEDANG
201608,2016-11-08,DKI3,57,,25,17,88,6,88,O3,SEDANG
201608,2016-11-08,DKI4,63,,21,10,70,9,70,O3,SEDANG
201609,2016-11-08,DKI4,61,,25,12,55,11,61,PM10,SEDANG
201608,2016-11-08,DKI5,62,,9,41,68,13,68,O3,SEDANG
201609,2016-11-08,DKI5,55,,11,41,74,6,74,O3,SEDANG
201609,2016-11-09,DKI1,57,,30,24,35,2,57,PM10,SEDANG
201610,2016-11-10,DKI1,63,,30,34,20,4,63,PM10,SEDANG
201610,2016-11-10,DKI2,62,,30,34,66,24,66,O3,SEDANG
201610,2016-11-10,DKI3,47,,26,21,65,12,65,O3,SEDANG
201610,2016-11-10,DKI4,59,,---,---,---,---,59,PM10,SEDANG
201610,2016-11-10,DKI5,58,,10,56,72,9,72,O3,SEDANG
201611,2016-11-11,DKI1,65,,31,27,27,4,65,PM10,SEDANG
201611,2016-11-11,DKI1,55,,31,26,58,4,58,O3,SEDANG
201611,2016-11-11,DKI1,62,,31,31,47,5,62,PM10,SEDANG
201611,2016-11-11,DKI2,65,,23,25,75,25,75,O3,SEDANG
201611,2016-11-11,DKI2,58,,25,22,143,14,143,O3,TIDAK SEHAT
201611,2016-11-11,DKI2,70,,34,28,123,25,123,O3,TIDAK SEHAT
201611,2016-11-11,DKI3,57,,27,11,73,6,73,O3,SEDANG
201611,2016-11-11,DKI3,49,,27,12,72,11,72,O3,SEDANG
201611,2016-11-11,DKI3,49,,29,14,73,9,73,O3,SEDANG
201611,2016-11-11,DKI4,66,,23,17,62,11,66,PM10,SEDANG
201611,2016-11-11,DKI4,57,,27,12,72,12,72,O3,SEDANG
201611,2016-11-11,DKI4,62,,23,10,103,12,103,O3,TIDAK SEHAT
201611,2016-11-11,DKI5,61,,10,41,61,4,61,PM10,SEDANG
201611,2016-11-11,DKI5,46,,11,44,109,4,109,O3,TIDAK SEHAT
201611,2016-11-11,DKI5,49,,11,47,102,5,102,O3,TIDAK SEHAT
201612,2016-11-12,DKI1,33,,31,17,17,1,33,PM10,BAIK
201611,2016-11-13,DKI1,44,,30,23,27,2,44,PM10,BAIK
201611,2016-11-13,DKI2,35,,21,30,65,20,65,O3,SEDANG
201611,2016-11-13,DKI3,38,,27,11,63,6,63,O3,SEDANG
201611,2016-11-13,DKI4,38,,23,17,56,11,56,O3,SEDANG
201611,2016-11-13,DKI5,39,,9,36,49,4,49,O3,BAIK
201611,2016-11-14,DKI1,55,,31,27,31,3,55,PM10,SEDANG
201611,2016-11-14,DKI2,51,,30,29,105,14,105,O3,TIDAK SEHAT
201611,2016-11-14,DKI3,39,,28,10,120,8,120,O3,TIDAK SEHAT
201611,2016-11-14,DKI4,50,,23,17,118,9,118,O3,TIDAK SEHAT
201611,2016-11-14,DKI5,28,,10,51,74,4,74,O3,SEDANG
201611,2016-11-15,DKI1,41,,31,30,21,5,41,PM10,BAIK
201611,2016-11-15,DKI2,40,,21,28,77,11,77,O3,SEDANG
201611,2016-11-15,DKI3,51,,27,18,58,6,58,O3,SEDANG
201611,2016-11-15,DKI4,51,,23,21,58,8,58,O3,SEDANG
201611,2016-11-15,DKI5,36,,9,48,58,3,58,O3,SEDANG
201611,2016-11-16,DKI1,54,,31,32,26,3,54,PM10,SEDANG
201611,2016-11-16,DKI2,46,,24,28,116,19,116,O3,TIDAK SEHAT
201611,2016-11-16,DKI3,42,,28,20,139,8,139,O3,TIDAK SEHAT
201611,2016-11-16,DKI4,55,,23,30,104,9,104,O3,TIDAK SEHAT
201611,2016-11-16,DKI5,28,,10,52,55,3,55,O3,SEDANG
201611,2016-11-17,DKI1,56,,32,26,27,4,56,PM10,SEDANG
201611,2016-11-17,DKI2,61,,30,24,70,18,70,O3,SEDANG
201611,2016-11-17,DKI3,47,,29,11,106,10,106,O3,TIDAK SEHAT
201611,2016-11-17,DKI4,59,,23,11,100,10,100,O3,SEDANG
201611,2016-11-17,DKI5,49,,11,39,78,7,78,O3,SEDANG
201611,2016-11-18,DKI1,59,,32,29,22,3,59,PM10,SEDANG
201611,2016-11-18,DKI2,62,,39,33,72,15,72,O3,SEDANG
201611,2016-11-18,DKI3,59,,28,15,65,10,65,O3,SEDANG
201611,2016-11-18,DKI4,74,,24,23,48,15,74,PM10,SEDANG
201611,2016-11-18,DKI5,47,,11,43,73,8,73,O3,SEDANG
201611,2016-11-19,DKI1,59,,32,30,36,5,59,PM10,SEDANG
201611,2016-11-19,DKI2,54,,24,35,80,18,80,O3,SEDANG
201611,2016-11-19,DKI3,---,,---,---,---,---,0,,TIDAK ADA DATA
201611,2016-11-19,DKI4,58,,24,31,55,13,58,PM10,SEDANG
201611,2016-11-19,DKI5,12,,10,56,81,5,81,O3,SEDANG
201611,2016-11-20,DKI1,53,,32,29,24,3,53,PM10,SEDANG
201611,2016-11-20,DKI2,53,,25,37,58,14,58,O3,SEDANG
201611,2016-11-20,DKI3,---,,---,---,---,---,0,,TIDAK ADA DATA
201611,2016-11-20,DKI4,60,,23,25,43,10,60,PM10,SEDANG
201611,2016-11-20,DKI5,11,,9,40,63,4,63,O3,SEDANG
201611,2016-11-21,DKI1,53,,31,28,25,4,53,PM10,SEDANG
201611,2016-11-21,DKI2,50,,29,25,65,15,65,O3,SEDANG
201611,2016-11-21,DKI3,---,,---,---,---,---,0,,TIDAK ADA DATA
201611,2016-11-21,DKI4,61,,24,17,37,13,61,PM10,SEDANG
201611,2016-11-21,DKI5,27,,8,40,53,5,53,O3,SEDANG
201611,2016-11-22,DKI1,61,,32,28,58,6,61,PM10,SEDANG
201611,2016-11-22,DKI2,66,,29,31,119,29,119,O3,TIDAK SEHAT
201611,2016-11-22,DKI3,54,,29,14,105,6,105,O3,TIDAK SEHAT
201611,2016-11-22,DKI4,65,,---,20,---,---,65,PM10,SEDANG
201611,2016-11-22,DKI5,26,,10,42,121,4,121,O3,TIDAK SEHAT
201611,2016-11-23,DKI1,57,,31,27,60,5,60,O3,SEDANG
201611,2016-11-23,DKI2,63,,26,32,148,21,148,O3,TIDAK SEHAT
201611,2016-11-23,DKI3,54,,29,11,83,9,83,O3,SEDANG
201611,2016-11-23,DKI4,66,,---,---,---,---,66,PM10,SEDANG
201611,2016-11-23,DKI5,29,,10,31,117,4,117,O3,TIDAK SEHAT
201611,2016-11-24,DKI1,63,,32,32,21,4,63,PM10,SEDANG
201611,2016-11-24,DKI2,65,,29,33,82,17,82,O3,SEDANG
201611,2016-11-24,DKI3,59,,28,18,73,13,73,O3,SEDANG
201611,2016-11-24,DKI4,64,,---,---,---,---,64,PM10,SEDANG
201611,2016-11-24,DKI5,51,,11,59,65,4,65,O3,SEDANG
201611,2016-11-25,DKI1,29,,32,21,10,2,32,SO2,BAIK
201611,2016-11-25,DKI2,28,,22,20,41,7,41,O3,BAIK
201611,2016-11-25,DKI3,51,,28,11,34,5,51,PM10,SEDANG
201611,2016-11-25,DKI4,49,,24,11,26,8,49,PM10,BAIK
201611,2016-11-25,DKI5,---,,9,31,32,1,32,O3,BAIK
201611,2016-11-26,DKI1,67,,34,26,23,4,67,PM10,SEDANG
201611,2016-11-26,DKI2,61,,26,27,73,11,73,O3,SEDANG
201611,2016-11-26,DKI3,63,,34,15,86,10,86,O3,SEDANG
201611,2016-11-26,DKI4,75,,25,19,66,12,75,PM10,SEDANG
201611,2016-11-26,DKI5,---,,18,39,78,7,78,O3,SEDANG
201611,2016-11-27,DKI1,77,,32,39,29,4,77,PM10,SEDANG
201611,2016-11-27,DKI2,84,,42,42,60,18,84,PM10,SEDANG
201611,2016-11-27,DKI3,73,,29,21,87,12,87,O3,SEDANG
201611,2016-11-27,DKI4,93,,24,41,50,9,93,PM10,SEDANG
201611,2016-11-27,DKI5,32,,11,78,78,6,78,CO,SEDANG
201611,2016-11-28,DKI1,65,,31,31,22,4,65,PM10,SEDANG
201611,2016-11-28,DKI2,70,,37,33,58,18,70,PM10,SEDANG
201611,2016-11-28,DKI3,64,,28,26,42,13,64,PM10,SEDANG
201611,2016-11-28,DKI4,82,,24,26,45,14,82,PM10,SEDANG
201611,2016-11-28,DKI5,39,,10,61,46,5,61,CO,SEDANG
201611,2016-11-29,DKI1,37,,31,27,26,4,37,PM10,BAIK
201611,2016-11-29,DKI2,28,,30,19,62,12,62,O3,SEDANG
201611,2016-11-29,DKI3,33,,28,11,54,6,54,O3,SEDANG
201611,2016-11-29,DKI4,42,,24,17,70,10,70,O3,SEDANG
201611,2016-11-29,DKI5,16,,12,32,65,3,65,O3,SEDANG
201611,2016-11-30,DKI1,62,,32,26,14,3,62,PM10,SEDANG
201611,2016-11-30,DKI2,50,,27,22,50,20,50,PM10,BAIK
201611,2016-11-30,DKI3,66,,33,13,60,9,66,PM10,SEDANG
201611,2016-11-30,DKI4,58,,25,21,59,10,59,O3,SEDANG
201611,2016-11-30,DKI5,26,,21,35,54,4,54,O3,SEDANG
201601,2016-12-01,DKI1,60,,37,---,31,4,60,PM10,SEDANG
201601,2016-12-01,DKI2,59,,28,15,60,13,60,O3,SEDANG
201612,2016-12-01,DKI2,52,,25,35,38,16,52,PM10,SEDANG
201601,2016-12-01,DKI3,---,,16,38,---,7,38,CO,BAIK
201612,2016-12-01,DKI3,57,,30,11,64,6,64,O3,SEDANG
201601,2016-12-01,DKI4,72,,35,11,40,12,72,PM10,SEDANG
201612,2016-12-01,DKI4,65,,25,23,28,14,65,PM10,SEDANG
201601,2016-12-01,DKI5,59,,11,33,29,20,59,PM10,SEDANG
201612,2016-12-01,DKI5,---,,12,36,40,---,40,O3,BAIK
201602,2016-12-02,DKI1,46,,43,27,31,3,46,PM10,BAIK
201602,2016-12-02,DKI2,41,,3,24,35,15,41,PM10,BAIK
201612,2016-12-02,DKI2,23,,22,17,43,5,43,O3,BAIK
201602,2016-12-02,DKI3,41,,13,27,47,4,47,O3,BAIK
201612,2016-12-02,DKI3,38,,28,8,35,4,38,PM10,BAIK
201602,2016-12-02,DKI4,43,,8,10,39,12,43,PM10,BAIK
201612,2016-12-02,DKI4,43,,25,13,25,5,43,PM10,BAIK
201602,2016-12-02,DKI5,28,,7,40,52,11,52,O3,SEDANG
201612,2016-12-02,DKI5,---,,9,25,17,---,25,CO,BAIK
201603,2016-12-03,DKI1,48,,26,33,45,3,48,PM10,BAIK
201603,2016-12-03,DKI2,59,,11,33,109,24,109,O3,TIDAK SEHAT
201612,2016-12-03,DKI2,22,,22,21,34,8,34,O3,BAIK
201603,2016-12-03,DKI3,55,,15,27,51,1,55,PM10,SEDANG
201612,2016-12-03,DKI3,22,,28,8,31,4,31,O3,BAIK
201603,2016-12-03,DKI4,60,,11,16,51,13,60,PM10,SEDANG
201612,2016-12-03,DKI4,25,,24,15,22,6,25,PM10,BAIK
201603,2016-12-03,DKI5,61,,11,36,74,12,74,O3,SEDANG
201612,2016-12-03,DKI5,---,,9,29,15,---,29,CO,BAIK
201604,2016-12-04,DKI1,63,,27,32,14,2,63,PM10,SEDANG
201604,2016-12-04,DKI2,63,,15,29,36,15,63,PM10,SEDANG
201612,2016-12-04,DKI2,30,,22,19,35,5,35,O3,BAIK
201604,2016-12-04,DKI3,71,,21,28,85,8,85,O3,SEDANG
201612,2016-12-04,DKI3,32,,28,7,28,3,32,PM10,BAIK
201604,2016-12-04,DKI4,99,,19,12,22,16,99,PM10,SEDANG
201612,2016-12-04,DKI4,35,,24,13,15,5,35,PM10,BAIK
201604,2016-12-04,DKI5,69,,9,59,71,16,71,O3,SEDANG
201612,2016-12-04,DKI5,---,,9,28,14,---,28,CO,BAIK
201605,2016-12-05,DKI1,60,,30,29,25,5,60,PM10,SEDANG
201605,2016-12-05,DKI2,71,,16,26,87,11,87,O3,SEDANG
201612,2016-12-05,DKI2,16,,22,19,36,6,36,O3,BAIK
201605,2016-12-05,DKI3,---,,23,22,66,4,66,O3,SEDANG
201612,2016-12-05,DKI3,12,,28,6,29,3,29,O3,BAIK
201605,2016-12-05,DKI4,88,,18,27,73,14,88,PM10,SEDANG
201612,2016-12-05,DKI4,21,,24,7,19,4,24,SO2,BAIK
201605,2016-12-05,DKI5,52,,9,57,74,11,74,O3,SEDANG
201612,2016-12-05,DKI5,---,,9,26,16,---,26,CO,BAIK
201606,2016-12-06,DKI1,67,,28,30,36,3,67,PM10,SEDANG
201606,2016-12-06,DKI2,63,,13,35,89,14,89,O3,SEDANG
201612,2016-12-06,DKI2,25,,23,19,33,7,33,O3,BAIK
201606,2016-12-06,DKI3,---,,22,22,94,3,94,O3,SEDANG
201612,2016-12-06,DKI3,27,,29,8,42,4,42,O3,BAIK
201606,2016-12-06,DKI4,73,,19,33,73,11,73,PM10,SEDANG
201612,2016-12-06,DKI4,29,,24,9,23,5,29,PM10,BAIK
201606,2016-12-06,DKI5,61,,9,58,114,13,114,O3,TIDAK SEHAT
201612,2016-12-06,DKI5,---,,10,28,34,---,34,O3,BAIK
201607,2016-12-07,DKI1,35,,28,23,28,2,35,PM10,BAIK
201607,2016-12-07,DKI2,32,,11,19,76,9,76,O3,SEDANG
201612,2016-12-07,DKI2,32,,24,19,56,7,56,O3,SEDANG
201607,2016-12-07,DKI3,35,,22,10,50,---,50,O3,BAIK
201612,2016-12-07,DKI3,54,,29,9,45,4,54,PM10,SEDANG
201607,2016-12-07,DKI4,17,,17,14,53,7,53,O3,SEDANG
201612,2016-12-07,DKI4,38,,24,11,38,7,38,PM10,BAIK
201607,2016-12-07,DKI5,42,,8,34,70,6,70,O3,SEDANG
201612,2016-12-07,DKI5,---,,11,28,42,1,42,O3,BAIK
201608,2016-12-08,DKI1,61,,29,29,29,4,61,PM10,SEDANG
201609,2016-12-08,DKI2,49,,17,22,85,14,85,O3,SEDANG
201608,2016-12-08,DKI2,54,,24,23,82,18,82,O3,SEDANG
201609,2016-12-08,DKI3,53,,25,11,25,---,53,PM10,SEDANG
201608,2016-12-08,DKI3,59,,25,16,119,4,119,O3,TIDAK SEHAT
201608,2016-12-08,DKI4,64,,21,12,65,12,65,O3,SEDANG
201609,2016-12-08,DKI4,58,,22,12,---,9,58,PM10,SEDANG
201608,2016-12-08,DKI5,56,,9,41,101,11,101,O3,TIDAK SEHAT
201609,2016-12-08,DKI5,44,,8,35,52,3,52,O3,SEDANG
201609,2016-12-09,DKI1,49,,30,20,34,3,49,PM10,BAIK
201612,2016-12-09,DKI2,31,,15,21,54,10,54,O3,SEDANG
201612,2016-12-09,DKI3,55,,29,10,30,5,55,PM10,SEDANG
201612,2016-12-09,DKI4,33,,24,12,28,7,33,PM10,BAIK
201612,2016-12-09,DKI5,20,,10,28,24,3,28,CO,BAIK
201610,2016-12-10,DKI1,71,,30,37,16,4,71,PM10,SEDANG
201610,2016-12-10,DKI2,61,,29,38,42,16,61,PM10,SEDANG
201612,2016-12-10,DKI2,29,,15,17,36,14,36,O3,BAIK
201610,2016-12-10,DKI3,69,,27,26,54,13,69,PM10,SEDANG
201612,2016-12-10,DKI3,41,,28,13,30,4,41,PM10,BAIK
201610,2016-12-10,DKI4,62,,23,27,33,13,62,PM10,SEDANG
201612,2016-12-10,DKI4,48,,25,15,21,7,48,PM10,BAIK
201610,2016-12-10,DKI5,62,,10,54,39,8,62,PM10,SEDANG
201612,2016-12-10,DKI5,---,,9,25,20,3,25,CO,BAIK
201611,2016-12-11,DKI1,54,,31,34,48,3,54,PM10,SEDANG
201611,2016-12-11,DKI2,59,,43,29,93,16,93,O3,SEDANG
201612,2016-12-11,DKI2,26,,14,9,39,8,39,O3,BAIK
201611,2016-12-11,DKI3,41,,29,15,79,15,79,O3,SEDANG
201612,2016-12-11,DKI3,35,,29,10,50,4,50,O3,BAIK
201611,2016-12-11,DKI4,53,,23,17,61,10,61,O3,SEDANG
201612,2016-12-11,DKI4,33,,24,10,38,4,38,O3,BAIK
201611,2016-12-11,DKI5,44,,11,60,91,7,91,O3,SEDANG
201612,2016-12-11,DKI5,---,,9,27,27,5,27,CO,BAIK
201612,2016-12-12,DKI1,31,,31,18,20,1,31,PM10,BAIK
201612,2016-12-12,DKI2,50,,---,---,---,---,50,PM10,BAIK
201612,2016-12-12,DKI2,28,,17,15,54,9,54,O3,SEDANG
201612,2016-12-12,DKI3,55,,29,18,74,5,74,O3,SEDANG
201612,2016-12-12,DKI3,21,,28,11,37,5,37,O3,BAIK
201612,2016-12-12,DKI4,61,,25,22,70,8,70,O3,SEDANG
201612,2016-12-12,DKI4,32,,24,19,31,7,32,PM10,BAIK
201612,2016-12-12,DKI5,---,,14,35,71,4,71,O3,SEDANG
201612,2016-12-12,DKI5,---,,10,33,37,6,37,O3,BAIK
201612,2016-12-13,DKI1,34,,32,17,14,2,34,PM10,BAIK
201612,2016-12-13,DKI2,31,,16,12,46,16,46,O3,BAIK
201612,2016-12-13,DKI3,41,,29,11,35,5,41,PM10,BAIK
201612,2016-12-13,DKI4,47,,25,11,20,8,47,PM10,BAIK
201612,2016-12-13,DKI5,8,,9,28,28,5,28,CO,BAIK
201612,2016-12-14,DKI1,39,,32,21,15,2,39,PM10,BAIK
201612,2016-12-14,DKI2,38,,15,8,53,20,53,O3,SEDANG
201612,2016-12-14,DKI3,39,,28,8,31,3,39,PM10,BAIK
201612,2016-12-14,DKI4,36,,25,8,26,5,36,PM10,BAIK
201612,2016-12-14,DKI5,16,,11,27,38,7,38,O3,BAIK
201612,2016-12-15,DKI1,44,,31,25,10,2,44,PM10,BAIK
201612,2016-12-15,DKI2,33,,15,22,33,12,33,PM10,BAIK
201612,2016-12-15,DKI3,41,,28,18,29,5,41,PM10,BAIK
201612,2016-12-15,DKI4,45,,25,33,14,7,45,PM10,BAIK
201612,2016-12-15,DKI5,---,,---,53,17,5,53,CO,SEDANG
201612,2016-12-16,DKI1,34,,31,18,11,2,34,PM10,BAIK
201612,2016-12-16,DKI2,27,,17,9,39,8,39,O3,BAIK
201612,2016-12-16,DKI3,33,,28,10,29,3,33,PM10,BAIK
201612,2016-12-16,DKI4,33,,25,12,30,5,33,PM10,BAIK
201612,2016-12-16,DKI5,---,,---,29,38,5,38,O3,BAIK
201612,2016-12-17,DKI1,---,,---,---,---,---,0,,TIDAK ADA DATA
201612,2016-12-17,DKI2,31,,16,7,40,11,40,O3,BAIK
201612,2016-12-17,DKI3,33,,30,5,36,2,36,O3,BAIK
201612,2016-12-17,DKI4,34,,25,7,33,6,34,PM10,BAIK
201612,2016-12-17,DKI5,---,,---,25,35,5,35,O3,BAIK
201612,2016-12-18,DKI1,---,,---,---,---,---,0,,TIDAK ADA DATA
201612,2016-12-18,DKI2,29,,16,16,48,13,48,O3,BAIK
201612,2016-12-18,DKI3,28,,29,8,35,4,35,O3,BAIK
201612,2016-12-18,DKI4,33,,25,19,24,9,33,PM10,BAIK
201612,2016-12-18,DKI5,---,,---,45,34,5,45,CO,BAIK
201612,2016-12-19,DKI1,---,,---,---,---,---,0,,TIDAK ADA DATA
201612,2016-12-19,DKI2,28,,17,7,37,12,37,O3,BAIK
201612,2016-12-19,DKI3,19,,29,4,30,2,30,O3,BAIK
201612,2016-12-19,DKI4,23,,25,6,26,6,26,O3,BAIK
201612,2016-12-19,DKI5,13,,---,25,32,4,32,O3,BAIK
201612,2016-12-20,DKI1,21,,31,18,14,1,31,SO2,BAIK
201612,2016-12-20,DKI2,22,,15,5,34,4,34,O3,BAIK
201612,2016-12-20,DKI3,22,,28,4,29,---,29,O3,BAIK
201612,2016-12-20,DKI4,22,,25,5,17,3,25,SO2,BAIK
201612,2016-12-20,DKI5,11,,---,22,19,3,22,CO,BAIK
201612,2016-12-21,DKI1,20,,32,15,14,1,32,SO2,BAIK
201612,2016-12-21,DKI2,23,,15,5,37,5,37,O3,BAIK
201612,2016-12-21,DKI3,18,,---,---,---,---,18,PM10,BAIK
201612,2016-12-21,DKI4,22,,25,4,17,3,25,SO2,BAIK
201612,2016-12-21,DKI5,7,,---,23,19,2,23,CO,BAIK
201612,2016-12-22,DKI1,23,,32,16,12,1,32,SO2,BAIK
201612,2016-12-22,DKI2,22,,16,6,34,5,34,O3,BAIK
201612,2016-12-22,DKI3,28,,28,3,31,1,31,O3,BAIK
201612,2016-12-22,DKI4,25,,25,4,16,3,25,PM10,BAIK
201612,2016-12-22,DKI5,6,,---,24,21,1,24,CO,BAIK
201612,2016-12-23,DKI1,19,,31,16,12,1,31,SO2,BAIK
201612,2016-12-23,DKI2,22,,16,4,32,5,32,O3,BAIK
201612,2016-12-23,DKI3,19,,29,3,34,1,34,O3,BAIK
201612,2016-12-23,DKI4,22,,25,4,15,3,25,SO2,BAIK
201612,2016-12-23,DKI5,---,,16,28,18,2,28,CO,BAIK
201612,2016-12-24,DKI1,21,,31,16,13,1,31,SO2,BAIK
201612,2016-12-24,DKI2,20,,16,4,39,4,39,O3,BAIK
201612,2016-12-24,DKI3,21,,29,3,23,1,29,SO2,BAIK
201612,2016-12-24,DKI4,25,,25,4,16,2,25,PM10,BAIK
201612,2016-12-24,DKI5,---,,16,29,23,1,29,CO,BAIK
201612,2016-12-25,DKI1,17,,31,15,11,1,31,SO2,BAIK
201612,2016-12-25,DKI2,17,,16,4,42,5,42,O3,BAIK
201612,2016-12-25,DKI3,23,,29,4,26,2,29,SO2,BAIK
201612,2016-12-25,DKI4,30,,25,5,20,2,30,PM10,BAIK
201612,2016-12-25,DKI5,15,,16,29,24,1,29,CO,BAIK
201612,2016-12-26,DKI1,49,,32,23,23,2,49,PM10,BAIK
201612,2016-12-26,DKI2,38,,17,10,62,21,62,O3,SEDANG
201612,2016-12-26,DKI3,52,,31,10,43,3,52,PM10,SEDANG
201612,2016-12-26,DKI4,52,,26,14,47,5,52,PM10,SEDANG
201612,2016-12-26,DKI5,---,,18,39,66,5,66,O3,SEDANG
201612,2016-12-27,DKI1,23,,31,18,19,3,31,SO2,BAIK
201612,2016-12-27,DKI2,26,,16,6,51,17,51,O3,SEDANG
201612,2016-12-27,DKI3,25,,29,4,41,2,41,O3,BAIK
201612,2016-12-27,DKI4,29,,26,5,40,5,40,O3,BAIK
201612,2016-12-27,DKI5,---,,17,34,54,3,54,O3,SEDANG
201612,2016-12-28,DKI1,28,,32,18,10,1,32,SO2,BAIK
201612,2016-12-28,DKI2,28,,18,5,41,6,41,O3,BAIK
201612,2016-12-28,DKI3,28,,29,4,25,1,29,SO2,BAIK
201612,2016-12-28,DKI4,30,,26,5,23,3,30,PM10,BAIK
201612,2016-12-28,DKI5,11,,18,30,20,2,30,CO,BAIK
201612,2016-12-29,DKI1,20,,32,19,11,1,32,SO2,BAIK
201612,2016-12-29,DKI2,21,,17,6,39,7,39,O3,BAIK
201612,2016-12-29,DKI3,30,,29,7,41,3,41,O3,BAIK
201612,2016-12-29,DKI4,37,,26,12,31,4,37,PM10,BAIK
201612,2016-12-29,DKI5,11,,17,33,28,4,33,CO,BAIK
201612,2016-12-30,DKI1,51,,32,24,12,2,51,PM10,SEDANG
201612,2016-12-30,DKI2,39,,18,6,38,12,39,PM10,BAIK
201612,2016-12-30,DKI3,66,,31,17,41,7,66,PM10,SEDANG
201612,2016-12-30,DKI4,58,,26,19,29,7,58,PM10,SEDANG
201612,2016-12-30,DKI5,8,,17,40,31,4,40,CO,BAIK
201612,2016-12-31,DKI1,55,,33,26,16,3,55,PM10,SEDANG
201612,2016-12-31,DKI2,45,,19,13,59,14,59,O3,SEDANG
201612,2016-12-31,DKI3,55,,29,13,30,4,55,PM10,SEDANG
201612,2016-12-31,DKI4,54,,26,24,28,7,54,PM10,SEDANG
201612,2016-12-31,DKI5,24,,18,44,44,4,44,CO,BAIK
201701,2017-01-01,DKI1,63,,34,25,21,2,63,PM10,SEDANG
201701,2017-01-01,DKI2,52,,21,11,61,11,61,O3,SEDANG
201701,2017-01-01,DKI3,73,,31,19,33,5,73,PM10,SEDANG
201701,2017-01-01,DKI4,69,,27,23,54,5,69,PM10,SEDANG
201701,2017-01-01,DKI5,---,,17,38,54,5,54,O3,SEDANG
201702,2017-01-02,DKI1,41,,16,22,27,3,41,PM10,BAIK
201702,2017-01-02,DKI2,27,,21,13,36,12,36,O3,BAIK
201702,2017-01-02,DKI3,26,,32,9,44,4,44,O3,BAIK
201702,2017-01-02,DKI4,38,,28,11,39,6,39,O3,BAIK
201702,2017-01-02,DKI5,6,,11,29,24,11,29,CO,BAIK
201703,2017-01-03,DKI1,51,,8,26,46,5,51,PM10,SEDANG
201703,2017-01-03,DKI2,52,,18,17,67,18,67,O3,SEDANG
201703,2017-01-03,DKI3,58,,32,16,83,8,83,O3,SEDANG
201703,2017-01-03,DKI4,54,,30,14,58,11,58,O3,SEDANG
201703,2017-01-03,DKI5,6,,17,41,39,13,41,CO,BAIK
201704,2017-01-04,DKI1,41,,6,19,---,3,41,PM10,BAIK
201704,2017-01-04,DKI2,39,,17,12,110,10,110,O3,TIDAK SEHAT
201704,2017-01-04,DKI3,44,,43,9,59,4,59,O3,SEDANG
201704,2017-01-04,DKI4,48,,32,11,78,6,78,O3,SEDANG
201704,2017-01-04,DKI5,33,,16,28,70,9,70,O3,SEDANG
201705,2017-01-05,DKI1,57,,12,20,88,4,88,O3,SEDANG
201705,2017-01-05,DKI2,63,,33,16,74,17,74,O3,SEDANG
201705,2017-01-05,DKI3,57,,39,18,102,15,102,O3,TIDAK SEHAT
201705,2017-01-05,DKI4,68,,43,11,85,6,85,O3,SEDANG
201705,2017-01-05,DKI5,55,,17,1,104,15,104,O3,TIDAK SEHAT
201706,2017-01-06,DKI1,41,,11,20,23,3,41,PM10,BAIK
201706,2017-01-06,DKI2,24,,20,11,25,11,25,O3,BAIK
201706,2017-01-06,DKI3,21,,34,4,37,3,37,O3,BAIK
201706,2017-01-06,DKI4,30,,41,11,24,6,41,SO2,BAIK
201706,2017-01-06,DKI5,23,,15,29,24,7,29,CO,BAIK
201707,2017-01-07,DKI1,27,,13,22,42,3,42,O3,BAIK
201707,2017-01-07,DKI2,38,,27,11,47,9,47,O3,BAIK
201707,2017-01-07,DKI3,35,,11,8,69,4,69,O3,SEDANG
201707,2017-01-07,DKI4,41,,44,16,41,7,44,SO2,BAIK
201707,2017-01-07,DKI5,28,,18,42,48,12,48,O3,BAIK
201708,2017-01-08,DKI1,53,,17,18,74,6,74,O3,SEDANG
201708,2017-01-08,DKI2,57,,33,9,76,16,76,O3,SEDANG
201708,2017-01-08,DKI3,45,,12,3,75,6,75,O3,SEDANG
201708,2017-01-08,DKI4,64,,51,12,---,4,64,PM10,SEDANG
201708,2017-01-08,DKI5,52,,18,34,71,18,71,O3,SEDANG
201709,2017-01-09,DKI1,54,,17,16,75,6,75,O3,SEDANG
201709,2017-01-09,DKI2,54,,36,4,55,10,55,O3,SEDANG
201709,2017-01-09,DKI3,56,,13,11,76,8,76,O3,SEDANG
201709,2017-01-09,DKI4,64,,51,9,62,7,64,PM10,SEDANG
201709,2017-01-09,DKI5,53,,19,27,74,6,74,O3,SEDANG
201710,2017-01-10,DKI1,52,,17,20,53,4,53,O3,SEDANG
201710,2017-01-10,DKI2,49,,42,13,81,12,81,O3,SEDANG
201710,2017-01-10,DKI3,53,,13,17,67,5,67,O3,SEDANG
201710,2017-01-10,DKI4,47,,---,12,61,10,61,O3,SEDANG
201710,2017-01-10,DKI5,43,,18,34,47,4,47,O3,BAIK
201711,2017-01-11,DKI1,40,,21,19,88,11,88,O3,SEDANG
201711,2017-01-11,DKI2,59,,50,11,80,15,80,O3,SEDANG
201711,2017-01-11,DKI3,48,,13,13,50,5,50,O3,BAIK
201711,2017-01-11,DKI4,55,,53,6,100,9,100,O3,SEDANG
201711,2017-01-11,DKI5,---,,22,33,144,7,144,O3,TIDAK SEHAT
201712,2017-01-12,DKI1,27,,21,21,19,3,27,PM10,BAIK
201712,2017-01-12,DKI2,17,,49,8,17,8,49,SO2,BAIK
201712,2017-01-12,DKI3,---,,13,7,33,---,33,O3,BAIK
201712,2017-01-12,DKI4,16,,26,---,17,4,26,SO2,BAIK
201712,2017-01-12,DKI5,14,,20,23,19,---,23,CO,BAIK
201701,2017-01-13,DKI1,29,,32,19,12,1,32,SO2,BAIK
201701,2017-01-13,DKI2,25,,17,8,29,5,29,O3,BAIK
201701,2017-01-13,DKI3,22,,29,3,29,1,29,SO2,BAIK
201701,2017-01-13,DKI4,19,,27,4,16,3,27,SO2,BAIK
201701,2017-01-13,DKI5,8,,11,27,15,3,27,CO,BAIK
201701,2017-01-14,DKI1,22,,31,17,13,1,31,SO2,BAIK
201701,2017-01-14,DKI2,21,,16,8,29,6,29,O3,BAIK
201701,2017-01-14,DKI3,23,,29,4,29,1,29,SO2,BAIK
201701,2017-01-14,DKI4,21,,27,4,16,3,27,SO2,BAIK
201701,2017-01-14,DKI5,7,,11,23,15,2,23,CO,BAIK
201701,2017-01-15,DKI1,27,,32,16,17,1,32,SO2,BAIK
201701,2017-01-15,DKI2,13,,17,8,42,7,42,O3,BAIK
201701,2017-01-15,DKI3,---,,---,12,---,---,12,CO,BAIK
201701,2017-01-15,DKI4,29,,27,12,27,4,29,PM10,BAIK
201701,2017-01-15,DKI5,6,,11,25,27,3,27,O3,BAIK
201701,2017-01-16,DKI1,---,,---,---,---,---,0,,TIDAK ADA DATA
201701,2017-01-16,DKI2,17,,17,7,34,6,34,O3,BAIK
201701,2017-01-16,DKI3,---,,---,---,---,---,0,,TIDAK ADA DATA
201701,2017-01-16,DKI4,27,,---,---,---,---,27,PM10,BAIK
201701,2017-01-16,DKI5,2,,11,27,19,3,27,CO,BAIK
201701,2017-01-17,DKI1,---,,---,---,---,---,0,,TIDAK ADA DATA
201701,2017-01-17,DKI2,18,,18,30,48,14,48,O3,BAIK
201701,2017-01-17,DKI3,15,,29,4,31,2,31,O3,BAIK
201701,2017-01-17,DKI4,20,,27,4,26,3,27,SO2,BAIK
201701,2017-01-17,DKI5,5,,11,---,33,---,33,O3,BAIK
201701,2017-01-18,DKI1,24,,28,19,14,1,28,SO2,BAIK
201701,2017-01-18,DKI2,---,,---,---,---,---,0,,TIDAK ADA DATA
201701,2017-01-18,DKI3,26,,29,7,30,4,30,O3,BAIK
201701,2017-01-18,DKI4,28,,27,9,21,3,28,PM10,BAIK
201701,2017-01-18,DKI5,6,,11,25,26,6,26,O3,BAIK
201701,2017-01-19,DKI1,24,,---,16,14,1,24,PM10,BAIK
201701,2017-01-19,DKI2,---,,---,---,---,---,0,,TIDAK ADA DATA
201701,2017-01-19,DKI3,24,,29,4,29,---,29,SO2,BAIK
201701,2017-01-19,DKI4,24,,27,4,18,3,27,SO2,BAIK
201701,2017-01-19,DKI5,5,,11,24,16,3,24,CO,BAIK
201701,2017-01-20,DKI1,18,,---,15,10,1,18,PM10,BAIK
201701,2017-01-20,DKI2,22,,18,5,30,6,30,O3,BAIK
201701,2017-01-20,DKI3,27,,30,5,30,4,30,SO2,BAIK
201701,2017-01-20,DKI4,24,,27,4,20,3,27,SO2,BAIK
201701,2017-01-20,DKI5,7,,11,24,17,---,24,CO,BAIK
201701,2017-01-21,DKI1,35,,---,18,15,1,35,PM10,BAIK
201701,2017-01-21,DKI2,40,,23,9,39,10,40,PM10,BAIK
201701,2017-01-21,DKI3,47,,32,10,55,4,55,O3,SEDANG
201701,2017-01-21,DKI4,53,,28,8,39,5,53,PM10,SEDANG
201701,2017-01-21,DKI5,7,,11,25,34,5,34,O3,BAIK
201701,2017-01-22,DKI1,54,,---,20,16,2,54,PM10,SEDANG
201701,2017-01-22,DKI2,37,,18,7,32,11,37,PM10,BAIK
201701,2017-01-22,DKI3,54,,32,10,50,5,54,PM10,SEDANG
201701,2017-01-22,DKI4,63,,27,9,35,4,63,PM10,SEDANG
201701,2017-01-22,DKI5,7,,11,35,33,10,35,CO,BAIK
201701,2017-01-23,DKI1,37,,---,18,13,2,37,PM10,BAIK
201701,2017-01-23,DKI2,31,,20,---,51,12,51,O3,SEDANG
201701,2017-01-23,DKI3,45,,33,6,48,4,48,O3,BAIK
201701,2017-01-23,DKI4,34,,28,5,34,4,34,PM10,BAIK
201701,2017-01-23,DKI5,6,,11,36,26,9,36,CO,BAIK
201701,2017-01-24,DKI1,32,,---,30,14,2,32,PM10,BAIK
201701,2017-01-24,DKI2,32,,22,7,34,15,34,O3,BAIK
201701,2017-01-24,DKI3,---,,---,5,---,---,5,CO,BAIK
201701,2017-01-24,DKI4,33,,28,---,29,2,33,PM10,BAIK
201701,2017-01-24,DKI5,6,,11,30,34,7,34,O3,BAIK
201701,2017-01-25,DKI1,29,,---,18,9,2,29,PM10,BAIK
201701,2017-01-25,DKI2,26,,20,7,34,15,34,O3,BAIK
201701,2017-01-25,DKI3,30,,30,---,29,---,30,PM10,BAIK
201701,2017-01-25,DKI4,25,,27,4,30,3,30,O3,BAIK
201701,2017-01-25,DKI5,6,,11,28,23,3,28,CO,BAIK
201701,2017-01-26,DKI1,33,,---,22,12,2,33,PM10,BAIK
201701,2017-01-26,DKI2,25,,21,---,47,13,47,O3,BAIK
201701,2017-01-26,DKI3,39,,32,7,53,3,53,O3,SEDANG
201701,2017-01-26,DKI4,---,,28,5,30,4,30,O3,BAIK
201701,2017-01-26,DKI5,6,,11,28,26,7,28,CO,BAIK
201701,2017-01-27,DKI1,47,,14,24,22,2,47,PM10,BAIK
201701,2017-01-27,DKI2,34,,22,10,49,14,49,O3,BAIK
201701,2017-01-27,DKI3,57,,33,13,60,8,60,O3,SEDANG
201701,2017-01-27,DKI4,51,,28,14,40,7,51,PM10,SEDANG
201701,2017-01-27,DKI5,5,,11,29,37,14,37,O3,BAIK
201701,2017-01-28,DKI1,32,,13,23,18,3,32,PM10,BAIK
201701,2017-01-28,DKI2,26,,22,9,49,10,49,O3,BAIK
201701,2017-01-28,DKI3,41,,31,10,44,4,44,O3,BAIK
201701,2017-01-28,DKI4,40,,28,12,46,4,46,O3,BAIK
201701,2017-01-28,DKI5,5,,11,28,42,6,42,O3,BAIK
201701,2017-01-29,DKI1,35,,12,25,19,2,35,PM10,BAIK
201701,2017-01-29,DKI2,31,,20,5,48,10,48,O3,BAIK
201701,2017-01-29,DKI3,27,,30,9,32,5,32,O3,BAIK
201701,2017-01-29,DKI4,33,,28,13,30,8,33,PM10,BAIK
201701,2017-01-29,DKI5,6,,11,29,26,13,29,CO,BAIK
201701,2017-01-30,DKI1,33,,12,21,19,2,33,PM10,BAIK
201701,2017-01-30,DKI2,22,,21,11,38,9,38,O3,BAIK
201701,2017-01-30,DKI3,30,,31,14,54,2,54,O3,SEDANG
201701,2017-01-30,DKI4,39,,28,15,46,3,46,O3,BAIK
201701,2017-01-30,DKI5,7,,11,28,41,5,41,O3,BAIK
201701,2017-01-31,DKI1,31,,12,23,20,2,31,PM10,BAIK
201701,2017-01-31,DKI2,32,,21,11,32,18,32,PM10,BAIK
201701,2017-01-31,DKI3,32,,31,8,41,4,41,O3,BAIK
201701,2017-01-31,DKI4,30,,28,8,35,5,35,O3,BAIK
201701,2017-01-31,DKI5,6,,11,26,42,7,42,O3,BAIK
201701,2017-02-01,DKI1,16,,32,16,19,1,32,SO2,BAIK
201701,2017-02-01,DKI2,27,,18,5,40,15,40,O3,BAIK
201701,2017-02-01,DKI3,39,,29,4,33,3,39,PM10,BAIK
201701,2017-02-01,DKI4,35,,26,7,36,4,36,O3,BAIK
201701,2017-02-01,DKI5,---,,17,33,44,3,44,O3,BAIK
201702,2017-02-02,DKI1,49,,---,23,41,3,49,PM10,BAIK
201702,2017-02-02,DKI2,37,,22,18,36,16,37,PM10,BAIK
201702,2017-02-02,DKI3,24,,31,8,37,4,37,O3,BAIK
201702,2017-02-02,DKI4,35,,28,14,34,4,35,PM10,BAIK
201702,2017-02-02,DKI5,8,,13,27,39,9,39,O3,BAIK
201703,2017-02-03,DKI1,56,,8,28,56,4,56,PM10,SEDANG
201703,2017-02-03,DKI2,55,,20,22,---,18,55,PM10,SEDANG
201703,2017-02-03,DKI3,49,,35,24,75,6,75,O3,SEDANG
201703,2017-02-03,DKI4,64,,31,19,71,7,71,O3,SEDANG
201703,2017-02-03,DKI5,9,,21,44,57,11,57,O3,SEDANG
201704,2017-02-04,DKI1,47,,---,23,---,4,47,PM10,BAIK
201704,2017-02-04,DKI2,51,,19,20,96,15,96,O3,SEDANG
201704,2017-02-04,DKI3,34,,39,12,67,7,67,O3,SEDANG
201704,2017-02-04,DKI4,50,,32,17,88,10,88,O3,SEDANG
201704,2017-02-04,DKI5,42,,14,45,63,16,63,O3,SEDANG
201705,2017-02-05,DKI1,50,,8,27,67,4,67,O3,SEDANG
201705,2017-02-05,DKI2,53,,27,19,76,31,76,O3,SEDANG
201705,2017-02-05,DKI3,39,,33,16,85,5,85,O3,SEDANG
201705,2017-02-05,DKI4,62,,39,15,85,7,85,O3,SEDANG
201705,2017-02-05,DKI5,50,,14,1,71,12,71,O3,SEDANG
201706,2017-02-06,DKI1,53,,14,25,75,4,75,O3,SEDANG
201706,2017-02-06,DKI2,61,,32,15,42,15,61,PM10,SEDANG
201706,2017-02-06,DKI3,46,,35,11,79,7,79,O3,SEDANG
201706,2017-02-06,DKI4,57,,43,22,67,9,67,O3,SEDANG
201706,2017-02-06,DKI5,50,,18,43,73,10,73,O3,SEDANG
201707,2017-02-07,DKI1,49,,14,18,39,3,49,PM10,BAIK
201707,2017-02-07,DKI2,50,,25,5,46,10,50,PM10,BAIK
201707,2017-02-07,DKI3,57,,11,3,62,5,62,O3,SEDANG
201707,2017-02-07,DKI4,54,,47,10,39,5,54,PM10,SEDANG
201707,2017-02-07,DKI5,41,,19,28,45,9,45,O3,BAIK
201708,2017-02-08,DKI1,46,,18,19,60,5,60,O3,SEDANG
201708,2017-02-08,DKI2,58,,37,10,60,15,60,O3,SEDANG
201708,2017-02-08,DKI3,49,,12,4,94,6,94,O3,SEDANG
201708,2017-02-08,DKI4,56,,51,12,58,5,58,O3,SEDANG
201708,2017-02-08,DKI5,34,,19,35,57,---,57,O3,SEDANG
201709,2017-02-09,DKI1,56,,18,15,77,3,77,O3,SEDANG
201709,2017-02-09,DKI2,57,,39,7,65,12,65,O3,SEDANG
201709,2017-02-09,DKI3,53,,13,10,92,4,92,O3,SEDANG
201709,2017-02-09,DKI4,78,,51,10,65,11,78,PM10,SEDANG
201709,2017-02-09,DKI5,58,,20,29,87,4,87,O3,SEDANG
201710,2017-02-10,DKI1,48,,17,26,47,4,48,PM10,BAIK
201710,2017-02-10,DKI2,57,,51,18,39,15,57,PM10,SEDANG
201710,2017-02-10,DKI3,38,,13,20,83,7,83,O3,SEDANG
201710,2017-02-10,DKI4,55,,52,23,52,9,55,PM10,SEDANG
201710,2017-02-10,DKI5,43,,18,47,57,13,57,O3,SEDANG
201711,2017-02-11,DKI1,51,,23,19,136,6,136,O3,TIDAK SEHAT
201711,2017-02-11,DKI2,70,,51,15,138,18,138,O3,TIDAK SEHAT
201711,2017-02-11,DKI3,58,,14,21,48,15,58,PM10,SEDANG
201711,2017-02-11,DKI4,83,,54,8,98,10,98,O3,SEDANG
201711,2017-02-11,DKI5,---,,22,37,122,10,122,O3,TIDAK SEHAT
201712,2017-02-12,DKI1,39,,20,18,20,3,39,PM10,BAIK
201712,2017-02-12,DKI2,34,,49,11,16,7,49,SO2,BAIK
201712,2017-02-12,DKI3,6,,13,19,32,4,32,O3,BAIK
201712,2017-02-12,DKI4,35,,26,8,22,5,35,PM10,BAIK
201712,2017-02-12,DKI5,26,,19,30,19,5,30,CO,BAIK
201702,2017-02-13,DKI1,43,,4,21,42,3,43,PM10,BAIK
201702,2017-02-13,DKI2,33,,18,11,53,12,53,O3,SEDANG
201702,2017-02-13,DKI3,37,,31,10,56,7,56,O3,SEDANG
201702,2017-02-13,DKI4,43,,29,12,41,6,43,PM10,BAIK
201702,2017-02-13,DKI5,6,,13,36,35,13,36,CO,BAIK
201702,2017-02-14,DKI1,34,,5,32,41,4,41,O3,BAIK
201702,2017-02-14,DKI2,37,,18,17,47,14,47,O3,BAIK
201702,2017-02-14,DKI3,34,,32,19,58,8,58,O3,SEDANG
201702,2017-02-14,DKI4,39,,29,17,43,5,43,O3,BAIK
201702,2017-02-14,DKI5,6,,16,47,43,16,47,CO,BAIK
201702,2017-02-15,DKI1,27,,6,22,40,4,40,O3,BAIK
201702,2017-02-15,DKI2,21,,18,10,46,12,46,O3,BAIK
201702,2017-02-15,DKI3,23,,32,5,51,6,51,O3,SEDANG
201702,2017-02-15,DKI4,29,,29,4,50,6,50,O3,BAIK
201702,2017-02-15,DKI5,7,,18,36,54,10,54,O3,SEDANG
201702,2017-02-16,DKI1,36,,7,19,38,3,38,O3,BAIK
201702,2017-02-16,DKI2,22,,18,11,46,11,46,O3,BAIK
201702,2017-02-16,DKI3,25,,31,7,55,6,55,O3,SEDANG
201702,2017-02-16,DKI4,27,,29,7,41,6,41,O3,BAIK
201702,2017-02-16,DKI5,4,,16,29,32,8,32,O3,BAIK
201702,2017-02-17,DKI1,52,,4,30,33,4,52,PM10,SEDANG
201702,2017-02-17,DKI2,29,,21,18,50,15,50,O3,BAIK
201702,2017-02-17,DKI3,---,,---,---,---,---,---,---,TIDAK ADA DATA
201702,2017-02-17,DKI4,61,,29,22,37,7,61,PM10,SEDANG
201702,2017-02-17,DKI5,5,,14,48,32,14,48,CO,BAIK
201702,2017-02-18,DKI1,68,,7,25,30,4,68,PM10,SEDANG
201702,2017-02-18,DKI2,51,,20,14,36,13,51,PM10,SEDANG
201702,2017-02-18,DKI3,---,,---,---,---,---,---,---,TIDAK ADA DATA
201702,2017-02-18,DKI4,62,,29,15,33,7,62,PM10,SEDANG
201702,2017-02-18,DKI5,7,,15,45,28,13,45,CO,BAIK
201702,2017-02-19,DKI1,57,,4,34,25,2,57,PM10,SEDANG
201702,2017-02-19,DKI2,54,,19,25,36,11,54,PM10,SEDANG
201702,2017-02-19,DKI3,71,,31,23,47,10,71,PM10,SEDANG
201702,2017-02-19,DKI4,78,,29,26,27,4,78,PM10,SEDANG
201702,2017-02-19,DKI5,---,,13,80,24,10,80,CO,SEDANG
201702,2017-02-20,DKI1,40,,3,31,24,3,40,PM10,BAIK
201702,2017-02-20,DKI2,35,,17,16,31,11,35,PM10,BAIK
201702,2017-02-20,DKI3,60,,31,20,36,8,60,PM10,SEDANG
201702,2017-02-20,DKI4,59,,29,31,17,5,59,PM10,SEDANG
201702,2017-02-20,DKI5,6,,14,52,20,10,52,CO,SEDANG
201702,2017-02-21,DKI1,51,,3,34,46,4,51,PM10,SEDANG
201702,2017-02-21,DKI2,57,,25,31,65,17,65,O3,SEDANG
201702,2017-02-21,DKI3,45,,31,34,45,10,45,PM10,BAIK
201702,2017-02-21,DKI4,51,,29,24,38,6,51,PM10,SEDANG
201702,2017-02-21,DKI5,8,,15,70,46,20,70,CO,SEDANG
201702,2017-02-22,DKI1,58,,15,25,78,5,78,O3,SEDANG
201702,2017-02-22,DKI2,47,,27,13,130,21,130,O3,TIDAK SEHAT
201702,2017-02-22,DKI3,56,,34,20,76,8,76,O3,SEDANG
201702,2017-02-22,DKI4,53,,30,26,101,7,101,O3,TIDAK SEHAT
201702,2017-02-22,DKI5,7,,25,40,56,15,56,O3,SEDANG
201702,2017-02-23,DKI1,52,,7,27,71,7,71,O3,SEDANG
201702,2017-02-23,DKI2,53,,26,22,96,16,96,O3,SEDANG
201702,2017-02-23,DKI3,43,,32,13,112,9,112,O3,TIDAK SEHAT
201702,2017-02-23,DKI4,54,,29,18,114,8,114,O3,TIDAK SEHAT
201702,2017-02-23,DKI5,8,,15,41,113,16,113,O3,TIDAK SEHAT
201702,2017-02-24,DKI1,62,,7,30,67,5,67,O3,SEDANG
201702,2017-02-24,DKI2,74,,40,22,70,21,74,PM10,SEDANG
201702,2017-02-24,DKI3,41,,31,15,106,7,106,O3,TIDAK SEHAT
201702,2017-02-24,DKI4,62,,29,22,63,12,63,O3,SEDANG
201702,2017-02-24,DKI5,7,,14,50,86,15,86,O3,SEDANG
201702,2017-02-25,DKI1,50,,6,24,68,3,68,O3,SEDANG
201702,2017-02-25,DKI2,39,,19,15,90,26,90,O3,SEDANG
201702,2017-02-25,DKI3,48,,31,9,69,5,69,O3,SEDANG
201702,2017-02-25,DKI4,51,,29,13,69,7,69,O3,SEDANG
201702,2017-02-25,DKI5,8,,14,43,66,10,66,O3,SEDANG
201702,2017-02-26,DKI1,44,,8,25,60,4,60,O3,SEDANG
201702,2017-02-26,DKI2,59,,27,15,67,13,67,O3,SEDANG
201702,2017-02-26,DKI3,39,,31,14,123,11,123,O3,TIDAK SEHAT
201702,2017-02-26,DKI4,49,,30,12,58,7,58,O3,SEDANG
201702,2017-02-26,DKI5,6,,20,44,53,14,53,O3,SEDANG
201702,2017-02-27,DKI1,30,,6,23,44,4,44,O3,BAIK
201702,2017-02-27,DKI2,29,,21,12,50,13,50,O3,BAIK
201702,2017-02-27,DKI3,32,,31,9,81,4,81,O3,SEDANG
201702,2017-02-27,DKI4,36,,30,12,69,10,69,O3,SEDANG
201702,2017-02-27,DKI5,6,,13,39,56,8,56,O3,SEDANG
201702,2017-02-28,DKI1,58,,6,26,54,4,58,PM10,SEDANG
201702,2017-02-28,DKI2,46,,21,22,48,15,48,O3,BAIK
201702,2017-02-28,DKI3,55,,31,22,98,11,98,O3,SEDANG
201702,2017-02-28,DKI4,64,,30,16,98,11,98,O3,SEDANG
201702,2017-02-28,DKI5,7,,14,46,52,16,52,O3,SEDANG
201701,2017-03-01,DKI1,18,,32,17,20,2,32,SO2,BAIK
201701,2017-03-01,DKI2,32,,18,7,55,10,55,O3,SEDANG
201701,2017-03-01,DKI3,51,,30,7,36,3,51,PM10,SEDANG
201701,2017-03-01,DKI4,55,,26,7,---,5,55,PM10,SEDANG
201701,2017-03-01,DKI5,---,,16,31,46,4,46,O3,BAIK
201702,2017-03-02,DKI1,53,,---,28,34,3,53,PM10,SEDANG
201702,2017-03-02,DKI2,37,,21,19,45,13,45,O3,BAIK
201702,2017-03-02,DKI3,39,,30,12,30,7,39,PM10,BAIK
201702,2017-03-02,DKI4,34,,28,12,25,5,34,PM10,BAIK
201702,2017-03-02,DKI5,5,,15,30,29,10,30,CO,BAIK
201703,2017-03-03,DKI1,49,,5,33,53,4,53,O3,SEDANG
201703,2017-03-03,DKI2,47,,17,20,---,19,47,PM10,BAIK
201703,2017-03-03,DKI3,51,,31,20,66,8,66,O3,SEDANG
201703,2017-03-03,DKI4,60,,30,15,49,9,60,PM10,SEDANG
201703,2017-03-03,DKI5,6,,16,54,49,15,54,CO,SEDANG
201704,2017-03-04,DKI1,30,,13,24,---,3,30,PM10,BAIK
201704,2017-03-04,DKI2,33,,16,14,59,24,59,O3,SEDANG
201704,2017-03-04,DKI3,37,,41,15,45,7,45,O3,BAIK
201704,2017-03-04,DKI4,33,,32,13,61,8,61,O3,SEDANG
201704,2017-03-04,DKI5,24,,15,37,53,10,53,O3,SEDANG
201705,2017-03-05,DKI1,62,,10,34,86,4,86,O3,SEDANG
201705,2017-03-05,DKI2,62,,30,29,67,18,67,O3,SEDANG
201705,2017-03-05,DKI3,52,,34,27,112,10,112,O3,TIDAK SEHAT
201705,2017-03-05,DKI4,---,,41,19,---,9,41,SO2,BAIK
201705,2017-03-05,DKI5,59,,17,1,102,16,102,O3,TIDAK SEHAT
201706,2017-03-06,DKI1,71,,15,21,75,4,75,O3,SEDANG
201706,2017-03-06,DKI2,61,,25,9,53,10,61,PM10,SEDANG
201706,2017-03-06,DKI3,72,,37,14,105,7,105,O3,TIDAK SEHAT
201706,2017-03-06,DKI4,81,,45,23,---,9,81,PM10,SEDANG
201706,2017-03-06,DKI5,59,,20,43,85,11,85,O3,SEDANG
201707,2017-03-07,DKI1,45,,13,14,48,2,48,O3,BAIK
201707,2017-03-07,DKI2,45,,26,5,54,10,54,O3,SEDANG
201707,2017-03-07,DKI3,46,,12,3,60,4,60,O3,SEDANG
201707,2017-03-07,DKI4,51,,46,8,43,5,51,PM10,SEDANG
201707,2017-03-07,DKI5,31,,18,28,44,9,44,O3,BAIK
201708,2017-03-08,DKI1,42,,17,18,80,7,80,O3,SEDANG
201708,2017-03-08,DKI2,47,,32,8,86,11,86,O3,SEDANG
201708,2017-03-08,DKI3,50,,13,3,79,8,79,O3,SEDANG
201708,2017-03-08,DKI4,54,,51,10,65,4,65,O3,SEDANG
201708,2017-03-08,DKI5,36,,19,33,107,---,107,O3,TIDAK SEHAT
201709,2017-03-09,DKI1,64,,18,19,70,5,70,O3,SEDANG
201709,2017-03-09,DKI2,65,,37,11,55,13,65,PM10,SEDANG
201709,2017-03-09,DKI3,83,,13,23,74,7,83,PM10,SEDANG
201709,2017-03-09,DKI4,107,,51,19,57,10,107,PM10,TIDAK SEHAT
201709,2017-03-09,DKI5,66,,20,39,73,7,73,O3,SEDANG
201710,2017-03-10,DKI1,50,,17,22,65,7,65,O3,SEDANG
201710,2017-03-10,DKI2,58,,52,23,65,20,65,O3,SEDANG
201710,2017-03-10,DKI3,38,,13,16,84,10,84,O3,SEDANG
201710,2017-03-10,DKI4,58,,51,28,56,13,58,PM10,SEDANG
201710,2017-03-10,DKI5,45,,17,43,66,14,66,O3,SEDANG
201711,2017-03-11,DKI1,51,,21,19,105,8,105,O3,TIDAK SEHAT
201711,2017-03-11,DKI2,60,,50,10,108,12,108,O3,TIDAK SEHAT
201711,2017-03-11,DKI3,63,,14,16,58,7,63,PM10,SEDANG
201711,2017-03-11,DKI4,65,,53,8,86,15,86,O3,SEDANG
201711,2017-03-11,DKI5,---,,21,32,160,8,160,O3,TIDAK SEHAT
201712,2017-03-12,DKI1,33,,19,17,27,3,33,PM10,BAIK
201712,2017-03-12,DKI2,31,,49,9,29,7,49,SO2,BAIK
201712,2017-03-12,DKI3,6,,---,12,43,3,43,O3,BAIK
201712,2017-03-12,DKI4,39,,27,---,32,5,39,PM10,BAIK
201712,2017-03-12,DKI5,33,,18,31,26,3,33,PM10,BAIK
201703,2017-03-13,DKI1,53,,9,24,60,5,60,O3,SEDANG
201703,2017-03-13,DKI2,51,,18,15,81,24,81,O3,SEDANG
201703,2017-03-13,DKI3,65,,32,19,71,12,71,O3,SEDANG
201703,2017-03-13,DKI4,72,,32,14,41,13,72,PM10,SEDANG
201703,2017-03-13,DKI5,5,,14,35,53,10,53,O3,SEDANG
201703,2017-03-14,DKI1,62,,14,24,48,4,62,PM10,SEDANG
201703,2017-03-14,DKI2,66,,25,13,74,25,74,O3,SEDANG
201703,2017-03-14,DKI3,62,,34,11,46,5,62,PM10,SEDANG
201703,2017-03-14,DKI4,71,,32,8,36,9,71,PM10,SEDANG
201703,2017-03-14,DKI5,52,,28,33,46,9,52,PM10,SEDANG
201703,2017-03-15,DKI1,36,,8,20,31,3,36,PM10,BAIK
201703,2017-03-15,DKI2,41,,17,11,30,17,41,PM10,BAIK
201703,2017-03-15,DKI3,61,,33,8,40,5,61,PM10,SEDANG
201703,2017-03-15,DKI4,47,,32,4,27,6,47,PM10,BAIK
201703,2017-03-15,DKI5,36,,15,34,24,6,36,PM10,BAIK
201703,2017-03-16,DKI1,35,,9,20,125,5,125,O3,TIDAK SEHAT
201703,2017-03-16,DKI2,45,,20,10,136,12,136,O3,TIDAK SEHAT
201703,2017-03-16,DKI3,49,,34,8,76,4,76,O3,SEDANG
201703,2017-03-16,DKI4,51,,32,9,64,9,64,O3,SEDANG
201703,2017-03-16,DKI5,30,,16,31,88,8,88,O3,SEDANG
201703,2017-03-17,DKI1,63,,10,25,80,5,80,O3,SEDANG
201703,2017-03-17,DKI2,80,,38,23,83,24,83,O3,SEDANG
201703,2017-03-17,DKI3,69,,34,11,76,11,76,O3,SEDANG
201703,2017-03-17,DKI4,94,,32,21,62,23,94,PM10,SEDANG
201703,2017-03-17,DKI5,61,,18,40,99,13,99,O3,SEDANG
201703,2017-03-18,DKI1,55,,7,33,52,6,55,PM10,SEDANG
201703,2017-03-18,DKI2,50,,20,20,64,23,64,O3,SEDANG
201703,2017-03-18,DKI3,51,,32,9,58,6,58,O3,SEDANG
201703,2017-03-18,DKI4,52,,31,12,41,8,52,PM10,SEDANG
201703,2017-03-18,DKI5,48,,14,51,37,22,51,CO,SEDANG
201703,2017-03-19,DKI1,51,,13,27,50,2,51,PM10,SEDANG
201703,2017-03-19,DKI2,47,,23,16,84,20,84,O3,SEDANG
201703,2017-03-19,DKI3,---,,---,---,---,---,0,,TIDAK ADA DATA
201703,2017-03-19,DKI4,49,,32,21,38,5,49,PM10,BAIK
201703,2017-03-19,DKI5,48,,17,46,42,10,48,PM10,BAIK
201703,2017-03-20,DKI1,35,,7,17,26,2,35,PM10,BAIK
201703,2017-03-20,DKI2,32,,15,11,48,7,48,O3,BAIK
201703,2017-03-20,DKI3,---,,---,---,---,---,0,,TIDAK ADA DATA
201703,2017-03-20,DKI4,28,,31,7,23,4,31,SO2,BAIK
201703,2017-03-20,DKI5,34,,14,---,23,---,34,PM10,BAIK
201703,2017-03-21,DKI1,51,,13,23,32,3,51,PM10,SEDANG
201703,2017-03-21,DKI2,41,,17,17,22,12,41,PM10,BAIK
201703,2017-03-21,DKI3,---,,---,---,---,---,0,,TIDAK ADA DATA
201703,2017-03-21,DKI4,46,,31,19,40,8,46,PM10,BAIK
201703,2017-03-21,DKI5,44,,20,---,22,---,44,PM10,BAIK
201703,2017-03-22,DKI1,34,,8,24,47,6,47,O3,BAIK
201703,2017-03-22,DKI2,41,,21,13,37,14,41,PM10,BAIK
201703,2017-03-22,DKI3,47,,40,11,53,9,53,O3,SEDANG
201703,2017-03-22,DKI4,41,,32,9,44,7,44,O3,BAIK
201703,2017-03-22,DKI5,27,,15,40,33,23,40,CO,BAIK
201703,2017-03-23,DKI1,46,,6,33,34,7,46,PM10,BAIK
201703,2017-03-23,DKI2,48,,28,16,29,19,48,PM10,BAIK
201703,2017-03-23,DKI3,53,,42,24,65,11,65,O3,SEDANG
201703,2017-03-23,DKI4,56,,31,21,34,11,56,PM10,SEDANG
201703,2017-03-23,DKI5,25,,13,46,33,24,46,CO,BAIK
201703,2017-03-24,DKI1,77,,11,50,97,7,97,O3,SEDANG
201703,2017-03-24,DKI2,74,,19,54,123,19,123,O3,TIDAK SEHAT
201703,2017-03-24,DKI3,66,,50,44,125,8,125,O3,TIDAK SEHAT
201703,2017-03-24,DKI4,88,,32,59,89,15,89,O3,SEDANG
201703,2017-03-24,DKI5,74,,18,93,89,15,93,CO,SEDANG
201703,2017-03-25,DKI1,52,,10,20,41,4,52,PM10,SEDANG
201703,2017-03-25,DKI2,52,,18,16,56,13,56,O3,SEDANG
201703,2017-03-25,DKI3,58,,43,15,73,7,73,O3,SEDANG
201703,2017-03-25,DKI4,66,,32,13,49,9,66,PM10,SEDANG
201703,2017-03-25,DKI5,56,,16,39,43,15,56,PM10,SEDANG
201703,2017-03-26,DKI1,57,,9,30,54,3,57,PM10,SEDANG
201703,2017-03-26,DKI2,46,,14,17,46,10,46,PM10,BAIK
201703,2017-03-26,DKI3,63,,54,32,35,7,63,PM10,SEDANG
201703,2017-03-26,DKI4,66,,32,39,47,6,66,PM10,SEDANG
201703,2017-03-26,DKI5,62,,16,61,41,11,62,PM10,SEDANG
201703,2017-03-27,DKI1,42,,8,23,80,5,80,O3,SEDANG
201703,2017-03-27,DKI2,49,,25,13,37,20,49,PM10,BAIK
201703,2017-03-27,DKI3,50,,47,13,83,9,83,O3,SEDANG
201703,2017-03-27,DKI4,52,,32,19,78,20,78,O3,SEDANG
201703,2017-03-27,DKI5,42,,17,39,50,15,50,O3,BAIK
201703,2017-03-28,DKI1,64,,12,35,71,3,71,O3,SEDANG
201703,2017-03-28,DKI2,68,,23,18,85,16,85,O3,SEDANG
201703,2017-03-28,DKI3,53,,47,25,47,7,53,PM10,SEDANG
201703,2017-03-28,DKI4,72,,32,20,58,6,72,PM10,SEDANG
201703,2017-03-28,DKI5,61,,17,68,50,11,68,CO,SEDANG
201703,2017-03-29,DKI1,51,,8,27,62,4,62,O3,SEDANG
201703,2017-03-29,DKI2,54,,23,21,77,11,77,O3,SEDANG
201703,2017-03-29,DKI3,54,,50,17,42,6,54,PM10,SEDANG
201703,2017-03-29,DKI4,57,,32,18,52,9,57,PM10,SEDANG
201703,2017-03-29,DKI5,49,,15,53,46,9,53,CO,SEDANG
201703,2017-03-30,DKI1,32,,9,20,26,3,32,PM10,BAIK
201703,2017-03-30,DKI2,38,,16,12,47,17,47,O3,BAIK
201703,2017-03-30,DKI3,37,,45,11,47,3,47,O3,BAIK
201703,2017-03-30,DKI4,45,,32,14,48,6,48,O3,BAIK
201703,2017-03-30,DKI5,30,,15,32,19,7,32,CO,BAIK
201703,2017-03-31,DKI1,---,,---,---,---,---,0,,TIDAK ADA DATA
201703,2017-03-31,DKI2,24,,16,8,26,8,26,O3,BAIK
201703,2017-03-31,DKI3,31,,38,4,34,2,38,SO2,BAIK
201703,2017-03-31,DKI4,27,,33,5,17,5,33,SO2,BAIK
201703,2017-03-31,DKI5,18,,16,26,17,5,26,CO,BAIK
201701,2017-04-01,DKI1,24,,32,22,20,2,32,SO2,BAIK
201701,2017-04-01,DKI2,23,,19,---,61,15,61,O3,SEDANG
201701,2017-04-01,DKI3,45,,33,7,63,7,63,O3,SEDANG
201701,2017-04-01,DKI4,51,,26,13,87,7,87,O3,SEDANG
201701,2017-04-01,DKI5,---,,16,35,48,5,48,O3,BAIK
201702,2017-04-02,DKI1,30,,---,17,35,2,35,O3,BAIK
201702,2017-04-02,DKI2,20,,20,9,38,7,38,O3,BAIK
201702,2017-04-02,DKI3,14,,30,3,24,---,30,SO2,BAIK
201702,2017-04-02,DKI4,30,,28,3,20,3,30,PM10,BAIK
201702,2017-04-02,DKI5,6,,13,28,22,5,28,CO,BAIK
201703,2017-04-03,DKI1,37,,9,25,75,5,75,O3,SEDANG
201703,2017-04-03,DKI2,30,,17,13,---,9,30,PM10,BAIK
201703,2017-04-03,DKI3,34,,31,17,112,6,112,O3,TIDAK SEHAT
201703,2017-04-03,DKI4,43,,30,13,79,6,79,O3,SEDANG
201703,2017-04-03,DKI5,5,,19,43,88,12,88,O3,SEDANG
201704,2017-04-04,DKI1,37,,12,24,8,3,37,PM10,BAIK
201704,2017-04-04,DKI2,40,,17,24,150,19,150,O3,TIDAK SEHAT
201704,2017-04-04,DKI3,---,,---,---,---,---,0,,TIDAK ADA DATA
201704,2017-04-04,DKI4,47,,32,19,93,9,93,O3,SEDANG
201704,2017-04-04,DKI5,30,,14,41,62,12,62,O3,SEDANG
201705,2017-04-05,DKI1,49,,9,22,68,4,68,O3,SEDANG
201705,2017-04-05,DKI2,51,,21,17,67,23,67,O3,SEDANG
201705,2017-04-05,DKI3,43,,34,10,87,5,87,O3,SEDANG
201705,2017-04-05,DKI4,55,,42,13,---,10,55,PM10,SEDANG
201705,2017-04-05,DKI5,52,,14,1,96,11,96,O3,SEDANG
201706,2017-04-06,DKI1,42,,13,23,72,5,72,O3,SEDANG
201706,2017-04-06,DKI2,61,,31,25,72,17,72,O3,SEDANG
201706,2017-04-06,DKI3,65,,36,13,95,7,95,O3,SEDANG
201706,2017-04-06,DKI4,80,,47,27,---,13,80,PM10,SEDANG
201706,2017-04-06,DKI5,61,,16,41,87,14,87,O3,SEDANG
201707,2017-04-07,DKI1,35,,14,16,53,2,53,O3,SEDANG
201707,2017-04-07,DKI2,58,,28,6,45,11,58,PM10,SEDANG
201707,2017-04-07,DKI3,51,,12,3,85,6,85,O3,SEDANG
201707,2017-04-07,DKI4,65,,47,12,58,7,65,PM10,SEDANG
201707,2017-04-07,DKI5,39,,18,31,64,10,64,O3,SEDANG
201708,2017-04-08,DKI1,52,,18,18,97,7,97,O3,SEDANG
201708,2017-04-08,DKI2,54,,35,9,66,14,66,O3,SEDANG
201708,2017-04-08,DKI3,55,,12,3,104,6,104,O3,TIDAK SEHAT
201708,2017-04-08,DKI4,64,,51,11,93,5,93,O3,SEDANG
201708,2017-04-08,DKI5,52,,20,35,85,---,85,O3,SEDANG
201709,2017-04-09,DKI1,63,,19,20,110,9,110,O3,TIDAK SEHAT
201709,2017-04-09,DKI2,65,,40,11,151,15,151,O3,TIDAK SEHAT
201709,2017-04-09,DKI3,73,,14,18,157,7,157,O3,TIDAK SEHAT
201709,2017-04-09,DKI4,103,,52,18,89,11,103,PM10,TIDAK SEHAT
201709,2017-04-09,DKI5,62,,20,35,147,7,147,O3,TIDAK SEHAT
201710,2017-04-10,DKI1,53,,17,20,62,6,62,O3,SEDANG
201710,2017-04-10,DKI2,53,,50,12,60,22,60,O3,SEDANG
201710,2017-04-10,DKI3,42,,13,11,108,9,108,O3,TIDAK SEHAT
201710,2017-04-10,DKI4,56,,52,15,72,11,72,O3,SEDANG
201710,2017-04-10,DKI5,53,,19,41,78,10,78,O3,SEDANG
201711,2017-04-11,DKI1,55,,21,20,87,5,87,O3,SEDANG
201711,2017-04-11,DKI2,55,,50,10,73,14,73,O3,SEDANG
201711,2017-04-11,DKI3,65,,14,14,57,8,65,PM10,SEDANG
201711,2017-04-11,DKI4,66,,53,4,71,24,71,O3,SEDANG
201711,2017-04-11,DKI5,---,,19,34,91,6,91,O3,SEDANG
201712,2017-04-12,DKI1,27,,20,15,25,2,27,PM10,BAIK
201712,2017-04-12,DKI2,22,,50,6,29,5,50,SO2,BAIK
201712,2017-04-12,DKI3,3,,---,8,43,2,43,O3,BAIK
201712,2017-04-12,DKI4,30,,27,---,22,3,30,PM10,BAIK
201712,2017-04-12,DKI5,19,,19,25,30,---,30,O3,BAIK
201704,2017-04-13,DKI1,56,,8,26,34,5,56,PM10,SEDANG
201704,2017-04-13,DKI2,48,,24,10,65,14,65,O3,SEDANG
201704,2017-04-13,DKI3,21,,34,9,108,12,108,O3,TIDAK SEHAT
201704,2017-04-13,DKI4,43,,33,8,85,11,85,O3,SEDANG
201704,2017-04-13,DKI5,39,,14,47,71,14,71,O3,SEDANG
201704,2017-04-14,DKI1,55,,8,24,45,5,55,PM10,SEDANG
201704,2017-04-14,DKI2,50,,19,9,44,16,50,PM10,BAIK
201704,2017-04-14,DKI3,31,,34,15,81,8,81,O3,SEDANG
201704,2017-04-14,DKI4,53,,33,16,51,11,53,PM10,SEDANG
201704,2017-04-14,DKI5,53,,14,33,65,21,65,O3,SEDANG
201704,2017-04-15,DKI1,61,,9,20,45,3,61,PM10,SEDANG
201704,2017-04-15,DKI2,59,,37,16,40,10,59,PM10,SEDANG
201704,2017-04-15,DKI3,34,,34,12,82,7,82,O3,SEDANG
201704,2017-04-15,DKI4,71,,33,17,76,4,76,O3,SEDANG
201704,2017-04-15,DKI5,52,,16,36,63,11,63,O3,SEDANG
201704,2017-04-16,DKI1,73,,9,26,69,5,73,PM10,SEDANG
201704,2017-04-16,DKI2,58,,26,21,77,26,77,O3,SEDANG
201704,2017-04-16,DKI3,46,,34,17,91,6,91,O3,SEDANG
201704,2017-04-16,DKI4,64,,33,28,72,6,72,O3,SEDANG
201704,2017-04-16,DKI5,56,,15,53,72,13,72,O3,SEDANG
201704,2017-04-17,DKI1,65,,10,24,76,6,76,O3,SEDANG
201704,2017-04-17,DKI2,76,,54,24,68,15,76,PM10,SEDANG
201704,2017-04-17,DKI3,33,,38,11,92,7,92,O3,SEDANG
201704,2017-04-17,DKI4,83,,34,15,62,7,83,PM10,SEDANG
201704,2017-04-17,DKI5,66,,17,56,89,14,89,O3,SEDANG
201704,2017-04-18,DKI1,79,,7,26,86,7,86,O3,SEDANG
201704,2017-04-18,DKI2,69,,26,13,113,17,113,O3,TIDAK SEHAT
201704,2017-04-18,DKI3,55,,35,15,91,9,91,O3,SEDANG
201704,2017-04-18,DKI4,84,,33,12,73,12,84,PM10,SEDANG
201704,2017-04-18,DKI5,77,,18,62,104,22,104,O3,TIDAK SEHAT
201704,2017-04-19,DKI1,---,,---,---,---,---,0,,TIDAK ADA DATA
201704,2017-04-19,DKI2,73,,38,19,124,15,124,O3,TIDAK SEHAT
201704,2017-04-19,DKI3,58,,38,14,113,6,113,O3,TIDAK SEHAT
201704,2017-04-19,DKI4,62,,33,14,95,16,95,O3,SEDANG
201704,2017-04-19,DKI5,63,,18,60,139,16,139,O3,TIDAK SEHAT
201704,2017-04-20,DKI1,---,,---,---,---,---,0,,TIDAK ADA DATA
201704,2017-04-20,DKI2,59,,45,21,140,20,140,O3,TIDAK SEHAT
201704,2017-04-20,DKI3,28,,36,14,97,8,97,O3,SEDANG
201704,2017-04-20,DKI4,65,,33,20,76,10,76,O3,SEDANG
201704,2017-04-20,DKI5,55,,17,57,63,16,63,O3,SEDANG
201704,2017-04-21,DKI1,57,,10,24,65,7,65,O3,SEDANG
201704,2017-04-21,DKI2,58,,17,16,102,14,102,O3,TIDAK SEHAT
201704,2017-04-21,DKI3,57,,36,13,82,6,82,O3,SEDANG
201704,2017-04-21,DKI4,63,,33,18,50,9,63,PM10,SEDANG
201704,2017-04-21,DKI5,62,,16,38,127,11,127,O3,TIDAK SEHAT
201704,2017-04-22,DKI1,71,,8,31,56,6,71,PM10,SEDANG
201704,2017-04-22,DKI2,63,,17,17,50,20,63,PM10,SEDANG
201704,2017-04-22,DKI3,61,,34,10,88,10,88,O3,SEDANG
201704,2017-04-22,DKI4,71,,33,22,66,17,71,PM10,SEDANG
201704,2017-04-22,DKI5,64,,14,57,64,16,64,PM10,SEDANG
201704,2017-04-23,DKI1,53,,11,22,67,5,67,O3,SEDANG
201704,2017-04-23,DKI2,46,,20,16,55,15,55,O3,SEDANG
201704,2017-04-23,DKI3,41,,35,17,123,6,123,O3,TIDAK SEHAT
201704,2017-04-23,DKI4,55,,33,19,63,10,63,O3,SEDANG
201704,2017-04-23,DKI5,45,,16,61,93,14,93,O3,SEDANG
201704,2017-04-24,DKI1,50,,12,17,43,5,50,PM10,BAIK
201704,2017-04-24,DKI2,63,,28,17,53,19,63,PM10,SEDANG
201704,2017-04-24,DKI3,46,,36,8,95,12,95,O3,SEDANG
201704,2017-04-24,DKI4,70,,34,10,50,13,70,PM10,SEDANG
201704,2017-04-24,DKI5,44,,17,39,57,9,57,O3,SEDANG
201704,2017-04-25,DKI1,68,,10,30,35,4,68,PM10,SEDANG
201704,2017-04-25,DKI2,67,,38,27,32,16,67,PM10,SEDANG
201704,2017-04-25,DKI3,68,,35,18,82,8,82,O3,SEDANG
201704,2017-04-25,DKI4,93,,34,18,38,8,93,PM10,SEDANG
201704,2017-04-25,DKI5,60,,15,70,57,18,70,CO,SEDANG
201704,2017-04-26,DKI1,47,,10,18,44,6,47,PM10,BAIK
201704,2017-04-26,DKI2,41,,20,7,37,10,41,PM10,BAIK
201704,2017-04-26,DKI3,44,,34,9,51,7,51,O3,SEDANG
201704,2017-04-26,DKI4,57,,34,6,36,8,57,PM10,SEDANG
201704,2017-04-26,DKI5,32,,15,11,57,11,57,O3,SEDANG
201704,2017-04-27,DKI1,61,,11,33,82,6,82,O3,SEDANG
201704,2017-04-27,DKI2,54,,19,24,64,25,64,O3,SEDANG
201704,2017-04-27,DKI3,49,,34,15,65,5,65,O3,SEDANG
201704,2017-04-27,DKI4,66,,34,35,63,10,66,PM10,SEDANG
201704,2017-04-27,DKI5,53,,16,---,78,---,78,O3,SEDANG
201704,2017-04-28,DKI1,53,,10,28,51,5,53,PM10,SEDANG
201704,2017-04-28,DKI2,52,,26,16,88,24,88,O3,SEDANG
201704,2017-04-28,DKI3,47,,35,8,58,6,58,O3,SEDANG
201704,2017-04-28,DKI4,56,,34,14,63,8,63,O3,SEDANG
201704,2017-04-28,DKI5,51,,15,---,54,---,54,O3,SEDANG
201704,2017-04-29,DKI1,39,,10,17,32,2,39,PM10,BAIK
201704,2017-04-29,DKI2,51,,30,14,48,14,51,PM10,SEDANG
201704,2017-04-29,DKI3,39,,35,10,34,5,39,PM10,BAIK
201704,2017-04-29,DKI4,54,,40,9,28,10,54,PM10,SEDANG
201704,2017-04-29,DKI5,45,,15,1,---,7,45,PM10,BAIK
201704,2017-04-30,DKI1,43,,11,18,89,3,89,O3,SEDANG
201704,2017-04-30,DKI2,56,,23,17,139,14,139,O3,TIDAK SEHAT
201704,2017-04-30,DKI3,32,,35,7,76,4,76,O3,SEDANG
201704,2017-04-30,DKI4,63,,43,11,91,10,91,O3,SEDANG
201704,2017-04-30,DKI5,50,,16,1,68,9,68,O3,SEDANG
201701,2017-05-01,DKI1,29,,32,25,14,2,32,SO2,BAIK
201701,2017-05-01,DKI2,28,,16,6,57,12,57,O3,SEDANG
201701,2017-05-01,DKI3,54,,30,16,68,9,68,O3,SEDANG
201701,2017-05-01,DKI4,48,,27,16,67,9,67,O3,SEDANG
201701,2017-05-01,DKI5,---,,17,35,35,7,35,CO,BAIK
201702,2017-05-02,DKI1,22,,---,15,37,2,37,O3,BAIK
201702,2017-05-02,DKI2,21,,18,5,37,5,37,O3,BAIK
201702,2017-05-02,DKI3,---,,---,---,---,---,---,---,TIDAK ADA DATA
201702,2017-05-02,DKI4,23,,28,---,18,2,28,SO2,BAIK
201702,2017-05-02,DKI5,6,,13,26,21,3,26,CO,BAIK
201703,2017-05-03,DKI1,51,,7,24,53,4,53,O3,SEDANG
201703,2017-05-03,DKI2,47,,18,19,---,16,47,PM10,BAIK
201703,2017-05-03,DKI3,48,,32,16,107,9,107,O3,TIDAK SEHAT
201703,2017-05-03,DKI4,60,,31,20,60,12,60,PM10,SEDANG
201703,2017-05-03,DKI5,6,,16,41,56,10,56,O3,SEDANG
201704,2017-05-04,DKI1,31,,12,24,6,4,31,PM10,BAIK
201704,2017-05-04,DKI2,36,,15,18,51,15,51,O3,SEDANG
201704,2017-05-04,DKI3,48,,33,16,35,7,48,PM10,BAIK
201704,2017-05-04,DKI4,53,,32,30,41,7,53,PM10,SEDANG
201704,2017-05-04,DKI5,32,,14,38,38,12,38,CO,BAIK
201705,2017-05-05,DKI1,51,,11,23,53,4,53,O3,SEDANG
201705,2017-05-05,DKI2,49,,23,15,58,16,58,O3,SEDANG
201705,2017-05-05,DKI3,37,,34,13,94,6,94,O3,SEDANG
201705,2017-05-05,DKI4,56,,42,12,58,11,58,O3,SEDANG
201705,2017-05-05,DKI5,51,,16,1,61,13,61,O3,SEDANG
201706,2017-05-06,DKI1,36,,12,28,55,5,55,O3,SEDANG
201706,2017-05-06,DKI2,74,,50,15,61,17,74,PM10,SEDANG
201706,2017-05-06,DKI3,57,,35,9,98,7,98,O3,SEDANG
201706,2017-05-06,DKI4,82,,45,21,72,10,82,PM10,SEDANG
201706,2017-05-06,DKI5,60,,17,45,76,16,76,O3,SEDANG
201707,2017-05-07,DKI1,60,,13,18,80,6,80,O3,SEDANG
201707,2017-05-07,DKI2,64,,25,8,82,11,82,O3,SEDANG
201707,2017-05-07,DKI3,59,,11,3,84,6,84,O3,SEDANG
201707,2017-05-07,DKI4,70,,47,12,72,5,72,O3,SEDANG
201707,2017-05-07,DKI5,51,,18,29,86,14,86,O3,SEDANG
201708,2017-05-08,DKI1,62,,18,19,90,7,90,O3,SEDANG
201708,2017-05-08,DKI2,62,,39,12,88,15,88,O3,SEDANG
201708,2017-05-08,DKI3,69,,12,5,94,14,94,O3,SEDANG
201708,2017-05-08,DKI4,79,,51,19,79,4,79,PM10,SEDANG
201708,2017-05-08,DKI5,62,,21,37,69,10,69,O3,SEDANG
201709,2017-05-09,DKI1,52,,17,19,79,6,79,O3,SEDANG
201709,2017-05-09,DKI2,57,,37,8,92,12,92,O3,SEDANG
201709,2017-05-09,DKI3,65,,14,13,89,6,89,O3,SEDANG
201709,2017-05-09,DKI4,64,,52,9,64,9,64,PM10,SEDANG
201709,2017-05-09,DKI5,61,,19,---,75,---,75,O3,SEDANG
201710,2017-05-10,DKI1,60,,18,21,49,5,60,PM10,SEDANG
201710,2017-05-10,DKI2,69,,51,12,50,17,69,PM10,SEDANG
201710,2017-05-10,DKI3,53,,13,17,77,7,77,O3,SEDANG
201710,2017-05-10,DKI4,66,,52,16,50,9,66,PM10,SEDANG
201710,2017-05-10,DKI5,---,,19,40,56,9,56,O3,SEDANG
201711,2017-05-11,DKI1,64,,20,27,57,9,64,PM10,SEDANG
201711,2017-05-11,DKI2,67,,52,18,52,18,67,PM10,SEDANG
201711,2017-05-11,DKI3,53,,15,13,32,8,53,PM10,SEDANG
201711,2017-05-11,DKI4,72,,53,7,63,12,72,PM10,SEDANG
201711,2017-05-11,DKI5,---,,18,43,81,10,81,O3,SEDANG
201712,2017-05-12,DKI1,30,,19,18,29,4,30,PM10,BAIK
201712,2017-05-12,DKI2,25,,50,8,38,7,50,SO2,BAIK
201712,2017-05-12,DKI3,19,,---,13,44,4,44,O3,BAIK
201712,2017-05-12,DKI4,37,,27,7,50,6,50,O3,BAIK
201712,2017-05-12,DKI5,28,,18,27,27,4,28,PM10,BAIK
201705,2017-05-13,DKI1,59,,12,20,80,5,80,O3,SEDANG
201705,2017-05-13,DKI2,59,,24,13,70,12,70,O3,SEDANG
201705,2017-05-13,DKI3,59,,35,10,105,12,105,O3,TIDAK SEHAT
201705,2017-05-13,DKI4,70,,42,11,76,8,76,O3,SEDANG
201705,2017-05-13,DKI5,56,,17,39,80,14,80,O3,SEDANG
201705,2017-05-14,DKI1,50,,12,20,76,3,76,O3,SEDANG
201705,2017-05-14,DKI2,53,,20,8,73,22,73,O3,SEDANG
201705,2017-05-14,DKI3,60,,35,9,92,6,92,O3,SEDANG
201705,2017-05-14,DKI4,71,,41,13,67,10,71,PM10,SEDANG
201705,2017-05-14,DKI5,58,,18,38,76,13,76,O3,SEDANG
201705,2017-05-15,DKI1,20,,15,19,91,5,91,O3,SEDANG
201705,2017-05-15,DKI2,75,,43,10,61,16,75,PM10,SEDANG
201705,2017-05-15,DKI3,66,,38,13,115,11,115,O3,TIDAK SEHAT
201705,2017-05-15,DKI4,85,,46,12,83,10,85,PM10,SEDANG
201705,2017-05-15,DKI5,67,,20,41,93,14,93,O3,SEDANG
201705,2017-05-16,DKI1,53,,11,21,78,6,78,O3,SEDANG
201705,2017-05-16,DKI2,73,,26,10,67,15,73,PM10,SEDANG
201705,2017-05-16,DKI3,67,,36,13,108,7,108,O3,TIDAK SEHAT
201705,2017-05-16,DKI4,88,,44,12,93,9,93,O3,SEDANG
201705,2017-05-16,DKI5,70,,17,41,105,14,105,O3,TIDAK SEHAT
201705,2017-05-17,DKI1,60,,11,24,56,7,60,PM10,SEDANG
201705,2017-05-17,DKI2,69,,22,9,80,15,80,O3,SEDANG
201705,2017-05-17,DKI3,78,,35,14,93,11,93,O3,SEDANG
201705,2017-05-17,DKI4,102,,44,15,---,15,102,PM10,TIDAK SEHAT
201705,2017-05-17,DKI5,73,,17,46,90,19,90,O3,SEDANG
201705,2017-05-18,DKI1,56,,11,20,81,9,81,O3,SEDANG
201705,2017-05-18,DKI2,66,,19,8,73,12,73,O3,SEDANG
201705,2017-05-18,DKI3,61,,34,7,72,10,72,O3,SEDANG
201705,2017-05-18,DKI4,76,,42,8,73,7,76,PM10,SEDANG
201705,2017-05-18,DKI5,52,,17,37,124,13,124,O3,TIDAK SEHAT
201705,2017-05-19,DKI1,46,,11,23,85,7,85,O3,SEDANG
201705,2017-05-19,DKI2,67,,19,15,89,14,89,O3,SEDANG
201705,2017-05-19,DKI3,97,,35,24,120,9,120,O3,TIDAK SEHAT
201705,2017-05-19,DKI4,83,,44,15,77,9,83,PM10,SEDANG
201705,2017-05-19,DKI5,69,,18,61,126,18,126,O3,TIDAK SEHAT
201705,2017-05-20,DKI1,59,,15,18,64,6,64,O3,SEDANG
201705,2017-05-20,DKI2,76,,34,10,65,16,76,PM10,SEDANG
201705,2017-05-20,DKI3,68,,36,12,111,7,111,O3,TIDAK SEHAT
201705,2017-05-20,DKI4,91,,44,8,84,10,91,PM10,SEDANG
201705,2017-05-20,DKI5,70,,19,49,85,17,85,O3,SEDANG
201705,2017-05-21,DKI1,51,,14,19,53,3,53,O3,SEDANG
201705,2017-05-21,DKI2,58,,23,12,60,13,60,O3,SEDANG
201705,2017-05-21,DKI3,61,,36,9,89,7,89,O3,SEDANG
201705,2017-05-21,DKI4,80,,46,10,56,15,80,PM10,SEDANG
201705,2017-05-21,DKI5,53,,16,33,71,11,71,O3,SEDANG
201705,2017-05-22,DKI1,35,,14,19,53,5,53,O3,SEDANG
201705,2017-05-22,DKI2,59,,22,7,69,12,69,O3,SEDANG
201705,2017-05-22,DKI3,59,,37,7,98,9,98,O3,SEDANG
201705,2017-05-22,DKI4,65,,45,6,56,8,65,PM10,SEDANG
201705,2017-05-22,DKI5,53,,19,36,58,13,58,O3,SEDANG
201705,2017-05-23,DKI1,44,,13,21,85,11,85,O3,SEDANG
201705,2017-05-23,DKI2,64,,25,13,92,16,92,O3,SEDANG
201705,2017-05-23,DKI3,62,,35,9,88,8,88,O3,SEDANG
201705,2017-05-23,DKI4,70,,44,7,75,11,75,O3,SEDANG
201705,2017-05-23,DKI5,52,,18,36,109,15,109,O3,TIDAK SEHAT
201705,2017-05-24,DKI1,61,,17,20,82,8,82,O3,SEDANG
201705,2017-05-24,DKI2,73,,33,13,85,15,85,O3,SEDANG
201705,2017-05-24,DKI3,76,,38,11,102,11,102,O3,TIDAK SEHAT
201705,2017-05-24,DKI4,82,,44,9,---,9,82,PM10,SEDANG
201705,2017-05-24,DKI5,61,,20,40,96,16,96,O3,SEDANG
201705,2017-05-25,DKI1,69,,14,19,87,4,87,O3,SEDANG
201705,2017-05-25,DKI2,74,,28,10,69,15,74,PM10,SEDANG
201705,2017-05-25,DKI3,70,,37,8,91,5,91,O3,SEDANG
201705,2017-05-25,DKI4,95,,44,7,---,7,95,PM10,SEDANG
201705,2017-05-25,DKI5,64,,16,38,83,17,83,O3,SEDANG
201705,2017-05-26,DKI1,54,,13,20,134,9,134,O3,TIDAK SEHAT
201705,2017-05-26,DKI2,72,,35,15,151,12,151,O3,TIDAK SEHAT
201705,2017-05-26,DKI3,73,,37,11,102,7,102,O3,TIDAK SEHAT
201705,2017-05-26,DKI4,83,,45,9,---,8,83,PM10,SEDANG
201705,2017-05-26,DKI5,68,,18,46,123,14,123,O3,TIDAK SEHAT
201705,2017-05-27,DKI1,69,,14,24,79,8,79,O3,SEDANG
201705,2017-05-27,DKI2,78,,31,11,105,16,105,O3,TIDAK SEHAT
201705,2017-05-27,DKI3,78,,37,9,164,9,164,O3,TIDAK SEHAT
201705,2017-05-27,DKI4,107,,46,---,98,18,107,PM10,TIDAK SEHAT
201705,2017-05-27,DKI5,73,,20,44,118,18,118,O3,TIDAK SEHAT
201705,2017-05-28,DKI1,58,,15,16,65,4,65,O3,SEDANG
201705,2017-05-28,DKI2,59,,27,6,51,11,59,PM10,SEDANG
201705,2017-05-28,DKI3,61,,38,6,79,5,79,O3,SEDANG
201705,2017-05-28,DKI4,63,,46,---,62,7,63,PM10,SEDANG
201705,2017-05-28,DKI5,55,,20,33,72,13,72,O3,SEDANG
201705,2017-05-29,DKI1,36,,12,20,31,3,36,PM10,BAIK
201705,2017-05-29,DKI2,53,,37,8,30,7,53,PM10,SEDANG
201705,2017-05-29,DKI3,59,,35,6,62,5,62,O3,SEDANG
201705,2017-05-29,DKI4,63,,43,13,---,5,63,PM10,SEDANG
201705,2017-05-29,DKI5,55,,18,34,40,10,55,PM10,SEDANG
201705,2017-05-30,DKI1,61,,18,23,29,3,61,PM10,SEDANG
201705,2017-05-30,DKI2,56,,27,18,39,15,56,PM10,SEDANG
201705,2017-05-30,DKI3,57,,38,10,52,6,57,PM10,SEDANG
201705,2017-05-30,DKI4,62,,48,18,---,8,62,PM10,SEDANG
201705,2017-05-30,DKI5,52,,22,40,37,15,52,PM10,SEDANG
201705,2017-05-31,DKI1,56,,15,17,26,3,56,PM10,SEDANG
201705,2017-05-31,DKI2,51,,26,12,31,12,51,PM10,SEDANG
201705,2017-05-31,DKI3,51,,37,6,56,8,56,O3,SEDANG
201705,2017-05-31,DKI4,56,,45,11,---,6,56,PM10,SEDANG
201705,2017-05-31,DKI5,37,,21,31,31,15,37,PM10,BAIK
201701,2017-06-01,DKI1,21,,31,24,18,2,31,SO2,BAIK
201701,2017-06-01,DKI2,29,,17,11,62,13,62,O3,SEDANG
201701,2017-06-01,DKI3,34,,30,9,65,8,65,O3,SEDANG
201701,2017-06-01,DKI4,38,,26,10,64,7,64,O3,SEDANG
201701,2017-06-01,DKI5,---,,17,34,41,6,41,O3,BAIK
201702,2017-06-02,DKI1,25,,---,16,26,1,26,O3,BAIK
201702,2017-06-02,DKI2,22,,18,6,34,7,34,O3,BAIK
201702,2017-06-02,DKI3,---,,---,---,---,---,---,---,TIDAK ADA DATA
201702,2017-06-02,DKI4,17,,28,---,18,2,28,SO2,BAIK
201702,2017-06-02,DKI5,3,,13,26,16,2,26,CO,BAIK
201703,2017-06-03,DKI1,42,,8,19,44,3,44,O3,BAIK
201703,2017-06-03,DKI2,30,,15,10,60,12,60,O3,SEDANG
201703,2017-06-03,DKI3,47,,32,10,63,5,63,O3,SEDANG
201703,2017-06-03,DKI4,52,,30,8,58,7,58,O3,SEDANG
201703,2017-06-03,DKI5,5,,18,38,47,11,47,O3,BAIK
201704,2017-06-04,DKI1,33,,10,16,6,2,33,PM10,BAIK
201704,2017-06-04,DKI2,23,,15,7,25,6,25,O3,BAIK
201704,2017-06-04,DKI3,16,,33,4,28,2,33,SO2,BAIK
201704,2017-06-04,DKI4,23,,32,4,18,3,32,SO2,BAIK
201704,2017-06-04,DKI5,14,,15,26,17,5,26,CO,BAIK
201705,2017-06-05,DKI1,49,,10,22,31,5,49,PM10,BAIK
201705,2017-06-05,DKI2,56,,48,15,44,20,56,PM10,SEDANG
201705,2017-06-05,DKI3,45,,35,14,71,11,71,O3,SEDANG
201705,2017-06-05,DKI4,48,,40,12,---,9,48,PM10,BAIK
201705,2017-06-05,DKI5,50,,18,1,44,16,50,PM10,BAIK
201706,2017-06-06,DKI1,31,,12,19,63,6,63,O3,SEDANG
201706,2017-06-06,DKI2,50,,---,---,---,---,50,PM10,BAIK
201706,2017-06-06,DKI3,49,,36,6,84,6,84,O3,SEDANG
201706,2017-06-06,DKI4,53,,44,16,65,13,65,O3,SEDANG
201706,2017-06-06,DKI5,36,,16,37,76,15,76,O3,SEDANG
201707,2017-06-07,DKI1,49,,14,19,90,7,90,O3,SEDANG
201707,2017-06-07,DKI2,57,,30,8,87,18,87,O3,SEDANG
201707,2017-06-07,DKI3,55,,11,5,93,6,93,O3,SEDANG
201707,2017-06-07,DKI4,59,,49,11,87,7,87,O3,SEDANG
201707,2017-06-07,DKI5,53,,17,33,93,15,93,O3,SEDANG
201708,2017-06-08,DKI1,61,,18,19,90,5,90,O3,SEDANG
201708,2017-06-08,DKI2,67,,39,10,84,13,84,O3,SEDANG
201708,2017-06-08,DKI3,66,,12,2,116,9,116,O3,TIDAK SEHAT
201708,2017-06-08,DKI4,81,,51,19,80,4,81,PM10,SEDANG
201708,2017-06-08,DKI5,61,,20,39,60,8,61,PM10,SEDANG
201709,2017-06-09,DKI1,57,,17,19,57,4,57,PM10,SEDANG
201709,2017-06-09,DKI2,60,,37,11,56,19,60,PM10,SEDANG
201709,2017-06-09,DKI3,46,,13,14,88,5,88,O3,SEDANG
201709,2017-06-09,DKI4,66,,51,18,55,12,66,PM10,SEDANG
201709,2017-06-09,DKI5,54,,18,39,62,10,62,O3,SEDANG
201710,2017-06-10,DKI1,48,,20,16,36,4,48,PM10,BAIK
201710,2017-06-10,DKI2,55,,46,6,41,13,55,PM10,SEDANG
201710,2017-06-10,DKI3,53,,13,15,87,8,87,O3,SEDANG
201710,2017-06-10,DKI4,62,,52,8,56,8,62,PM10,SEDANG
201710,2017-06-10,DKI5,---,,21,40,51,9,51,O3,SEDANG
201711,2017-06-11,DKI1,32,,17,16,49,3,49,O3,BAIK
201711,2017-06-11,DKI2,43,,50,8,39,12,50,SO2,BAIK
201711,2017-06-11,DKI3,52,,14,22,21,7,52,PM10,SEDANG
201711,2017-06-11,DKI4,54,,53,---,---,7,54,PM10,SEDANG
201711,2017-06-11,DKI5,---,,18,32,62,8,62,O3,SEDANG
201712,2017-06-12,DKI1,28,,20,19,78,6,78,O3,SEDANG
201712,2017-06-12,DKI2,37,,51,10,95,21,95,O3,SEDANG
201712,2017-06-12,DKI3,12,,---,12,61,3,61,O3,SEDANG
201712,2017-06-12,DKI4,43,,28,6,86,7,86,O3,SEDANG
201712,2017-06-12,DKI5,31,,19,29,49,6,49,O3,BAIK
201706,2017-06-13,DKI1,54,,14,23,70,6,70,O3,SEDANG
201706,2017-06-13,DKI2,69,,38,15,54,13,69,PM10,SEDANG
201706,2017-06-13,DKI3,77,,36,13,67,7,77,PM10,SEDANG
201706,2017-06-13,DKI4,84,,46,23,---,11,84,PM10,SEDANG
201706,2017-06-13,DKI5,60,,18,46,90,17,90,O3,SEDANG
201706,2017-06-14,DKI1,54,,12,20,49,7,54,PM10,SEDANG
201706,2017-06-14,DKI2,53,,26,16,87,19,87,O3,SEDANG
201706,2017-06-14,DKI3,55,,35,8,96,7,96,O3,SEDANG
201706,2017-06-14,DKI4,54,,44,16,---,11,54,PM10,SEDANG
201706,2017-06-14,DKI5,48,,17,34,61,14,61,O3,SEDANG
201706,2017-06-15,DKI1,51,,13,20,44,5,51,PM10,SEDANG
201706,2017-06-15,DKI2,67,,26,11,54,14,67,PM10,SEDANG
201706,2017-06-15,DKI3,64,,36,9,72,7,72,O3,SEDANG
201706,2017-06-15,DKI4,74,,47,17,---,9,74,PM10,SEDANG
201706,2017-06-15,DKI5,54,,20,35,62,13,62,O3,SEDANG
201706,2017-06-16,DKI1,50,,16,18,32,2,50,PM10,BAIK
201706,2017-06-16,DKI2,57,,25,7,44,9,57,PM10,SEDANG
201706,2017-06-16,DKI3,61,,35,16,46,6,61,PM10,SEDANG
201706,2017-06-16,DKI4,74,,47,19,---,6,74,PM10,SEDANG
201706,2017-06-16,DKI5,51,,20,38,29,15,51,PM10,SEDANG
201706,2017-06-17,DKI1,42,,15,18,55,3,55,O3,SEDANG
201706,2017-06-17,DKI2,59,,26,6,48,13,59,PM10,SEDANG
201706,2017-06-17,DKI3,61,,---,7,85,6,85,O3,SEDANG
201706,2017-06-17,DKI4,67,,48,12,63,7,67,PM10,SEDANG
201706,2017-06-17,DKI5,44,,21,31,65,16,65,O3,SEDANG
201706,2017-06-18,DKI1,51,,12,24,67,3,67,O3,SEDANG
201706,2017-06-18,DKI2,50,,23,12,93,12,93,O3,SEDANG
201706,2017-06-18,DKI3,51,,---,6,73,4,73,O3,SEDANG
201706,2017-06-18,DKI4,55,,44,20,70,9,70,O3,SEDANG
201706,2017-06-18,DKI5,50,,16,38,61,14,61,O3,SEDANG
201706,2017-06-19,DKI1,34,,14,21,84,4,84,O3,SEDANG
201706,2017-06-19,DKI2,55,,33,10,120,12,120,O3,TIDAK SEHAT
201706,2017-06-19,DKI3,40,,---,4,69,4,69,O3,SEDANG
201706,2017-06-19,DKI4,65,,47,15,81,7,81,O3,SEDANG
201706,2017-06-19,DKI5,42,,17,35,69,15,69,O3,SEDANG
201706,2017-06-20,DKI1,52,,17,18,63,7,63,O3,SEDANG
201706,2017-06-20,DKI2,54,,29,6,140,11,140,O3,TIDAK SEHAT
201706,2017-06-20,DKI3,57,,---,7,94,14,94,O3,SEDANG
201706,2017-06-20,DKI4,66,,49,13,95,8,95,O3,SEDANG
201706,2017-06-20,DKI5,48,,20,37,90,14,90,O3,SEDANG
201706,2017-06-21,DKI1,63,,19,21,65,4,65,O3,SEDANG
201706,2017-06-21,DKI2,67,,35,12,51,15,67,PM10,SEDANG
201706,2017-06-21,DKI3,73,,---,15,83,8,83,O3,SEDANG
201706,2017-06-21,DKI4,78,,48,20,---,8,78,PM10,SEDANG
201706,2017-06-21,DKI5,61,,20,51,60,15,61,PM10,SEDANG
201706,2017-06-22,DKI1,58,,17,29,36,4,58,PM10,SEDANG
201706,2017-06-22,DKI2,68,,27,15,49,14,68,PM10,SEDANG
201706,2017-06-22,DKI3,82,,---,18,71,10,82,PM10,SEDANG
201706,2017-06-22,DKI4,91,,48,23,---,8,91,PM10,SEDANG
201706,2017-06-22,DKI5,84,,19,73,47,22,84,PM10,SEDANG
201706,2017-06-23,DKI1,60,,18,27,40,4,60,PM10,SEDANG
201706,2017-06-23,DKI2,76,,34,17,38,12,76,PM10,SEDANG
201706,2017-06-23,DKI3,84,,12,8,70,8,84,PM10,SEDANG
201706,2017-06-23,DKI4,109,,46,25,---,6,109,PM10,TIDAK SEHAT
201706,2017-06-23,DKI5,70,,20,47,54,17,70,PM10,SEDANG
201706,2017-06-24,DKI1,40,,14,19,30,2,40,PM10,BAIK
201706,2017-06-24,DKI2,56,,30,6,36,7,56,PM10,SEDANG
201706,2017-06-24,DKI3,58,,12,4,48,5,58,PM10,SEDANG
201706,2017-06-24,DKI4,60,,46,13,---,5,60,PM10,SEDANG
201706,2017-06-24,DKI5,52,,18,33,36,9,52,PM10,SEDANG
201706,2017-06-25,DKI1,55,,15,27,31,2,55,PM10,SEDANG
201706,2017-06-25,DKI2,46,,30,17,34,10,46,PM10,BAIK
201706,2017-06-25,DKI3,61,,12,13,49,5,61,PM10,SEDANG
201706,2017-06-25,DKI4,66,,47,29,---,4,66,PM10,SEDANG
201706,2017-06-25,DKI5,54,,18,56,35,8,56,CO,SEDANG
201706,2017-06-26,DKI1,12,,12,14,29,1,29,O3,BAIK
201706,2017-06-26,DKI2,21,,23,---,34,4,34,O3,BAIK
201706,2017-06-26,DKI3,23,,11,2,43,3,43,O3,BAIK
201706,2017-06-26,DKI4,22,,44,8,29,3,44,SO2,BAIK
201706,2017-06-26,DKI5,15,,16,26,35,4,35,O3,BAIK
201706,2017-06-27,DKI1,20,,11,15,33,2,33,O3,BAIK
201706,2017-06-27,DKI2,18,,28,5,34,4,34,O3,BAIK
201706,2017-06-27,DKI3,18,,11,2,51,4,51,O3,SEDANG
201706,2017-06-27,DKI4,20,,44,7,35,3,44,SO2,BAIK
201706,2017-06-27,DKI5,13,,15,24,44,5,44,O3,BAIK
201706,2017-06-28,DKI1,28,,13,25,33,3,33,O3,BAIK
201706,2017-06-28,DKI2,44,,28,21,36,10,44,PM10,BAIK
201706,2017-06-28,DKI3,37,,11,12,68,7,68,O3,SEDANG
201706,2017-06-28,DKI4,57,,44,27,---,6,57,PM10,SEDANG
201706,2017-06-28,DKI5,39,,17,53,45,14,53,CO,SEDANG
201706,2017-06-29,DKI1,33,,12,19,46,3,46,O3,BAIK
201706,2017-06-29,DKI2,29,,30,10,46,8,46,O3,BAIK
201706,2017-06-29,DKI3,30,,11,6,73,5,73,O3,SEDANG
201706,2017-06-29,DKI4,42,,44,13,---,5,44,SO2,BAIK
201706,2017-06-29,DKI5,27,,16,30,59,10,59,O3,SEDANG
201706,2017-06-30,DKI1,29,,11,16,57,3,57,O3,SEDANG
201706,2017-06-30,DKI2,24,,24,8,63,6,63,O3,SEDANG
201706,2017-06-30,DKI3,22,,11,2,49,6,49,O3,BAIK
201706,2017-06-30,DKI4,28,,44,8,36,4,44,SO2,BAIK
201706,2017-06-30,DKI5,20,,15,25,50,6,50,O3,BAIK
201701,2017-07-01,DKI1,30,,32,22,17,3,32,SO2,BAIK
201701,2017-07-01,DKI2,31,,18,11,55,20,55,O3,SEDANG
201701,2017-07-01,DKI3,48,,31,5,62,4,62,O3,SEDANG
201701,2017-07-01,DKI4,32,,26,11,67,5,67,O3,SEDANG
201701,2017-07-01,DKI5,---,,17,34,39,5,39,O3,BAIK
201702,2017-07-02,DKI1,39,,6,20,22,2,39,PM10,BAIK
201702,2017-07-02,DKI2,25,,19,6,33,8,33,O3,BAIK
201702,2017-07-02,DKI3,---,,---,---,---,---,---,---,TIDAK ADA DATA
201702,2017-07-02,DKI4,31,,28,8,30,4,31,PM10,BAIK
201702,2017-07-02,DKI5,7,,15,34,22,8,34,CO,BAIK
201703,2017-07-03,DKI1,41,,10,22,42,4,42,O3,BAIK
201703,2017-07-03,DKI2,31,,18,9,55,12,55,O3,SEDANG
201703,2017-07-03,DKI3,49,,32,16,69,10,69,O3,SEDANG
201703,2017-07-03,DKI4,52,,30,11,53,9,53,O3,SEDANG
201703,2017-07-03,DKI5,4,,18,37,44,15,44,O3,BAIK
201704,2017-07-04,DKI1,40,,12,17,57,3,57,O3,SEDANG
201704,2017-07-04,DKI2,27,,17,8,45,14,45,O3,BAIK
201704,2017-07-04,DKI3,24,,33,4,33,2,33,SO2,BAIK
201704,2017-07-04,DKI4,28,,32,5,25,3,32,SO2,BAIK
201704,2017-07-04,DKI5,20,,16,---,30,---,30,O3,BAIK
201705,2017-07-05,DKI1,53,,8,26,48,6,53,PM10,SEDANG
201705,2017-07-05,DKI2,49,,21,21,56,14,56,O3,SEDANG
201705,2017-07-05,DKI3,42,,35,17,74,8,74,O3,SEDANG
201705,2017-07-05,DKI4,53,,40,15,---,9,53,PM10,SEDANG
201705,2017-07-05,DKI5,46,,14,1,70,15,70,O3,SEDANG
201706,2017-07-06,DKI1,41,,16,18,32,4,41,PM10,BAIK
201706,2017-07-06,DKI2,54,,25,7,42,14,54,PM10,SEDANG
201706,2017-07-06,DKI3,54,,38,6,95,8,95,O3,SEDANG
201706,2017-07-06,DKI4,60,,48,12,51,7,60,PM10,SEDANG
201706,2017-07-06,DKI5,42,,22,36,43,14,43,O3,BAIK
201707,2017-07-07,DKI1,66,,16,21,141,7,141,O3,TIDAK SEHAT
201707,2017-07-07,DKI2,76,,30,13,143,14,143,O3,TIDAK SEHAT
201707,2017-07-07,DKI3,118,,12,10,93,11,118,PM10,TIDAK SEHAT
201707,2017-07-07,DKI4,89,,49,19,---,8,89,PM10,SEDANG
201707,2017-07-07,DKI5,65,,22,45,121,18,121,O3,TIDAK SEHAT
201708,2017-07-08,DKI1,68,,19,18,59,6,68,PM10,SEDANG
201708,2017-07-08,DKI2,71,,34,9,60,15,71,PM10,SEDANG
201708,2017-07-08,DKI3,84,,12,3,94,9,94,O3,SEDANG
201708,2017-07-08,DKI4,85,,50,20,56,3,85,PM10,SEDANG
201708,2017-07-08,DKI5,72,,22,40,49,11,72,PM10,SEDANG
201709,2017-07-09,DKI1,59,,20,16,50,3,59,PM10,SEDANG
201709,2017-07-09,DKI2,59,,40,5,59,16,59,PM10,SEDANG
201709,2017-07-09,DKI3,68,,13,30,74,7,74,O3,SEDANG
201709,2017-07-09,DKI4,68,,51,13,51,11,68,PM10,SEDANG
201709,2017-07-09,DKI5,---,,21,37,45,12,45,O3,BAIK
201710,2017-07-10,DKI1,52,,17,20,82,4,82,O3,SEDANG
201710,2017-07-10,DKI2,55,,43,14,81,14,81,O3,SEDANG
201710,2017-07-10,DKI3,52,,14,15,134,5,134,O3,TIDAK SEHAT
201710,2017-07-10,DKI4,71,,52,17,76,9,76,O3,SEDANG
201710,2017-07-10,DKI5,---,,18,39,99,7,99,O3,SEDANG
201711,2017-07-11,DKI1,37,,17,19,12,3,37,PM10,BAIK
201711,2017-07-11,DKI2,36,,52,9,25,9,52,SO2,SEDANG
201711,2017-07-11,DKI3,32,,15,16,56,10,56,O3,SEDANG
201711,2017-07-11,DKI4,51,,53,6,---,10,53,SO2,SEDANG
201711,2017-07-11,DKI5,---,,18,31,40,11,40,O3,BAIK
201712,2017-07-12,DKI1,35,,22,19,40,4,40,O3,BAIK
201712,2017-07-12,DKI2,43,,51,10,54,21,54,O3,SEDANG
201712,2017-07-12,DKI3,16,,14,13,77,5,77,O3,SEDANG
201712,2017-07-12,DKI4,41,,31,5,66,8,66,O3,SEDANG
201712,2017-07-12,DKI5,32,,22,29,52,7,52,O3,SEDANG
201707,2017-07-13,DKI1,37,,16,23,103,5,103,O3,TIDAK SEHAT
201707,2017-07-13,DKI2,55,,29,12,94,12,94,O3,SEDANG
201707,2017-07-13,DKI3,51,,12,3,123,5,123,O3,TIDAK SEHAT
201707,2017-07-13,DKI4,57,,50,16,---,9,57,PM10,SEDANG
201707,2017-07-13,DKI5,52,,20,39,107,18,107,O3,TIDAK SEHAT
201707,2017-07-14,DKI1,45,,18,22,71,5,71,O3,SEDANG
201707,2017-07-14,DKI2,68,,30,14,79,15,79,O3,SEDANG
201707,2017-07-14,DKI3,62,,12,4,143,7,143,O3,TIDAK SEHAT
201707,2017-07-14,DKI4,78,,51,21,80,10,80,O3,SEDANG
201707,2017-07-14,DKI5,59,,23,39,94,15,94,O3,SEDANG
201707,2017-07-15,DKI1,40,,17,22,45,5,45,O3,BAIK
201707,2017-07-15,DKI2,73,,30,18,47,16,73,PM10,SEDANG
201707,2017-07-15,DKI3,71,,12,11,72,10,72,O3,SEDANG
201707,2017-07-15,DKI4,71,,49,29,46,7,71,PM10,SEDANG
201707,2017-07-15,DKI5,67,,20,52,46,19,67,PM10,SEDANG
201707,2017-07-16,DKI1,51,,16,21,69,4,69,O3,SEDANG
201707,2017-07-16,DKI2,67,,31,16,90,16,90,O3,SEDANG
201707,2017-07-16,DKI3,67,,12,10,94,8,94,O3,SEDANG
201707,2017-07-16,DKI4,73,,49,32,70,9,73,PM10,SEDANG
201707,2017-07-16,DKI5,60,,20,44,69,19,69,O3,SEDANG
201707,2017-07-17,DKI1,38,,16,19,96,6,96,O3,SEDANG
201707,2017-07-17,DKI2,58,,35,11,120,14,120,O3,TIDAK SEHAT
201707,2017-07-17,DKI3,56,,12,4,97,9,97,O3,SEDANG
201707,2017-07-17,DKI4,70,,50,10,83,6,83,O3,SEDANG
201707,2017-07-17,DKI5,51,,19,35,109,10,109,O3,TIDAK SEHAT
201707,2017-07-18,DKI1,59,,18,26,97,7,97,O3,SEDANG
201707,2017-07-18,DKI2,76,,33,20,80,21,80,O3,SEDANG
201707,2017-07-18,DKI3,65,,12,14,114,13,114,O3,TIDAK SEHAT
201707,2017-07-18,DKI4,94,,51,27,77,13,94,PM10,SEDANG
201707,2017-07-18,DKI5,72,,20,48,87,20,87,O3,SEDANG
201707,2017-07-19,DKI1,86,,20,22,122,9,122,O3,TIDAK SEHAT
201707,2017-07-19,DKI2,87,,37,16,95,19,95,O3,SEDANG
201707,2017-07-19,DKI3,78,,12,5,111,10,111,O3,TIDAK SEHAT
201707,2017-07-19,DKI4,89,,51,20,76,7,89,PM10,SEDANG
201707,2017-07-19,DKI5,69,,25,41,153,15,153,O3,TIDAK SEHAT
201707,2017-07-20,DKI1,53,,15,24,50,7,53,PM10,SEDANG
201707,2017-07-20,DKI2,67,,39,12,62,12,67,PM10,SEDANG
201707,2017-07-20,DKI3,68,,12,4,122,15,122,O3,TIDAK SEHAT
201707,2017-07-20,DKI4,76,,49,22,86,6,86,O3,SEDANG
201707,2017-07-20,DKI5,57,,19,39,86,19,86,O3,SEDANG
201707,2017-07-21,DKI1,43,,13,23,95,5,95,O3,SEDANG
201707,2017-07-21,DKI2,58,,32,11,145,21,145,O3,TIDAK SEHAT
201707,2017-07-21,DKI3,54,,12,3,97,10,97,O3,SEDANG
201707,2017-07-21,DKI4,66,,48,22,122,12,122,O3,TIDAK SEHAT
201707,2017-07-21,DKI5,44,,16,32,98,12,98,O3,SEDANG
201707,2017-07-22,DKI1,49,,17,23,77,9,77,O3,SEDANG
201707,2017-07-22,DKI2,67,,36,11,94,16,94,O3,SEDANG
201707,2017-07-22,DKI3,54,,12,4,155,8,155,O3,TIDAK SEHAT
201707,2017-07-22,DKI4,71,,50,19,108,6,108,O3,TIDAK SEHAT
201707,2017-07-22,DKI5,52,,18,39,94,19,94,O3,SEDANG
201707,2017-07-23,DKI1,45,,14,20,64,4,64,O3,SEDANG
201707,2017-07-23,DKI2,57,,31,11,51,13,57,PM10,SEDANG
201707,2017-07-23,DKI3,54,,12,---,91,6,91,O3,SEDANG
201707,2017-07-23,DKI4,67,,49,14,70,6,70,O3,SEDANG
201707,2017-07-23,DKI5,50,,17,33,77,14,77,O3,SEDANG
201707,2017-07-24,DKI1,46,,13,25,82,5,82,O3,SEDANG
201707,2017-07-24,DKI2,68,,38,21,70,19,70,O3,SEDANG
201707,2017-07-24,DKI3,57,,12,---,91,7,91,O3,SEDANG
201707,2017-07-24,DKI4,75,,50,21,86,8,86,O3,SEDANG
201707,2017-07-24,DKI5,50,,16,40,94,16,94,O3,SEDANG
201707,2017-07-25,DKI1,48,,16,20,56,6,56,O3,SEDANG
201707,2017-07-25,DKI2,58,,32,9,65,11,65,O3,SEDANG
201707,2017-07-25,DKI3,56,,12,---,108,8,108,O3,TIDAK SEHAT
201707,2017-07-25,DKI4,71,,50,14,---,7,71,PM10,SEDANG
201707,2017-07-25,DKI5,50,,18,35,75,17,75,O3,SEDANG
201707,2017-07-26,DKI1,50,,19,19,76,5,76,O3,SEDANG
201707,2017-07-26,DKI2,68,,44,10,61,11,68,PM10,SEDANG
201707,2017-07-26,DKI3,57,,12,4,94,8,94,O3,SEDANG
201707,2017-07-26,DKI4,70,,51,17,59,7,70,PM10,SEDANG
201707,2017-07-26,DKI5,48,,21,42,60,18,60,O3,SEDANG
201707,2017-07-27,DKI1,50,,17,20,85,10,85,O3,SEDANG
201707,2017-07-27,DKI2,65,,34,9,112,15,112,O3,TIDAK SEHAT
201707,2017-07-27,DKI3,52,,12,4,96,7,96,O3,SEDANG
201707,2017-07-27,DKI4,63,,50,15,69,7,69,O3,SEDANG
201707,2017-07-27,DKI5,55,,19,38,118,15,118,O3,TIDAK SEHAT
201707,2017-07-28,DKI1,57,,16,20,70,9,70,O3,SEDANG
201707,2017-07-28,DKI2,58,,32,7,84,15,84,O3,SEDANG
201707,2017-07-28,DKI3,48,,12,2,94,8,94,O3,SEDANG
201707,2017-07-28,DKI4,56,,50,13,58,4,58,O3,SEDANG
201707,2017-07-28,DKI5,53,,19,35,90,12,90,O3,SEDANG
201707,2017-07-29,DKI1,38,,16,18,55,5,55,O3,SEDANG
201707,2017-07-29,DKI2,44,,30,---,45,12,45,O3,BAIK
201707,2017-07-29,DKI3,33,,12,2,71,3,71,O3,SEDANG
201707,2017-07-29,DKI4,50,,50,13,48,5,50,PM10,BAIK
201707,2017-07-29,DKI5,32,,17,31,56,10,56,O3,SEDANG
201707,2017-07-30,DKI1,55,,15,24,87,5,87,O3,SEDANG
201707,2017-07-30,DKI2,61,,37,20,66,17,66,O3,SEDANG
201707,2017-07-30,DKI3,36,,12,1,83,5,83,O3,SEDANG
201707,2017-07-30,DKI4,---,,---,---,---,---,0,,TIDAK ADA DATA
201707,2017-07-30,DKI5,42,,17,38,88,14,88,O3,SEDANG
201707,2017-07-31,DKI1,48,,14,19,74,4,74,O3,SEDANG
201707,2017-07-31,DKI2,51,,30,---,123,12,123,O3,TIDAK SEHAT
201707,2017-07-31,DKI3,53,,12,---,91,7,91,O3,SEDANG
201707,2017-07-31,DKI4,---,,---,---,---,---,0,,TIDAK ADA DATA
201707,2017-07-31,DKI5,41,,17,32,77,9,77,O3,SEDANG
201701,2017-08-01,DKI1,29,,33,17,19,2,33,SO2,BAIK
201701,2017-08-01,DKI2,28,,19,7,52,14,52,O3,SEDANG
201701,2017-08-01,DKI3,37,,31,10,52,5,52,O3,SEDANG
201701,2017-08-01,DKI4,43,,28,14,54,5,54,O3,SEDANG
201701,2017-08-01,DKI5,---,,17,36,37,6,37,O3,BAIK
201702,2017-08-02,DKI1,28,,6,19,23,3,28,PM10,BAIK
201702,2017-08-02,DKI2,25,,19,---,28,12,28,O3,BAIK
201702,2017-08-02,DKI3,26,,31,4,33,---,33,O3,BAIK
201702,2017-08-02,DKI4,25,,29,4,26,5,29,SO2,BAIK
201702,2017-08-02,DKI5,6,,16,30,26,6,30,CO,BAIK
201703,2017-08-03,DKI1,25,,7,22,84,4,84,O3,SEDANG
201703,2017-08-03,DKI2,30,,18,16,67,26,67,O3,SEDANG
201703,2017-08-03,DKI3,30,,32,12,58,7,58,O3,SEDANG
201703,2017-08-03,DKI4,40,,31,11,82,11,82,O3,SEDANG
201703,2017-08-03,DKI5,5,,15,40,71,16,71,O3,SEDANG
201704,2017-08-04,DKI1,17,,8,16,38,1,38,O3,BAIK
201704,2017-08-04,DKI2,23,,15,6,24,6,24,O3,BAIK
201704,2017-08-04,DKI3,16,,32,3,25,---,32,SO2,BAIK
201704,2017-08-04,DKI4,20,,32,5,20,3,32,SO2,BAIK
201704,2017-08-04,DKI5,17,,14,17,17,4,17,PM10,BAIK
201705,2017-08-05,DKI1,55,,10,27,52,3,55,PM10,SEDANG
201705,2017-08-05,DKI2,53,,20,20,47,13,53,PM10,SEDANG
201705,2017-08-05,DKI3,45,,35,16,83,8,83,O3,SEDANG
201705,2017-08-05,DKI4,50,,41,17,53,9,53,O3,SEDANG
201705,2017-08-05,DKI5,52,,15,1,63,20,63,O3,SEDANG
201706,2017-08-06,DKI1,38,,21,18,31,3,38,PM10,BAIK
201706,2017-08-06,DKI2,62,,27,7,34,12,62,PM10,SEDANG
201706,2017-08-06,DKI3,57,,39,9,59,7,59,O3,SEDANG
201706,2017-08-06,DKI4,68,,49,15,---,10,68,PM10,SEDANG
201706,2017-08-06,DKI5,44,,24,32,32,16,44,PM10,BAIK
201707,2017-08-07,DKI1,79,,17,28,94,6,94,O3,SEDANG
201707,2017-08-07,DKI2,83,,29,25,108,22,108,O3,TIDAK SEHAT
201707,2017-08-07,DKI3,98,,12,8,92,9,98,PM10,SEDANG
201707,2017-08-07,DKI4,93,,48,31,79,11,93,PM10,SEDANG
201707,2017-08-07,DKI5,79,,19,70,103,25,103,O3,TIDAK SEHAT
201708,2017-08-08,DKI1,60,,21,19,85,6,85,O3,SEDANG
201708,2017-08-08,DKI2,74,,40,8,74,14,74,PM10,SEDANG
201708,2017-08-08,DKI3,69,,13,---,133,9,133,O3,TIDAK SEHAT
201708,2017-08-08,DKI4,---,,51,19,83,6,83,O3,SEDANG
201708,2017-08-08,DKI5,59,,22,38,89,15,89,O3,SEDANG
201709,2017-08-09,DKI1,54,,20,16,72,3,72,O3,SEDANG
201709,2017-08-09,DKI2,69,,49,5,59,15,69,PM10,SEDANG
201709,2017-08-09,DKI3,64,,14,14,79,7,79,O3,SEDANG
201709,2017-08-09,DKI4,78,,52,11,56,12,78,PM10,SEDANG
201709,2017-08-09,DKI5,57,,22,26,64,8,64,O3,SEDANG
201710,2017-08-10,DKI1,39,,18,19,41,4,41,O3,BAIK
201710,2017-08-10,DKI2,43,,44,10,56,14,56,O3,SEDANG
201710,2017-08-10,DKI3,41,,15,11,97,6,97,O3,SEDANG
201710,2017-08-10,DKI4,66,,52,10,57,9,66,PM10,SEDANG
201710,2017-08-10,DKI5,---,,18,---,64,---,64,O3,SEDANG
201711,2017-08-11,DKI1,53,,19,27,43,5,53,PM10,SEDANG
201711,2017-08-11,DKI2,57,,52,22,39,20,57,PM10,SEDANG
201711,2017-08-11,DKI3,36,,14,21,34,10,36,PM10,BAIK
201711,2017-08-11,DKI4,57,,53,18,49,9,57,PM10,SEDANG
201711,2017-08-11,DKI5,---,,19,47,65,17,65,O3,SEDANG
201712,2017-08-12,DKI1,---,,---,---,---,---,0,,TIDAK ADA DATA
201712,2017-08-12,DKI2,30,,51,7,30,19,51,SO2,SEDANG
201712,2017-08-12,DKI3,10,,14,8,77,3,77,O3,SEDANG
201712,2017-08-12,DKI4,41,,29,---,63,6,63,O3,SEDANG
201712,2017-08-12,DKI5,23,,22,27,46,4,46,O3,BAIK
201708,2017-08-13,DKI1,56,,16,18,56,3,56,PM10,SEDANG
201708,2017-08-13,DKI2,60,,34,9,67,9,67,O3,SEDANG
201708,2017-08-13,DKI3,62,,12,14,101,5,101,O3,TIDAK SEHAT
201708,2017-08-13,DKI4,69,,51,15,62,1,69,PM10,SEDANG
201708,2017-08-13,DKI5,59,,18,28,45,7,59,PM10,SEDANG
201708,2017-08-14,DKI1,58,,15,25,118,5,118,O3,TIDAK SEHAT
201708,2017-08-14,DKI2,66,,34,15,112,18,112,O3,TIDAK SEHAT
201708,2017-08-14,DKI3,68,,12,17,104,5,104,O3,TIDAK SEHAT
201708,2017-08-14,DKI4,80,,51,21,94,5,94,O3,SEDANG
201708,2017-08-14,DKI5,68,,17,35,112,10,112,O3,TIDAK SEHAT
201708,2017-08-15,DKI1,70,,16,23,102,6,102,O3,TIDAK SEHAT
201708,2017-08-15,DKI2,88,,46,20,100,23,100,O3,SEDANG
201708,2017-08-15,DKI3,68,,12,21,120,11,120,O3,TIDAK SEHAT
201708,2017-08-15,DKI4,87,,50,23,66,---,87,PM10,SEDANG
201708,2017-08-15,DKI5,69,,19,38,108,9,108,O3,TIDAK SEHAT
201708,2017-08-16,DKI1,55,,18,19,92,5,92,O3,SEDANG
201708,2017-08-16,DKI2,63,,37,10,76,16,76,O3,SEDANG
201708,2017-08-16,DKI3,59,,13,15,134,10,134,O3,TIDAK SEHAT
201708,2017-08-16,DKI4,66,,51,19,---,3,66,PM10,SEDANG
201708,2017-08-16,DKI5,57,,20,34,87,6,87,O3,SEDANG
201708,2017-08-17,DKI1,39,,18,18,105,5,105,O3,TIDAK SEHAT
201708,2017-08-17,DKI2,64,,38,11,101,15,101,O3,TIDAK SEHAT
201708,2017-08-17,DKI3,53,,13,12,125,11,125,O3,TIDAK SEHAT
201708,2017-08-17,DKI4,72,,51,16,86,3,86,O3,SEDANG
201708,2017-08-17,DKI5,47,,20,35,98,7,98,O3,SEDANG
201708,2017-08-18,DKI1,5,,21,17,63,4,63,O3,SEDANG
201708,2017-08-18,DKI2,65,,39,6,58,10,65,PM10,SEDANG
201708,2017-08-18,DKI3,61,,13,12,129,6,129,O3,TIDAK SEHAT
201708,2017-08-18,DKI4,73,,51,13,62,3,73,PM10,SEDANG
201708,2017-08-18,DKI5,54,,23,34,86,7,86,O3,SEDANG
201708,2017-08-19,DKI1,18,,17,16,49,3,49,O3,BAIK
201708,2017-08-19,DKI2,59,,36,6,57,11,59,PM10,SEDANG
201708,2017-08-19,DKI3,56,,13,10,81,4,81,O3,SEDANG
201708,2017-08-19,DKI4,60,,51,8,56,2,60,PM10,SEDANG
201708,2017-08-19,DKI5,53,,20,31,59,4,59,O3,SEDANG
201708,2017-08-20,DKI1,51,,16,15,83,4,83,O3,SEDANG
201708,2017-08-20,DKI2,50,,33,7,69,6,69,O3,SEDANG
201708,2017-08-20,DKI3,53,,13,10,79,4,79,O3,SEDANG
201708,2017-08-20,DKI4,58,,50,9,62,---,62,O3,SEDANG
201708,2017-08-20,DKI5,47,,18,30,88,4,88,O3,SEDANG
201708,2017-08-21,DKI1,52,,19,18,77,5,77,O3,SEDANG
201708,2017-08-21,DKI2,---,,43,---,---,---,43,SO2,BAIK
201708,2017-08-21,DKI3,58,,13,12,90,5,90,O3,SEDANG
201708,2017-08-21,DKI4,86,,51,15,64,---,86,PM10,SEDANG
201708,2017-08-21,DKI5,54,,22,32,76,8,76,O3,SEDANG
201708,2017-08-22,DKI1,57,,19,19,112,6,112,O3,TIDAK SEHAT
201708,2017-08-22,DKI2,---,,45,---,---,---,45,SO2,BAIK
201708,2017-08-22,DKI3,62,,13,20,137,10,137,O3,TIDAK SEHAT
201708,2017-08-22,DKI4,92,,51,25,91,---,92,PM10,SEDANG
201708,2017-08-22,DKI5,61,,21,42,102,9,102,O3,TIDAK SEHAT
201708,2017-08-23,DKI1,71,,19,21,59,5,71,PM10,SEDANG
201708,2017-08-23,DKI2,---,,47,---,---,---,47,SO2,BAIK
201708,2017-08-23,DKI3,74,,14,17,99,8,99,O3,SEDANG
201708,2017-08-23,DKI4,101,,52,19,51,---,101,PM10,TIDAK SEHAT
201708,2017-08-23,DKI5,75,,22,42,98,10,98,O3,SEDANG
201708,2017-08-24,DKI1,52,,19,18,63,4,63,O3,SEDANG
201708,2017-08-24,DKI2,60,,37,13,57,---,60,PM10,SEDANG
201708,2017-08-24,DKI3,57,,13,10,71,5,71,O3,SEDANG
201708,2017-08-24,DKI4,61,,51,10,50,---,61,PM10,SEDANG
201708,2017-08-24,DKI5,61,,19,37,60,9,61,PM10,SEDANG
201708,2017-08-25,DKI1,53,,19,16,66,4,66,O3,SEDANG
201708,2017-08-25,DKI2,70,,43,---,---,---,70,PM10,SEDANG
201708,2017-08-25,DKI3,51,,13,10,81,5,81,O3,SEDANG
201708,2017-08-25,DKI4,64,,51,9,52,---,64,PM10,SEDANG
201708,2017-08-25,DKI5,47,,19,31,61,4,61,O3,SEDANG
201708,2017-08-26,DKI1,53,,25,19,58,4,58,O3,SEDANG
201708,2017-08-26,DKI2,62,,38,7,61,---,62,PM10,SEDANG
201708,2017-08-26,DKI3,63,,14,15,71,8,71,O3,SEDANG
201708,2017-08-26,DKI4,71,,52,12,48,---,71,PM10,SEDANG
201708,2017-08-26,DKI5,57,,25,37,50,9,57,PM10,SEDANG
201708,2017-08-27,DKI1,62,,20,18,51,6,62,PM10,SEDANG
201708,2017-08-27,DKI2,64,,47,11,52,---,64,PM10,SEDANG
201708,2017-08-27,DKI3,62,,14,12,64,7,64,O3,SEDANG
201708,2017-08-27,DKI4,77,,51,17,41,---,77,PM10,SEDANG
201708,2017-08-27,DKI5,58,,21,37,42,6,58,PM10,SEDANG
201708,2017-08-28,DKI1,56,,18,16,49,5,56,PM10,SEDANG
201708,2017-08-28,DKI2,64,,42,10,44,---,64,PM10,SEDANG
201708,2017-08-28,DKI3,60,,13,14,55,6,60,PM10,SEDANG
201708,2017-08-28,DKI4,66,,51,12,39,---,66,PM10,SEDANG
201708,2017-08-28,DKI5,59,,20,35,41,7,59,PM10,SEDANG
201708,2017-08-29,DKI1,61,,24,21,138,6,138,O3,TIDAK SEHAT
201708,2017-08-29,DKI2,70,,51,11,91,---,91,O3,SEDANG
201708,2017-08-29,DKI3,59,,13,14,154,5,154,O3,TIDAK SEHAT
201708,2017-08-29,DKI4,77,,52,14,103,---,103,O3,TIDAK SEHAT
201708,2017-08-29,DKI5,59,,22,36,131,8,131,O3,TIDAK SEHAT
201708,2017-08-30,DKI1,56,,18,20,48,5,56,PM10,SEDANG
201708,2017-08-30,DKI2,54,,38,8,45,---,54,PM10,SEDANG
201708,2017-08-30,DKI3,52,,13,13,85,12,85,O3,SEDANG
201708,2017-08-30,DKI4,62,,51,13,45,---,62,PM10,SEDANG
201708,2017-08-30,DKI5,57,,19,34,60,16,60,O3,SEDANG
201708,2017-08-31,DKI1,51,,18,16,64,5,64,O3,SEDANG
201708,2017-08-31,DKI2,58,,39,8,81,---,81,O3,SEDANG
201708,2017-08-31,DKI3,58,,14,14,82,5,82,O3,SEDANG
201708,2017-08-31,DKI4,74,,51,13,68,8,74,PM10,SEDANG
201708,2017-08-31,DKI5,54,,19,31,64,11,64,O3,SEDANG
201701,2017-09-01,DKI1,29,,32,23,13,2,32,SO2,BAIK
201701,2017-09-01,DKI2,25,,18,6,48,11,48,O3,BAIK
201701,2017-09-01,DKI3,30,,31,6,68,4,68,O3,SEDANG
201701,2017-09-01,DKI4,38,,27,10,55,4,55,O3,SEDANG
201701,2017-09-01,DKI5,---,,16,34,37,7,37,O3,BAIK
201702,2017-09-02,DKI1,41,,6,20,22,2,41,PM10,BAIK
201702,2017-09-02,DKI2,35,,18,11,41,14,41,O3,BAIK
201702,2017-09-02,DKI3,23,,31,6,28,3,31,SO2,BAIK
201702,2017-09-02,DKI4,31,,29,8,15,3,31,PM10,BAIK
201702,2017-09-02,DKI5,7,,15,32,17,7,32,CO,BAIK
201703,2017-09-03,DKI1,53,,12,22,101,6,101,O3,TIDAK SEHAT
201703,2017-09-03,DKI2,51,,24,12,119,16,119,O3,TIDAK SEHAT
201703,2017-09-03,DKI3,44,,33,11,95,12,95,O3,SEDANG
201703,2017-09-03,DKI4,53,,31,8,110,24,110,O3,TIDAK SEHAT
201703,2017-09-03,DKI5,5,,16,34,87,10,87,O3,SEDANG
201704,2017-09-04,DKI1,23,,7,14,31,1,31,O3,BAIK
201704,2017-09-04,DKI2,22,,15,4,29,13,29,O3,BAIK
201704,2017-09-04,DKI3,23,,33,6,31,3,33,SO2,BAIK
201704,2017-09-04,DKI4,30,,32,6,19,4,32,SO2,BAIK
201704,2017-09-04,DKI5,21,,14,21,31,5,31,O3,BAIK
201705,2017-09-05,DKI1,54,,11,30,42,5,54,PM10,SEDANG
201705,2017-09-05,DKI2,68,,37,19,44,17,68,PM10,SEDANG
201705,2017-09-05,DKI3,58,,35,18,77,8,77,O3,SEDANG
201705,2017-09-05,DKI4,69,,42,---,47,14,69,PM10,SEDANG
201705,2017-09-05,DKI5,60,,16,1,54,20,60,PM10,SEDANG
201706,2017-09-06,DKI1,51,,20,17,47,3,51,PM10,SEDANG
201706,2017-09-06,DKI2,64,,32,9,39,12,64,PM10,SEDANG
201706,2017-09-06,DKI3,58,,39,8,75,7,75,O3,SEDANG
201706,2017-09-06,DKI4,69,,47,16,---,11,69,PM10,SEDANG
201706,2017-09-06,DKI5,45,,22,32,54,16,54,O3,SEDANG
201707,2017-09-07,DKI1,38,,15,16,58,3,58,O3,SEDANG
201707,2017-09-07,DKI2,55,,27,6,63,9,63,O3,SEDANG
201707,2017-09-07,DKI3,59,,11,2,65,7,65,O3,SEDANG
201707,2017-09-07,DKI4,62,,47,13,65,6,65,O3,SEDANG
201707,2017-09-07,DKI5,51,,18,33,93,11,93,O3,SEDANG
201708,2017-09-08,DKI1,56,,16,23,141,6,141,O3,TIDAK SEHAT
201708,2017-09-08,DKI2,68,,34,19,153,17,153,O3,TIDAK SEHAT
201708,2017-09-08,DKI3,59,,12,---,88,6,88,O3,SEDANG
201708,2017-09-08,DKI4,---,,51,24,109,7,109,O3,TIDAK SEHAT
201708,2017-09-08,DKI5,63,,18,39,97,9,97,O3,SEDANG
201709,2017-09-09,DKI1,55,,21,16,64,4,64,O3,SEDANG
201709,2017-09-09,DKI2,56,,43,5,52,13,56,PM10,SEDANG
201709,2017-09-09,DKI3,59,,14,14,96,8,96,O3,SEDANG
201709,2017-09-09,DKI4,72,,52,11,61,10,72,PM10,SEDANG
201709,2017-09-09,DKI5,57,,23,34,71,10,71,O3,SEDANG
201710,2017-09-10,DKI1,53,,17,19,68,5,68,O3,SEDANG
201710,2017-09-10,DKI2,54,,46,16,66,15,66,O3,SEDANG
201710,2017-09-10,DKI3,50,,14,15,74,6,74,O3,SEDANG
201710,2017-09-10,DKI4,72,,52,17,64,13,72,PM10,SEDANG
201710,2017-09-10,DKI5,---,,18,38,79,6,79,O3,SEDANG
201711,2017-09-11,DKI1,52,,19,21,56,4,56,O3,SEDANG
201711,2017-09-11,DKI2,45,,49,11,75,16,75,O3,SEDANG
201711,2017-09-11,DKI3,56,,14,20,31,6,56,PM10,SEDANG
201711,2017-09-11,DKI4,59,,53,15,---,10,59,PM10,SEDANG
201711,2017-09-11,DKI5,48,,21,34,58,8,58,O3,SEDANG
201712,2017-09-12,DKI1,---,,---,---,---,---,0,,TIDAK ADA DATA
201712,2017-09-12,DKI2,22,,51,11,32,14,51,SO2,SEDANG
201712,2017-09-12,DKI3,9,,15,7,73,4,73,O3,SEDANG
201712,2017-09-12,DKI4,21,,27,---,28,5,28,O3,BAIK
201712,2017-09-12,DKI5,25,,20,29,39,5,39,O3,BAIK
201709,2017-09-13,DKI1,59,,19,21,113,6,113,O3,TIDAK SEHAT
201709,2017-09-13,DKI2,59,,46,17,145,21,145,O3,TIDAK SEHAT
201709,2017-09-13,DKI3,50,,14,10,140,5,140,O3,TIDAK SEHAT
201709,2017-09-13,DKI4,71,,53,14,120,11,120,O3,TIDAK SEHAT
201709,2017-09-13,DKI5,54,,19,30,100,9,100,O3,SEDANG
201709,2017-09-14,DKI1,68,,23,21,86,6,86,O3,SEDANG
201709,2017-09-14,DKI2,64,,46,12,95,17,95,O3,SEDANG
201709,2017-09-14,DKI3,72,,15,20,140,10,140,O3,TIDAK SEHAT
201709,2017-09-14,DKI4,89,,53,18,105,11,105,O3,TIDAK SEHAT
201709,2017-09-14,DKI5,---,,22,36,119,9,119,O3,TIDAK SEHAT
201709,2017-09-15,DKI1,65,,20,21,88,6,88,O3,SEDANG
201709,2017-09-15,DKI2,69,,48,17,85,23,85,O3,SEDANG
201709,2017-09-15,DKI3,64,,14,20,144,10,144,O3,TIDAK SEHAT
201709,2017-09-15,DKI4,93,,52,23,99,11,99,O3,SEDANG
201709,2017-09-15,DKI5,65,,21,31,93,10,93,O3,SEDANG
201709,2017-09-16,DKI1,59,,18,18,66,5,66,O3,SEDANG
201709,2017-09-16,DKI2,56,,---,10,66,11,66,O3,SEDANG
201709,2017-09-16,DKI3,69,,13,20,69,10,69,PM10,SEDANG
201709,2017-09-16,DKI4,75,,52,16,57,12,75,PM10,SEDANG
201709,2017-09-16,DKI5,61,,20,24,73,6,73,O3,SEDANG
201709,2017-09-17,DKI1,53,,19,15,78,3,78,O3,SEDANG
201709,2017-09-17,DKI2,54,,---,6,76,13,76,O3,SEDANG
201709,2017-09-17,DKI3,52,,13,10,76,7,76,O3,SEDANG
201709,2017-09-17,DKI4,60,,52,11,56,9,60,PM10,SEDANG
201709,2017-09-17,DKI5,57,,19,26,78,8,78,O3,SEDANG
201709,2017-09-18,DKI1,---,,---,---,---,---,0,,TIDAK ADA DATA
201709,2017-09-18,DKI2,53,,---,5,48,11,53,PM10,SEDANG
201709,2017-09-18,DKI3,55,,14,13,72,8,72,O3,SEDANG
201709,2017-09-18,DKI4,66,,52,8,40,10,66,PM10,SEDANG
201709,2017-09-18,DKI5,55,,21,25,46,9,55,PM10,SEDANG
201709,2017-09-19,DKI1,57,,20,16,77,6,77,O3,SEDANG
201709,2017-09-19,DKI2,52,,---,5,68,10,68,O3,SEDANG
201709,2017-09-19,DKI3,67,,14,13,88,7,88,O3,SEDANG
201709,2017-09-19,DKI4,60,,52,7,79,7,79,O3,SEDANG
201709,2017-09-19,DKI5,52,,20,22,77,7,77,O3,SEDANG
201709,2017-09-20,DKI1,57,,18,17,63,5,63,O3,SEDANG
201709,2017-09-20,DKI2,53,,---,4,68,8,68,O3,SEDANG
201709,2017-09-20,DKI3,57,,14,11,121,15,121,O3,TIDAK SEHAT
201709,2017-09-20,DKI4,58,,52,7,83,7,83,O3,SEDANG
201709,2017-09-20,DKI5,52,,18,28,72,8,72,O3,SEDANG
201709,2017-09-21,DKI1,55,,16,18,58,6,58,O3,SEDANG
201709,2017-09-21,DKI2,58,,---,7,66,18,66,O3,SEDANG
201709,2017-09-21,DKI3,63,,14,13,100,10,100,O3,SEDANG
201709,2017-09-21,DKI4,77,,54,14,63,21,77,PM10,SEDANG
201709,2017-09-21,DKI5,---,,18,25,60,11,60,O3,SEDANG
201709,2017-09-22,DKI1,68,,19,18,127,9,127,O3,TIDAK SEHAT
201709,2017-09-22,DKI2,61,,---,10,109,11,109,O3,TIDAK SEHAT
201709,2017-09-22,DKI3,67,,14,16,161,7,161,O3,TIDAK SEHAT
201709,2017-09-22,DKI4,68,,52,15,93,12,93,O3,SEDANG
201709,2017-09-22,DKI5,61,,20,26,148,6,148,O3,TIDAK SEHAT
201709,2017-09-23,DKI1,63,,20,21,137,7,137,O3,TIDAK SEHAT
201709,2017-09-23,DKI2,70,,46,16,128,19,128,O3,TIDAK SEHAT
201709,2017-09-23,DKI3,57,,14,11,126,8,126,O3,TIDAK SEHAT
201709,2017-09-23,DKI4,81,,53,22,75,13,81,PM10,SEDANG
201709,2017-09-23,DKI5,---,,21,31,121,11,121,O3,TIDAK SEHAT
201709,2017-09-24,DKI1,62,,19,20,88,5,88,O3,SEDANG
201709,2017-09-24,DKI2,59,,42,10,103,16,103,O3,TIDAK SEHAT
201709,2017-09-24,DKI3,56,,13,15,100,8,100,O3,SEDANG
201709,2017-09-24,DKI4,73,,54,12,64,9,73,PM10,SEDANG
201709,2017-09-24,DKI5,---,,20,26,86,6,86,O3,SEDANG
201709,2017-09-25,DKI1,60,,19,21,63,8,63,O3,SEDANG
201709,2017-09-25,DKI2,63,,43,15,100,18,100,O3,SEDANG
201709,2017-09-25,DKI3,50,,13,12,109,6,109,O3,TIDAK SEHAT
201709,2017-09-25,DKI4,68,,52,15,62,12,68,PM10,SEDANG
201709,2017-09-25,DKI5,---,,20,25,85,7,85,O3,SEDANG
201709,2017-09-26,DKI1,62,,19,24,53,5,62,PM10,SEDANG
201709,2017-09-26,DKI2,65,,51,16,71,17,71,O3,SEDANG
201709,2017-09-26,DKI3,51,,13,17,77,5,77,O3,SEDANG
201709,2017-09-26,DKI4,75,,51,22,47,11,75,PM10,SEDANG
201709,2017-09-26,DKI5,---,,19,30,52,9,52,O3,SEDANG
201709,2017-09-27,DKI1,44,,17,20,22,3,44,PM10,BAIK
201709,2017-09-27,DKI2,44,,40,10,30,15,44,PM10,BAIK
201709,2017-09-27,DKI3,41,,13,11,51,6,51,O3,SEDANG
201709,2017-09-27,DKI4,45,,51,6,22,6,51,SO2,SEDANG
201709,2017-09-27,DKI5,62,,18,27,30,6,62,PM10,SEDANG
201709,2017-09-28,DKI1,60,,16,31,81,7,81,O3,SEDANG
201709,2017-09-28,DKI2,62,,45,34,121,18,121,O3,TIDAK SEHAT
201709,2017-09-28,DKI3,53,,14,26,91,8,91,O3,SEDANG
201709,2017-09-28,DKI4,61,,51,29,89,12,89,O3,SEDANG
201709,2017-09-28,DKI5,58,,18,52,117,14,117,O3,TIDAK SEHAT
201709,2017-09-29,DKI1,59,,17,22,55,9,59,PM10,SEDANG
201709,2017-09-29,DKI2,58,,44,10,124,14,124,O3,TIDAK SEHAT
201709,2017-09-29,DKI3,61,,13,18,132,9,132,O3,TIDAK SEHAT
201709,2017-09-29,DKI4,69,,---,13,86,8,86,O3,SEDANG
201709,2017-09-29,DKI5,59,,22,39,89,13,89,O3,SEDANG
201709,2017-09-30,DKI1,42,,17,20,56,4,56,O3,SEDANG
201709,2017-09-30,DKI2,56,,52,14,44,17,56,PM10,SEDANG
201709,2017-09-30,DKI3,40,,13,14,76,7,76,O3,SEDANG
201709,2017-09-30,DKI4,54,,52,11,43,11,54,PM10,SEDANG
201709,2017-09-30,DKI5,48,,19,39,61,12,61,O3,SEDANG
201701,2017-10-01,DKI1,38,,32,34,21,4,38,PM10,BAIK
201701,2017-10-01,DKI2,42,,23,11,83,16,83,O3,SEDANG
201701,2017-10-01,DKI3,54,,32,21,66,9,66,O3,SEDANG
201701,2017-10-01,DKI4,59,,27,14,48,8,59,PM10,SEDANG
201701,2017-10-01,DKI5,8,,14,51,43,17,51,CO,SEDANG
201702,2017-10-02,DKI1,30,,4,23,32,3,32,O3,BAIK
201702,2017-10-02,DKI2,28,,17,11,44,12,44,O3,BAIK
201702,2017-10-02,DKI3,16,,31,5,40,3,40,O3,BAIK
201702,2017-10-02,DKI4,22,,28,9,27,3,28,SO2,BAIK
201702,2017-10-02,DKI5,4,,17,31,24,7,31,CO,BAIK
201703,2017-10-03,DKI1,62,,8,28,43,5,62,PM10,SEDANG
201703,2017-10-03,DKI2,77,,52,20,41,17,77,PM10,SEDANG
201703,2017-10-03,DKI3,68,,32,21,81,11,81,O3,SEDANG
201703,2017-10-03,DKI4,77,,31,21,65,18,77,PM10,SEDANG
201703,2017-10-03,DKI5,6,,17,51,58,22,58,O3,SEDANG
201704,2017-10-04,DKI1,46,,8,20,55,6,55,O3,SEDANG
201704,2017-10-04,DKI2,65,,23,18,113,21,113,O3,TIDAK SEHAT
201704,2017-10-04,DKI3,37,,35,16,45,10,45,O3,BAIK
201704,2017-10-04,DKI4,---,,---,---,---,---,0,,TIDAK ADA DATA
201704,2017-10-04,DKI5,50,,15,42,44,11,50,PM10,BAIK
201705,2017-10-05,DKI1,64,,11,28,35,4,64,PM10,SEDANG
201705,2017-10-05,DKI2,67,,25,15,42,15,67,PM10,SEDANG
201705,2017-10-05,DKI3,66,,35,14,61,8,66,PM10,SEDANG
201705,2017-10-05,DKI4,80,,41,---,37,7,80,PM10,SEDANG
201705,2017-10-05,DKI5,64,,16,8,31,17,64,PM10,SEDANG
201706,2017-10-06,DKI1,50,,13,20,77,4,77,O3,SEDANG
201706,2017-10-06,DKI2,66,,33,8,55,13,66,PM10,SEDANG
201706,2017-10-06,DKI3,58,,37,8,86,6,86,O3,SEDANG
201706,2017-10-06,DKI4,73,,46,16,82,8,82,O3,SEDANG
201706,2017-10-06,DKI5,53,,20,38,82,16,82,O3,SEDANG
201707,2017-10-07,DKI1,24,,13,19,54,5,54,O3,SEDANG
201707,2017-10-07,DKI2,35,,26,12,73,11,73,O3,SEDANG
201707,2017-10-07,DKI3,48,,11,---,68,6,68,O3,SEDANG
201707,2017-10-07,DKI4,46,,47,13,63,10,63,O3,SEDANG
201707,2017-10-07,DKI5,29,,17,33,58,10,58,O3,SEDANG
201708,2017-10-08,DKI1,34,,15,21,72,6,72,O3,SEDANG
201708,2017-10-08,DKI2,58,,34,10,96,18,96,O3,SEDANG
201708,2017-10-08,DKI3,49,,12,7,107,10,107,O3,TIDAK SEHAT
201708,2017-10-08,DKI4,54,,50,14,85,9,85,O3,SEDANG
201708,2017-10-08,DKI5,49,,17,32,73,9,73,O3,SEDANG
201709,2017-10-09,DKI1,52,,18,17,86,4,86,O3,SEDANG
201709,2017-10-09,DKI2,53,,40,9,99,12,99,O3,SEDANG
201709,2017-10-09,DKI3,49,,13,9,69,5,69,O3,SEDANG
201709,2017-10-09,DKI4,59,,52,9,86,8,86,O3,SEDANG
201709,2017-10-09,DKI5,52,,18,27,84,4,84,O3,SEDANG
201710,2017-10-10,DKI1,71,,17,30,55,6,71,PM10,SEDANG
201710,2017-10-10,DKI2,60,,43,24,72,24,72,O3,SEDANG
201710,2017-10-10,DKI3,60,,14,21,71,10,71,O3,SEDANG
201710,2017-10-10,DKI4,58,,51,27,82,14,82,O3,SEDANG
201710,2017-10-10,DKI5,---,,18,40,65,11,65,O3,SEDANG
201711,2017-10-11,DKI1,50,,19,28,101,5,101,O3,TIDAK SEHAT
201711,2017-10-11,DKI2,51,,51,15,69,18,69,O3,SEDANG
201711,2017-10-11,DKI3,47,,14,20,48,12,48,O3,BAIK
201711,2017-10-11,DKI4,52,,53,10,106,11,106,O3,TIDAK SEHAT
201711,2017-10-11,DKI5,40,,20,45,100,13,100,O3,SEDANG
201712,2017-10-12,DKI1,---,,---,---,---,---,0,,TIDAK ADA DATA
201712,2017-10-12,DKI2,24,,51,6,25,6,51,SO2,SEDANG
201712,2017-10-12,DKI3,---,,14,7,38,2,38,O3,BAIK
201712,2017-10-12,DKI4,20,,27,---,17,3,27,SO2,BAIK
201712,2017-10-12,DKI5,14,,18,25,22,2,25,CO,BAIK
201710,2017-10-13,DKI1,58,,18,29,125,7,125,O3,TIDAK SEHAT
201710,2017-10-13,DKI2,57,,45,21,110,24,110,O3,TIDAK SEHAT
201710,2017-10-13,DKI3,47,,---,13,35,5,47,PM10,BAIK
201710,2017-10-13,DKI4,55,,52,23,72,15,72,O3,SEDANG
201710,2017-10-13,DKI5,---,,18,39,131,10,131,O3,TIDAK SEHAT
201710,2017-10-14,DKI1,36,,18,19,107,5,107,O3,TIDAK SEHAT
201710,2017-10-14,DKI2,50,,45,10,93,19,93,O3,SEDANG
201710,2017-10-14,DKI3,40,,13,11,40,5,40,PM10,BAIK
201710,2017-10-14,DKI4,52,,53,8,69,10,69,O3,SEDANG
201710,2017-10-14,DKI5,---,,18,32,86,5,86,O3,SEDANG
201710,2017-10-15,DKI1,29,,19,15,95,4,95,O3,SEDANG
201710,2017-10-15,DKI2,52,,47,4,90,11,90,O3,SEDANG
201710,2017-10-15,DKI3,40,,14,9,45,5,45,O3,BAIK
201710,2017-10-15,DKI4,61,,53,5,89,8,89,O3,SEDANG
201710,2017-10-15,DKI5,---,,20,30,103,4,103,O3,TIDAK SEHAT
201710,2017-10-16,DKI1,36,,20,18,55,4,55,O3,SEDANG
201710,2017-10-16,DKI2,41,,46,8,84,18,84,O3,SEDANG
201710,2017-10-16,DKI3,43,,14,11,42,6,43,PM10,BAIK
201710,2017-10-16,DKI4,44,,53,6,55,10,55,O3,SEDANG
201710,2017-10-16,DKI5,---,,21,31,54,5,54,O3,SEDANG
201710,2017-10-17,DKI1,50,,18,22,120,6,120,O3,TIDAK SEHAT
201710,2017-10-17,DKI2,42,,48,10,134,18,134,O3,TIDAK SEHAT
201710,2017-10-17,DKI3,34,,14,14,26,6,34,PM10,BAIK
201710,2017-10-17,DKI4,52,,52,11,62,10,62,O3,SEDANG
201710,2017-10-17,DKI5,---,,21,47,88,11,88,O3,SEDANG
201710,2017-10-18,DKI1,36,,20,21,115,6,115,O3,TIDAK SEHAT
201710,2017-10-18,DKI2,51,,49,7,98,16,98,O3,SEDANG
201710,2017-10-18,DKI3,49,,14,12,36,9,49,PM10,BAIK
201710,2017-10-18,DKI4,61,,53,9,91,15,91,O3,SEDANG
201710,2017-10-18,DKI5,---,,21,31,123,7,123,O3,TIDAK SEHAT
201710,2017-10-19,DKI1,51,,17,23,44,5,51,PM10,SEDANG
201710,2017-10-19,DKI2,53,,51,16,40,20,53,PM10,SEDANG
201710,2017-10-19,DKI3,49,,14,16,36,11,49,PM10,BAIK
201710,2017-10-19,DKI4,57,,52,16,86,14,86,O3,SEDANG
201710,2017-10-19,DKI5,---,,19,44,75,13,75,O3,SEDANG
201710,2017-10-20,DKI1,51,,17,24,96,6,96,O3,SEDANG
201710,2017-10-20,DKI2,49,,47,20,94,22,94,O3,SEDANG
201710,2017-10-20,DKI3,44,,13,20,44,7,44,PM10,BAIK
201710,2017-10-20,DKI4,51,,52,25,71,13,71,O3,SEDANG
201710,2017-10-20,DKI5,---,,18,43,168,9,168,O3,TIDAK SEHAT
201710,2017-10-21,DKI1,73,,18,37,76,7,76,O3,SEDANG
201710,2017-10-21,DKI2,---,,50,40,78,27,78,O3,SEDANG
201710,2017-10-21,DKI3,65,,14,23,41,8,65,PM10,SEDANG
201710,2017-10-21,DKI4,84,,53,42,104,15,104,O3,TIDAK SEHAT
201710,2017-10-21,DKI5,---,,20,53,128,14,128,O3,TIDAK SEHAT
201710,2017-10-22,DKI1,49,,18,21,64,3,64,O3,SEDANG
201710,2017-10-22,DKI2,---,,50,15,59,14,59,O3,SEDANG
201710,2017-10-22,DKI3,54,,13,17,47,6,54,PM10,SEDANG
201710,2017-10-22,DKI4,67,,53,13,80,9,80,O3,SEDANG
201710,2017-10-22,DKI5,---,,18,39,86,8,86,O3,SEDANG
201710,2017-10-23,DKI1,52,,19,17,74,6,74,O3,SEDANG
201710,2017-10-23,DKI2,---,,52,12,67,15,67,O3,SEDANG
201710,2017-10-23,DKI3,45,,14,13,45,11,45,PM10,BAIK
201710,2017-10-23,DKI4,66,,52,16,78,10,78,O3,SEDANG
201710,2017-10-23,DKI5,---,,20,37,89,7,89,O3,SEDANG
201710,2017-10-24,DKI1,53,,19,25,95,5,95,O3,SEDANG
201710,2017-10-24,DKI2,---,,50,13,93,28,93,O3,SEDANG
201710,2017-10-24,DKI3,49,,14,18,52,9,52,O3,SEDANG
201710,2017-10-24,DKI4,51,,52,10,110,8,110,O3,TIDAK SEHAT
201710,2017-10-24,DKI5,---,,19,49,61,14,61,O3,SEDANG
201710,2017-10-25,DKI1,55,,20,20,79,5,79,O3,SEDANG
201710,2017-10-25,DKI2,---,,51,12,60,19,60,O3,SEDANG
201710,2017-10-25,DKI3,42,,14,11,29,11,42,PM10,BAIK
201710,2017-10-25,DKI4,52,,52,9,93,10,93,O3,SEDANG
201710,2017-10-25,DKI5,---,,19,38,67,8,67,O3,SEDANG
201710,2017-10-26,DKI1,53,,20,19,46,4,53,PM10,SEDANG
201710,2017-10-26,DKI2,52,,50,12,68,17,68,O3,SEDANG
201710,2017-10-26,DKI3,43,,13,11,59,8,59,O3,SEDANG
201710,2017-10-26,DKI4,61,,53,9,53,12,61,PM10,SEDANG
201710,2017-10-26,DKI5,---,,20,32,43,6,43,O3,BAIK
201710,2017-10-27,DKI1,42,,22,18,91,8,91,O3,SEDANG
201710,2017-10-27,DKI2,34,,47,11,72,13,72,O3,SEDANG
201710,2017-10-27,DKI3,41,,13,11,46,6,46,O3,BAIK
201710,2017-10-27,DKI4,56,,53,10,77,14,77,O3,SEDANG
201710,2017-10-27,DKI5,---,,22,33,126,13,126,O3,TIDAK SEHAT
201710,2017-10-28,DKI1,42,,20,23,73,6,73,O3,SEDANG
201710,2017-10-28,DKI2,60,,52,17,74,19,74,O3,SEDANG
201710,2017-10-28,DKI3,56,,13,19,39,14,56,PM10,SEDANG
201710,2017-10-28,DKI4,73,,52,15,69,11,73,PM10,SEDANG
201710,2017-10-28,DKI5,---,,19,37,87,9,87,O3,SEDANG
201710,2017-10-29,DKI1,64,,19,33,66,6,66,O3,SEDANG
201710,2017-10-29,DKI2,61,,51,36,67,20,67,O3,SEDANG
201710,2017-10-29,DKI3,53,,13,26,27,9,53,PM10,SEDANG
201710,2017-10-29,DKI4,80,,52,29,53,9,80,PM10,SEDANG
201710,2017-10-29,DKI5,---,,19,52,90,11,90,O3,SEDANG
201710,2017-10-30,DKI1,58,,20,24,71,5,71,O3,SEDANG
201710,2017-10-30,DKI2,53,,48,19,66,20,66,O3,SEDANG
201710,2017-10-30,DKI3,53,,13,16,26,6,53,PM10,SEDANG
201710,2017-10-30,DKI4,74,,52,16,52,15,74,PM10,SEDANG
201710,2017-10-30,DKI5,---,,19,39,95,7,95,O3,SEDANG
201710,2017-10-31,DKI1,40,,19,21,67,5,67,O3,SEDANG
201710,2017-10-31,DKI2,50,,46,12,83,16,83,O3,SEDANG
201710,2017-10-31,DKI3,43,,13,14,119,6,119,O3,TIDAK SEHAT
201710,2017-10-31,DKI4,57,,52,9,77,12,77,O3,SEDANG
201710,2017-10-31,DKI5,---,,18,32,89,5,89,O3,SEDANG
201701,2017-11-01,DKI1,25,,32,25,20,2,32,SO2,BAIK
201701,2017-11-01,DKI2,33,,18,11,65,20,65,O3,SEDANG
201701,2017-11-01,DKI3,40,,30,13,54,9,54,O3,SEDANG
201701,2017-11-01,DKI4,49,,27,12,48,7,49,PM10,BAIK
201701,2017-11-01,DKI5,6,,12,43,44,8,44,O3,BAIK
201702,2017-11-02,DKI1,32,,6,23,42,4,42,O3,BAIK
201702,2017-11-02,DKI2,30,,18,14,43,11,43,O3,BAIK
201702,2017-11-02,DKI3,27,,31,8,45,4,45,O3,BAIK
201702,2017-11-02,DKI4,32,,29,13,25,5,32,PM10,BAIK
201702,2017-11-02,DKI5,6,,14,36,27,10,36,CO,BAIK
201703,2017-11-03,DKI1,56,,9,27,63,4,63,O3,SEDANG
201703,2017-11-03,DKI2,66,,32,15,60,17,66,PM10,SEDANG
201703,2017-11-03,DKI3,61,,32,19,120,10,120,O3,TIDAK SEHAT
201703,2017-11-03,DKI4,60,,31,8,73,12,73,O3,SEDANG
201703,2017-11-03,DKI5,7,,17,45,74,18,74,O3,SEDANG
201704,2017-11-04,DKI1,43,,7,23,73,4,73,O3,SEDANG
201704,2017-11-04,DKI2,66,,29,14,132,29,132,O3,TIDAK SEHAT
201704,2017-11-04,DKI3,31,,36,16,102,9,102,O3,TIDAK SEHAT
201704,2017-11-04,DKI4,52,,33,17,97,9,97,O3,SEDANG
201704,2017-11-04,DKI5,45,,14,---,68,11,68,O3,SEDANG
201705,2017-11-05,DKI1,76,,14,28,87,5,87,O3,SEDANG
201705,2017-11-05,DKI2,68,,22,24,125,17,125,O3,TIDAK SEHAT
201705,2017-11-05,DKI3,67,,35,25,104,10,104,O3,TIDAK SEHAT
201705,2017-11-05,DKI4,82,,44,21,78,9,82,PM10,SEDANG
201705,2017-11-05,DKI5,66,,17,50,90,20,90,O3,SEDANG
201706,2017-11-06,DKI1,57,,13,19,56,5,57,PM10,SEDANG
201706,2017-11-06,DKI2,63,,34,14,78,16,78,O3,SEDANG
201706,2017-11-06,DKI3,104,,35,15,62,9,104,PM10,TIDAK SEHAT
201706,2017-11-06,DKI4,80,,46,23,---,11,80,PM10,SEDANG
201706,2017-11-06,DKI5,58,,17,41,67,15,67,O3,SEDANG
201707,2017-11-07,DKI1,30,,15,19,73,5,73,O3,SEDANG
201707,2017-11-07,DKI2,50,,30,15,69,17,69,O3,SEDANG
201707,2017-11-07,DKI3,40,,12,2,74,5,74,O3,SEDANG
201707,2017-11-07,DKI4,61,,50,18,---,15,61,PM10,SEDANG
201707,2017-11-07,DKI5,45,,---,---,---,---,45,PM10,BAIK
201708,2017-11-08,DKI1,44,,15,21,92,5,92,O3,SEDANG
201708,2017-11-08,DKI2,61,,33,12,86,14,86,O3,SEDANG
201708,2017-11-08,DKI3,57,,12,23,128,11,128,O3,TIDAK SEHAT
201708,2017-11-08,DKI4,59,,50,33,83,7,83,O3,SEDANG
201708,2017-11-08,DKI5,59,,18,31,81,9,81,O3,SEDANG
201709,2017-11-09,DKI1,56,,17,20,95,4,95,O3,SEDANG
201709,2017-11-09,DKI2,65,,45,15,85,18,85,O3,SEDANG
201709,2017-11-09,DKI3,45,,13,11,95,5,95,O3,SEDANG
201709,2017-11-09,DKI4,65,,51,14,75,9,75,O3,SEDANG
201709,2017-11-09,DKI5,53,,18,29,95,9,95,O3,SEDANG
201710,2017-11-10,DKI1,54,,19,20,77,5,77,O3,SEDANG
201710,2017-11-10,DKI2,58,,48,13,80,19,80,O3,SEDANG
201710,2017-11-10,DKI3,60,,15,14,74,10,74,O3,SEDANG
201710,2017-11-10,DKI4,67,,52,16,75,22,75,O3,SEDANG
201710,2017-11-10,DKI5,---,,19,40,107,8,107,O3,TIDAK SEHAT
201711,2017-11-11,DKI1,56,,20,24,150,5,150,O3,TIDAK SEHAT
201711,2017-11-11,DKI2,---,,---,14,---,19,19,NO2,BAIK
201711,2017-11-11,DKI3,45,,14,15,40,6,45,PM10,BAIK
201711,2017-11-11,DKI4,58,,53,12,122,12,122,O3,TIDAK SEHAT
201711,2017-11-11,DKI5,---,,21,35,125,10,125,O3,TIDAK SEHAT
201712,2017-11-12,DKI1,25,,20,17,16,2,25,PM10,BAIK
201712,2017-11-12,DKI2,29,,51,9,30,11,51,SO2,SEDANG
201712,2017-11-12,DKI3,9,,14,9,35,2,35,O3,BAIK
201712,2017-11-12,DKI4,31,,27,---,20,4,31,PM10,BAIK
201712,2017-11-12,DKI5,24,,19,27,29,3,29,O3,BAIK
201711,2017-11-13,DKI1,28,,18,21,60,4,60,O3,SEDANG
201711,2017-11-13,DKI2,49,,48,12,66,19,66,O3,SEDANG
201711,2017-11-13,DKI3,41,,13,15,58,6,58,O3,SEDANG
201711,2017-11-13,DKI4,51,,53,13,52,11,53,SO2,SEDANG
201711,2017-11-13,DKI5,39,,18,37,62,8,62,O3,SEDANG
201711,2017-11-14,DKI1,52,,19,27,71,5,71,O3,SEDANG
201711,2017-11-14,DKI2,53,,53,18,61,22,61,O3,SEDANG
201711,2017-11-14,DKI3,41,,14,19,99,7,99,O3,SEDANG
201711,2017-11-14,DKI4,54,,53,19,89,11,89,O3,SEDANG
201711,2017-11-14,DKI5,58,,18,42,93,13,93,O3,SEDANG
201711,2017-11-15,DKI1,48,,19,22,102,5,102,O3,TIDAK SEHAT
201711,2017-11-15,DKI2,40,,53,12,79,29,79,O3,SEDANG
201711,2017-11-15,DKI3,37,,14,17,121,12,121,O3,TIDAK SEHAT
201711,2017-11-15,DKI4,46,,53,10,98,20,98,O3,SEDANG
201711,2017-11-15,DKI5,47,,20,32,98,11,98,O3,SEDANG
201711,2017-11-16,DKI1,54,,26,27,125,6,125,O3,TIDAK SEHAT
201711,2017-11-16,DKI2,59,,54,11,101,19,101,O3,TIDAK SEHAT
201711,2017-11-16,DKI3,61,,16,19,107,9,107,O3,TIDAK SEHAT
201711,2017-11-16,DKI4,72,,53,11,85,15,85,O3,SEDANG
201711,2017-11-16,DKI5,59,,23,30,103,9,103,O3,TIDAK SEHAT
201711,2017-11-17,DKI1,---,,---,32,---,---,32,CO,BAIK
201711,2017-11-17,DKI2,55,,54,15,90,26,90,O3,SEDANG
201711,2017-11-17,DKI3,51,,15,29,89,10,89,O3,SEDANG
201711,2017-11-17,DKI4,51,,53,20,126,18,126,O3,TIDAK SEHAT
201711,2017-11-17,DKI5,57,,19,57,84,25,84,O3,SEDANG
201711,2017-11-18,DKI1,59,,22,27,80,5,80,O3,SEDANG
201711,2017-11-18,DKI2,60,,55,19,66,16,66,O3,SEDANG
201711,2017-11-18,DKI3,44,,15,17,82,5,82,O3,SEDANG
201711,2017-11-18,DKI4,55,,53,16,55,10,55,PM10,SEDANG
201711,2017-11-18,DKI5,53,,21,31,110,10,110,O3,TIDAK SEHAT
201711,2017-11-19,DKI1,46,,20,22,79,9,79,O3,SEDANG
201711,2017-11-19,DKI2,47,,53,16,76,16,76,O3,SEDANG
201711,2017-11-19,DKI3,38,,15,23,63,5,63,O3,SEDANG
201711,2017-11-19,DKI4,---,,53,16,80,8,80,O3,SEDANG
201711,2017-11-19,DKI5,56,,18,36,85,8,85,O3,SEDANG
201711,2017-11-20,DKI1,48,,21,20,128,5,128,O3,TIDAK SEHAT
201711,2017-11-20,DKI2,55,,54,11,105,11,105,O3,TIDAK SEHAT
201711,2017-11-20,DKI3,---,,15,16,53,5,53,O3,SEDANG
201711,2017-11-20,DKI4,---,,53,12,79,9,79,O3,SEDANG
201711,2017-11-20,DKI5,52,,19,34,96,12,96,O3,SEDANG
201711,2017-11-21,DKI1,30,,20,19,141,5,141,O3,TIDAK SEHAT
201711,2017-11-21,DKI2,43,,53,8,106,14,106,O3,TIDAK SEHAT
201711,2017-11-21,DKI3,---,,15,12,134,9,134,O3,TIDAK SEHAT
201711,2017-11-21,DKI4,59,,54,---,97,15,97,O3,SEDANG
201711,2017-11-21,DKI5,51,,19,35,153,6,153,O3,TIDAK SEHAT
201711,2017-11-22,DKI1,---,,---,---,---,---,0,,TIDAK ADA DATA
201711,2017-11-22,DKI2,56,,54,12,32,23,56,PM10,SEDANG
201711,2017-11-22,DKI3,---,,15,11,116,5,116,O3,TIDAK SEHAT
201711,2017-11-22,DKI4,65,,53,13,117,10,117,O3,TIDAK SEHAT
201711,2017-11-22,DKI5,56,,20,41,83,11,83,O3,SEDANG
201711,2017-11-23,DKI1,---,,---,---,---,---,0,,TIDAK ADA DATA
201711,2017-11-23,DKI2,70,,55,16,71,20,71,O3,SEDANG
201711,2017-11-23,DKI3,---,,15,20,52,8,52,O3,SEDANG
201711,2017-11-23,DKI4,51,,53,10,50,8,53,SO2,SEDANG
201711,2017-11-23,DKI5,53,,19,48,62,12,62,O3,SEDANG
201711,2017-11-24,DKI1,40,,19,17,18,2,40,PM10,BAIK
201711,2017-11-24,DKI2,32,,53,6,32,18,53,SO2,SEDANG
201711,2017-11-24,DKI3,30,,14,10,42,4,42,O3,BAIK
201711,2017-11-24,DKI4,38,,53,6,31,6,53,SO2,SEDANG
201711,2017-11-24,DKI5,26,,18,29,23,3,29,CO,BAIK
201711,2017-11-25,DKI1,27,,19,18,20,2,27,PM10,BAIK
201711,2017-11-25,DKI2,29,,53,7,29,7,53,SO2,SEDANG
201711,2017-11-25,DKI3,7,,14,10,38,4,38,O3,BAIK
201711,2017-11-25,DKI4,40,,53,6,24,7,53,SO2,SEDANG
201711,2017-11-25,DKI5,29,,19,30,24,5,30,CO,BAIK
201711,2017-11-26,DKI1,28,,20,15,18,2,28,PM10,BAIK
201711,2017-11-26,DKI2,25,,53,6,27,6,53,SO2,SEDANG
201711,2017-11-26,DKI3,2,,13,6,37,1,37,O3,BAIK
201711,2017-11-26,DKI4,25,,53,---,24,3,53,SO2,SEDANG
201711,2017-11-26,DKI5,16,,20,25,25,2,25,CO,BAIK
201711,2017-11-27,DKI1,20,,18,16,19,2,20,PM10,BAIK
201711,2017-11-27,DKI2,19,,53,7,18,7,53,SO2,SEDANG
201711,2017-11-27,DKI3,5,,13,6,37,2,37,O3,BAIK
201711,2017-11-27,DKI4,12,,52,---,17,5,52,SO2,SEDANG
201711,2017-11-27,DKI5,13,,17,26,24,3,26,CO,BAIK
201711,2017-11-28,DKI1,19,,18,16,21,2,21,O3,BAIK
201711,2017-11-28,DKI2,18,,53,8,18,7,53,SO2,SEDANG
201711,2017-11-28,DKI3,---,,13,7,33,---,33,O3,BAIK
201711,2017-11-28,DKI4,16,,53,---,17,4,53,SO2,SEDANG
201711,2017-11-28,DKI5,17,,17,26,22,3,26,CO,BAIK
201711,2017-11-29,DKI1,23,,19,16,28,3,28,O3,BAIK
201711,2017-11-29,DKI2,24,,53,7,37,15,53,SO2,SEDANG
201711,2017-11-29,DKI3,---,,13,5,33,---,33,O3,BAIK
201711,2017-11-29,DKI4,25,,53,---,28,4,53,SO2,SEDANG
201711,2017-11-29,DKI5,17,,18,25,36,---,36,O3,BAIK
201711,2017-11-30,DKI1,29,,21,23,18,4,29,PM10,BAIK
201711,2017-11-30,DKI2,27,,53,13,23,13,53,SO2,SEDANG
201711,2017-11-30,DKI3,17,,13,6,38,2,38,O3,BAIK
201711,2017-11-30,DKI4,20,,27,---,24,6,27,SO2,BAIK
201711,2017-11-30,DKI5,25,,20,32,43,10,43,O3,BAIK
201701,2017-12-01,DKI1,29,,32,23,17,2,32,SO2,BAIK
201701,2017-12-01,DKI2,29,,18,12,65,19,65,O3,SEDANG
201701,2017-12-01,DKI3,22,,30,7,32,3,32,O3,BAIK
201701,2017-12-01,DKI4,25,,26,7,26,5,26,SO2,BAIK
201701,2017-12-01,DKI5,7,,12,43,35,9,43,CO,BAIK
201702,2017-12-02,DKI1,35,,3,18,40,3,40,O3,BAIK
201702,2017-12-02,DKI2,25,,16,5,44,12,44,O3,BAIK
201702,2017-12-02,DKI3,34,,30,13,43,7,43,O3,BAIK
201702,2017-12-02,DKI4,37,,28,13,27,6,37,PM10,BAIK
201702,2017-12-02,DKI5,5,,12,34,28,11,34,CO,BAIK
201703,2017-12-03,DKI1,57,,6,29,53,4,57,PM10,SEDANG
201703,2017-12-03,DKI2,53,,19,19,54,17,54,O3,SEDANG
201703,2017-12-03,DKI3,61,,32,21,84,9,84,O3,SEDANG
201703,2017-12-03,DKI4,75,,32,23,57,11,75,PM10,SEDANG
201703,2017-12-03,DKI5,6,,15,48,52,15,52,O3,SEDANG
201704,2017-12-04,DKI1,39,,9,26,47,5,47,O3,BAIK
201704,2017-12-04,DKI2,52,,29,12,89,17,89,O3,SEDANG
201704,2017-12-04,DKI3,21,,34,9,110,11,110,O3,TIDAK SEHAT
201704,2017-12-04,DKI4,44,,33,11,85,8,85,O3,SEDANG
201704,2017-12-04,DKI5,34,,13,---,66,---,66,O3,SEDANG
201705,2017-12-05,DKI1,71,,15,25,78,5,78,O3,SEDANG
201705,2017-12-05,DKI2,75,,29,11,115,18,115,O3,TIDAK SEHAT
201705,2017-12-05,DKI3,87,,35,18,117,9,117,O3,TIDAK SEHAT
201705,2017-12-05,DKI4,84,,42,10,93,10,93,O3,SEDANG
201705,2017-12-05,DKI5,84,,18,50,95,19,95,O3,SEDANG
201706,2017-12-06,DKI1,52,,13,17,48,4,52,PM10,SEDANG
201706,2017-12-06,DKI2,56,,28,9,53,14,56,PM10,SEDANG
201706,2017-12-06,DKI3,57,,35,8,79,7,79,O3,SEDANG
201706,2017-12-06,DKI4,67,,47,14,45,9,67,PM10,SEDANG
201706,2017-12-06,DKI5,45,,17,33,60,10,60,O3,SEDANG
201707,2017-12-07,DKI1,27,,14,19,74,5,74,O3,SEDANG
201707,2017-12-07,DKI2,50,,28,10,92,16,92,O3,SEDANG
201707,2017-12-07,DKI3,43,,11,3,87,6,87,O3,SEDANG
201707,2017-12-07,DKI4,53,,50,11,71,9,71,O3,SEDANG
201707,2017-12-07,DKI5,38,,---,---,---,---,38,PM10,BAIK
201708,2017-12-08,DKI1,56,,19,18,65,8,65,O3,SEDANG
201708,2017-12-08,DKI2,58,,34,6,87,13,87,O3,SEDANG
201708,2017-12-08,DKI3,72,,13,27,97,14,97,O3,SEDANG
201708,2017-12-08,DKI4,68,,51,18,70,4,70,O3,SEDANG
201708,2017-12-08,DKI5,61,,22,33,63,9,63,O3,SEDANG
201709,2017-12-09,DKI1,59,,16,20,61,5,61,O3,SEDANG
201709,2017-12-09,DKI2,59,,40,10,58,18,59,PM10,SEDANG
201709,2017-12-09,DKI3,57,,13,13,107,5,107,O3,TIDAK SEHAT
201709,2017-12-09,DKI4,91,,52,17,67,20,91,PM10,SEDANG
201709,2017-12-09,DKI5,56,,17,37,77,8,77,O3,SEDANG
201710,2017-12-10,DKI1,46,,17,23,89,6,89,O3,SEDANG
201710,2017-12-10,DKI2,57,,49,17,79,23,79,O3,SEDANG
201710,2017-12-10,DKI3,---,,---,---,---,---,0,,TIDAK ADA DATA
201710,2017-12-10,DKI4,77,,52,16,81,16,81,O3,SEDANG
201710,2017-12-10,DKI5,---,,18,39,103,8,103,O3,TIDAK SEHAT
201711,2017-12-11,DKI1,44,,18,18,81,3,81,O3,SEDANG
201711,2017-12-11,DKI2,---,,---,---,---,---,0,,TIDAK ADA DATA
201711,2017-12-11,DKI3,51,,14,15,85,12,85,O3,SEDANG
201711,2017-12-11,DKI4,48,,52,9,99,9,99,O3,SEDANG
201711,2017-12-11,DKI5,---,,19,33,75,6,75,O3,SEDANG
201712,2017-12-12,DKI1,24,,20,25,21,2,25,CO,BAIK
201712,2017-12-12,DKI2,---,,---,---,---,---,0,,TIDAK ADA DATA
201712,2017-12-12,DKI3,5,,14,15,46,3,46,O3,BAIK
201712,2017-12-12,DKI4,24,,27,12,46,8,46,O3,BAIK
201712,2017-12-12,DKI5,20,,18,36,29,9,36,CO,BAIK
201712,2017-12-13,DKI1,27,,19,24,16,1,27,PM10,BAIK
201712,2017-12-13,DKI2,21,,51,23,19,7,51,SO2,SEDANG
201712,2017-12-13,DKI3,7,,14,12,34,4,34,O3,BAIK
201712,2017-12-13,DKI4,24,,27,---,14,7,27,SO2,BAIK
201712,2017-12-13,DKI5,19,,18,38,19,10,38,CO,BAIK
201712,2017-12-14,DKI1,10,,20,20,31,4,31,O3,BAIK
201712,2017-12-14,DKI2,27,,51,11,58,23,58,O3,SEDANG
201712,2017-12-14,DKI3,25,,14,13,59,3,59,O3,SEDANG
201712,2017-12-14,DKI4,35,,28,7,58,13,58,O3,SEDANG
201712,2017-12-14,DKI5,22,,20,28,37,4,37,O3,BAIK
201712,2017-12-15,DKI1,---,,---,---,---,---,0,,TIDAK ADA DATA
201712,2017-12-15,DKI2,34,,51,9,31,18,51,SO2,SEDANG
201712,2017-12-15,DKI3,10,,14,11,47,3,47,O3,BAIK
201712,2017-12-15,DKI4,41,,28,7,35,7,41,PM10,BAIK
201712,2017-12-15,DKI5,26,,19,27,30,3,30,O3,BAIK
201712,2017-12-16,DKI1,51,,23,22,18,2,51,PM10,SEDANG
201712,2017-12-16,DKI2,46,,51,15,19,18,51,SO2,SEDANG
201712,2017-12-16,DKI3,40,,14,20,50,6,50,O3,BAIK
201712,2017-12-16,DKI4,63,,29,14,38,7,63,PM10,SEDANG
201712,2017-12-16,DKI5,46,,25,38,25,10,46,PM10,BAIK
201712,2017-12-17,DKI1,33,,20,18,29,2,33,PM10,BAIK
201712,2017-12-17,DKI2,25,,51,11,25,7,51,SO2,SEDANG
201712,2017-12-17,DKI3,7,,14,14,45,3,45,O3,BAIK
201712,2017-12-17,DKI4,31,,28,---,27,7,31,PM10,BAIK
201712,2017-12-17,DKI5,28,,20,31,25,11,31,CO,BAIK
201712,2017-12-18,DKI1,17,,23,17,25,2,25,O3,BAIK
201712,2017-12-18,DKI2,24,,52,8,25,7,52,SO2,SEDANG
201712,2017-12-18,DKI3,10,,15,8,41,2,41,O3,BAIK
201712,2017-12-18,DKI4,20,,29,---,32,7,32,O3,BAIK
201712,2017-12-18,DKI5,30,,23,30,26,8,30,PM10,BAIK
201712,2017-12-19,DKI1,27,,21,19,31,4,31,O3,BAIK
201712,2017-12-19,DKI2,22,,52,7,33,11,52,SO2,SEDANG
201712,2017-12-19,DKI3,---,,15,13,45,7,45,O3,BAIK
201712,2017-12-19,DKI4,33,,29,---,38,8,38,O3,BAIK
201712,2017-12-19,DKI5,27,,19,27,33,6,33,O3,BAIK
201712,2017-12-20,DKI1,33,,21,18,30,3,33,PM10,BAIK
201712,2017-12-20,DKI2,26,,52,7,30,12,52,SO2,SEDANG
201712,2017-12-20,DKI3,8,,14,19,50,10,50,O3,BAIK
201712,2017-12-20,DKI4,39,,28,8,33,9,39,PM10,BAIK
201712,2017-12-20,DKI5,37,,20,31,32,9,37,PM10,BAIK
201712,2017-12-21,DKI1,30,,21,22,28,3,30,PM10,BAIK
201712,2017-12-21,DKI2,31,,52,19,33,15,52,SO2,SEDANG
201712,2017-12-21,DKI3,---,,14,25,53,3,53,O3,SEDANG
201712,2017-12-21,DKI4,35,,28,15,34,7,35,PM10,BAIK
201712,2017-12-21,DKI5,37,,20,28,35,9,37,PM10,BAIK
201712,2017-12-22,DKI1,28,,20,26,25,3,28,PM10,BAIK
201712,2017-12-22,DKI2,29,,52,19,30,12,52,SO2,SEDANG
201712,2017-12-22,DKI3,---,,14,13,52,3,52,O3,SEDANG
201712,2017-12-22,DKI4,25,,28,---,33,5,33,O3,BAIK
201712,2017-12-22,DKI5,27,,20,37,35,10,37,CO,BAIK
201712,2017-12-23,DKI1,34,,21,21,35,3,35,O3,BAIK
201712,2017-12-23,DKI2,30,,52,11,56,9,56,O3,SEDANG
201712,2017-12-23,DKI3,---,,14,10,46,3,46,O3,BAIK
201712,2017-12-23,DKI4,28,,30,---,37,4,37,O3,BAIK
201712,2017-12-23,DKI5,31,,21,27,32,9,32,O3,BAIK
201712,2017-12-24,DKI1,24,,21,18,34,2,34,O3,BAIK
201712,2017-12-24,DKI2,28,,---,10,43,7,43,O3,BAIK
201712,2017-12-24,DKI3,---,,14,10,41,3,41,O3,BAIK
201712,2017-12-24,DKI4,38,,30,---,43,5,43,O3,BAIK
201712,2017-12-24,DKI5,28,,22,29,24,5,29,CO,BAIK
201712,2017-12-25,DKI1,20,,19,14,22,2,22,O3,BAIK
201712,2017-12-25,DKI2,19,,---,5,31,4,31,O3,BAIK
201712,2017-12-25,DKI3,17,,15,12,31,3,31,O3,BAIK
201712,2017-12-25,DKI4,30,,29,---,30,5,30,PM10,BAIK
201712,2017-12-25,DKI5,18,,18,26,19,---,26,CO,BAIK
201712,2017-12-26,DKI1,16,,20,14,33,2,33,O3,BAIK
201712,2017-12-26,DKI2,22,,---,4,30,5,30,O3,BAIK
201712,2017-12-26,DKI3,13,,14,9,40,2,40,O3,BAIK
201712,2017-12-26,DKI4,38,,30,---,33,4,38,PM10,BAIK
201712,2017-12-26,DKI5,19,,20,26,32,---,32,O3,BAIK
201712,2017-12-27,DKI1,22,,21,15,27,3,27,O3,BAIK
201712,2017-12-27,DKI2,25,,---,6,34,11,34,O3,BAIK
201712,2017-12-27,DKI3,18,,16,9,43,3,43,O3,BAIK
201712,2017-12-27,DKI4,55,,30,---,27,5,55,PM10,SEDANG
201712,2017-12-27,DKI5,21,,21,26,30,4,30,O3,BAIK
201712,2017-12-28,DKI1,31,,23,17,35,3,35,O3,BAIK
201712,2017-12-28,DKI2,27,,---,5,30,18,30,O3,BAIK
201712,2017-12-28,DKI3,31,,15,11,39,3,39,O3,BAIK
201712,2017-12-28,DKI4,29,,30,---,48,6,48,O3,BAIK
201712,2017-12-28,DKI5,29,,23,26,46,5,46,O3,BAIK
201712,2017-12-29,DKI1,35,,24,21,45,4,45,O3,BAIK
201712,2017-12-29,DKI2,55,,---,15,34,16,55,PM10,SEDANG
201712,2017-12-29,DKI3,36,,20,22,84,8,84,O3,SEDANG
201712,2017-12-29,DKI4,72,,35,27,77,13,77,O3,SEDANG
201712,2017-12-29,DKI5,55,,28,38,47,10,55,PM10,SEDANG
201712,2017-12-30,DKI1,49,,23,18,54,3,54,O3,SEDANG
201712,2017-12-30,DKI2,50,,---,12,42,15,50,PM10,BAIK
201712,2017-12-30,DKI3,52,,19,21,81,7,81,O3,SEDANG
201712,2017-12-30,DKI4,60,,34,19,56,9,60,PM10,SEDANG
201712,2017-12-30,DKI5,51,,26,31,49,8,51,PM10,SEDANG
201712,2017-12-31,DKI1,38,,23,21,30,4,38,PM10,BAIK
201712,2017-12-31,DKI2,47,,32,14,43,14,47,PM10,BAIK
201712,2017-12-31,DKI3,25,,17,22,37,6,37,O3,BAIK
201712,2017-12-31,DKI4,63,,33,25,36,9,63,PM10,SEDANG
201712,2017-12-31,DKI5,52,,23,40,33,8,52,PM10,SEDANG
201801,2018-01-01,DKI4,76,,31,38,35,9,76,PM10,SEDANG
201801,2018-01-02,DKI3,23,,31,24,39,14,39,O3,BAIK
201801,2018-01-03,DKI3,53,,35,35,101,23,101,O3,TIDAK SEHAT
201801,2018-01-04,DKI3,53,,49,34,57,15,57,O3,SEDANG
201801,2018-01-05,DKI4,44,,32,26,28,10,44,PM10,BAIK
201801,2018-01-06,DKI5,20,,30,22,31,5,31,O3,BAIK
201801,2018-01-07,DKI5,26,,30,14,46,5,46,O3,BAIK
201801,2018-01-08,DKI5,62,,33,19,73,17,73,O3,SEDANG
201801,2018-01-09,DKI3,45,,32,16,63,14,63,O3,SEDANG
201801,2018-01-10,DKI5,42,,34,16,95,17,95,O3,SEDANG
201801,2018-01-11,DKI5,40,,38,18,81,19,81,O3,SEDANG
201801,2018-01-12,DKI5,37,,33,18,83,17,83,O3,SEDANG
201801,2018-01-13,DKI5,51,,30,17,93,21,93,O3,SEDANG
201801,2018-01-14,DKI5,33,,72,17,73,14,73,O3,SEDANG
201801,2018-01-15,DKI4,30,,72,19,70,12,72,SO2,SEDANG
201801,2018-01-16,DKI4,25,,70,19,61,10,70,SO2,SEDANG
201801,2018-01-17,DKI5,35,,52,19,60,13,60,O3,SEDANG
201801,2018-01-18,DKI5,41,,52,22,56,15,56,O3,SEDANG
201801,2018-01-19,DKI4,46,,51,29,48,19,51,SO2,SEDANG
201801,2018-01-20,DKI4,27,,51,18,38,7,51,SO2,SEDANG
201801,2018-01-21,DKI4,25,,51,18,40,8,51,SO2,SEDANG
201801,2018-01-22,DKI4,26,,52,17,32,6,52,SO2,SEDANG
201801,2018-01-23,DKI5,28,,52,17,57,9,57,O3,SEDANG
201801,2018-01-24,DKI5,33,,53,20,86,19,86,O3,SEDANG
201801,2018-01-25,DKI4,26,,53,22,51,15,53,SO2,SEDANG
201801,2018-01-26,DKI4,21,,53,19,41,7,53,SO2,SEDANG
201801,2018-01-27,DKI5,27,,54,19,63,6,63,O3,SEDANG
201801,2018-01-28,DKI4,34,,55,20,52,6,55,SO2,SEDANG
201801,2018-01-29,DKI4,22,,54,18,39,7,54,SO2,SEDANG
201801,2018-01-30,DKI5,27,,41,22,41,7,41,SO2,BAIK
201801,2018-01-31,DKI5,28,,54,21,58,12,58,O3,SEDANG
201802,2018-02-01,DKI5,44,,43,37,73,13,73,O3,SEDANG
201802,2018-02-02,DKI3,47,,45,56,68,12,68,O3,SEDANG
201802,2018-02-03,DKI5,42,,44,35,59,12,59,O3,SEDANG
201802,2018-02-04,DKI5,35,,47,35,57,12,57,O3,SEDANG
201802,2018-02-05,DKI5,31,,46,32,66,9,66,O3,SEDANG
201802,2018-02-06,DKI5,45,,48,71,75,16,75,O3,SEDANG
201802,2018-02-07,DKI5,42,,50,60,89,14,89,O3,SEDANG
201802,2018-02-08,DKI5,55,,49,62,89,22,89,O3,SEDANG
201802,2018-02-09,DKI5,53,,24,88,65,14,88,CO,SEDANG
201802,2018-02-10,DKI5,43,,24,52,58,16,58,O3,SEDANG
201802,2018-02-11,DKI5,48,,25,39,56,12,56,O3,SEDANG
201802,2018-02-12,DKI5,50,,21,56,70,12,70,O3,SEDANG
201802,2018-02-13,DKI5,57,,21,32,75,13,75,O3,SEDANG
201802,2018-02-14,DKI5,60,,22,27,80,17,80,O3,SEDANG
201802,2018-02-15,DKI5,55,,22,63,58,15,63,CO,SEDANG
201802,2018-02-16,DKI5,22,,22,23,68,14,68,O3,SEDANG
201802,2018-02-17,DKI4,53,,24,23,48,14,53,PM10,SEDANG
201802,2018-02-18,DKI5,40,,23,23,80,9,80,O3,SEDANG
201802,2018-02-19,DKI5,45,,24,20,65,14,65,O3,SEDANG
201802,2018-02-20,DKI5,52,,32,35,62,14,62,O3,SEDANG
201802,2018-02-21,DKI2,57,,26,22,66,26,66,O3,SEDANG
201802,2018-02-22,DKI5,53,,26,66,47,19,66,CO,SEDANG
201802,2018-02-23,DKI5,64,,26,88,61,14,88,CO,SEDANG
201802,2018-02-24,DKI3,47,,23,22,76,11,76,O3,SEDANG
201802,2018-02-25,DKI5,48,,26,20,91,11,91,O3,SEDANG
201802,2018-02-26,DKI5,46,,25,33,80,15,80,O3,SEDANG
201802,2018-02-27,DKI3,47,,25,42,64,17,64,O3,SEDANG
201802,2018-02-28,DKI3,56,,28,56,80,16,80,O3,SEDANG
201803,2018-03-01,DKI5,72,,24,40,126,19,126,O3,TIDAK SEHAT
201803,2018-03-02,DKI2,51,,29,34,146,17,146,O3,TIDAK SEHAT
201803,2018-03-03,DKI5,62,,30,37,109,18,109,O3,TIDAK SEHAT
201803,2018-03-04,DKI5,60,,30,64,194,19,194,O3,TIDAK SEHAT
201803,2018-03-05,DKI5,61,,23,48,79,20,79,O3,SEDANG
201803,2018-03-06,DKI3,64,,28,30,103,16,103,O3,TIDAK SEHAT
201803,2018-03-07,DKI3,66,,26,48,76,21,76,O3,SEDANG
201803,2018-03-08,DKI5,55,,29,47,107,22,107,O3,TIDAK SEHAT
201803,2018-03-09,DKI5,59,,30,59,81,27,81,O3,SEDANG
201803,2018-03-10,DKI3,60,,25,27,54,12,60,PM10,SEDANG
201803,2018-03-11,DKI5,56,,25,18,63,10,63,O3,SEDANG
201803,2018-03-12,DKI5,39,,24,20,46,9,46,O3,BAIK
201803,2018-03-13,DKI3,49,,28,20,61,8,61,O3,SEDANG
201803,2018-03-14,DKI3,62,,31,20,89,11,89,O3,SEDANG
201803,2018-03-15,DKI2,68,,37,24,136,30,136,O3,TIDAK SEHAT
201803,2018-03-16,DKI5,75,,30,20,191,15,191,O3,TIDAK SEHAT
201803,2018-03-17,DKI5,71,,32,24,155,20,155,O3,TIDAK SEHAT
201803,2018-03-18,DKI5,72,,31,54,195,14,195,O3,TIDAK SEHAT
201803,2018-03-19,DKI5,50,,27,21,156,15,156,O3,TIDAK SEHAT
201803,2018-03-20,DKI5,51,,29,23,202,22,202,O3,SANGAT TIDAK SEHAT
201803,2018-03-21,DKI2,62,,25,31,87,14,87,O3,SEDANG
201803,2018-03-22,DKI3,30,,25,18,51,9,51,O3,SEDANG
201803,2018-03-23,DKI5,75,,44,49,94,21,94,O3,SEDANG
201803,2018-03-24,DKI1,66,,30,23,55,17,66,PM10,SEDANG
201803,2018-03-25,DKI2,36,,24,16,64,19,64,O3,SEDANG
201803,2018-03-26,DKI2,51,,27,24,90,19,90,O3,SEDANG
201803,2018-03-27,DKI2,41,,24,20,94,7,94,O3,SEDANG
201803,2018-03-28,DKI2,75,,31,42,195,26,195,O3,TIDAK SEHAT
201803,2018-03-29,DKI2,71,,34,26,129,19,129,O3,TIDAK SEHAT
201803,2018-03-30,DKI2,56,,30,34,105,30,105,O3,TIDAK SEHAT
201803,2018-03-31,DKI5,39,,48,15,67,8,67,O3,SEDANG
201804,2018-04-01,DKI5,45,,25,17,57,13,57,O3,SEDANG
201804,2018-04-02,DKI5,46,,27,18,57,19,57,O3,SEDANG
201804,2018-04-03,DKI5,50,,26,27,80,26,80,O3,SEDANG
201804,2018-04-04,DKI5,45,,28,20,96,28,96,O3,SEDANG
201804,2018-04-05,DKI5,81,,37,29,202,18,202,O3,SANGAT TIDAK SEHAT
201804,2018-04-06,DKI5,56,,29,21,144,12,144,O3,TIDAK SEHAT
201804,2018-04-07,DKI3,68,,31,29,74,12,74,O3,SEDANG
201804,2018-04-08,DKI3,45,,28,16,51,12,51,O3,SEDANG
201804,2018-04-09,DKI3,53,,33,20,85,11,85,O3,SEDANG
201804,2018-04-10,DKI3,52,,36,19,66,15,66,O3,SEDANG
201804,2018-04-11,DKI3,71,,33,23,92,13,92,O3,SEDANG
201804,2018-04-12,DKI2,69,,58,16,57,14,69,PM10,SEDANG
201804,2018-04-13,DKI5,54,,56,16,121,11,121,O3,TIDAK SEHAT
201804,2018-04-14,DKI5,51,,22,21,141,12,141,O3,TIDAK SEHAT
201804,2018-04-15,DKI5,59,,27,23,168,13,168,O3,TIDAK SEHAT
201804,2018-04-16,DKI5,65,,33,27,185,18,185,O3,TIDAK SEHAT
201804,2018-04-17,DKI5,63,,26,24,142,16,142,O3,TIDAK SEHAT
201804,2018-04-18,DKI4,81,,29,26,80,23,81,PM10,SEDANG
201804,2018-04-19,DKI5,86,,27,33,133,22,133,O3,TIDAK SEHAT
201804,2018-04-20,DKI5,76,,24,30,92,18,92,O3,SEDANG
201804,2018-04-21,DKI5,73,,26,43,162,25,162,O3,TIDAK SEHAT
201804,2018-04-22,DKI5,70,,26,29,117,18,117,O3,TIDAK SEHAT
201804,2018-04-23,DKI5,51,,22,30,84,16,84,O3,SEDANG
201804,2018-04-24,DKI5,61,,23,33,90,34,90,O3,SEDANG
201804,2018-04-25,DKI1,69,,23,37,48,18,69,PM10,SEDANG
201804,2018-04-26,DKI1,71,,30,34,56,25,71,PM10,SEDANG
201804,2018-04-27,DKI2,62,,23,22,48,16,62,PM10,SEDANG
201804,2018-04-28,DKI5,57,,25,23,96,16,96,O3,SEDANG
201804,2018-04-29,DKI5,67,,23,26,120,18,120,O3,TIDAK SEHAT
201804,2018-04-30,DKI4,78,,24,29,89,22,89,O3,SEDANG
201805,2018-05-01,DKI5,73,,25,19,101,18,101,O3,TIDAK SEHAT
201805,2018-05-02,DKI5,88,,25,22,183,18,183,O3,TIDAK SEHAT
201805,2018-05-03,DKI5,103,,27,23,166,20,166,O3,TIDAK SEHAT
201805,2018-05-04,DKI5,91,,27,46,164,23,164,O3,TIDAK SEHAT
201805,2018-05-05,DKI5,78,,26,27,137,17,137,O3,TIDAK SEHAT
201805,2018-05-06,DKI5,70,,26,17,109,15,109,O3,TIDAK SEHAT
201805,2018-05-07,DKI5,68,,27,17,77,16,77,O3,SEDANG
201805,2018-05-08,DKI5,79,,26,21,204,17,204,O3,SANGAT TIDAK SEHAT
201805,2018-05-09,DKI5,93,,27,21,156,20,156,O3,TIDAK SEHAT
201805,2018-05-10,DKI5,73,,25,18,107,15,107,O3,TIDAK SEHAT
201805,2018-05-11,DKI5,74,,27,16,83,18,83,O3,SEDANG
201805,2018-05-12,DKI5,103,,27,29,144,21,144,O3,TIDAK SEHAT
201805,2018-05-13,DKI5,96,,26,26,131,14,131,O3,TIDAK SEHAT
201805,2018-05-14,DKI5,87,,26,20,178,13,178,O3,TIDAK SEHAT
201805,2018-05-15,DKI5,94,,27,25,143,17,143,O3,TIDAK SEHAT
201805,2018-05-16,DKI5,87,,28,23,151,16,151,O3,TIDAK SEHAT
201805,2018-05-17,DKI3,65,,25,19,80,16,80,O3,SEDANG
201805,2018-05-18,DKI5,78,,26,26,86,11,86,O3,SEDANG
201805,2018-05-19,DKI5,59,,24,13,102,10,102,O3,TIDAK SEHAT
201805,2018-05-20,DKI5,61,,25,29,98,12,98,O3,SEDANG
201805,2018-05-21,DKI5,60,,25,20,185,16,185,O3,TIDAK SEHAT
201805,2018-05-22,DKI5,58,,25,14,80,10,80,O3,SEDANG
201805,2018-05-23,DKI5,58,,26,12,74,12,74,O3,SEDANG
201805,2018-05-24,DKI5,42,,25,12,94,10,94,O3,SEDANG
201805,2018-05-25,DKI5,66,,26,22,92,11,92,O3,SEDANG
201805,2018-05-26,DKI5,71,,29,24,119,13,119,O3,TIDAK SEHAT
201805,2018-05-27,DKI5,62,,26,23,156,10,156,O3,TIDAK SEHAT
201805,2018-05-28,DKI2,81,,24,55,120,33,120,O3,TIDAK SEHAT
201805,2018-05-29,DKI5,84,,31,21,118,20,118,O3,TIDAK SEHAT
201805,2018-05-30,DKI5,86,,25,24,191,20,191,O3,TIDAK SEHAT
201805,2018-05-31,DKI2,83,,28,21,183,20,183,O3,TIDAK SEHAT
201806,2018-06-01,DKI5,75,,27,30,115,15,115,O3,TIDAK SEHAT
201806,2018-06-02,DKI5,78,,26,14,86,18,86,O3,SEDANG
201806,2018-06-03,DKI5,82,,26,16,145,17,145,O3,TIDAK SEHAT
201806,2018-06-04,DKI5,73,,27,11,125,19,125,O3,TIDAK SEHAT
201806,2018-06-05,DKI5,69,,26,13,146,14,146,O3,TIDAK SEHAT
201806,2018-06-06,DKI5,78,,26,16,133,13,133,O3,TIDAK SEHAT
201806,2018-06-07,DKI5,79,,25,21,179,18,179,O3,TIDAK SEHAT
201806,2018-06-08,DKI5,68,,27,16,162,17,162,O3,TIDAK SEHAT
201806,2018-06-09,DKI5,100,,27,39,167,22,167,O3,TIDAK SEHAT
201806,2018-06-10,DKI2,75,,27,28,203,17,203,O3,SANGAT TIDAK SEHAT
201806,2018-06-11,DKI2,74,,27,14,169,14,169,O3,TIDAK SEHAT
201806,2018-06-12,DKI2,67,,26,18,161,13,161,O3,TIDAK SEHAT
201806,2018-06-13,DKI5,64,,25,30,163,16,163,O3,TIDAK SEHAT
201806,2018-06-14,DKI5,56,,25,18,144,7,144,O3,TIDAK SEHAT
201806,2018-06-15,DKI2,60,,26,21,161,8,161,O3,TIDAK SEHAT
201806,2018-06-16,DKI2,61,,37,31,139,17,139,O3,TIDAK SEHAT
201806,2018-06-17,DKI5,49,,27,11,88,8,88,O3,SEDANG
201806,2018-06-18,DKI5,51,,27,10,75,10,75,O3,SEDANG
201806,2018-06-19,DKI5,60,,26,13,97,10,97,O3,SEDANG
201806,2018-06-20,DKI5,73,,26,16,86,10,86,O3,SEDANG
201806,2018-06-21,DKI5,51,,27,11,70,5,70,O3,SEDANG
201806,2018-06-22,DKI5,66,,28,17,94,13,94,O3,SEDANG
201806,2018-06-23,DKI4,81,,27,14,77,10,81,PM10,SEDANG
201806,2018-06-24,DKI5,50,,25,15,110,10,110,O3,TIDAK SEHAT
201806,2018-06-25,DKI5,35,,25,14,100,11,100,O3,SEDANG
201806,2018-06-26,DKI2,56,,26,43,107,23,107,O3,TIDAK SEHAT
201806,2018-06-27,DKI5,60,,26,23,136,19,136,O3,TIDAK SEHAT
201806,2018-06-28,DKI5,69,,27,24,146,10,146,O3,TIDAK SEHAT
201806,2018-06-29,DKI5,73,,28,18,213,20,213,O3,SANGAT TIDAK SEHAT
201806,2018-06-30,DKI2,67,,30,17,193,15,193,O3,TIDAK SEHAT
201807,2018-07-01,DKI5,96,,28,27,205,20,205,O3,SANGAT TIDAK SEHAT
201807,2018-07-02,DKI5,79,,29,28,142,20,142,O3,TIDAK SEHAT
201807,2018-07-03,DKI2,79,,29,23,166,16,166,O3,TIDAK SEHAT
201807,2018-07-04,DKI2,104,,31,24,209,19,209,O3,SANGAT TIDAK SEHAT
201807,2018-07-05,DKI5,63,,29,16,123,13,123,O3,TIDAK SEHAT
201807,2018-07-06,DKI5,74,,31,16,113,19,113,O3,TIDAK SEHAT
201807,2018-07-07,DKI5,95,,32,32,104,24,104,O3,TIDAK SEHAT
201807,2018-07-08,DKI2,95,,29,32,111,22,111,O3,TIDAK SEHAT
201807,2018-07-09,DKI5,69,,29,17,116,17,116,O3,TIDAK SEHAT
201807,2018-07-10,DKI2,87,,29,19,124,16,124,O3,TIDAK SEHAT
201807,2018-07-11,DKI2,73,,32,17,129,20,129,O3,TIDAK SEHAT
201807,2018-07-12,DKI5,74,,32,16,117,18,117,O3,TIDAK SEHAT
201807,2018-07-13,DKI2,80,,30,17,107,18,107,O3,TIDAK SEHAT
201807,2018-07-14,DKI2,84,,33,19,117,19,117,O3,TIDAK SEHAT
201807,2018-07-15,DKI2,63,,29,14,129,11,129,O3,TIDAK SEHAT
201807,2018-07-16,DKI5,61,,33,14,222,18,222,O3,SANGAT TIDAK SEHAT
201807,2018-07-17,DKI5,81,,30,20,205,19,205,O3,SANGAT TIDAK SEHAT
201807,2018-07-18,DKI5,88,,29,25,208,20,208,O3,SANGAT TIDAK SEHAT
201807,2018-07-19,DKI5,82,,30,19,188,19,188,O3,TIDAK SEHAT
201807,2018-07-20,DKI5,79,,30,16,113,18,113,O3,TIDAK SEHAT
201807,2018-07-21,DKI5,74,,32,14,151,16,151,O3,TIDAK SEHAT
201807,2018-07-22,DKI5,77,,29,22,166,15,166,O3,TIDAK SEHAT
201807,2018-07-23,DKI5,63,,25,23,191,22,191,O3,TIDAK SEHAT
201807,2018-07-24,DKI5,92,,32,23,184,22,184,O3,TIDAK SEHAT
201807,2018-07-25,DKI5,75,,29,23,153,17,153,O3,TIDAK SEHAT
201807,2018-07-26,DKI5,78,,33,22,168,20,168,O3,TIDAK SEHAT
201807,2018-07-27,DKI5,86,,31,19,197,18,197,O3,TIDAK SEHAT
201807,2018-07-28,DKI5,92,,32,31,234,20,234,O3,SANGAT TIDAK SEHAT
201807,2018-07-29,DKI5,77,,30,23,202,20,202,O3,SANGAT TIDAK SEHAT
201807,2018-07-30,DKI5,92,,31,23,174,27,174,O3,TIDAK SEHAT
201807,2018-07-31,DKI5,79,,29,22,156,21,156,O3,TIDAK SEHAT
201808,2018-08-01,DKI5,86,,31,21,129,24,129,O3,TIDAK SEHAT
201808,2018-08-02,DKI5,68,,31,18,207,20,207,O3,SANGAT TIDAK SEHAT
201808,2018-08-03,DKI2,68,,32,16,211,17,211,O3,SANGAT TIDAK SEHAT
201808,2018-08-04,DKI5,59,,31,16,194,16,194,O3,TIDAK SEHAT
201808,2018-08-05,DKI2,65,,35,14,203,16,203,O3,SANGAT TIDAK SEHAT
201808,2018-08-06,DKI2,71,,34,13,202,23,202,O3,SANGAT TIDAK SEHAT
201808,2018-08-07,DKI5,79,,35,21,162,25,162,O3,TIDAK SEHAT
201808,2018-08-08,DKI5,92,,33,28,144,29,144,O3,TIDAK SEHAT
201808,2018-08-09,DKI5,75,,37,22,186,18,186,O3,TIDAK SEHAT
201808,2018-08-10,DKI2,65,,33,18,165,17,165,O3,TIDAK SEHAT
201808,2018-08-11,DKI3,69,,31,17,126,19,126,O3,TIDAK SEHAT
201808,2018-08-12,DKI5,77,,31,20,127,15,127,O3,TIDAK SEHAT
201808,2018-08-13,DKI5,66,,30,14,134,14,134,O3,TIDAK SEHAT
201808,2018-08-14,DKI5,74,,31,19,151,13,151,O3,TIDAK SEHAT
201808,2018-08-15,DKI5,62,,30,15,185,16,185,O3,TIDAK SEHAT
201808,2018-08-16,DKI5,72,,31,17,140,15,140,O3,TIDAK SEHAT
201808,2018-08-17,DKI5,62,,31,15,154,13,154,O3,TIDAK SEHAT
201808,2018-08-18,DKI5,62,,30,14,143,14,143,O3,TIDAK SEHAT
201808,2018-08-19,DKI5,79,,32,20,149,13,149,O3,TIDAK SEHAT
201808,2018-08-20,DKI5,80,,30,19,101,11,101,O3,TIDAK SEHAT
201808,2018-08-21,DKI3,73,,32,16,122,11,122,O3,TIDAK SEHAT
201808,2018-08-22,DKI5,62,,31,16,164,9,164,O3,TIDAK SEHAT
201808,2018-08-23,DKI5,62,,30,17,161,16,161,O3,TIDAK SEHAT
201808,2018-08-24,DKI5,81,,32,22,110,18,110,O3,TIDAK SEHAT
201808,2018-08-25,DKI5,76,,31,19,202,13,202,O3,SANGAT TIDAK SEHAT
201808,2018-08-26,DKI5,75,,30,16,131,12,131,O3,TIDAK SEHAT
201808,2018-08-27,DKI5,79,,31,20,166,13,166,O3,TIDAK SEHAT
201808,2018-08-28,DKI5,83,,31,17,182,13,182,O3,TIDAK SEHAT
201808,2018-08-29,DKI5,67,,30,16,161,13,161,O3,TIDAK SEHAT
201808,2018-08-30,DKI2,85,,31,17,153,16,153,O3,TIDAK SEHAT
201808,2018-08-31,DKI5,65,,30,18,130,11,130,O3,TIDAK SEHAT
201809,2018-09-01,DKI5,68,,29,20,145,13,145,O3,TIDAK SEHAT
201809,2018-09-02,DKI5,73,,30,20,136,11,136,O3,TIDAK SEHAT
201809,2018-09-03,DKI5,62,,37,23,175,24,175,O3,TIDAK SEHAT
201809,2018-09-04,DKI5,52,,37,22,217,24,217,O3,SANGAT TIDAK SEHAT
201809,2018-09-05,DKI5,53,,31,15,140,24,140,O3,TIDAK SEHAT
201809,2018-09-06,DKI5,82,,44,25,148,17,148,O3,TIDAK SEHAT
201809,2018-09-07,DKI5,69,,33,21,147,10,147,O3,TIDAK SEHAT
201809,2018-09-08,DKI5,51,,33,19,175,16,175,O3,TIDAK SEHAT
201809,2018-09-09,DKI5,81,,34,30,126,16,126,O3,TIDAK SEHAT
201809,2018-09-10,DKI5,69,,33,20,132,12,132,O3,TIDAK SEHAT
201809,2018-09-11,DKI5,63,,33,16,102,11,102,O3,TIDAK SEHAT
201809,2018-09-12,DKI2,61,,32,16,164,13,164,O3,TIDAK SEHAT
201809,2018-09-13,DKI5,70,,46,19,190,13,190,O3,TIDAK SEHAT
201809,2018-09-14,DKI2,62,,44,18,233,17,233,O3,SANGAT TIDAK SEHAT
201809,2018-09-15,DKI2,68,,37,17,196,23,196,O3,TIDAK SEHAT
201809,2018-09-16,DKI2,82,,34,15,119,11,119,O3,TIDAK SEHAT
201809,2018-09-17,DKI5,62,,33,17,83,14,83,O3,SEDANG
201809,2018-09-18,DKI5,64,,32,18,141,11,141,O3,TIDAK SEHAT
201809,2018-09-19,DKI5,58,,34,16,85,11,85,O3,SEDANG
201809,2018-09-20,DKI5,70,,34,19,77,12,77,O3,SEDANG
201809,2018-09-21,DKI4,80,,33,34,75,12,80,PM10,SEDANG
201809,2018-09-22,DKI5,58,,33,25,157,13,157,O3,TIDAK SEHAT
201809,2018-09-23,DKI5,84,,33,29,130,14,130,O3,TIDAK SEHAT
201809,2018-09-24,DKI5,69,,33,25,152,21,152,O3,TIDAK SEHAT
201809,2018-09-25,DKI5,78,,32,31,197,16,197,O3,TIDAK SEHAT
201809,2018-09-26,DKI5,94,,50,26,202,21,202,O3,SANGAT TIDAK SEHAT
201809,2018-09-27,DKI5,72,,37,21,146,18,146,O3,TIDAK SEHAT
201809,2018-09-28,DKI5,70,,33,22,194,17,194,O3,TIDAK SEHAT
201809,2018-09-29,DKI5,62,,33,21,165,15,165,O3,TIDAK SEHAT
201809,2018-09-30,DKI5,63,,32,20,145,11,145,O3,TIDAK SEHAT
201810,2018-10-01,DKI5,92,,33,17,124,12,124,O3,TIDAK SEHAT
201810,2018-10-02,DKI5,76,,41,22,88,21,88,O3,SEDANG
201810,2018-10-03,DKI5,70,,32,20,144,11,144,O3,TIDAK SEHAT
201810,2018-10-04,DKI5,73,,32,24,109,11,109,O3,TIDAK SEHAT
201810,2018-10-05,DKI5,67,,34,18,146,13,146,O3,TIDAK SEHAT
201810,2018-10-06,DKI5,70,,33,21,123,12,123,O3,TIDAK SEHAT
201810,2018-10-07,DKI5,87,,34,22,128,12,128,O3,TIDAK SEHAT
201810,2018-10-08,DKI5,66,,34,19,185,12,185,O3,TIDAK SEHAT
201810,2018-10-09,DKI5,62,,34,19,173,11,173,O3,TIDAK SEHAT
201810,2018-10-10,DKI5,79,,36,24,190,18,190,O3,TIDAK SEHAT
201810,2018-10-11,DKI5,81,,36,17,149,13,149,O3,TIDAK SEHAT
201810,2018-10-12,DKI5,77,,35,22,118,16,118,O3,TIDAK SEHAT
201810,2018-10-13,DKI2,64,,35,20,189,25,189,O3,TIDAK SEHAT
201810,2018-10-14,DKI5,86,,35,20,138,16,138,O3,TIDAK SEHAT
201810,2018-10-15,DKI5,73,,33,19,119,12,119,O3,TIDAK SEHAT
201810,2018-10-16,DKI5,74,,33,23,210,19,210,O3,SANGAT TIDAK SEHAT
201810,2018-10-17,DKI5,75,,34,23,217,19,217,O3,SANGAT TIDAK SEHAT
201810,2018-10-18,DKI5,72,,36,20,207,22,207,O3,SANGAT TIDAK SEHAT
201810,2018-10-19,DKI5,66,,30,23,146,17,146,O3,TIDAK SEHAT
201810,2018-10-20,DKI5,57,,31,18,212,14,212,O3,SANGAT TIDAK SEHAT
201810,2018-10-21,DKI5,65,,33,22,139,17,139,O3,TIDAK SEHAT
201810,2018-10-22,DKI5,71,,28,21,150,12,150,O3,TIDAK SEHAT
201810,2018-10-23,DKI2,44,,26,19,148,16,148,O3,TIDAK SEHAT
201810,2018-10-24,DKI2,73,,35,31,139,21,139,O3,TIDAK SEHAT
201810,2018-10-25,DKI5,67,,30,25,97,19,97,O3,SEDANG
201810,2018-10-26,DKI2,67,,29,20,119,21,119,O3,TIDAK SEHAT
201810,2018-10-27,DKI3,77,,26,26,104,11,104,O3,TIDAK SEHAT
201810,2018-10-28,DKI3,43,,23,20,90,16,90,O3,SEDANG
201810,2018-10-29,DKI3,49,,25,24,85,13,85,O3,SEDANG
201810,2018-10-30,DKI3,61,,31,25,104,10,104,O3,TIDAK SEHAT
201810,2018-10-31,DKI3,57,,27,20,97,15,97,O3,SEDANG
201811,2018-11-01,DKI2,74,,27,35,95,16,95,O3,SEDANG
201811,2018-11-02,DKI3,50,,26,21,85,13,85,O3,SEDANG
201811,2018-11-03,DKI2,76,,29,24,173,14,173,O3,TIDAK SEHAT
201811,2018-11-04,DKI5,56,,26,31,110,18,110,O3,TIDAK SEHAT
201811,2018-11-05,DKI3,56,,24,23,101,17,101,O3,TIDAK SEHAT
201811,2018-11-06,DKI2,53,,28,20,122,12,122,O3,TIDAK SEHAT
201811,2018-11-07,DKI5,59,,28,26,96,30,96,O3,SEDANG
201811,2018-11-08,DKI3,63,,32,24,89,21,89,O3,SEDANG
201811,2018-11-09,DKI3,61,,24,22,98,16,98,O3,SEDANG
201811,2018-11-10,DKI3,60,,24,36,166,19,166,O3,TIDAK SEHAT
201811,2018-11-11,DKI3,71,,40,35,104,16,104,O3,TIDAK SEHAT
201811,2018-11-12,DKI2,66,,24,31,144,15,144,O3,TIDAK SEHAT
201811,2018-11-13,DKI2,66,,23,31,129,23,129,O3,TIDAK SEHAT
201811,2018-11-14,DKI2,60,,23,25,65,17,65,O3,SEDANG
201811,2018-11-15,DKI2,40,,23,20,51,8,51,O3,SEDANG
201811,2018-11-16,DKI2,54,,31,22,234,16,234,O3,SANGAT TIDAK SEHAT
201811,2018-11-17,DKI2,65,,36,18,145,16,145,O3,TIDAK SEHAT
201811,2018-11-18,DKI3,59,,28,22,120,16,120,O3,TIDAK SEHAT
201811,2018-11-19,DKI3,81,,25,31,90,17,90,O3,SEDANG
201811,2018-11-20,DKI2,56,,25,21,94,16,94,O3,SEDANG
201811,2018-11-21,DKI2,66,,31,21,163,22,163,O3,TIDAK SEHAT
201811,2018-11-22,DKI2,69,,26,25,129,20,129,O3,TIDAK SEHAT
201811,2018-11-23,DKI2,66,,27,26,203,22,203,O3,SANGAT TIDAK SEHAT
201811,2018-11-24,DKI2,61,,24,38,193,22,193,O3,TIDAK SEHAT
201811,2018-11-25,DKI3,57,,25,21,77,15,77,O3,SEDANG
201811,2018-11-26,DKI3,73,,24,26,90,20,90,O3,SEDANG
201811,2018-11-27,DKI3,63,,24,28,126,19,126,O3,TIDAK SEHAT
201811,2018-11-28,DKI2,63,,26,22,109,17,109,O3,TIDAK SEHAT
201811,2018-11-29,DKI3,62,,27,33,76,26,76,O3,SEDANG
201811,2018-11-30,DKI3,53,,24,20,131,15,131,O3,TIDAK SEHAT
201812,2018-12-01,DKI3,60,,26,27,112,17,112,O3,TIDAK SEHAT
201812,2018-12-02,DKI2,73,,36,22,132,21,132,O3,TIDAK SEHAT
201812,2018-12-03,DKI2,65,,31,21,97,20,97,O3,SEDANG
201812,2018-12-04,DKI1,64,,24,31,71,21,71,O3,SEDANG
201812,2018-12-05,DKI5,62,,25,33,81,22,81,O3,SEDANG
201812,2018-12-06,DKI3,61,,27,33,94,17,94,O3,SEDANG
201812,2018-12-07,DKI3,59,,40,29,134,15,134,O3,TIDAK SEHAT
201812,2018-12-08,DKI2,68,,25,30,134,27,134,O3,TIDAK SEHAT
201812,2018-12-09,DKI2,60,,25,25,104,19,104,O3,TIDAK SEHAT
201812,2018-12-10,DKI2,68,,24,32,137,19,137,O3,TIDAK SEHAT
201812,2018-12-11,DKI2,82,,26,50,123,34,123,O3,TIDAK SEHAT
201812,2018-12-12,DKI2,58,,26,31,214,22,214,O3,SANGAT TIDAK SEHAT
201812,2018-12-13,DKI2,52,,26,24,117,26,117,O3,TIDAK SEHAT
201812,2018-12-14,DKI3,50,,24,21,92,18,92,O3,SEDANG
201812,2018-12-15,DKI2,37,,24,16,47,6,47,O3,BAIK
201812,2018-12-16,DKI2,46,,25,11,63,9,63,O3,SEDANG
201812,2018-12-17,DKI2,41,,30,12,128,12,128,O3,TIDAK SEHAT
201812,2018-12-18,DKI2,51,,27,16,160,14,160,O3,TIDAK SEHAT
201812,2018-12-19,DKI2,62,,27,24,195,19,195,O3,TIDAK SEHAT
201812,2018-12-20,DKI3,55,,27,24,97,18,97,O3,SEDANG
201812,2018-12-21,DKI3,41,,25,19,64,17,64,O3,SEDANG
201812,2018-12-22,DKI3,58,,32,21,66,18,66,O3,SEDANG
201812,2018-12-23,DKI1,48,,26,19,44,21,48,PM10,BAIK
201812,2018-12-24,DKI3,34,,24,9,45,5,45,O3,BAIK
201812,2018-12-25,DKI3,29,,24,7,70,4,70,O3,SEDANG
201812,2018-12-26,DKI3,31,,25,7,69,5,69,O3,SEDANG
201812,2018-12-27,DKI1,29,,25,15,55,6,55,O3,SEDANG
201812,2018-12-28,DKI1,33,,24,7,63,3,63,O3,SEDANG
201812,2018-12-29,DKI3,30,,24,6,50,8,50,O3,BAIK
201812,2018-12-30,DKI3,48,,12,6,53,4,53,O3,SEDANG
201812,2018-12-31,DKI3,44,,18,6,43,4,44,PM10,BAIK
201901,2019-01-01,DKI2,29,,15,7,71,13,71,O3,SEDANG
201902,2019-01-02,DKI1,61,,20,47,93,12,93,O3,SEDANG
201903,2019-01-03,DKI3,58,,19,29,70,15,70,O3,SEDANG
201904,2019-01-04,DKI5,68,,21,37,167,20,167,O3,TIDAK SEHAT
201905,2019-01-05,DKI5,53,,21,29,80,11,80,O3,SEDANG
201906,2019-01-06,DKI2,63,,23,19,104,15,104,O3,TIDAK SEHAT
201907,2019-01-07,DKI4,69,,26,23,96,15,96,O3,SEDANG
201908,2019-01-08,DKI5,71,,27,22,115,18,115,O3,TIDAK SEHAT
201909,2019-01-09,DKI5,74,,22,26,109,10,109,O3,TIDAK SEHAT
201910,2019-01-10,DKI5,134,,33,20,184,16,184,O3,TIDAK SEHAT
201911,2019-01-11,DKI2,55,,34,16,120,14,120,O3,TIDAK SEHAT
201912,2019-01-12,DKI4,63,,34,30,117,10,117,O3,TIDAK SEHAT
201901,2019-01-13,DKI3,65,,24,28,119,15,119,O3,TIDAK SEHAT
201901,2019-01-14,DKI1,65,,25,32,99,18,99,O3,SEDANG
201901,2019-01-15,DKI3,72,,27,26,59,13,72,PM10,SEDANG
201901,2019-01-16,DKI3,37,,23,19,64,7,64,O3,SEDANG
201901,2019-01-17,DKI1,56,,23,23,101,14,101,O3,TIDAK SEHAT
201901,2019-01-18,DKI1,27,,23,16,103,13,103,O3,TIDAK SEHAT
201901,2019-01-19,DKI1,44,,24,27,127,13,127,O3,TIDAK SEHAT
201901,2019-01-20,DKI3,74,,30,39,82,17,82,O3,SEDANG
201901,2019-01-21,DKI3,62,,24,22,94,12,94,O3,SEDANG
201901,2019-01-22,DKI3,39,,24,23,92,9,92,O3,SEDANG
201901,2019-01-23,DKI3,59,,23,37,70,14,70,O3,SEDANG
201901,2019-01-24,DKI3,51,,19,20,81,12,81,O3,SEDANG
201901,2019-01-25,DKI3,32,,19,25,74,12,74,O3,SEDANG
201901,2019-01-26,DKI1,63,,22,37,118,17,118,O3,TIDAK SEHAT
201901,2019-01-27,DKI3,56,,18,49,74,10,74,O3,SEDANG
201901,2019-01-28,DKI3,53,,20,34,77,15,77,O3,SEDANG
201901,2019-01-29,DKI3,48,,19,33,88,11,88,O3,SEDANG
201901,2019-01-30,DKI1,47,,21,32,73,16,73,O3,SEDANG
201901,2019-01-31,DKI3,56,,23,22,54,17,56,PM10,SEDANG
201901,2019-02-01,DKI2,24,,17,6,79,6,79,O3,SEDANG
201902,2019-02-02,DKI3,61,,37,47,79,14,79,O3,SEDANG
201903,2019-02-03,DKI3,50,,51,25,62,12,62,O3,SEDANG
201904,2019-02-04,DKI5,72,,21,49,101,15,101,O3,TIDAK SEHAT
201905,2019-02-05,DKI3,48,,13,18,29,6,48,PM10,BAIK
201906,2019-02-06,DKI2,70,,23,23,106,14,106,O3,TIDAK SEHAT
201907,2019-02-07,DKI5,71,,26,24,108,15,108,O3,TIDAK SEHAT
201908,2019-02-08,DKI5,76,,28,22,96,20,96,O3,SEDANG
201909,2019-02-09,DKI5,71,,20,24,187,16,187,O3,TIDAK SEHAT
201910,2019-02-10,DKI5,79,,34,15,153,16,153,O3,TIDAK SEHAT
201911,2019-02-11,DKI2,59,,32,17,87,13,87,O3,SEDANG
201912,2019-02-12,DKI5,53,,35,21,136,14,136,O3,TIDAK SEHAT
201902,2019-02-13,DKI3,67,,26,43,71,18,71,O3,SEDANG
201902,2019-02-14,DKI3,73,,35,39,91,17,91,O3,SEDANG
201902,2019-02-15,DKI3,54,,23,19,89,14,89,O3,SEDANG
201902,2019-02-16,DKI3,42,,21,15,111,12,111,O3,TIDAK SEHAT
201902,2019-02-17,DKI3,55,,20,20,79,12,79,O3,SEDANG
201902,2019-02-18,DKI3,51,,23,31,88,22,88,O3,SEDANG
201902,2019-02-19,DKI5,72,,26,31,123,21,123,O3,TIDAK SEHAT
201902,2019-02-20,DKI4,69,,24,41,70,23,70,O3,SEDANG
201902,2019-02-21,DKI3,69,,26,29,86,18,86,O3,SEDANG
201902,2019-02-22,DKI3,60,,34,34,77,19,77,O3,SEDANG
201902,2019-02-23,DKI5,42,,22,24,102,15,102,O3,TIDAK SEHAT
201902,2019-02-24,DKI3,57,,26,29,88,14,88,O3,SEDANG
201902,2019-02-25,DKI3,59,,28,32,115,12,115,O3,TIDAK SEHAT
201902,2019-02-26,DKI3,61,,29,25,88,14,88,O3,SEDANG
201902,2019-02-27,DKI3,64,,22,24,67,17,67,O3,SEDANG
201902,2019-02-28,DKI5,56,,21,22,98,13,98,O3,SEDANG
201901,2019-03-01,DKI2,23,,16,6,65,4,65,O3,SEDANG
201902,2019-03-02,DKI3,64,,26,34,95,13,95,O3,SEDANG
201903,2019-03-03,DKI5,53,,23,22,82,15,82,O3,SEDANG
201904,2019-03-04,DKI5,69,,21,44,146,18,146,O3,TIDAK SEHAT
201905,2019-03-05,DKI3,50,,26,24,99,16,99,O3,SEDANG
201906,2019-03-06,DKI3,55,,23,18,89,10,89,O3,SEDANG
201907,2019-03-07,DKI5,71,,28,21,87,16,87,O3,SEDANG
201908,2019-03-08,DKI5,77,,28,20,92,19,92,O3,SEDANG
201909,2019-03-09,DKI3,73,,31,20,141,20,141,O3,TIDAK SEHAT
201910,2019-03-10,DKI5,78,,31,19,138,21,138,O3,TIDAK SEHAT
201911,2019-03-11,DKI5,58,,34,14,92,12,92,O3,SEDANG
201912,2019-03-12,DKI5,68,,23,28,107,16,107,O3,TIDAK SEHAT
201903,2019-03-13,DKI5,50,,27,28,122,22,122,O3,TIDAK SEHAT
201903,2019-03-14,DKI5,58,,26,52,162,36,162,O3,TIDAK SEHAT
201903,2019-03-15,DKI5,71,,29,29,132,35,132,O3,TIDAK SEHAT
201903,2019-03-16,DKI5,60,,26,43,128,15,128,O3,TIDAK SEHAT
201903,2019-03-17,DKI5,51,,21,18,82,9,82,O3,SEDANG
201903,2019-03-18,DKI3,52,,21,18,65,10,65,O3,SEDANG
201903,2019-03-19,DKI3,38,,20,18,68,6,68,O3,SEDANG
201903,2019-03-20,DKI5,38,,20,16,65,12,65,O3,SEDANG
201903,2019-03-21,DKI5,58,,21,21,74,10,74,O3,SEDANG
201903,2019-03-22,DKI5,55,,20,24,58,12,58,O3,SEDANG
201903,2019-03-23,DKI5,40,,20,15,75,15,75,O3,SEDANG
201903,2019-03-24,DKI5,36,,20,9,55,4,55,O3,SEDANG
201903,2019-03-25,DKI5,40,,20,14,42,7,42,O3,BAIK
201903,2019-03-26,DKI5,71,,21,36,89,16,89,O3,SEDANG
201903,2019-03-27,DKI5,57,,22,25,192,15,192,O3,TIDAK SEHAT
201903,2019-03-28,DKI5,56,,21,36,130,18,130,O3,TIDAK SEHAT
201903,2019-03-29,DKI5,62,,24,34,182,20,182,O3,TIDAK SEHAT
201903,2019-03-30,DKI5,62,,24,25,190,16,190,O3,TIDAK SEHAT
201903,2019-03-31,DKI5,62,,23,35,194,18,194,O3,TIDAK SEHAT
201901,2019-04-01,DKI2,42,,18,10,64,11,64,O3,SEDANG
201902,2019-04-02,DKI3,56,,27,27,86,10,86,O3,SEDANG
201903,2019-04-03,DKI3,55,,22,32,104,22,104,O3,TIDAK SEHAT
201904,2019-04-04,DKI5,61,,21,30,172,17,172,O3,TIDAK SEHAT
201905,2019-04-05,DKI3,72,,22,32,92,15,92,O3,SEDANG
201906,2019-04-06,DKI3,75,,24,20,82,11,82,O3,SEDANG
201907,2019-04-07,DKI2,77,,25,20,78,16,78,O3,SEDANG
201908,2019-04-08,DKI3,71,,27,18,80,17,80,O3,SEDANG
201909,2019-04-09,DKI5,78,,30,24,144,13,144,O3,TIDAK SEHAT
201910,2019-04-10,DKI5,76,,33,19,169,23,169,O3,TIDAK SEHAT
201911,2019-04-11,DKI2,57,,34,16,137,12,137,O3,TIDAK SEHAT
201912,2019-04-12,DKI4,61,,36,29,125,13,125,O3,TIDAK SEHAT
201904,2019-04-13,DKI2,55,,21,42,62,10,62,O3,SEDANG
201904,2019-04-14,DKI3,45,,22,37,112,14,112,O3,TIDAK SEHAT
201904,2019-04-15,DKI3,64,,22,39,122,23,122,O3,TIDAK SEHAT
201904,2019-04-16,DKI5,62,,22,43,119,16,119,O3,TIDAK SEHAT
201904,2019-04-17,DKI4,69,,22,39,80,16,80,O3,SEDANG
201904,2019-04-18,DKI3,73,,21,26,111,16,111,O3,TIDAK SEHAT
201904,2019-04-19,DKI4,60,,22,21,42,9,60,PM10,SEDANG
201904,2019-04-20,DKI3,33,,21,16,105,20,105,O3,TIDAK SEHAT
201904,2019-04-21,DKI3,60,,22,27,110,16,110,O3,TIDAK SEHAT
201904,2019-04-22,DKI3,60,,23,24,63,9,63,O3,SEDANG
201904,2019-04-23,DKI3,63,,24,18,73,10,73,O3,SEDANG
201904,2019-04-24,DKI3,57,,22,20,72,15,72,O3,SEDANG
201904,2019-04-25,DKI3,67,,22,45,85,12,85,O3,SEDANG
201904,2019-04-26,DKI3,42,,21,22,124,22,124,O3,TIDAK SEHAT
201904,2019-04-27,DKI3,55,,21,38,90,11,90,O3,SEDANG
201904,2019-04-28,DKI5,65,,22,46,78,11,78,O3,SEDANG
201904,2019-04-29,DKI3,56,,22,35,130,19,130,O3,TIDAK SEHAT
201904,2019-04-30,DKI3,59,,22,29,111,21,111,O3,TIDAK SEHAT
201901,2019-05-01,DKI3,54,,29,16,51,20,54,PM10,SEDANG
201902,2019-05-02,DKI3,57,,20,36,80,10,80,O3,SEDANG
201903,2019-05-03,DKI5,47,,21,28,83,22,83,O3,SEDANG
201904,2019-05-04,DKI5,59,,25,25,83,18,83,O3,SEDANG
201905,2019-05-05,DKI5,59,,22,34,91,15,91,O3,SEDANG
201906,2019-05-06,DKI4,82,,25,26,65,13,82,PM10,SEDANG
201907,2019-05-07,DKI2,67,,26,23,91,13,91,O3,SEDANG
201908,2019-05-08,DKI4,64,,28,0,117,22,117,O3,TIDAK SEHAT
201909,2019-05-09,DKI5,75,,30,26,113,12,113,O3,TIDAK SEHAT
201910,2019-05-10,DKI5,73,,51,14,89,38,89,O3,SEDANG
201911,2019-05-11,DKI5,70,,34,19,193,17,193,O3,TIDAK SEHAT
201912,2019-05-12,DKI4,61,,34,22,143,13,143,O3,TIDAK SEHAT
201901,2019-06-01,DKI2,69,,34,30,105,27,105,O3,TIDAK SEHAT
201902,2019-06-02,DKI3,52,,26,20,75,13,75,O3,SEDANG
201903,2019-06-03,DKI3,54,,21,25,60,19,60,O3,SEDANG
201904,2019-06-04,DKI5,74,,21,38,195,23,195,O3,TIDAK SEHAT
201905,2019-06-05,DKI3,52,,16,22,93,13,93,O3,SEDANG
201906,2019-06-06,DKI3,51,,23,11,75,9,75,O3,SEDANG
201907,2019-06-07,DKI3,62,,27,22,82,13,82,O3,SEDANG
201908,2019-06-08,DKI3,66,,29,20,140,18,140,O3,TIDAK SEHAT
201909,2019-06-09,DKI3,74,,30,23,127,15,127,O3,TIDAK SEHAT
201910,2019-06-10,DKI5,62,,31,10,164,8,164,O3,TIDAK SEHAT
201911,2019-06-11,DKI5,65,,33,27,156,17,156,O3,TIDAK SEHAT
201912,2019-06-12,DKI4,61,,35,25,159,11,159,O3,TIDAK SEHAT
201906,2019-06-13,DKI4,79,,24,25,148,21,148,O3,TIDAK SEHAT
201906,2019-06-14,DKI3,73,,25,21,98,16,98,O3,SEDANG
201906,2019-06-15,DKI3,57,,24,27,112,24,112,O3,TIDAK SEHAT
201906,2019-06-16,DKI3,66,,24,24,107,17,107,O3,TIDAK SEHAT
201906,2019-06-17,DKI3,75,,25,24,93,14,93,O3,SEDANG
201906,2019-06-18,DKI3,69,,27,20,74,12,74,O3,SEDANG
201906,2019-06-19,DKI5,80,,27,19,92,16,92,O3,SEDANG
201906,2019-06-20,DKI5,87,,25,34,99,17,99,O3,SEDANG
201906,2019-06-21,DKI3,79,,27,23,103,13,103,O3,TIDAK SEHAT
201906,2019-06-22,DKI4,80,,28,19,133,15,133,O3,TIDAK SEHAT
201906,2019-06-23,DKI3,72,,26,20,134,17,134,O3,TIDAK SEHAT
201906,2019-06-24,DKI5,79,,27,20,103,13,103,O3,TIDAK SEHAT
201906,2019-06-25,DKI2,89,,26,25,89,14,89,PM10,SEDANG
201906,2019-06-26,DKI2,84,,27,21,80,15,84,PM10,SEDANG
201906,2019-06-27,DKI3,81,,26,25,142,17,142,O3,TIDAK SEHAT
201906,2019-06-28,DKI3,69,,29,28,143,21,143,O3,TIDAK SEHAT
201906,2019-06-29,DKI2,69,,29,26,173,17,173,O3,TIDAK SEHAT
201906,2019-06-30,DKI3,64,,27,16,83,12,83,O3,SEDANG
201901,2019-07-01,DKI3,71,,47,16,132,25,132,O3,TIDAK SEHAT
201902,2019-07-02,DKI2,70,,39,34,65,19,70,PM10,SEDANG
201903,2019-07-03,DKI5,55,,24,39,112,17,112,O3,TIDAK SEHAT
201904,2019-07-04,DKI5,72,,21,41,243,13,243,O3,SANGAT TIDAK SEHAT
201905,2019-07-05,DKI3,71,,18,31,89,16,89,O3,SEDANG
201906,2019-07-06,DKI4,51,,24,11,54,8,54,O3,SEDANG
201907,2019-07-07,DKI1,63,,26,12,58,7,63,PM10,SEDANG
201908,2019-07-08,DKI3,79,,28,22,127,14,127,O3,TIDAK SEHAT
201909,2019-07-09,DKI5,73,,30,26,127,15,127,O3,TIDAK SEHAT
201910,2019-07-10,DKI5,73,,33,15,100,11,100,O3,SEDANG
201911,2019-07-11,DKI5,68,,35,24,209,21,209,O3,SANGAT TIDAK SEHAT
201912,2019-07-12,DKI4,48,,35,20,86,10,86,O3,SEDANG
201907,2019-07-13,DKI4,67,,27,18,163,14,163,O3,TIDAK SEHAT
201907,2019-07-14,DKI4,84,,29,22,160,17,160,O3,TIDAK SEHAT
201907,2019-07-15,DKI3,70,,26,23,77,18,77,O3,SEDANG
201907,2019-07-16,DKI4,78,,27,24,92,19,92,O3,SEDANG
201907,2019-07-17,DKI5,68,,27,27,107,19,107,O3,TIDAK SEHAT
201907,2019-07-18,DKI3,74,,27,23,87,16,87,O3,SEDANG
201907,2019-07-19,DKI2,68,,28,26,58,18,68,PM10,SEDANG
201907,2019-07-20,DKI5,75,,27,22,113,22,113,O3,TIDAK SEHAT
201907,2019-07-21,DKI2,79,,27,18,91,12,91,O3,SEDANG
201907,2019-07-22,DKI5,71,,25,24,121,21,121,O3,TIDAK SEHAT
201907,2019-07-23,DKI2,83,,28,23,78,15,83,PM10,SEDANG
201907,2019-07-24,DKI3,76,,28,20,92,19,92,O3,SEDANG
201907,2019-07-25,DKI5,79,,28,37,124,25,124,O3,TIDAK SEHAT
201907,2019-07-26,DKI3,83,,28,21,96,21,96,O3,SEDANG
201907,2019-07-27,DKI3,73,,27,17,94,13,94,O3,SEDANG
201907,2019-07-28,DKI4,90,,27,17,115,13,115,O3,TIDAK SEHAT
201907,2019-07-29,DKI3,75,,27,27,129,17,129,O3,TIDAK SEHAT
201907,2019-07-30,DKI2,83,,27,26,99,15,99,O3,SEDANG
201901,2019-08-01,DKI3,51,,22,25,143,26,143,O3,TIDAK SEHAT
201902,2019-08-02,DKI1,63,,44,23,132,18,132,O3,TIDAK SEHAT
201903,2019-08-03,DKI3,78,,25,41,155,27,155,O3,TIDAK SEHAT
201904,2019-08-04,DKI5,57,,22,24,235,17,235,O3,SANGAT TIDAK SEHAT
201905,2019-08-05,DKI3,77,,23,52,132,21,132,O3,TIDAK SEHAT
201906,2019-08-06,DKI2,50,,22,13,105,9,105,O3,TIDAK SEHAT
201907,2019-08-07,DKI3,61,,27,17,84,10,84,O3,SEDANG
201908,2019-08-08,DKI5,98,,22,24,146,21,146,O3,TIDAK SEHAT
201909,2019-08-09,DKI5,65,,31,20,126,11,126,O3,TIDAK SEHAT
201910,2019-08-10,DKI5,90,,34,22,138,13,138,O3,TIDAK SEHAT
201911,2019-08-11,DKI4,85,,35,26,150,24,150,O3,TIDAK SEHAT
201912,2019-08-12,DKI4,56,,35,29,120,10,120,O3,TIDAK SEHAT
201908,2019-08-13,DKI2,70,,29,21,57,10,70,PM10,SEDANG
201908,2019-08-14,DKI5,67,,28,19,69,18,69,O3,SEDANG
201908,2019-08-15,DKI4,72,,28,22,102,17,102,O3,TIDAK SEHAT
201908,2019-08-16,DKI5,92,,28,48,207,19,207,O3,SANGAT TIDAK SEHAT
201908,2019-08-17,DKI5,71,,27,22,174,14,174,O3,TIDAK SEHAT
201908,2019-08-18,DKI5,69,,27,25,108,10,108,O3,TIDAK SEHAT
201908,2019-08-19,DKI4,71,,29,25,185,19,185,O3,TIDAK SEHAT
201908,2019-08-20,DKI5,75,,31,23,171,18,171,O3,TIDAK SEHAT
201908,2019-08-21,DKI3,70,,30,20,76,11,76,O3,SEDANG
201908,2019-08-22,DKI5,70,,21,20,88,14,88,O3,SEDANG
201908,2019-08-23,DKI5,81,,28,29,201,18,201,O3,SANGAT TIDAK SEHAT
201908,2019-08-24,DKI5,77,,28,22,171,19,171,O3,TIDAK SEHAT
201908,2019-08-25,DKI5,66,,29,17,128,12,128,O3,TIDAK SEHAT
201908,2019-08-26,DKI5,78,,30,22,184,16,184,O3,TIDAK SEHAT
201908,2019-08-27,DKI5,79,,35,24,149,22,149,O3,TIDAK SEHAT
201908,2019-08-28,DKI5,69,,27,28,108,17,108,O3,TIDAK SEHAT
201908,2019-08-29,DKI5,76,,28,28,132,14,132,O3,TIDAK SEHAT
201908,2019-08-30,DKI5,72,,30,22,96,12,96,O3,SEDANG
201908,2019-08-31,DKI3,76,,29,30,78,15,78,O3,SEDANG
201901,2019-09-01,DKI1,61,,22,28,198,21,198,O3,TIDAK SEHAT
201902,2019-09-02,DKI1,59,,24,25,144,22,144,O3,TIDAK SEHAT
201903,2019-09-03,DKI5,67,,35,29,215,27,215,O3,SANGAT TIDAK SEHAT
201904,2019-09-04,DKI3,72,,25,27,127,18,127,O3,TIDAK SEHAT
201905,2019-09-05,DKI3,69,,23,32,149,22,149,O3,TIDAK SEHAT
201906,2019-09-06,DKI5,51,,23,18,98,15,98,O3,SEDANG
201907,2019-09-07,DKI2,69,,26,22,111,18,111,O3,TIDAK SEHAT
201908,2019-09-08,DKI3,74,,29,21,119,18,119,O3,TIDAK SEHAT
201909,2019-09-09,DKI3,67,,29,20,106,14,106,O3,TIDAK SEHAT
201910,2019-09-10,DKI3,68,,31,19,130,16,130,O3,TIDAK SEHAT
201911,2019-09-11,DKI5,81,,38,17,220,16,220,O3,SANGAT TIDAK SEHAT
201912,2019-09-12,DKI5,71,,35,30,155,19,155,O3,TIDAK SEHAT
201909,2019-09-13,DKI5,84,,33,23,156,18,156,O3,TIDAK SEHAT
201909,2019-09-14,DKI5,76,,32,21,156,15,156,O3,TIDAK SEHAT
201909,2019-09-15,DKI5,74,,31,22,99,14,99,O3,SEDANG
201909,2019-09-16,DKI5,67,,30,24,74,10,74,O3,SEDANG
201909,2019-09-17,DKI5,66,,32,21,77,14,77,O3,SEDANG
201909,2019-09-18,DKI3,71,,32,22,132,16,132,O3,TIDAK SEHAT
201909,2019-09-19,DKI5,70,,32,25,107,12,107,O3,TIDAK SEHAT
201909,2019-09-20,DKI5,66,,31,19,91,13,91,O3,SEDANG
201909,2019-09-21,DKI5,63,,34,16,169,14,169,O3,TIDAK SEHAT
201909,2019-09-22,DKI5,78,,32,16,153,12,153,O3,TIDAK SEHAT
201909,2019-09-23,DKI5,70,,33,18,87,12,87,O3,SEDANG
201909,2019-09-24,DKI5,73,,32,18,112,12,112,O3,TIDAK SEHAT
201909,2019-09-25,DKI5,78,,26,24,174,17,174,O3,TIDAK SEHAT
201909,2019-09-26,DKI5,74,,31,21,110,14,110,O3,TIDAK SEHAT
201909,2019-09-27,DKI5,72,,31,23,131,16,131,O3,TIDAK SEHAT
201909,2019-09-28,DKI5,63,,33,18,102,10,102,O3,TIDAK SEHAT
201909,2019-09-29,DKI5,75,,31,19,115,14,115,O3,TIDAK SEHAT
201909,2019-09-30,DKI5,71,,31,18,146,14,146,O3,TIDAK SEHAT
201901,2019-10-01,DKI1,59,,22,27,128,18,128,O3,TIDAK SEHAT
201902,2019-10-02,DKI3,59,,23,28,81,17,81,O3,SEDANG
201903,2019-10-03,DKI2,60,,26,23,164,19,164,O3,TIDAK SEHAT
201904,2019-10-04,DKI3,82,,25,32,199,27,199,O3,TIDAK SEHAT
201905,2019-10-05,DKI2,57,,22,26,87,16,87,O3,SEDANG
201906,2019-10-06,DKI5,57,,23,20,88,16,88,O3,SEDANG
201907,2019-10-07,DKI3,64,,31,14,91,15,91,O3,SEDANG
201908,2019-10-08,DKI3,82,,29,24,100,18,100,O3,SEDANG
201909,2019-10-09,DKI5,70,,30,21,91,13,91,O3,SEDANG
201910,2019-10-10,DKI5,73,,32,20,173,18,173,O3,TIDAK SEHAT
201911,2019-10-11,DKI5,80,,35,16,183,20,183,O3,TIDAK SEHAT
201912,2019-10-12,DKI4,63,,35,24,91,12,91,O3,SEDANG
201910,2019-10-13,DKI5,70,,33,17,173,13,173,O3,TIDAK SEHAT
201910,2019-10-14,DKI5,79,,34,18,156,13,156,O3,TIDAK SEHAT
201910,2019-10-15,DKI5,64,,32,18,178,14,178,O3,TIDAK SEHAT
201910,2019-10-16,DKI5,74,,31,23,144,17,144,O3,TIDAK SEHAT
201910,2019-10-17,DKI5,64,,31,20,156,12,156,O3,TIDAK SEHAT
201910,2019-10-18,DKI3,60,,33,17,104,14,104,O3,TIDAK SEHAT
201910,2019-10-19,DKI3,75,,32,19,78,11,78,O3,SEDANG
201910,2019-10-20,DKI5,71,,32,24,147,12,147,O3,TIDAK SEHAT
201910,2019-10-21,DKI5,73,,33,40,87,11,87,O3,SEDANG
201910,2019-10-22,DKI5,70,,33,16,135,16,135,O3,TIDAK SEHAT
201910,2019-10-23,DKI5,70,,33,20,140,17,140,O3,TIDAK SEHAT
201910,2019-10-24,DKI3,77,,34,18,129,18,129,O3,TIDAK SEHAT
201910,2019-10-25,DKI4,75,,33,19,172,12,172,O3,TIDAK SEHAT
201910,2019-10-26,DKI5,75,,34,19,180,15,180,O3,TIDAK SEHAT
201910,2019-10-27,DKI5,83,,34,28,153,12,153,O3,TIDAK SEHAT
201910,2019-10-28,DKI3,68,,19,21,121,15,121,O3,TIDAK SEHAT
201910,2019-10-29,DKI3,85,,34,30,97,14,97,O3,SEDANG
201910,2019-10-30,DKI5,69,,34,21,171,16,171,O3,TIDAK SEHAT
201910,2019-10-31,DKI3,76,,35,18,120,14,120,O3,TIDAK SEHAT
201901,2019-11-01,DKI3,63,,23,28,91,13,91,O3,SEDANG
201902,2019-11-02,DKI3,37,,19,19,71,16,71,O3,SEDANG
201903,2019-11-03,DKI2,55,,23,20,55,18,55,PM10,SEDANG
201904,2019-11-04,DKI3,69,,23,23,153,17,153,O3,TIDAK SEHAT
201905,2019-11-05,DKI5,52,,21,22,65,13,65,O3,SEDANG
201906,2019-11-06,DKI5,57,,24,22,105,22,105,O3,TIDAK SEHAT
201907,2019-11-07,DKI4,71,,28,20,63,14,71,PM10,SEDANG
201908,2019-11-08,DKI3,68,,27,21,72,9,72,O3,SEDANG
201909,2019-11-09,DKI5,75,,32,25,160,16,160,O3,TIDAK SEHAT
201910,2019-11-10,DKI5,80,,33,21,207,24,207,O3,SANGAT TIDAK SEHAT
201911,2019-11-11,DKI4,70,,36,13,162,18,162,O3,TIDAK SEHAT
201912,2019-11-12,DKI5,74,,37,31,184,14,184,O3,TIDAK SEHAT
201911,2019-11-13,DKI5,80,,35,34,125,20,125,O3,TIDAK SEHAT
201911,2019-11-14,DKI2,76,,34,32,60,15,76,PM10,SEDANG
201911,2019-11-15,DKI4,73,,37,33,94,11,94,O3,SEDANG
201911,2019-11-16,DKI3,66,,36,20,81,12,81,O3,SEDANG
201911,2019-11-17,DKI5,63,,35,20,126,14,126,O3,TIDAK SEHAT
201911,2019-11-18,DKI5,69,,35,17,165,22,165,O3,TIDAK SEHAT
201911,2019-11-19,DKI5,72,,35,21,100,17,100,O3,SEDANG
201911,2019-11-20,DKI3,53,,21,18,134,15,134,O3,TIDAK SEHAT
201911,2019-11-21,DKI2,72,,36,21,103,14,103,O3,TIDAK SEHAT
201911,2019-11-22,DKI2,60,,35,27,112,17,112,O3,TIDAK SEHAT
201911,2019-11-23,DKI5,85,,36,34,146,19,146,O3,TIDAK SEHAT
201911,2019-11-24,DKI5,68,,37,27,167,13,167,O3,TIDAK SEHAT
201911,2019-11-25,DKI5,67,,36,23,160,18,160,O3,TIDAK SEHAT
201911,2019-11-26,DKI5,81,,35,30,125,15,125,O3,TIDAK SEHAT
201911,2019-11-27,DKI5,70,,34,38,101,12,101,O3,TIDAK SEHAT
201911,2019-11-28,DKI3,71,,36,28,106,14,106,O3,TIDAK SEHAT
201911,2019-11-29,DKI4,63,,35,25,124,11,124,O3,TIDAK SEHAT
201911,2019-11-30,DKI4,56,,34,26,111,13,111,O3,TIDAK SEHAT
201901,2019-12-01,DKI3,57,,26,24,90,16,90,O3,SEDANG
201902,2019-12-02,DKI3,56,,34,36,94,17,94,O3,SEDANG
201903,2019-12-03,DKI3,41,,20,20,51,12,51,O3,SEDANG
201904,2019-12-04,DKI2,55,,22,38,78,10,78,O3,SEDANG
201905,2019-12-05,DKI4,69,,22,24,76,12,76,O3,SEDANG
201906,2019-12-06,DKI5,68,,24,22,108,18,108,O3,TIDAK SEHAT
201907,2019-12-07,DKI3,67,,28,17,77,13,77,O3,SEDANG
201908,2019-12-08,DKI3,71,,27,17,73,10,73,O3,SEDANG
201909,2019-12-09,DKI5,78,,30,25,143,18,143,O3,TIDAK SEHAT
201910,2019-12-10,DKI5,77,,33,31,177,14,177,O3,TIDAK SEHAT
201911,2019-12-11,DKI5,71,,22,22,134,16,134,O3,TIDAK SEHAT
201912,2019-12-12,DKI3,74,,36,28,87,14,87,O3,SEDANG
201912,2019-12-13,DKI4,71,,37,29,120,13,120,O3,TIDAK SEHAT
201912,2019-12-14,DKI3,63,,37,23,94,13,94,O3,SEDANG
201912,2019-12-15,DKI5,63,,36,19,99,11,99,O3,SEDANG
201912,2019-12-16,DKI5,76,,36,22,88,18,88,O3,SEDANG
201912,2019-12-17,DKI5,62,,36,22,75,12,75,O3,SEDANG
201912,2019-12-18,DKI5,58,,35,28,140,17,140,O3,TIDAK SEHAT
201912,2019-12-19,DKI4,64,,37,30,96,14,96,O3,SEDANG
201912,2019-12-20,DKI3,72,,38,30,99,16,99,O3,SEDANG
201912,2019-12-21,DKI4,72,,37,35,109,15,109,O3,TIDAK SEHAT
201912,2019-12-22,DKI5,53,,36,24,94,13,94,O3,SEDANG
201912,2019-12-23,DKI5,60,,36,32,99,18,99,O3,SEDANG
201912,2019-12-24,DKI5,68,,37,34,105,11,105,O3,TIDAK SEHAT
201912,2019-12-25,DKI5,58,,37,26,73,9,73,O3,SEDANG
201912,2019-12-26,DKI5,54,,37,22,91,12,91,O3,SEDANG
201912,2019-12-27,DKI4,55,,38,26,84,11,84,O3,SEDANG
201912,2019-12-28,DKI2,64,,37,34,61,11,64,PM10,SEDANG
201912,2019-12-29,DKI5,64,,38,36,69,10,69,O3,SEDANG
201912,2019-12-30,DKI2,77,,37,55,89,9,89,O3,SEDANG
201912,2019-12-31,DKI3,52,,37,23,55,9,55,O3,SEDANG
202001,2020-01-01,DKI5,38,,36,25,46,9,46,O3,BAIK
202202,2020-01-02,DKI3,64,89,52,13,76,21,89,"PM2,5",SEDANG
202002,2020-01-02,DKI5,57,,30,39,73,14,73,O3,SEDANG
202004,2020-01-04,DKI5,51,,25,35,129,10,129,O3,TIDAK SEHAT
202005,2020-01-05,DKI5,55,,26,21,83,10,83,O3,SEDANG
202006,2020-01-06,DKI5,61,,23,22,69,10,69,O3,SEDANG
202007,2020-01-07,DKI5,74,,29,15,94,14,94,O3,SEDANG
202008,2020-01-08,DKI5,69,,22,16,134,14,134,O3,TIDAK SEHAT
202009,2020-01-09,DKI4,71,,51,11,37,22,104,PM25,TIDAK SEHAT
202010,2020-01-10,DKI4,73,,53,14,37,17,115,PM25,TIDAK SEHAT
202011,2020-01-11,DKI4,56,,54,27,27,27,86,PM25,SEDANG
202012,2020-01-12,DKI3,47,,56,10,26,10,75,PM25,SEDANG
202001,2020-01-13,DKI4,42,,38,15,51,8,51,O3,SEDANG
202001,2020-01-14,DKI4,40,,32,17,48,9,48,O3,BAIK
202001,2020-01-15,DKI3,44,,29,16,63,9,63,O3,SEDANG
202001,2020-01-16,DKI3,70,,60,41,78,12,78,O3,SEDANG
202001,2020-01-17,DKI4,86,,34,40,125,20,125,O3,TIDAK SEHAT
202001,2020-01-18,DKI4,59,,30,25,75,7,75,O3,SEDANG
202001,2020-01-19,DKI3,76,,34,71,110,15,110,O3,TIDAK SEHAT
202001,2020-01-20,DKI3,56,,31,20,65,9,65,O3,SEDANG
202001,2020-01-21,DKI3,62,,36,41,50,15,62,PM10,SEDANG
202001,2020-01-22,DKI4,82,,36,43,64,15,82,PM10,SEDANG
202001,2020-01-23,DKI4,60,,32,29,59,18,60,PM10,SEDANG
202001,2020-01-24,DKI4,71,,30,31,44,13,71,PM10,SEDANG
202001,2020-01-25,DKI5,40,,29,34,80,12,80,O3,SEDANG
202001,2020-01-26,DKI5,63,,30,51,89,11,89,O3,SEDANG
202001,2020-01-27,DKI2,48,,30,29,83,13,83,O3,SEDANG
202001,2020-01-28,DKI3,72,,31,39,74,17,74,O3,SEDANG
202001,2020-01-29,DKI4,70,,30,42,92,19,92,O3,SEDANG
202001,2020-01-30,DKI4,38,,30,21,80,20,80,O3,SEDANG
202001,2020-01-31,DKI4,56,,30,27,54,16,56,PM10,SEDANG
202001,2020-02-01,DKI5,45,,36,39,102,8,102,O3,TIDAK SEHAT
202202,2020-02-02,DKI4,66,101,47,22,64,26,101,"PM2,5",TIDAK SEHAT
202002,2020-02-02,DKI5,52,,30,35,64,12,64,O3,SEDANG
202003,2020-02-03,,22,,---,35,213,11,213,4,O3
202004,2020-02-04,DKI2,55,,25,22,57,7,57,O3,SEDANG
202005,2020-02-05,DKI5,36,,22,12,80,9,80,O3,SEDANG
202006,2020-02-06,DKI5,50,,22,20,57,8,57,O3,SEDANG
202007,2020-02-07,DKI2,79,,24,20,71,13,79,PM10,SEDANG
202008,2020-02-08,DKI2,91,,27,26,102,16,102,O3,TIDAK SEHAT
202009,2020-02-09,DKI2,72,,51,12,38,28,97,PM25,SEDANG
202010,2020-02-10,DKI4,83,,54,14,37,22,111,PM25,TIDAK SEHAT
202011,2020-02-11,DKI3,49,,54,11,29,10,54,SO2,SEDANG
202012,2020-02-12,DKI3,51,,57,9,24,16,72,PM25,SEDANG
202202,2020-02-13,DKI3,70,98,41,19,55,29,98,"PM2,5",SEDANG
202002,2020-02-13,DKI5,63,,33,23,83,20,83,O3,SEDANG
202002,2020-02-14,DKI4,81,,33,36,60,18,81,PM10,SEDANG
202202,2020-02-14,DKI4,66,109,51,29,49,39,109,"PM2,5",TIDAK SEHAT
202202,2020-02-15,DKI3,74,119,52,33,61,38,119,"PM2,5",TIDAK SEHAT
202002,2020-02-15,DKI4,74,,26,51,191,17,191,O3,TIDAK SEHAT
202002,2020-02-16,DKI4,70,,23,35,118,16,118,O3,TIDAK SEHAT
202202,2020-02-16,DKI5,66,110,48,24,62,33,110,"PM2,5",TIDAK SEHAT
202202,2020-02-17,DKI2,53,74,45,19,86,29,86,O3,SEDANG
202002,2020-02-17,DKI4,43,,21,30,170,12,170,O3,TIDAK SEHAT
202202,2020-02-18,DKI4,65,118,47,18,67,30,118,"PM2,5",TIDAK SEHAT
202002,2020-02-18,DKI5,62,,30,55,182,15,182,O3,TIDAK SEHAT
202202,2020-02-19,DKI4,67,108,44,23,69,37,108,"PM2,5",TIDAK SEHAT
202002,2020-02-19,DKI5,54,,22,28,62,11,62,O3,SEDANG
202202,2020-02-20,DKI4,70,115,47,26,62,36,115,"PM2,5",TIDAK SEHAT
202002,2020-02-20,DKI5,43,,20,21,73,13,73,O3,SEDANG
202002,2020-02-21,DKI4,35,,20,25,80,14,80,O3,SEDANG
202202,2020-02-21,DKI5,54,86,41,21,50,35,86,"PM2,5",SEDANG
202002,2020-02-22,DKI4,58,,19,75,85,13,85,O3,SEDANG
202202,2020-02-22,DKI4,54,92,42,13,56,35,92,"PM2,5",SEDANG
202202,2020-02-23,DKI4,55,87,49,16,43,38,87,"PM2,5",SEDANG
202002,2020-02-23,DKI5,39,,15,37,88,9,88,O3,SEDANG
202202,2020-02-24,DKI4,45,71,41,14,38,21,71,"PM2,5",SEDANG
202002,2020-02-24,DKI5,32,,19,21,89,9,89,O3,SEDANG
202202,2020-02-25,DKI3,50,59,40,15,28,17,59,"PM2,5",SEDANG
202002,2020-02-25,DKI4,40,,19,25,92,13,92,O3,SEDANG
202002,2020-02-26,DKI4,52,,19,27,89,13,89,O3,SEDANG
202202,2020-02-26,DKI4,40,60,39,15,28,16,60,"PM2,5",SEDANG
202002,2020-02-27,DKI4,54,,18,40,84,13,84,O3,SEDANG
202202,2020-02-27,DKI4,31,51,39,14,30,12,51,"PM2,5",SEDANG
202002,2020-02-28,DKI5,56,,21,33,121,16,121,O3,TIDAK SEHAT
202202,2020-02-28,DKI5,27,50,40,12,30,11,50,"PM2,5",BAIK
202002,2020-02-29,DKI5,64,,22,52,144,13,144,O3,TIDAK SEHAT
202001,2020-03-01,DKI5,51,,37,27,63,10,63,O3,SEDANG
202002,2020-03-02,DKI4,59,,30,50,46,15,59,PM10,SEDANG
202202,2020-03-02,DKI4,58,99,48,20,65,33,99,"PM2,5",SEDANG
202003,2020-03-03,,22,,---,---,201,15,201,4,O3
202004,2020-03-04,DKI2,55,,27,22,62,6,62,O3,SEDANG
202005,2020-03-05,DKI5,65,,34,35,49,11,65,PM10,SEDANG
202006,2020-03-06,DKI5,47,,21,14,48,11,48,O3,BAIK
202007,2020-03-07,DKI3,58,,27,23,88,14,88,O3,SEDANG
202008,2020-03-08,DKI4,95,,26,19,90,16,95,PM10,SEDANG
202009,2020-03-09,DKI5,80,,49,13,39,26,99,PM25,SEDANG
202010,2020-03-10,DKI4,74,,52,17,35,29,84,PM25,SEDANG
202011,2020-03-11,DKI4,54,,55,12,30,22,78,PM25,SEDANG
202012,2020-03-12,DKI3,42,,56,9,29,24,56,PM25,SEDANG
202003,2020-03-13,,44,,19,58,72,10,72,4,O3
202003,2020-03-14,,32,,19,51,69,6,69,4,O3
202003,2020-03-15,,66,,22,59,179,8,179,4,O3
202003,2020-03-16,,53,,18,63,92,8,92,4,O3
202003,2020-03-17,,48,,19,62,70,9,70,4,O3
202003,2020-03-18,,40,,18,38,101,9,101,4,O3
202003,2020-03-19,,45,,18,35,90,6,90,4,O3
202003,2020-03-20,,69,,---,33,99,7,99,4,O3
202003,2020-03-21,,51,,---,11,83,8,83,4,O3
202003,2020-03-22,,42,,---,15,84,6,84,4,O3
202003,2020-03-23,,27,,---,5,71,7,71,4,O3
202003,2020-03-24,,52,,---,14,105,7,105,4,O3
202003,2020-03-25,,70,,---,25,93,11,93,4,O3
202003,2020-03-26,,34,,---,6,99,5,99,4,O3
202003,2020-03-27,,44,,---,9,67,5,67,4,O3
202003,2020-03-28,,40,,---,6,117,5,117,4,O3
202003,2020-03-29,,58,,11,12,124,6,124,4,O3
202003,2020-03-30,,65,,14,11,91,7,91,4,O3
202003,2020-03-31,,53,,9,10,76,5,76,4,O3
202003,2020-03-31,,47,,11,14,96,6,96,4,O3
202001,2020-04-01,DKI5,51,,38,19,85,10,85,O3,SEDANG
202002,2020-04-02,DKI3,43,,30,53,51,14,53,CO,SEDANG
202202,2020-04-02,DKI3,54,72,46,12,68,27,72,"PM2,5",SEDANG
202003,2020-04-03,,54,,---,39,152,13,152,4,O3
202004,2020-04-04,DKI2,66,,28,25,83,7,83,O3,SEDANG
202005,2020-04-05,DKI5,53,,21,14,75,8,75,O3,SEDANG
202006,2020-04-06,DKI3,56,,31,18,41,11,56,PM10,SEDANG
202007,2020-04-07,DKI3,70,,23,16,71,14,71,O3,SEDANG
202008,2020-04-08,DKI5,73,,27,12,91,12,91,O3,SEDANG
202009,2020-04-09,DKI5,66,,50,15,35,17,98,PM25,SEDANG
202010,2020-04-10,DKI4,79,,52,16,43,24,97,PM25,SEDANG
202011,2020-04-11,DKI4,54,,56,15,36,22,91,PM25,SEDANG
202012,2020-04-12,DKI5,46,,62,10,26,25,65,PM25,SEDANG
202004,2020-04-13,DKI5,52,,26,17,86,9,86,O3,SEDANG
202004,2020-04-14,DKI5,54,,28,22,109,10,109,O3,TIDAK SEHAT
202004,2020-04-15,DKI5,57,,27,19,109,11,109,O3,TIDAK SEHAT
202004,2020-04-16,DKI5,60,,27,17,87,13,87,O3,SEDANG
202004,2020-04-17,DKI3,60,,27,19,92,11,92,O3,SEDANG
202004,2020-04-18,DKI5,53,,28,15,100,10,100,O3,SEDANG
202004,2020-04-19,DKI5,73,,29,20,147,14,147,O3,TIDAK SEHAT
202004,2020-04-20,DKI5,78,,28,20,116,9,116,O3,TIDAK SEHAT
202004,2020-04-21,DKI4,69,,28,17,59,10,69,PM10,SEDANG
202004,2020-04-22,DKI4,111,,31,26,75,11,111,PM10,TIDAK SEHAT
202004,2020-04-23,DKI5,66,,27,17,88,9,88,O3,SEDANG
202004,2020-04-24,DKI4,71,,27,22,70,8,71,PM10,SEDANG
202004,2020-04-25,DKI5,64,,26,29,77,9,77,O3,SEDANG
202004,2020-04-26,DKI5,75,,26,23,101,10,101,O3,TIDAK SEHAT
202004,2020-04-27,DKI5,51,,25,18,131,8,131,O3,TIDAK SEHAT
202004,2020-04-28,DKI5,59,,20,22,82,13,82,O3,SEDANG
202004,2020-04-29,DKI5,67,,25,19,85,11,85,O3,SEDANG
202004,2020-04-30,DKI4,80,,22,37,77,17,76,PM10,SEDANG
202001,2020-05-01,DKI5,52,,39,25,62,9,62,O3,SEDANG
202002,2020-05-02,DKI3,67,,30,57,52,12,67,PM10,SEDANG
202202,2020-05-02,DKI5,43,62,53,18,55,30,62,"PM2,5",SEDANG
202003,2020-05-03,,59,,---,32,206,5,206,4,O3
202004,2020-05-04,DKI5,66,,28,19,103,8,103,O3,TIDAK SEHAT
202005,2020-05-05,DKI5,53,,22,18,73,9,73,O3,SEDANG
202006,2020-05-06,DKI5,62,,24,17,96,12,96,O3,SEDANG
202007,2020-05-07,DKI4,67,,24,16,57,12,67,PM10,SEDANG
202008,2020-05-08,DKI4,86,,26,15,84,15,86,PM10,SEDANG
202009,2020-05-09,DKI4,70,,49,15,46,22,110,PM25,TIDAK SEHAT
202010,2020-05-10,DKI2,62,,52,11,47,15,63,PM25,SEDANG
202011,2020-05-11,DKI5,58,,55,17,27,35,96,PM25,SEDANG
202012,2020-05-12,DKI3,31,,58,7,22,15,58,SO2,SEDANG
202005,2020-05-13,DKI5,55,,22,17,79,8,79,O3,SEDANG
202005,2020-05-14,DKI3,61,,23,17,64,12,64,O3,SEDANG
202005,2020-05-15,DKI2,66,,23,18,62,9,66,PM10,SEDANG
202005,2020-05-16,DKI5,65,,23,17,77,8,77,O3,SEDANG
202005,2020-05-17,DKI5,74,,23,18,122,9,122,O3,TIDAK SEHAT
202005,2020-05-18,DKI5,62,,21,15,79,10,79,O3,SEDANG
202005,2020-05-19,DKI5,42,,23,15,119,13,119,O3,TIDAK SEHAT
202005,2020-05-20,DKI4,61,,23,14,73,9,73,O3,SEDANG
202005,2020-05-21,DKI2,33,,23,14,79,12,79,O3,SEDANG
202005,2020-05-22,DKI5,70,,22,16,88,17,88,O3,SEDANG
202005,2020-05-23,DKI5,42,,22,15,87,8,87,O3,SEDANG
202005,2020-05-24,DKI2,62,,21,26,65,11,65,O3,SEDANG
202005,2020-05-25,DKI4,50,,25,15,44,9,50,PM10,BAIK
202005,2020-05-26,DKI4,52,,42,18,45,8,52,PM10,SEDANG
202005,2020-05-27,DKI2,37,,22,12,76,10,76,O3,SEDANG
202005,2020-05-28,DKI5,64,,35,16,136,16,136,O3,TIDAK SEHAT
202005,2020-05-29,DKI5,62,,27,16,134,12,134,O3,TIDAK SEHAT
202005,2020-05-30,DKI5,63,,38,36,73,11,73,O3,SEDANG
202005,2020-05-31,DKI5,54,,32,28,66,9,66,O3,SEDANG
202001,2020-06-01,DKI5,62,,37,39,64,9,64,O3,SEDANG
202202,2020-06-02,DKI1,39,51,58,15,57,21,58,SO2,SEDANG
202002,2020-06-02,DKI2,63,,30,26,50,18,63,PM10,SEDANG
202003,2020-06-03,,24,,17,52,95,3,95,4,O3
202004,2020-06-04,DKI5,56,,26,29,73,9,73,O3,SEDANG
202005,2020-06-05,DKI5,52,,22,14,63,7,63,O3,SEDANG
202006,2020-06-06,DKI5,69,,24,16,98,14,98,O3,SEDANG
202007,2020-06-07,DKI2,75,,39,16,66,16,75,PM10,SEDANG
202008,2020-06-08,DKI5,88,,27,21,108,16,108,O3,TIDAK SEHAT
202009,2020-06-09,DKI4,75,,51,14,53,23,105,PM25,TIDAK SEHAT
202010,2020-06-10,DKI4,64,,53,8,45,21,69,PM25,SEDANG
202011,2020-06-11,DKI4,80,,57,27,36,39,139,PM25,TIDAK SEHAT
202012,2020-06-12,DKI3,35,,58,9,23,19,58,SO2,SEDANG
202006,2020-06-13,DKI5,68,,24,14,99,12,99,O3,SEDANG
202006,2020-06-14,DKI5,64,,30,17,97,12,97,O3,SEDANG
202006,2020-06-15,DKI5,76,,23,18,95,13,95,O3,SEDANG
202006,2020-06-16,DKI4,74,,24,24,59,11,74,PM10,SEDANG
202006,2020-06-17,DKI2,74,,23,20,73,12,74,PM10,SEDANG
202006,2020-06-18,DKI5,67,,24,20,79,9,79,O3,SEDANG
202006,2020-06-19,DKI5,57,,22,14,75,11,75,O3,SEDANG
202006,2020-06-20,DKI5,73,,23,20,92,17,92,O3,SEDANG
202006,2020-06-21,DKI5,67,,22,17,90,10,90,O3,SEDANG
202006,2020-06-22,DKI3,71,,25,19,69,11,71,PM10,SEDANG
202006,2020-06-23,DKI2,58,,22,21,70,15,70,O3,SEDANG
202006,2020-06-24,DKI2,58,,22,16,124,19,124,O3,TIDAK SEHAT
202006,2020-06-25,DKI5,80,,25,53,85,23,85,O3,SEDANG
202006,2020-06-26,DKI5,78,,24,23,97,19,97,O3,SEDANG
202006,2020-06-27,DKI2,75,,25,18,69,14,75,PM10,SEDANG
202006,2020-06-28,DKI3,80,,25,16,81,11,81,O3,SEDANG
202006,2020-06-29,DKI5,78,,24,15,90,15,90,O3,SEDANG
202006,2020-06-30,DKI5,79,,24,18,86,15,86,O3,SEDANG
202001,2020-07-01,DKI5,50,,38,39,66,11,66,O3,SEDANG
202202,2020-07-02,DKI2,40,60,48,13,67,22,67,O3,SEDANG
202002,2020-07-02,DKI5,55,,28,28,50,16,55,PM10,SEDANG
202003,2020-07-03,,34,,27,40,54,7,54,4,O3
202004,2020-07-04,DKI5,42,,25,23,56,9,56,O3,SEDANG
202005,2020-07-05,DKI5,67,,24,18,69,9,69,O3,SEDANG
202006,2020-07-06,DKI3,66,,26,19,96,15,96,O3,SEDANG
202007,2020-07-07,DKI5,57,,30,15,63,16,63,O3,SEDANG
202008,2020-07-08,DKI5,81,,26,18,119,14,119,O3,TIDAK SEHAT
202009,2020-07-09,DKI4,72,,51,16,60,22,131,PM25,TIDAK SEHAT
202010,2020-07-10,DKI4,77,,55,11,43,26,86,PM25,SEDANG
202011,2020-07-11,DKI4,65,,56,20,29,32,108,PM25,TIDAK SEHAT
202012,2020-07-12,DKI3,25,,57,7,24,14,57,SO2,SEDANG
202007,2020-07-13,DKI3,68,,25,20,71,13,71,O3,SEDANG
202007,2020-07-14,DKI2,69,,23,15,71,16,71,O3,SEDANG
202007,2020-07-15,DKI4,63,,22,14,51,12,63,PM10,SEDANG
202007,2020-07-16,DKI2,55,,27,13,52,11,55,PM10,SEDANG
202007,2020-07-17,DKI5,66,,31,17,68,14,68,O3,SEDANG
202007,2020-07-18,DKI5,59,,25,17,84,15,84,O3,SEDANG
202007,2020-07-19,DKI5,71,,25,21,90,10,90,O3,SEDANG
202007,2020-07-20,DKI5,66,,20,14,119,12,119,O3,TIDAK SEHAT
202007,2020-07-21,DKI5,87,,24,48,95,14,95,O3,SEDANG
202007,2020-07-22,DKI5,63,,23,20,75,15,75,O3,SEDANG
202007,2020-07-23,DKI5,63,,25,15,130,11,130,O3,TIDAK SEHAT
202007,2020-07-24,DKI5,67,,24,18,98,13,98,O3,SEDANG
202007,2020-07-25,DKI5,69,,24,13,92,11,92,O3,SEDANG
202007,2020-07-26,DKI3,62,,26,11,79,10,79,O3,SEDANG
202007,2020-07-27,DKI5,67,,31,12,89,12,89,O3,SEDANG
202007,2020-07-28,DKI5,71,,24,21,160,14,160,O3,TIDAK SEHAT
202007,2020-07-29,DKI5,67,,24,17,164,14,164,O3,TIDAK SEHAT
202007,2020-07-30,DKI3,76,,24,14,136,14,136,O3,TIDAK SEHAT
202007,2020-07-31,DKI2,68,,25,13,115,14,115,O3,TIDAK SEHAT
202001,2020-08-01,DKI5,52,,40,22,70,11,70,O3,SEDANG
202002,2020-08-02,DKI4,74,,30,24,67,12,74,PM10,SEDANG
202202,2020-08-02,DKI4,58,109,39,18,60,31,109,"PM2,5",TIDAK SEHAT
202003,2020-08-03,,30,,24,40,58,5,58,4,O3
202004,2020-08-04,DKI5,33,,26,13,69,7,69,O3,SEDANG
202005,2020-08-05,DKI5,91,,22,18,120,10,120,O3,TIDAK SEHAT
202006,2020-08-06,DKI4,72,,23,23,56,12,72,PM10,SEDANG
202007,2020-08-07,DKI5,69,,28,15,90,15,90,O3,SEDANG
202008,2020-08-08,DKI4,79,,28,17,79,14,79,PM10,SEDANG
202009,2020-08-09,DKI4,78,,52,11,37,23,125,PM25,TIDAK SEHAT
202010,2020-08-10,DKI4,68,,54,11,44,25,80,PM25,SEDANG
202011,2020-08-11,DKI4,67,,55,21,29,29,113,PM25,TIDAK SEHAT
202012,2020-08-12,DKI5,37,,57,11,22,17,63,PM25,SEDANG
202008,2020-08-13,DKI4,81,,24,19,58,13,81,PM10,SEDANG
202008,2020-08-14,DKI5,41,,21,21,68,17,68,O3,SEDANG
202008,2020-08-15,DKI5,58,,23,24,59,14,59,O3,SEDANG
202008,2020-08-16,DKI3,52,,24,20,68,10,68,O3,SEDANG
202008,2020-08-17,DKI5,56,,22,17,67,10,67,O3,SEDANG
202008,2020-08-18,DKI5,75,,25,19,99,14,99,O3,SEDANG
202008,2020-08-19,DKI3,80,,33,29,82,18,82,O3,SEDANG
202008,2020-08-20,DKI3,62,,30,18,64,13,64,O3,SEDANG
202008,2020-08-21,DKI4,71,,32,10,58,10,71,PM10,SEDANG
202008,2020-08-22,DKI4,84,,31,20,63,16,84,PM10,SEDANG
202008,2020-08-23,DKI5,72,,33,27,88,14,88,O3,SEDANG
202008,2020-08-24,DKI4,79,,31,17,68,14,79,PM10,SEDANG
202008,2020-08-25,DKI5,74,,33,13,75,17,75,O3,SEDANG
202008,2020-08-26,DKI5,63,,31,9,100,11,100,O3,SEDANG
202008,2020-08-27,DKI5,57,,31,10,80,11,80,O3,SEDANG
202008,2020-08-28,DKI4,84,,33,15,67,16,84,PM10,SEDANG
202008,2020-08-29,DKI5,70,,33,12,71,12,71,O3,SEDANG
202008,2020-08-30,DKI5,74,,33,15,79,10,79,O3,SEDANG
202008,2020-08-31,DKI5,69,,33,13,134,14,134,O3,TIDAK SEHAT
202001,2020-09-01,DKI4,82,,38,58,71,13,82,PM10,SEDANG
202202,2020-09-02,DKI4,64,101,39,36,55,45,101,"PM2,5",TIDAK SEHAT
202002,2020-09-02,DKI5,48,,30,35,50,12,50,O3,BAIK
202003,2020-09-03,,52,,22,38,59,7,59,4,O3
202004,2020-09-04,DKI5,59,,28,19,73,10,73,O3,SEDANG
202005,2020-09-05,DKI4,77,,22,22,75,12,77,PM10,SEDANG
202006,2020-09-06,DKI4,81,,24,38,61,13,81,PM10,SEDANG
202007,2020-09-07,DKI2,60,,22,14,102,12,102,O3,TIDAK SEHAT
202008,2020-09-08,DKI5,74,,25,17,82,12,82,O3,SEDANG
202009,2020-09-09,DKI4,82,,52,11,34,19,105,PM25,TIDAK SEHAT
202010,2020-09-10,DKI1,74,,52,15,49,25,99,PM25,SEDANG
202011,2020-09-11,DKI4,72,,57,22,33,36,120,PM25,TIDAK SEHAT
202012,2020-09-12,DKI3,34,,57,6,24,13,57,SO2,SEDANG
202009,2020-09-13,DKI2,72,,51,12,55,19,93,PM25,SEDANG
202009,2020-09-14,DKI4,72,,53,13,56,23,106,PM25,TIDAK SEHAT
202009,2020-09-15,DKI4,57,,52,17,45,23,91,PM25,SEDANG
202009,2020-09-16,DKI2,67,,50,15,41,30,89,PM25,SEDANG
202009,2020-09-17,DKI4,65,,52,11,45,23,83,PM25,SEDANG
202009,2020-09-18,DKI4,70,,51,15,40,19,106,PM25,TIDAK SEHAT
202009,2020-09-19,DKI4,88,,56,14,40,20,119,PM25,TIDAK SEHAT
202009,2020-09-20,DKI3,73,,52,15,31,13,86,PM25,SEDANG
202009,2020-09-21,DKI4,65,,50,19,28,18,85,PM25,SEDANG
202009,2020-09-22,DKI4,62,,50,15,39,19,67,PM25,SEDANG
202009,2020-09-23,DKI2,73,,51,17,32,30,102,PM25,TIDAK SEHAT
202009,2020-09-24,DKI3,57,,44,16,39,29,93,PM25,SEDANG
202009,2020-09-25,DKI4,74,,53,15,42,27,104,PM25,TIDAK SEHAT
202009,2020-09-26,DKI4,73,,52,18,42,31,112,PM25,TIDAK SEHAT
202009,2020-09-27,DKI4,70,,52,17,45,24,107,PM25,TIDAK SEHAT
202009,2020-09-28,DKI2,74,,53,13,37,20,77,PM25,SEDANG
202009,2020-09-29,DKI5,68,,53,11,32,22,89,PM25,SEDANG
202009,2020-09-30,DKI5,57,,51,11,35,24,89,PM25,SEDANG
202001,2020-10-01,DKI5,44,,37,27,47,9,47,O3,BAIK
202002,2020-10-02,DKI2,51,,31,27,91,15,91,O3,SEDANG
202202,2020-10-02,DKI2,24,47,41,12,49,23,49,O3,BAIK
202003,2020-10-03,,32,,21,39,43,4,43,4,O3
202004,2020-10-04,DKI5,65,,27,26,132,12,132,O3,TIDAK SEHAT
202005,2020-10-05,DKI5,72,,23,27,81,15,81,O3,SEDANG
202006,2020-10-06,DKI1,67,,21,24,61,14,67,PM10,SEDANG
202007,2020-10-07,DKI3,70,,24,21,113,19,113,O3,TIDAK SEHAT
202008,2020-10-08,DKI4,81,,25,19,76,12,81,PM10,SEDANG
202009,2020-10-09,DKI5,77,,50,11,42,24,97,PM25,SEDANG
202010,2020-10-10,DKI5,70,,53,17,35,25,89,PM25,SEDANG
202011,2020-10-11,DKI4,82,,56,18,37,32,137,PM25,TIDAK SEHAT
202012,2020-10-12,DKI3,33,,59,6,21,14,59,PM25,SEDANG
202010,2020-10-13,DKI4,72,,53,20,39,29,117,PM25,TIDAK SEHAT
202010,2020-10-14,DKI4,81,,54,19,44,30,125,PM25,TIDAK SEHAT
202010,2020-10-15,DKI3,79,,54,15,48,28,106,PM25,TIDAK SEHAT
202010,2020-10-16,DKI2,68,,52,13,43,28,90,PM25,SEDANG
202010,2020-10-17,DKI4,70,,52,16,36,36,86,PM25,SEDANG
202010,2020-10-18,DKI4,60,,52,12,37,26,95,PM25,SEDANG
202010,2020-10-19,DKI4,64,,53,13,37,26,97,PM25,SEDANG
202010,2020-10-20,DKI4,63,,53,19,31,36,100,PM25,SEDANG
202010,2020-10-21,DKI4,57,,53,17,33,30,92,PM25,SEDANG
202010,2020-10-22,DKI2,53,,53,18,29,26,82,PM25,SEDANG
202010,2020-10-23,DKI3,39,,53,9,22,12,65,PM25,SEDANG
202010,2020-10-24,DKI4,56,,54,11,34,25,91,PM25,SEDANG
202010,2020-10-25,DKI4,52,,54,13,42,20,79,PM25,SEDANG
202010,2020-10-26,DKI4,57,,55,14,41,28,82,PM25,SEDANG
202010,2020-10-27,DKI4,52,,54,17,34,30,70,PM25,SEDANG
202010,2020-10-28,DKI5,66,,54,29,32,33,89,PM25,SEDANG
202010,2020-10-29,DKI4,57,,55,15,35,26,87,PM25,SEDANG
202010,2020-10-30,DKI4,63,,55,18,34,19,108,PM25,TIDAK SEHAT
202010,2020-10-31,,45,,55,15,29,20,72,,SEDANG
202001,2020-11-01,DKI5,44,,38,25,80,9,80,O3,SEDANG
202002,2020-11-02,DKI4,75,,32,26,98,16,98,O3,SEDANG
202202,2020-11-02,DKI5,62,95,48,20,48,33,95,"PM2,5",SEDANG
202003,2020-11-03,,25,,20,36,41,4,41,4,O3
202004,2020-11-04,DKI5,109,,27,18,135,6,135,O3,TIDAK SEHAT
202005,2020-11-05,DKI5,54,,24,18,83,8,83,O3,SEDANG
202006,2020-11-06,DKI5,63,,24,17,79,10,79,O3,SEDANG
202007,2020-11-07,DKI3,86,,23,20,111,16,111,O3,TIDAK SEHAT
202008,2020-11-08,DKI4,96,,26,19,78,12,96,PM10,SEDANG
202009,2020-11-09,DKI4,89,,51,17,50,35,113,PM25,TIDAK SEHAT
202010,2020-11-10,DKI5,69,,52,16,45,22,75,PM25,SEDANG
202011,2020-11-11,DKI4,79,,57,17,38,42,137,PM25,TIDAK SEHAT
202012,2020-11-12,DKI3,36,,62,11,23,20,62,PM25,SEDANG
202011,2020-11-13,DKI4,57,,57,12,31,26,83,PM25,SEDANG
202011,2020-11-14,DKI4,67,,58,14,34,28,116,PM25,TIDAK SEHAT
202011,2020-11-15,DKI4,59,,57,10,35,23,87,PM25,SEDANG
202011,2020-11-16,DKI4,64,,60,12,33,20,101,PM25,TIDAK SEHAT
202011,2020-11-17,DKI4,60,,57,18,39,26,108,PM25,TIDAK SEHAT
202011,2020-11-18,DKI4,59,,67,12,41,39,95,PM25,SEDANG
202011,2020-11-19,DKI4,77,,57,20,38,41,110,PM25,TIDAK SEHAT
202011,2020-11-20,DKI4,62,,59,13,32,22,99,PM25,SEDANG
202011,2020-11-21,DKI4,67,,57,24,32,30,104,PM25,TIDAK SEHAT
202011,2020-11-22,DKI4,70,,56,30,33,32,112,PM25,TIDAK SEHAT
202011,2020-11-23,DKI4,69,,58,23,30,34,114,PM25,TIDAK SEHAT
202011,2020-11-24,DKI3,68,,57,12,35,20,95,PM25,SEDANG
202011,2020-11-25,DKI4,55,,56,15,33,27,81,PM25,SEDANG
202011,2020-11-26,DKI4,60,,58,18,34,33,91,PM25,SEDANG
202011,2020-11-27,DKI3,51,,57,8,26,23,71,PM25,SEDANG
202011,2020-11-28,DKI4,54,,57,14,40,31,82,PM25,SEDANG
202011,2020-11-29,DKI4,48,,56,9,26,17,67,PM25,SEDANG
202011,2020-11-30,DKI3,28,,56,6,25,9,56,SO2,SEDANG
202001,2020-12-01,DKI5,43,,38,17,46,5,46,O3,BAIK
202002,2020-12-02,DKI3,65,,35,19,126,19,126,O3,TIDAK SEHAT
202202,2020-12-02,DKI5,52,68,42,14,55,29,68,"PM2,5",SEDANG
202003,2020-12-03,,34,,20,46,63,4,63,4,O3
202004,2020-12-04,DKI5,82,,27,31,136,13,136,O3,TIDAK SEHAT
202005,2020-12-05,DKI5,57,,23,20,81,10,81,O3,SEDANG
202006,2020-12-06,DKI5,55,,22,14,97,13,97,O3,SEDANG
202007,2020-12-07,DKI5,68,,22,24,79,9,79,O3,SEDANG
202008,2020-12-08,DKI4,93,,25,37,68,18,93,PM10,SEDANG
202009,2020-12-09,DKI5,67,,50,13,50,25,103,PM25,TIDAK SEHAT
202010,2020-12-10,DKI5,58,,51,15,39,26,99,PM25,SEDANG
202011,2020-12-11,DKI5,61,,57,12,36,30,96,PM25,SEDANG
202012,2020-12-12,DKI3,38,,63,7,27,14,63,SO2,SEDANG
202012,2020-12-13,DKI5,29,,57,6,25,16,58,PM25,SEDANG
202012,2020-12-14,DKI4,27,,56,7,26,14,56,SO2,SEDANG
202012,2020-12-15,DKI3,45,,55,17,25,16,75,PM25,SEDANG
202012,2020-12-16,DKI3,32,,55,12,23,11,56,PM25,SEDANG
202012,2020-12-17,DKI4,29,,56,15,26,17,56,SO2,SEDANG
202012,2020-12-18,DKI4,32,,56,12,25,15,56,SO2,SEDANG
202012,2020-12-19,DKI4,39,,56,14,21,15,56,SO2,SEDANG
202012,2020-12-20,DKI4,38,,56,14,22,15,56,SO2,SEDANG
202012,2020-12-21,DKI4,25,,56,13,20,8,56,SO2,SEDANG
202012,2020-12-22,DKI3,40,,55,9,18,15,61,PM25,SEDANG
202012,2020-12-23,DKI3,68,,51,18,25,18,113,PM25,TIDAK SEHAT
202012,2020-12-24,DKI4,52,,52,11,22,18,80,PM25,SEDANG
202012,2020-12-25,DKI3,39,,51,9,16,9,53,PM25,SEDANG
202012,2020-12-26,DKI4,37,,51,7,18,9,54,PM25,SEDANG
202012,2020-12-27,DKI3,44,,52,9,19,10,59,PM25,SEDANG
202012,2020-12-28,DKI3,45,,51,8,24,17,57,PM25,SEDANG
202012,2020-12-29,DKI4,26,,51,5,23,10,51,SO2,SEDANG
202012,2020-12-30,DKI4,39,,51,6,22,10,51,SO2,SEDANG
202012,2020-12-31,DKI2,41,,52,10,33,14,52,SO2,SEDANG
202101,2021-01-01,DKI1,38,53,29,6,31,13,53,PM25,SEDANG
202101,2021-01-01,DKI2,38,58,2,11,65,6,65,O3,SEDANG
202101,2021-01-01,DKI3,43,56,15,10,33,5,56,PM25,SEDANG
202101,2021-01-01,DKI4,41,,37,14,35,4,41,PM10,BAIK
202101,2021-01-01,DKI5,37,,20,12,25,4,37,PM10,BAIK
202102,2021-01-02,DKI1,59,79,21,26,15,31,79,PM25,SEDANG
202102,2021-01-02,DKI2,64,87,38,16,46,25,87,PM25,SEDANG
202102,2021-01-02,DKI3,73,110,28,18,26,18,110,PM25,TIDAK SEHAT
202102,2021-01-02,DKI4,---,---,---,---,---,---,0,,TIDAK ADA DATA
202102,2021-01-02,DKI5,70,126,29,26,15,34,126,PM25,TIDAK SEHAT
202103,2021-01-03,DKI1,37,60,20,12,12,17,60,PM25,SEDANG
202103,2021-01-03,DKI2,48,66,45,13,38,18,66,PM25,SEDANG
202103,2021-01-03,DKI3,62,97,28,13,21,14,97,PM25,SEDANG
202103,2021-01-03,DKI4,56,96,40,13,19,9,96,PM25,SEDANG
202103,2021-01-03,DKI5,29,60,23,7,16,12,60,PM25,SEDANG
202104,2021-01-04,DKI1,26,42,22,11,13,19,42,PM25,BAIK
202104,2021-01-04,DKI2,22,38,28,9,43,10,43,O3,BAIK
202104,2021-01-04,DKI3,28,52,26,5,35,7,52,PM25,SEDANG
202104,2021-01-04,DKI4,22,49,41,7,18,12,49,PM25,BAIK
202104,2021-01-04,DKI5,15,34,24,3,16,4,34,PM25,BAIK
202105,2021-01-05,DKI1,52,71,23,10,20,33,71,PM25,SEDANG
202105,2021-01-05,DKI2,62,74,51,10,57,14,74,PM25,SEDANG
202105,2021-01-05,DKI3,66,102,13,15,---,20,102,PM25,TIDAK SEHAT
202105,2021-01-05,DKI4,58,91,37,---,26,13,91,PM25,SEDANG
202105,2021-01-05,DKI5,47,77,22,9,27,15,77,PM25,SEDANG
202106,2021-01-06,DKI1,59,83,22,18,19,35,83,PM25,SEDANG
202106,2021-01-06,DKI2,60,82,50,16,64,26,82,PM25,SEDANG
202106,2021-01-06,DKI3,73,105,43,12,---,22,105,PM25,TIDAK SEHAT
202106,2021-01-06,DKI4,65,105,41,---,36,30,105,PM25,TIDAK SEHAT
202106,2021-01-06,DKI5,57,98,27,12,26,22,98,PM25,SEDANG
202107,2021-01-07,DKI1,55,76,27,14,20,31,76,PM25,SEDANG
202107,2021-01-07,DKI2,64,81,53,12,48,28,81,PM25,SEDANG
202107,2021-01-07,DKI3,64,92,48,8,22,18,92,PM25,SEDANG
202107,2021-01-07,DKI4,62,114,37,13,23,27,114,PM25,TIDAK SEHAT
202107,2021-01-07,DKI5,54,88,31,12,17,28,88,PM25,SEDANG
202108,2021-01-08,DKI1,51,68,25,8,29,22,68,PM25,SEDANG
202108,2021-01-08,DKI2,55,75,50,9,67,13,75,PM25,SEDANG
202108,2021-01-08,DKI3,51,66,44,9,31,11,66,PM25,SEDANG
202108,2021-01-08,DKI4,51,86,39,8,30,22,86,PM25,SEDANG
202108,2021-01-08,DKI5,44,70,30,8,29,11,70,PM25,SEDANG
202109,2021-01-09,DKI1,63,88,29,15,24,38,88,PM25,SEDANG
202109,2021-01-09,DKI2,79,102,55,14,30,29,102,PM25,TIDAK SEHAT
202109,2021-01-09,DKI3,57,83,46,13,32,14,83,PM25,SEDANG
202109,2021-01-09,DKI4,68,118,40,16,26,27,118,PM25,TIDAK SEHAT
202109,2021-01-09,DKI5,64,95,30,12,28,26,95,PM25,SEDANG
202110,2021-01-10,DKI1,57,81,30,11,32,38,81,PM25,SEDANG
202110,2021-01-10,DKI2,57,84,59,10,65,16,84,PM25,SEDANG
202110,2021-01-10,DKI3,58,77,49,9,35,11,77,PM25,SEDANG
202110,2021-01-10,DKI4,---,91,45,10,35,33,91,PM25,SEDANG
202110,2021-01-10,DKI5,55,84,---,8,34,12,84,PM25,SEDANG
202111,2021-01-11,DKI1,58,85,32,16,22,41,85,PM25,SEDANG
202111,2021-01-11,DKI2,64,88,77,12,48,28,88,PM25,SEDANG
202111,2021-01-11,DKI3,50,71,51,17,27,20,71,PM25,SEDANG
202111,2021-01-11,DKI4,---,---,---,---,---,---,0,,TIDAK ADA DATA
202111,2021-01-11,DKI5,59,91,---,17,22,27,91,PM25,SEDANG
202112,2021-01-12,DKI1,49,65,33,13,15,12,65,PM25,SEDANG
202112,2021-01-12,DKI2,53,---,8,12,41,30,53,PM10,SEDANG
202112,2021-01-12,DKI3,53,70,43,12,32,15,70,PM25,SEDANG
202112,2021-01-12,DKI4,63,100,39,12,19,23,100,PM25,SEDANG
202112,2021-01-12,DKI5,50,71,18,8,19,18,71,PM25,SEDANG
202101,2021-01-13,DKI1,34,44,17,13,20,9,44,PM25,BAIK
202101,2021-01-13,DKI2,33,44,13,10,68,7,68,O3,SEDANG
202101,2021-01-13,DKI3,26,47,16,6,39,3,47,PM25,BAIK
202101,2021-01-13,DKI4,36,,27,8,32,3,36,PM10,BAIK
202101,2021-01-13,DKI5,25,,20,5,27,9,27,CO,BAIK
202101,2021-01-14,DKI1,36,57,15,15,26,13,57,PM25,SEDANG
202101,2021-01-14,DKI2,28,49,11,6,65,11,65,O3,SEDANG
202101,2021-01-14,DKI3,29,78,20,14,40,8,78,PM25,SEDANG
202101,2021-01-14,DKI4,35,,28,13,38,5,38,CO,BAIK
202101,2021-01-14,DKI5,32,,17,8,36,7,36,CO,BAIK
202101,2021-01-15,DKI1,42,62,14,15,32,12,62,PM25,SEDANG
202101,2021-01-15,DKI2,42,60,11,14,65,12,65,O3,SEDANG
202101,2021-01-15,DKI3,24,82,19,16,64,6,82,PM25,SEDANG
202101,2021-01-15,DKI4,51,,26,20,56,5,56,CO,SEDANG
202101,2021-01-15,DKI5,52,,15,15,41,7,52,PM10,SEDANG
202101,2021-01-16,DKI1,52,73,15,17,25,14,73,PM25,SEDANG
202101,2021-01-16,DKI2,49,71,13,10,67,9,71,PM25,SEDANG
202101,2021-01-16,DKI3,70,92,19,16,60,7,92,PM25,SEDANG
202101,2021-01-16,DKI4,47,,27,18,38,7,47,PM10,BAIK
202101,2021-01-16,DKI5,---,,18,12,37,8,37,CO,BAIK
202101,2021-01-17,DKI1,52,71,17,15,26,14,71,PM25,SEDANG
202101,2021-01-17,DKI2,55,75,16,10,93,10,93,O3,SEDANG
202101,2021-01-17,DKI3,58,86,22,11,43,9,86,PM25,SEDANG
202101,2021-01-17,DKI4,52,,28,12,41,8,52,PM10,SEDANG
202101,2021-01-17,DKI5,---,,20,15,32,9,32,CO,BAIK
202101,2021-01-18,DKI1,40,52,16,11,26,12,52,PM25,SEDANG
202101,2021-01-18,DKI2,35,49,13,5,78,9,78,O3,SEDANG
202101,2021-01-18,DKI3,51,64,21,7,38,5,64,PM25,SEDANG
202101,2021-01-18,DKI4,34,,28,10,37,4,37,CO,BAIK
202101,2021-01-18,DKI5,---,,22,8,31,4,31,CO,BAIK
202101,2021-01-19,DKI1,31,41,13,12,25,12,41,PM25,BAIK
202101,2021-01-19,DKI2,31,42,11,6,58,9,58,O3,SEDANG
202101,2021-01-19,DKI3,42,56,19,7,37,6,56,PM25,SEDANG
202101,2021-01-19,DKI4,25,,26,12,31,7,31,CO,BAIK
202101,2021-01-19,DKI5,29,,14,6,35,5,35,CO,BAIK
202101,2021-01-20,DKI1,35,34,12,12,22,13,35,PM10,BAIK
202101,2021-01-20,DKI2,42,45,11,6,72,6,72,O3,SEDANG
202101,2021-01-20,DKI3,46,---,17,17,41,10,46,PM10,BAIK
202101,2021-01-20,DKI4,54,,25,16,33,8,54,PM10,SEDANG
202101,2021-01-20,DKI5,30,,15,7,33,---,33,CO,BAIK
202101,2021-01-21,DKI1,43,51,13,14,28,15,51,PM25,SEDANG
202101,2021-01-21,DKI2,46,44,12,9,67,13,67,O3,SEDANG
202101,2021-01-21,DKI3,52,---,18,19,44,9,52,PM10,SEDANG
202101,2021-01-21,DKI4,63,,25,21,38,7,63,PM10,SEDANG
202101,2021-01-21,DKI5,43,,16,15,37,8,43,PM10,BAIK
202101,2021-01-22,DKI1,49,63,14,14,28,15,63,PM25,SEDANG
202101,2021-01-22,DKI2,51,60,12,8,67,16,67,O3,SEDANG
202101,2021-01-22,DKI3,84,112,20,33,57,10,112,PM25,TIDAK SEHAT
202101,2021-01-22,DKI4,52,,26,32,54,8,54,CO,SEDANG
202101,2021-01-22,DKI5,45,,21,13,40,15,45,PM10,BAIK
202101,2021-01-23,DKI1,72,108,14,43,44,20,108,PM25,TIDAK SEHAT
202101,2021-01-23,DKI2,73,108,14,43,104,19,108,PM25,TIDAK SEHAT
202101,2021-01-23,DKI3,89,126,19,42,64,13,126,PM25,TIDAK SEHAT
202101,2021-01-23,DKI4,89,,27,47,61,11,89,PM10,SEDANG
202101,2021-01-23,DKI5,80,,22,44,44,22,80,PM10,SEDANG
202101,2021-01-24,DKI1,33,48,12,14,23,10,48,PM25,BAIK
202101,2021-01-24,DKI2,51,59,12,9,75,7,75,O3,SEDANG
202101,2021-01-24,DKI3,64,90,19,31,34,10,90,PM25,SEDANG
202101,2021-01-24,DKI4,---,,---,---,---,---,0,,TIDAK ADA DATA
202101,2021-01-24,DKI5,27,,14,9,29,---,29,CO,BAIK
202101,2021-01-25,DKI1,56,82,13,29,62,15,82,PM25,SEDANG
202101,2021-01-25,DKI2,62,86,14,26,134,14,134,O3,TIDAK SEHAT
202101,2021-01-25,DKI3,60,95,18,23,67,8,95,PM25,SEDANG
202101,2021-01-25,DKI4,---,,---,---,---,---,0,,TIDAK ADA DATA
202101,2021-01-25,DKI5,55,,19,29,67,13,67,CO,SEDANG
202101,2021-01-26,DKI1,52,70,14,19,28,13,70,PM25,SEDANG
202101,2021-01-26,DKI2,54,76,26,14,71,12,76,PM25,SEDANG
202101,2021-01-26,DKI3,54,79,18,15,50,7,79,PM25,SEDANG
202101,2021-01-26,DKI4,57,,26,34,39,7,57,PM10,SEDANG
202101,2021-01-26,DKI5,57,,21,23,36,16,57,PM10,SEDANG
202101,2021-01-27,DKI1,20,20,13,10,19,8,20,PM10,BAIK
202101,2021-01-27,DKI2,21,29,25,7,63,5,63,O3,SEDANG
202101,2021-01-27,DKI3,33,37,17,5,30,4,37,PM25,BAIK
202101,2021-01-27,DKI4,18,,25,7,19,4,25,PM25,BAIK
202101,2021-01-27,DKI5,15,,16,5,20,---,20,CO,BAIK
202101,2021-01-28,DKI1,27,41,14,18,17,11,41,PM25,BAIK
202101,2021-01-28,DKI2,28,49,25,10,53,7,53,O3,SEDANG
202101,2021-01-28,DKI3,26,49,16,9,26,5,49,PM25,BAIK
202101,2021-01-28,DKI4,23,,25,11,20,5,25,PM25,BAIK
202101,2021-01-28,DKI5,28,,19,11,28,---,28,PM10,BAIK
202101,2021-01-29,DKI1,30,53,16,17,24,11,53,PM25,SEDANG
202101,2021-01-29,DKI2,28,49,26,7,65,9,65,O3,SEDANG
202101,2021-01-29,DKI3,28,16,17,9,48,4,48,O3,BAIK
202101,2021-01-29,DKI4,27,,26,9,36,4,36,CO,BAIK
202101,2021-01-29,DKI5,30,,22,10,32,11,32,CO,BAIK
202101,2021-01-30,DKI1,27,37,13,16,24,12,37,PM25,BAIK
202101,2021-01-30,DKI2,27,39,25,10,64,8,64,O3,SEDANG
202101,2021-01-30,DKI3,46,13,16,10,41,4,46,PM10,BAIK
202101,2021-01-30,DKI4,21,,26,16,32,6,32,CO,BAIK
202101,2021-01-30,DKI5,24,,17,8,27,10,27,CO,BAIK
202101,2021-01-31,DKI1,36,51,13,16,26,10,51,PM25,SEDANG
202101,2021-01-31,DKI2,38,55,24,11,68,7,68,O3,SEDANG
202101,2021-01-31,DKI3,38,13,17,7,39,---,39,O3,BAIK
202101,2021-01-31,DKI4,---,,---,17,---,---,17,SO2,BAIK
202101,2021-01-31,DKI5,41,,17,19,29,8,41,PM10,BAIK
202101,2021-02-01,DKI1,27,46,27,7,47,7,47,O3,BAIK
202101,2021-02-01,DKI2,29,46,---,12,80,12,80,O3,SEDANG
202101,2021-02-01,DKI3,58,86,15,22,38,5,86,PM25,SEDANG
202101,2021-02-01,DKI4,44,,38,38,59,3,59,CO,SEDANG
202101,2021-02-01,DKI5,33,,18,20,64,6,64,CO,SEDANG
202102,2021-02-02,DKI1,30,46,21,14,16,24,46,PM25,BAIK
202102,2021-02-02,DKI2,30,42,38,4,55,15,55,O3,SEDANG
202102,2021-02-02,DKI3,53,70,25,10,27,14,70,PM25,SEDANG
202102,2021-02-02,DKI4,37,59,40,14,22,12,59,PM25,SEDANG
202102,2021-02-02,DKI5,---,55,28,9,14,25,55,PM25,SEDANG
202103,2021-02-03,DKI1,38,55,20,15,14,28,55,PM25,SEDANG
202103,2021-02-03,DKI2,55,61,50,12,53,21,61,PM25,SEDANG
202103,2021-02-03,DKI3,54,71,26,13,41,14,71,PM25,SEDANG
202103,2021-02-03,DKI4,46,81,39,17,29,14,81,PM25,SEDANG
202103,2021-02-03,DKI5,35,65,23,11,22,17,65,PM25,SEDANG
202104,2021-02-04,DKI1,41,54,27,11,17,19,54,PM25,SEDANG
202104,2021-02-04,DKI2,39,57,34,11,42,13,57,PM25,SEDANG
202104,2021-02-04,DKI3,51,70,33,8,37,10,70,PM25,SEDANG
202104,2021-02-04,DKI4,37,62,44,11,18,12,62,PM25,SEDANG
202104,2021-02-04,DKI5,35,58,38,7,19,16,58,PM25,SEDANG
202105,2021-02-05,DKI1,50,67,22,9,18,17,67,PM25,SEDANG
202105,2021-02-05,DKI2,55,73,47,9,53,---,73,PM25,SEDANG
202105,2021-02-05,DKI3,55,77,13,13,---,17,77,PM25,SEDANG
202105,2021-02-05,DKI4,54,89,38,---,22,10,89,PM25,SEDANG
202105,2021-02-05,DKI5,41,69,29,7,23,11,69,PM25,SEDANG
202106,2021-02-06,DKI1,59,84,21,20,24,38,84,PM25,SEDANG
202106,2021-02-06,DKI2,68,92,54,16,76,28,92,PM25,SEDANG
202106,2021-02-06,DKI3,62,81,45,8,---,17,81,PM25,SEDANG
202106,2021-02-06,DKI4,63,100,41,---,36,21,100,PM25,SEDANG
202106,2021-02-06,DKI5,57,92,25,15,27,27,92,PM25,SEDANG
202107,2021-02-07,DKI1,55,70,33,16,14,30,70,PM25,SEDANG
202107,2021-02-07,DKI2,68,81,56,14,40,27,81,PM25,SEDANG
202107,2021-02-07,DKI3,60,84,47,7,23,18,84,PM25,SEDANG
202107,2021-02-07,DKI4,59,108,40,10,18,23,108,PM25,TIDAK SEHAT
202107,2021-02-07,DKI5,56,90,29,23,11,51,90,PM25,SEDANG
202108,2021-02-08,DKI1,47,63,24,10,25,28,63,PM25,SEDANG
202108,2021-02-08,DKI2,52,69,50,10,59,16,69,PM25,SEDANG
202108,2021-02-08,DKI3,48,65,47,10,29,12,65,PM25,SEDANG
202108,2021-02-08,DKI4,42,81,38,9,27,20,81,PM25,SEDANG
202108,2021-02-08,DKI5,46,75,27,8,27,12,75,PM25,SEDANG
202109,2021-02-09,DKI1,60,83,29,11,30,28,83,PM25,SEDANG
202109,2021-02-09,DKI2,66,89,52,10,39,19,89,PM25,SEDANG
202109,2021-02-09,DKI3,65,99,46,15,29,16,99,PM25,SEDANG
202109,2021-02-09,DKI4,65,115,39,12,26,25,115,PM25,TIDAK SEHAT
202109,2021-02-09,DKI5,62,101,28,9,25,18,101,PM25,TIDAK SEHAT
202110,2021-02-10,DKI1,67,99,32,11,30,35,99,PM25,SEDANG
202110,2021-02-10,DKI2,70,103,61,10,58,17,103,PM25,TIDAK SEHAT
202110,2021-02-10,DKI3,64,100,50,12,28,27,100,PM25,SEDANG
202110,2021-02-10,DKI4,---,127,46,10,35,19,127,PM25,TIDAK SEHAT
202110,2021-02-10,DKI5,67,102,---,10,31,16,102,PM25,TIDAK SEHAT
202111,2021-02-11,DKI1,50,63,29,14,22,35,63,PM25,SEDANG
202111,2021-02-11,DKI2,51,70,13,14,49,34,70,PM25,SEDANG
202111,2021-02-11,DKI3,50,63,51,16,18,18,63,PM25,SEDANG
202111,2021-02-11,DKI4,54,77,40,18,47,22,77,PM25,SEDANG
202111,2021-02-11,DKI5,51,72,---,14,13,22,72,PM25,SEDANG
202112,2021-02-12,DKI1,28,34,31,7,15,5,34,PM25,BAIK
202112,2021-02-12,DKI2,32,50,40,7,40,14,50,PM25,BAIK
202112,2021-02-12,DKI3,35,55,42,7,29,9,55,PM25,SEDANG
202112,2021-02-12,DKI4,33,56,38,5,18,13,56,PM25,SEDANG
202112,2021-02-12,DKI5,22,42,14,2,19,5,42,PM25,BAIK
202102,2021-02-13,DKI1,25,37,20,9,19,16,37,PM25,BAIK
202102,2021-02-13,DKI2,27,47,38,8,40,11,47,PM25,BAIK
202102,2021-02-13,DKI3,59,89,26,12,30,13,89,PM25,SEDANG
202102,2021-02-13,DKI4,43,62,40,11,25,9,62,PM25,SEDANG
202102,2021-02-13,DKI5,27,55,27,5,20,8,55,PM25,SEDANG
202102,2021-02-14,DKI1,33,47,18,11,19,19,47,PM25,BAIK
202102,2021-02-14,DKI2,34,53,40,11,42,14,53,PM25,SEDANG
202102,2021-02-14,DKI3,55,73,25,11,35,13,73,PM25,SEDANG
202102,2021-02-14,DKI4,34,57,39,11,26,9,57,PM25,SEDANG
202102,2021-02-14,DKI5,36,61,24,9,20,11,61,PM25,SEDANG
202102,2021-02-15,DKI1,34,47,20,13,17,25,47,PM25,BAIK
202102,2021-02-15,DKI2,36,52,39,13,37,17,52,PM25,SEDANG
202102,2021-02-15,DKI3,40,62,24,9,32,12,62,PM25,SEDANG
202102,2021-02-15,DKI4,42,66,40,11,25,12,66,PM25,SEDANG
202102,2021-02-15,DKI5,32,56,24,10,18,17,56,PM25,SEDANG
202102,2021-02-16,DKI1,26,28,18,11,18,26,28,PM25,BAIK
202102,2021-02-16,DKI2,28,41,38,11,42,15,42,O3,BAIK
202102,2021-02-16,DKI3,36,51,24,9,34,15,51,PM25,SEDANG
202102,2021-02-16,DKI4,43,63,40,11,23,13,63,PM25,SEDANG
202102,2021-02-16,DKI5,24,35,21,7,22,9,35,PM25,BAIK
202102,2021-02-17,DKI1,39,57,23,23,12,33,57,PM25,SEDANG
202102,2021-02-17,DKI2,41,61,40,25,41,27,61,PM25,SEDANG
202102,2021-02-17,DKI3,46,67,26,15,28,18,67,PM25,SEDANG
202102,2021-02-17,DKI4,38,66,40,22,21,15,66,PM25,SEDANG
202102,2021-02-17,DKI5,44,71,33,25,14,37,71,PM25,SEDANG
202102,2021-02-18,DKI1,43,59,29,13,12,29,59,PM25,SEDANG
202102,2021-02-18,DKI2,40,55,44,10,41,16,55,PM25,SEDANG
202102,2021-02-18,DKI3,53,70,28,8,26,12,70,PM25,SEDANG
202102,2021-02-18,DKI4,37,60,41,10,22,11,60,PM25,SEDANG
202102,2021-02-18,DKI5,38,60,41,8,17,17,60,PM25,SEDANG
202102,2021-02-19,DKI1,29,41,19,20,12,23,41,PM25,BAIK
202102,2021-02-19,DKI2,32,51,42,16,41,20,51,PM25,SEDANG
202102,2021-02-19,DKI3,28,51,25,13,23,14,51,PM25,SEDANG
202102,2021-02-19,DKI4,25,51,39,16,20,13,51,PM25,SEDANG
202102,2021-02-19,DKI5,27,52,24,16,14,33,52,PM25,SEDANG
202102,2021-02-20,DKI1,30,38,18,11,18,20,38,PM25,BAIK
202102,2021-02-20,DKI2,31,34,38,8,53,9,53,O3,SEDANG
202102,2021-02-20,DKI3,45,59,25,13,29,15,59,PM25,SEDANG
202102,2021-02-20,DKI4,33,63,39,12,24,12,63,PM25,SEDANG
202102,2021-02-20,DKI5,32,52,22,10,21,15,52,PM25,SEDANG
202102,2021-02-21,DKI1,31,45,18,10,16,17,45,PM25,BAIK
202102,2021-02-21,DKI2,36,40,39,9,48,9,48,O3,BAIK
202102,2021-02-21,DKI3,29,42,24,7,30,9,42,PM25,BAIK
202102,2021-02-21,DKI4,21,50,39,10,23,10,50,PM25,BAIK
202102,2021-02-21,DKI5,29,52,22,8,18,12,52,PM25,SEDANG
202102,2021-02-22,DKI1,51,67,20,18,11,23,67,PM25,SEDANG
202102,2021-02-22,DKI2,60,69,42,15,41,19,69,PM25,SEDANG
202102,2021-02-22,DKI3,68,103,26,22,30,14,103,PM25,TIDAK SEHAT
202102,2021-02-22,DKI4,59,95,40,21,25,12,95,PM25,SEDANG
202102,2021-02-22,DKI5,56,92,25,20,16,40,92,PM25,SEDANG
202102,2021-02-23,DKI1,50,64,22,11,20,23,64,PM25,SEDANG
202102,2021-02-23,DKI2,48,61,40,9,54,17,61,PM25,SEDANG
202102,2021-02-23,DKI3,66,90,26,12,29,16,90,PM25,SEDANG
202102,2021-02-23,DKI4,51,83,40,16,24,11,83,PM25,SEDANG
202102,2021-02-23,DKI5,49,77,28,8,21,12,77,PM25,SEDANG
202102,2021-02-24,DKI1,30,42,22,10,9,16,42,PM25,BAIK
202102,2021-02-24,DKI2,30,39,40,10,33,10,40,SO2,BAIK
202102,2021-02-24,DKI3,---,---,---,---,---,---,0,,TIDAK ADA DATA
202102,2021-02-24,DKI4,42,61,39,9,13,6,61,PM25,SEDANG
202102,2021-02-24,DKI5,24,40,28,4,11,7,40,PM25,BAIK
202102,2021-02-25,DKI1,31,48,26,12,14,17,48,PM25,BAIK
202102,2021-02-25,DKI2,30,45,43,12,45,12,45,PM25,BAIK
202102,2021-02-25,DKI3,27,54,25,6,24,7,54,PM25,SEDANG
202102,2021-02-25,DKI4,16,45,39,9,19,4,45,PM25,BAIK
202102,2021-02-25,DKI5,28,52,31,7,13,23,52,PM25,SEDANG
202102,2021-02-26,DKI1,29,38,18,13,18,20,38,PM25,BAIK
202102,2021-02-26,DKI2,45,54,43,13,---,19,54,PM25,SEDANG
202102,2021-02-26,DKI3,41,61,25,10,40,16,61,PM25,SEDANG
202102,2021-02-26,DKI4,48,75,39,11,23,13,75,PM25,SEDANG
202102,2021-02-26,DKI5,24,49,21,7,22,18,49,PM25,BAIK
202102,2021-02-27,DKI1,49,67,23,15,17,31,67,PM25,SEDANG
202102,2021-02-27,DKI2,59,71,44,15,50,20,71,PM25,SEDANG
202102,2021-02-27,DKI3,50,73,27,10,41,16,73,PM25,SEDANG
202102,2021-02-27,DKI4,59,94,40,13,30,12,94,PM25,SEDANG
202102,2021-02-27,DKI5,39,64,27,10,25,24,64,PM25,SEDANG
202102,2021-02-28,DKI1,43,60,19,12,19,18,60,PM25,SEDANG
202102,2021-02-28,DKI2,66,76,40,14,60,18,76,PM25,SEDANG
202102,2021-02-28,DKI3,64,94,25,13,27,15,94,PM25,SEDANG
202102,2021-02-28,DKI4,68,113,39,18,24,14,113,PM25,TIDAK SEHAT
202102,2021-02-28,DKI5,50,77,22,9,22,13,77,PM25,SEDANG
202101,2021-03-01,DKI1,44,58,25,7,40,13,58,PM25,SEDANG
202101,2021-03-01,DKI2,37,59,---,10,86,13,86,O3,SEDANG
202101,2021-03-01,DKI3,64,93,14,20,35,5,93,PM25,SEDANG
202101,2021-03-01,DKI4,50,,37,16,52,5,52,CO,SEDANG
202101,2021-03-01,DKI5,42,,15,10,62,3,62,CO,SEDANG
202102,2021-03-02,DKI1,23,33,19,11,14,19,33,PM25,BAIK
202102,2021-03-02,DKI2,24,35,38,4,42,15,42,O3,BAIK
202102,2021-03-02,DKI3,32,53,27,6,24,9,53,PM25,SEDANG
202102,2021-03-02,DKI4,24,52,40,9,21,8,52,PM25,SEDANG
202102,2021-03-02,DKI5,23,40,27,5,16,10,40,PM25,BAIK
202103,2021-03-03,DKI1,49,67,19,21,17,35,67,PM25,SEDANG
202103,2021-03-03,DKI2,59,76,46,19,50,30,76,PM25,SEDANG
202103,2021-03-03,DKI3,57,83,27,18,38,20,83,PM25,SEDANG
202103,2021-03-03,DKI4,52,---,41,19,31,14,52,PM10,SEDANG
202103,2021-03-03,DKI5,49,79,24,13,20,21,79,PM25,SEDANG
202104,2021-03-04,DKI1,25,42,20,8,18,22,42,PM25,BAIK
202104,2021-03-04,DKI2,23,51,33,9,57,10,57,O3,SEDANG
202104,2021-03-04,DKI3,30,52,27,7,---,14,52,PM25,SEDANG
202104,2021-03-04,DKI4,39,67,42,9,22,14,67,PM25,SEDANG
202104,2021-03-04,DKI5,21,47,20,6,22,12,47,PM25,BAIK
202105,2021-03-05,DKI1,53,70,26,10,20,20,70,PM25,SEDANG
202105,2021-03-05,DKI2,59,74,50,9,51,11,74,PM25,SEDANG
202105,2021-03-05,DKI3,55,83,12,9,25,16,83,PM25,SEDANG
202105,2021-03-05,DKI4,61,95,39,---,22,12,95,PM25,SEDANG
202105,2021-03-05,DKI5,42,69,34,7,25,12,69,PM25,SEDANG
202106,2021-03-06,DKI1,54,76,22,20,17,41,76,PM25,SEDANG
202106,2021-03-06,DKI2,68,93,57,16,61,32,93,PM25,SEDANG
202106,2021-03-06,DKI3,58,78,49,8,---,16,78,PM25,SEDANG
202106,2021-03-06,DKI4,54,89,41,11,32,20,89,PM25,SEDANG
202106,2021-03-06,DKI5,53,90,23,18,19,36,90,PM25,SEDANG
202107,2021-03-07,DKI1,58,81,33,12,19,25,81,PM25,SEDANG
202107,2021-03-07,DKI2,72,100,54,11,44,23,100,PM25,SEDANG
202107,2021-03-07,DKI3,80,124,45,10,28,17,124,PM25,TIDAK SEHAT
202107,2021-03-07,DKI4,72,141,37,13,25,20,141,PM25,TIDAK SEHAT
202107,2021-03-07,DKI5,60,103,31,13,20,27,103,PM25,TIDAK SEHAT
202108,2021-03-08,DKI1,50,68,26,11,19,35,68,PM25,SEDANG
202108,2021-03-08,DKI2,61,85,53,12,47,25,85,PM25,SEDANG
202108,2021-03-08,DKI3,45,66,48,9,30,13,66,PM25,SEDANG
202108,2021-03-08,DKI4,55,104,38,12,21,25,104,PM25,TIDAK SEHAT
202108,2021-03-08,DKI5,53,80,30,9,27,21,80,PM25,SEDANG
202109,2021-03-09,DKI1,60,82,27,11,37,30,82,PM25,SEDANG
202109,2021-03-09,DKI2,66,87,51,9,39,18,87,PM25,SEDANG
202109,2021-03-09,DKI3,56,86,45,9,39,13,86,PM25,SEDANG
202109,2021-03-09,DKI4,62,111,42,10,34,23,111,PM25,TIDAK SEHAT
202109,2021-03-09,DKI5,56,92,7,6,45,9,92,PM25,SEDANG
202110,2021-03-10,DKI1,70,85,29,10,28,28,85,PM25,SEDANG
202110,2021-03-10,DKI2,64,86,62,11,53,18,86,PM25,SEDANG
202110,2021-03-10,DKI3,54,76,50,8,32,14,76,PM25,SEDANG
202110,2021-03-10,DKI4,---,96,44,9,32,19,96,PM25,SEDANG
202110,2021-03-10,DKI5,55,82,---,8,28,12,82,PM25,SEDANG
202111,2021-03-11,DKI1,49,63,33,13,21,38,63,PM25,SEDANG
202111,2021-03-11,DKI2,52,---,14,---,41,27,52,PM10,SEDANG
202111,2021-03-11,DKI3,40,62,51,13,37,18,62,PM25,SEDANG
202111,2021-03-11,DKI4,51,83,42,12,73,17,83,PM25,SEDANG
202111,2021-03-11,DKI5,44,69,---,12,21,24,69,PM25,SEDANG
202112,2021-03-12,DKI1,49,31,9,19,7,49,PM25,BAIK,
202112,2021-03-12,DKI2,34,55,41,9,48,17,55,PM25,SEDANG
202112,2021-03-12,DKI3,54,67,43,9,32,11,67,PM25,SEDANG
202112,2021-03-12,DKI4,41,71,39,7,23,15,71,PM25,SEDANG
202112,2021-03-12,DKI5,30,54,16,3,18,9,54,PM25,SEDANG
202103,2021-03-13,DKI1,37,62,27,13,13,25,62,PM25,SEDANG
202103,2021-03-13,DKI2,40,58,29,11,41,16,58,PM25,SEDANG
202103,2021-03-13,DKI3,53,72,29,7,23,9,72,PM25,SEDANG
202103,2021-03-13,DKI4,37,69,41,10,20,9,69,PM25,SEDANG
202103,2021-03-13,DKI5,35,62,33,6,19,10,62,PM25,SEDANG
202103,2021-03-14,DKI1,39,60,23,14,10,19,60,PM25,SEDANG
202103,2021-03-14,DKI2,50,62,27,12,37,15,62,PM25,SEDANG
202103,2021-03-14,DKI3,52,73,28,10,16,10,73,PM25,SEDANG
202103,2021-03-14,DKI4,40,68,41,16,14,9,68,PM25,SEDANG
202103,2021-03-14,DKI5,44,72,27,11,13,21,72,PM25,SEDANG
202103,2021-03-15,DKI1,45,70,29,18,13,34,70,PM25,SEDANG
202103,2021-03-15,DKI2,51,72,33,15,49,19,72,PM25,SEDANG
202103,2021-03-15,DKI3,51,76,28,9,25,10,76,PM25,SEDANG
202103,2021-03-15,DKI4,37,77,42,14,24,12,77,PM25,SEDANG
202103,2021-03-15,DKI5,55,92,34,17,18,33,92,PM25,SEDANG
202103,2021-03-16,DKI1,55,80,32,13,21,36,80,PM25,SEDANG
202103,2021-03-16,DKI2,67,89,41,13,57,25,89,PM25,SEDANG
202103,2021-03-16,DKI3,59,88,40,8,41,18,88,PM25,SEDANG
202103,2021-03-16,DKI4,57,101,46,13,37,18,101,PM25,TIDAK SEHAT
202103,2021-03-16,DKI5,54,87,40,11,28,18,87,PM25,SEDANG
202103,2021-03-17,DKI1,59,93,25,19,20,45,93,PM25,SEDANG
202103,2021-03-17,DKI2,78,107,55,20,53,41,107,PM25,TIDAK SEHAT
202103,2021-03-17,DKI3,71,106,32,11,39,19,106,PM25,TIDAK SEHAT
202103,2021-03-17,DKI4,68,123,43,20,37,14,123,PM25,TIDAK SEHAT
202103,2021-03-17,DKI5,65,117,31,17,28,32,117,PM25,TIDAK SEHAT
202103,2021-03-18,DKI1,64,102,30,15,25,40,102,PM25,TIDAK SEHAT
202103,2021-03-18,DKI2,78,115,43,14,74,23,115,PM25,TIDAK SEHAT
202103,2021-03-18,DKI3,61,99,35,7,42,18,99,PM25,SEDANG
202103,2021-03-18,DKI4,68,125,45,16,37,22,125,PM25,TIDAK SEHAT
202103,2021-03-18,DKI5,62,107,40,11,34,17,107,PM25,TIDAK SEHAT
202103,2021-03-19,DKI1,60,88,29,14,24,35,88,PM25,SEDANG
202103,2021-03-19,DKI2,73,93,39,13,59,26,93,PM25,SEDANG
202103,2021-03-19,DKI3,59,87,33,7,39,14,87,PM25,SEDANG
202103,2021-03-19,DKI4,57,91,42,12,42,15,91,PM25,SEDANG
202103,2021-03-19,DKI5,58,96,35,10,33,16,96,PM25,SEDANG
202103,2021-03-20,DKI1,55,80,28,16,19,31,80,PM25,SEDANG
202103,2021-03-20,DKI2,61,94,41,15,56,24,94,PM25,SEDANG
202103,2021-03-20,DKI3,65,106,31,12,45,17,106,PM25,TIDAK SEHAT
202103,2021-03-20,DKI4,55,98,44,12,38,18,98,PM25,SEDANG
202103,2021-03-20,DKI5,56,89,32,9,22,17,89,PM25,SEDANG
202103,2021-03-21,DKI1,43,55,21,11,18,17,55,PM25,SEDANG
202103,2021-03-21,DKI2,47,58,29,11,51,14,58,PM25,SEDANG
202103,2021-03-21,DKI3,81,118,27,15,37,16,118,PM25,TIDAK SEHAT
202103,2021-03-21,DKI4,57,85,41,16,22,17,85,PM25,SEDANG
202103,2021-03-21,DKI5,37,62,24,6,17,9,62,PM25,SEDANG
202103,2021-03-22,DKI1,38,61,21,13,14,18,61,PM25,SEDANG
202103,2021-03-22,DKI2,45,67,30,13,43,17,67,PM25,SEDANG
202103,2021-03-22,DKI3,62,93,26,15,36,10,93,PM25,SEDANG
202103,2021-03-22,DKI4,52,78,41,15,20,11,78,PM25,SEDANG
202103,2021-03-22,DKI5,38,67,23,7,14,10,67,PM25,SEDANG
202103,2021-03-23,DKI1,37,54,23,11,12,16,54,PM25,SEDANG
202103,2021-03-23,DKI2,48,55,30,9,44,11,55,PM25,SEDANG
202103,2021-03-23,DKI3,51,77,26,9,27,8,77,PM25,SEDANG
202103,2021-03-23,DKI4,38,62,41,8,12,7,62,PM25,SEDANG
202103,2021-03-23,DKI5,35,59,25,6,11,14,59,PM25,SEDANG
202103,2021-03-24,DKI1,32,53,21,10,9,15,53,PM25,SEDANG
202103,2021-03-24,DKI2,33,57,27,11,37,8,57,PM25,SEDANG
202103,2021-03-24,DKI3,43,64,26,6,27,8,64,PM25,SEDANG
202103,2021-03-24,DKI4,30,55,40,7,13,9,55,PM25,SEDANG
202103,2021-03-24,DKI5,26,52,21,4,13,6,52,PM25,SEDANG
202103,2021-03-25,DKI1,25,47,22,9,14,17,47,PM25,BAIK
202103,2021-03-25,DKI2,36,53,29,9,41,13,53,PM25,SEDANG
202103,2021-03-25,DKI3,38,62,26,7,28,9,62,PM25,SEDANG
202103,2021-03-25,DKI4,36,68,41,8,19,12,68,PM25,SEDANG
202103,2021-03-25,DKI5,23,53,23,4,21,5,53,PM25,SEDANG
202103,2021-03-26,DKI1,50,69,23,19,19,28,69,PM25,SEDANG
202103,2021-03-26,DKI2,57,77,35,18,53,21,77,PM25,SEDANG
202103,2021-03-26,DKI3,55,79,27,13,39,11,79,PM25,SEDANG
202103,2021-03-26,DKI4,52,83,42,17,31,16,83,PM25,SEDANG
202103,2021-03-26,DKI5,48,79,24,10,23,19,79,PM25,SEDANG
202103,2021-03-27,DKI1,53,71,29,13,18,33,71,PM25,SEDANG
202103,2021-03-27,DKI2,62,83,49,12,63,19,83,PM25,SEDANG
202103,2021-03-27,DKI3,51,73,30,11,56,19,73,PM25,SEDANG
202103,2021-03-27,DKI4,58,91,43,13,35,20,91,PM25,SEDANG
202103,2021-03-27,DKI5,51,83,38,12,24,23,83,PM25,SEDANG
202103,2021-03-28,DKI1,54,75,20,15,31,31,75,PM25,SEDANG
202103,2021-03-28,DKI2,57,76,43,15,71,18,76,PM25,SEDANG
202103,2021-03-28,DKI3,47,63,27,10,43,17,63,PM25,SEDANG
202103,2021-03-28,DKI4,50,75,41,14,37,16,75,PM25,SEDANG
202103,2021-03-28,DKI5,50,78,22,12,34,19,78,PM25,SEDANG
202103,2021-03-29,DKI1,55,77,19,19,21,37,77,PM25,SEDANG
202103,2021-03-29,DKI2,65,88,48,18,67,25,88,PM25,SEDANG
202103,2021-03-29,DKI3,51,19,26,14,48,21,51,PM10,SEDANG
202103,2021-03-29,DKI4,54,84,41,18,35,19,84,PM25,SEDANG
202103,2021-03-29,DKI5,54,91,21,17,29,26,91,PM25,SEDANG
202103,2021-03-30,DKI1,53,69,24,15,14,30,69,PM25,SEDANG
202103,2021-03-30,DKI2,53,68,34,13,55,17,68,PM25,SEDANG
202103,2021-03-30,DKI3,59,24,29,10,33,20,59,PM10,SEDANG
202103,2021-03-30,DKI4,41,76,42,14,21,25,76,PM25,SEDANG
202103,2021-03-30,DKI5,44,72,35,8,18,18,72,PM25,SEDANG
202103,2021-03-31,DKI1,43,57,22,13,15,23,57,PM25,SEDANG
202103,2021-03-31,DKI2,39,58,30,12,48,18,58,PM25,SEDANG
202103,2021-03-31,DKI3,56,22,12,18,32,25,56,PM10,SEDANG
202103,2021-03-31,DKI4,48,69,43,12,25,18,69,PM25,SEDANG
202103,2021-03-31,DKI5,40,62,25,7,16,15,62,PM25,SEDANG
202101,2021-04-01,DKI1,30,48,24,4,32,7,48,PM25,BAIK
202101,2021-04-01,DKI2,30,49,---,9,77,7,77,O3,SEDANG
202101,2021-04-01,DKI3,50,67,13,15,17,4,67,PM25,SEDANG
202101,2021-04-01,DKI4,45,,36,16,24,3,45,PM10,BAIK
202101,2021-04-01,DKI5,27,,14,7,31,4,31,CO,BAIK
202102,2021-04-02,DKI1,36,53,23,14,12,24,53,PM25,SEDANG
202102,2021-04-02,DKI2,33,50,39,7,47,15,50,PM25,BAIK
202102,2021-04-02,DKI3,29,54,26,11,24,13,54,PM25,SEDANG
202102,2021-04-02,DKI4,19,53,40,12,19,10,53,PM25,SEDANG
202102,2021-04-02,DKI5,32,59,28,9,14,17,59,PM25,SEDANG
202103,2021-04-03,DKI1,51,75,22,18,19,31,75,PM25,SEDANG
202103,2021-04-03,DKI2,56,79,45,16,49,28,79,PM25,SEDANG
202103,2021-04-03,DKI3,56,77,29,13,28,19,77,PM25,SEDANG
202103,2021-04-03,DKI4,62,103,40,19,33,11,103,PM25,TIDAK SEHAT
202103,2021-04-03,DKI5,---,---,---,---,---,---,0,,TIDAK ADA DATA
202104,2021-04-04,DKI1,57,78,21,23,14,33,78,PM25,SEDANG
202104,2021-04-04,DKI2,63,80,40,17,49,23,80,PM25,SEDANG
202104,2021-04-04,DKI3,68,103,29,28,---,28,103,PM25,TIDAK SEHAT
202104,2021-04-04,DKI4,64,103,43,26,23,20,103,PM25,TIDAK SEHAT
202104,2021-04-04,DKI5,62,102,20,30,19,37,102,PM25,TIDAK SEHAT
202105,2021-04-05,DKI1,59,77,31,14,14,26,77,PM25,SEDANG
202105,2021-04-05,DKI2,68,82,54,12,39,17,82,PM25,SEDANG
202105,2021-04-05,DKI3,65,108,13,18,---,19,108,PM25,TIDAK SEHAT
202105,2021-04-05,DKI4,74,113,41,15,17,13,113,PM25,TIDAK SEHAT
202105,2021-04-05,DKI5,50,77,40,10,19,24,77,PM25,SEDANG
202106,2021-04-06,DKI1,63,87,20,13,14,30,87,PM25,SEDANG
202106,2021-04-06,DKI2,66,86,46,12,76,13,86,PM25,SEDANG
202106,2021-04-06,DKI3,59,86,48,6,---,15,86,PM25,SEDANG
202106,2021-04-06,DKI4,62,100,43,7,41,17,100,PM25,SEDANG
202106,2021-04-06,DKI5,53,89,29,9,25,19,89,PM25,SEDANG
202107,2021-04-07,DKI1,68,102,27,11,27,22,102,PM25,TIDAK SEHAT
202107,2021-04-07,DKI2,94,129,51,15,50,23,129,PM25,TIDAK SEHAT
202107,2021-04-07,DKI3,86,132,44,9,28,14,132,PM25,TIDAK SEHAT
202107,2021-04-07,DKI4,84,161,38,14,27,22,161,PM25,TIDAK SEHAT
202107,2021-04-07,DKI5,73,126,32,13,26,25,126,PM25,TIDAK SEHAT
202108,2021-04-08,DKI1,52,70,29,8,24,26,70,PM25,SEDANG
202108,2021-04-08,DKI2,64,89,53,9,50,14,89,PM25,SEDANG
202108,2021-04-08,DKI3,56,82,51,8,27,14,82,PM25,SEDANG
202108,2021-04-08,DKI4,51,87,41,7,23,20,87,PM25,SEDANG
202108,2021-04-08,DKI5,46,74,33,7,26,18,74,PM25,SEDANG
202109,2021-04-09,DKI1,58,77,26,10,31,28,77,PM25,SEDANG
202109,2021-04-09,DKI2,62,79,50,9,37,18,79,PM25,SEDANG
202109,2021-04-09,DKI3,53,77,45,9,30,13,77,PM25,SEDANG
202109,2021-04-09,DKI4,57,93,42,9,31,19,93,PM25,SEDANG
202109,2021-04-09,DKI5,58,84,---,6,37,11,84,PM25,SEDANG
202110,2021-04-10,DKI1,58,82,30,11,34,29,82,PM25,SEDANG
202110,2021-04-10,DKI2,62,95,60,11,64,24,95,PM25,SEDANG
202110,2021-04-10,DKI3,52,72,50,9,36,11,72,PM25,SEDANG
202110,2021-04-10,DKI4,---,110,44,11,33,24,110,PM25,TIDAK SEHAT
202110,2021-04-10,DKI5,53,80,---,7,31,10,80,PM25,SEDANG
202111,2021-04-11,DKI1,57,83,30,17,34,47,83,PM25,SEDANG
202111,2021-04-11,DKI2,63,95,20,13,63,42,95,PM25,SEDANG
202111,2021-04-11,DKI3,52,74,52,16,36,19,74,PM25,SEDANG
202111,2021-04-11,DKI4,58,93,43,17,27,24,93,PM25,SEDANG
202111,2021-04-11,DKI5,57,87,---,13,31,22,87,PM25,SEDANG
202112,2021-04-12,DKI1,39,52,35,13,15,9,52,PM25,SEDANG
202112,2021-04-12,DKI2,40,63,43,8,43,16,63,PM25,SEDANG
202112,2021-04-12,DKI3,50,65,45,10,26,13,65,PM25,SEDANG
202112,2021-04-12,DKI4,42,62,39,8,14,15,62,PM25,SEDANG
202112,2021-04-12,DKI5,34,54,27,5,14,15,54,PM25,SEDANG
202104,2021-04-13,DKI1,55,68,23,18,21,40,68,PM25,SEDANG
202104,2021-04-13,DKI2,70,82,63,14,64,21,82,PM25,SEDANG
202104,2021-04-13,DKI3,47,65,31,11,---,18,65,PM25,SEDANG
202104,2021-04-13,DKI4,52,78,44,13,31,20,78,PM25,SEDANG
202104,2021-04-13,DKI5,50,78,30,15,30,27,78,PM25,SEDANG
202104,2021-04-14,DKI1,51,71,27,15,25,32,71,PM25,SEDANG
202104,2021-04-14,DKI2,65,81,55,16,65,22,81,PM25,SEDANG
202104,2021-04-14,DKI3,48,67,31,10,---,19,67,PM25,SEDANG
202104,2021-04-14,DKI4,52,79,42,13,31,14,79,PM25,SEDANG
202104,2021-04-14,DKI5,48,79,31,12,27,23,79,PM25,SEDANG
202104,2021-04-15,DKI1,56,74,24,24,21,40,74,PM25,SEDANG
202104,2021-04-15,DKI2,67,85,55,21,50,34,85,PM25,SEDANG
202104,2021-04-15,DKI3,48,69,26,16,33,19,69,PM25,SEDANG
202104,2021-04-15,DKI4,55,87,42,27,25,27,87,PM25,SEDANG
202104,2021-04-15,DKI5,54,88,23,24,30,42,88,PM25,SEDANG
202104,2021-04-16,DKI1,55,76,24,20,16,42,76,PM25,SEDANG
202104,2021-04-16,DKI2,69,94,55,17,50,28,94,PM25,SEDANG
202104,2021-04-16,DKI3,52,72,27,14,32,22,72,PM25,SEDANG
202104,2021-04-16,DKI4,61,90,42,17,21,20,90,PM25,SEDANG
202104,2021-04-16,DKI5,55,88,29,18,23,44,88,PM25,SEDANG
202104,2021-04-17,DKI1,65,101,24,19,19,41,101,PM25,TIDAK SEHAT
202104,2021-04-17,DKI2,---,---,---,---,---,---,0,,TIDAK ADA DATA
202104,2021-04-17,DKI3,61,93,---,12,39,20,93,PM25,SEDANG
202104,2021-04-17,DKI4,63,109,43,20,27,19,109,PM25,TIDAK SEHAT
202104,2021-04-17,DKI5,67,118,29,16,28,31,118,PM25,TIDAK SEHAT
202104,2021-04-18,DKI1,57,79,24,11,25,26,79,PM25,SEDANG
202104,2021-04-18,DKI2,---,---,---,---,---,---,0,,TIDAK ADA DATA
202104,2021-04-18,DKI3,55,82,---,8,---,14,82,PM25,SEDANG
202104,2021-04-18,DKI4,57,82,42,16,---,16,82,PM25,SEDANG
202104,2021-04-18,DKI5,55,93,29,11,32,16,93,PM25,SEDANG
202104,2021-04-19,DKI1,63,92,25,14,26,30,92,PM25,SEDANG
202104,2021-04-19,DKI2,---,107,52,---,41,22,107,PM25,TIDAK SEHAT
202104,2021-04-19,DKI3,---,92,22,9,36,18,92,PM25,SEDANG
202104,2021-04-19,DKI4,58,94,46,12,---,19,94,PM25,SEDANG
202104,2021-04-19,DKI5,62,108,32,13,32,19,108,PM25,TIDAK SEHAT
202104,2021-04-20,DKI1,56,83,25,12,21,30,83,PM25,SEDANG
202104,2021-04-20,DKI2,64,94,52,---,55,18,94,PM25,SEDANG
202104,2021-04-20,DKI3,50,75,19,7,32,14,75,PM25,SEDANG
202104,2021-04-20,DKI4,56,90,45,10,34,17,90,PM25,SEDANG
202104,2021-04-20,DKI5,51,88,32,9,28,20,88,PM25,SEDANG
202104,2021-04-21,DKI1,63,87,24,19,14,37,87,PM25,SEDANG
202104,2021-04-21,DKI2,76,101,56,16,50,22,101,PM25,TIDAK SEHAT
202104,2021-04-21,DKI3,58,93,19,13,27,17,93,PM25,SEDANG
202104,2021-04-21,DKI4,64,103,43,16,27,17,103,PM25,TIDAK SEHAT
202104,2021-04-21,DKI5,62,105,25,15,25,25,105,PM25,TIDAK SEHAT
202104,2021-04-22,DKI1,54,81,25,14,23,40,81,PM25,SEDANG
202104,2021-04-22,DKI2,63,92,52,11,60,14,92,PM25,SEDANG
202104,2021-04-22,DKI3,57,83,20,8,39,14,83,PM25,SEDANG
202104,2021-04-22,DKI4,60,99,45,10,34,17,99,PM25,SEDANG
202104,2021-04-22,DKI5,56,96,26,9,39,17,96,PM25,SEDANG
202104,2021-04-23,DKI1,66,99,25,16,21,42,99,PM25,SEDANG
202104,2021-04-23,DKI2,75,101,51,15,65,20,101,PM25,TIDAK SEHAT
202104,2021-04-23,DKI3,70,100,20,11,32,16,100,PM25,SEDANG
202104,2021-04-23,DKI4,67,112,19,13,31,24,112,PM25,TIDAK SEHAT
202104,2021-04-23,DKI5,66,111,26,12,33,22,111,PM25,TIDAK SEHAT
202104,2021-04-24,DKI1,66,99,23,18,30,40,99,PM25,SEDANG
202104,2021-04-24,DKI2,88,115,61,17,73,25,115,PM25,TIDAK SEHAT
202104,2021-04-24,DKI3,57,73,19,9,41,15,73,PM25,SEDANG
202104,2021-04-24,DKI4,65,98,33,13,31,20,98,PM25,SEDANG
202104,2021-04-24,DKI5,60,99,29,12,37,24,99,PM25,SEDANG
202104,2021-04-25,DKI1,63,86,24,15,17,36,86,PM25,SEDANG
202104,2021-04-25,DKI2,74,101,55,15,58,20,101,PM25,TIDAK SEHAT
202104,2021-04-25,DKI3,59,88,19,13,27,19,88,PM25,SEDANG
202104,2021-04-25,DKI4,73,116,37,17,20,17,116,PM25,TIDAK SEHAT
202104,2021-04-25,DKI5,58,97,23,12,27,19,97,PM25,SEDANG
202104,2021-04-26,DKI1,56,79,26,10,22,24,79,PM25,SEDANG
202104,2021-04-26,DKI2,64,87,52,10,59,14,87,PM25,SEDANG
202104,2021-04-26,DKI3,57,84,19,10,26,16,84,PM25,SEDANG
202104,2021-04-26,DKI4,64,117,37,11,22,14,117,PM25,TIDAK SEHAT
202104,2021-04-26,DKI5,52,82,28,10,26,19,82,PM25,SEDANG
202104,2021-04-27,DKI1,62,94,26,12,23,28,94,PM25,SEDANG
202104,2021-04-27,DKI2,74,97,51,11,65,17,97,PM25,SEDANG
202104,2021-04-27,DKI3,64,104,13,9,34,16,104,PM25,TIDAK SEHAT
202104,2021-04-27,DKI4,75,138,38,11,27,13,138,PM25,TIDAK SEHAT
202104,2021-04-27,DKI5,56,95,33,9,28,18,95,PM25,SEDANG
202104,2021-04-28,DKI1,54,77,21,15,21,34,77,PM25,SEDANG
202104,2021-04-28,DKI2,61,81,51,13,56,18,81,PM25,SEDANG
202104,2021-04-28,DKI3,51,80,11,9,32,16,80,PM25,SEDANG
202104,2021-04-28,DKI4,55,94,37,9,28,17,94,PM25,SEDANG
202104,2021-04-28,DKI5,49,81,21,10,26,22,81,PM25,SEDANG
202104,2021-04-29,DKI1,57,71,23,17,18,38,71,PM25,SEDANG
202104,2021-04-29,DKI2,69,85,60,15,44,26,85,PM25,SEDANG
202104,2021-04-29,DKI3,39,23,10,12,26,17,39,PM10,BAIK
202104,2021-04-29,DKI4,51,78,37,12,23,19,78,PM25,SEDANG
202104,2021-04-29,DKI5,43,73,22,14,26,25,73,PM25,SEDANG
202104,2021-04-30,DKI1,61,84,23,18,20,42,84,PM25,SEDANG
202104,2021-04-30,DKI2,71,91,57,14,55,21,91,PM25,SEDANG
202104,2021-04-30,DKI3,54,23,12,10,---,18,54,PM10,SEDANG
202104,2021-04-30,DKI4,57,85,36,---,26,17,85,PM25,SEDANG
202104,2021-04-30,DKI5,52,83,23,12,28,23,83,PM25,SEDANG
202101,2021-05-01,DKI1,38,53,24,6,31,9,53,PM25,SEDANG
202101,2021-05-01,DKI2,35,52,---,8,77,7,77,O3,SEDANG
202101,2021-05-01,DKI3,59,89,15,19,42,7,89,PM25,SEDANG
202101,2021-05-01,DKI4,52,,36,15,35,8,52,PM10,SEDANG
202101,2021-05-01,DKI5,41,,15,9,28,---,41,PM10,BAIK
202102,2021-05-02,DKI1,29,36,20,14,12,21,36,PM25,BAIK
202102,2021-05-02,DKI2,25,35,39,5,45,13,45,O3,BAIK
202102,2021-05-02,DKI3,27,51,24,10,24,12,51,PM25,SEDANG
202102,2021-05-02,DKI4,19,41,40,12,20,9,41,PM25,BAIK
202102,2021-05-02,DKI5,---,48,28,8,14,35,48,PM25,BAIK
202103,2021-05-03,DKI1,52,69,20,16,16,30,69,PM25,SEDANG
202103,2021-05-03,DKI2,65,81,54,16,59,26,81,PM25,SEDANG
202103,2021-05-03,DKI3,54,77,31,11,39,20,77,PM25,SEDANG
202103,2021-05-03,DKI4,51,79,40,14,32,13,79,PM25,SEDANG
202103,2021-05-03,DKI5,43,75,26,14,20,28,75,PM25,SEDANG
202104,2021-05-04,DKI1,52,69,22,15,18,27,69,PM25,SEDANG
202104,2021-05-04,DKI2,54,69,30,13,59,18,69,PM25,SEDANG
202104,2021-05-04,DKI3,61,85,30,11,---,17,85,PM25,SEDANG
202104,2021-05-04,DKI4,52,80,43,14,23,16,80,PM25,SEDANG
202104,2021-05-04,DKI5,47,76,24,12,22,28,76,PM25,SEDANG
202105,2021-05-05,DKI1,58,82,22,18,14,38,82,PM25,SEDANG
202105,2021-05-05,DKI2,64,83,53,14,45,20,83,PM25,SEDANG
202105,2021-05-05,DKI3,61,102,23,13,35,20,102,PM25,TIDAK SEHAT
202105,2021-05-05,DKI4,73,117,38,20,21,21,117,PM25,TIDAK SEHAT
202105,2021-05-05,DKI5,54,90,25,14,21,25,90,PM25,SEDANG
202106,2021-05-06,DKI1,59,79,23,20,19,38,79,PM25,SEDANG
202106,2021-05-06,DKI2,64,84,51,16,65,25,84,PM25,SEDANG
202106,2021-05-06,DKI3,58,87,44,8,23,15,87,PM25,SEDANG
202106,2021-05-06,DKI4,57,93,41,11,36,23,93,PM25,SEDANG
202106,2021-05-06,DKI5,57,---,24,15,21,29,57,PM10,SEDANG
202107,2021-05-07,DKI1,71,106,28,12,34,25,106,PM25,TIDAK SEHAT
202107,2021-05-07,DKI2,77,111,56,12,62,20,111,PM25,TIDAK SEHAT
202107,2021-05-07,DKI3,67,105,46,7,38,15,105,PM25,TIDAK SEHAT
202107,2021-05-07,DKI4,83,153,39,13,31,26,153,PM25,TIDAK SEHAT
202107,2021-05-07,DKI5,66,115,35,11,36,20,115,PM25,TIDAK SEHAT
202108,2021-05-08,DKI1,52,66,29,9,21,27,66,PM25,SEDANG
202108,2021-05-08,DKI2,61,79,55,9,58,18,79,PM25,SEDANG
202108,2021-05-08,DKI3,52,82,51,11,23,15,82,PM25,SEDANG
202108,2021-05-08,DKI4,53,90,38,8,21,19,90,PM25,SEDANG
202108,2021-05-08,DKI5,50,78,30,9,17,21,78,PM25,SEDANG
202109,2021-05-09,DKI1,63,85,27,11,28,28,85,PM25,SEDANG
202109,2021-05-09,DKI2,74,100,52,12,35,22,100,PM25,SEDANG
202109,2021-05-09,DKI3,61,93,46,11,36,14,93,PM25,SEDANG
202109,2021-05-09,DKI4,69,120,43,12,27,26,120,PM25,TIDAK SEHAT
202109,2021-05-09,DKI5,57,89,---,7,36,11,89,PM25,SEDANG
202110,2021-05-10,DKI1,55,76,29,11,30,33,76,PM25,SEDANG
202110,2021-05-10,DKI2,65,90,67,11,54,27,90,PM25,SEDANG
202110,2021-05-10,DKI3,42,65,51,7,36,10,65,PM25,SEDANG
202110,2021-05-10,DKI4,---,---,---,---,---,---,0,,TIDAK ADA DATA
202110,2021-05-10,DKI5,52,79,---,10,35,16,79,PM25,SEDANG
202111,2021-05-11,DKI1,56,75,31,19,18,46,75,PM25,SEDANG
202111,2021-05-11,DKI2,64,84,26,14,46,34,84,PM25,SEDANG
202111,2021-05-11,DKI3,52,71,52,17,22,19,71,PM25,SEDANG
202111,2021-05-11,DKI4,61,95,43,16,14,20,95,PM25,SEDANG
202111,2021-05-11,DKI5,57,87,---,23,16,38,87,PM25,SEDANG
202112,2021-05-12,DKI1,41,57,39,15,15,9,57,PM25,SEDANG
202112,2021-05-12,DKI2,46,65,44,14,39,24,65,PM25,SEDANG
202112,2021-05-12,DKI3,51,66,43,15,27,12,66,PM25,SEDANG
202112,2021-05-12,DKI4,53,80,39,17,13,15,80,PM25,SEDANG
202112,2021-05-12,DKI5,51,71,30,12,12,29,71,PM25,SEDANG
202105,2021-05-13,DKI1,70,110,24,14,24,20,110,PM25,TIDAK SEHAT
202105,2021-05-13,DKI2,81,112,49,13,48,9,112,PM25,TIDAK SEHAT
202105,2021-05-13,DKI3,---,94,19,11,25,14,94,PM25,SEDANG
202105,2021-05-13,DKI4,75,112,36,13,24,13,112,PM25,TIDAK SEHAT
202105,2021-05-13,DKI5,65,115,25,14,31,13,115,PM25,TIDAK SEHAT
202105,2021-05-14,DKI1,52,72,24,8,25,14,72,PM25,SEDANG
202105,2021-05-14,DKI2,56,70,51,9,52,---,70,PM25,SEDANG
202105,2021-05-14,DKI3,---,77,18,6,26,10,77,PM25,SEDANG
202105,2021-05-14,DKI4,51,76,38,3,27,8,76,PM25,SEDANG
202105,2021-05-14,DKI5,51,81,25,7,32,6,81,PM25,SEDANG
202105,2021-05-15,DKI1,51,67,26,11,20,19,67,PM25,SEDANG
202105,2021-05-15,DKI2,54,67,54,10,40,---,67,PM25,SEDANG
202105,2021-05-15,DKI3,---,79,21,8,33,14,79,PM25,SEDANG
202105,2021-05-15,DKI4,62,89,38,---,16,13,89,PM25,SEDANG
202105,2021-05-15,DKI5,51,81,24,10,25,13,81,PM25,SEDANG
202105,2021-05-16,DKI1,51,65,23,8,20,16,65,PM25,SEDANG
202105,2021-05-16,DKI2,52,---,50,9,52,---,52,PM10,SEDANG
202105,2021-05-16,DKI3,---,68,18,7,29,10,68,PM25,SEDANG
202105,2021-05-16,DKI4,54,92,37,---,25,15,92,PM25,SEDANG
202105,2021-05-16,DKI5,39,69,23,8,28,8,69,PM25,SEDANG
202105,2021-05-17,DKI1,47,65,22,11,24,24,65,PM25,SEDANG
202105,2021-05-17,DKI2,54,70,55,11,51,13,70,PM25,SEDANG
202105,2021-05-17,DKI3,---,65,18,7,24,11,65,PM25,SEDANG
202105,2021-05-17,DKI4,49,74,37,4,28,17,74,PM25,SEDANG
202105,2021-05-17,DKI5,45,75,22,10,29,13,75,PM25,SEDANG
202105,2021-05-18,DKI1,40,54,24,10,23,26,54,PM25,SEDANG
202105,2021-05-18,DKI2,41,55,48,8,49,10,55,PM25,SEDANG
202105,2021-05-18,DKI3,---,58,43,6,25,4,58,PM25,SEDANG
202105,2021-05-18,DKI4,39,57,36,---,32,18,57,PM25,SEDANG
202105,2021-05-18,DKI5,30,56,24,7,39,12,56,PM25,SEDANG
202105,2021-05-19,DKI1,52,69,23,17,19,36,69,PM25,SEDANG
202105,2021-05-19,DKI2,56,77,52,13,55,21,77,PM25,SEDANG
202105,2021-05-19,DKI3,---,86,49,11,29,1,86,PM25,SEDANG
202105,2021-05-19,DKI4,61,99,39,10,25,23,99,PM25,SEDANG
202105,2021-05-19,DKI5,51,82,22,15,26,24,82,PM25,SEDANG
202105,2021-05-20,DKI1,57,79,24,12,23,27,79,PM25,SEDANG
202105,2021-05-20,DKI2,66,87,53,12,56,17,87,PM25,SEDANG
202105,2021-05-20,DKI3,---,81,37,7,29,11,81,PM25,SEDANG
202105,2021-05-20,DKI4,60,103,36,9,29,19,103,PM25,TIDAK SEHAT
202105,2021-05-20,DKI5,51,87,26,8,28,16,87,PM25,SEDANG
202105,2021-05-21,DKI1,52,76,24,15,22,34,76,PM25,SEDANG
202105,2021-05-21,DKI2,60,81,58,13,65,21,81,PM25,SEDANG
202105,2021-05-21,DKI3,49,74,47,8,26,14,74,PM25,SEDANG
202105,2021-05-21,DKI4,55,95,37,9,27,20,95,PM25,SEDANG
202105,2021-05-21,DKI5,50,84,25,13,26,24,84,PM25,SEDANG
202105,2021-05-22,DKI1,56,79,22,16,28,36,79,PM25,SEDANG
202105,2021-05-22,DKI2,64,90,62,15,66,28,90,PM25,SEDANG
202105,2021-05-22,DKI3,53,73,45,10,25,15,73,PM25,SEDANG
202105,2021-05-22,DKI4,53,85,32,---,36,22,85,PM25,SEDANG
202105,2021-05-22,DKI5,52,90,21,14,30,21,90,PM25,SEDANG
202105,2021-05-23,DKI1,60,91,24,21,27,37,91,PM25,SEDANG
202105,2021-05-23,DKI2,73,97,64,18,57,34,97,PM25,SEDANG
202105,2021-05-23,DKI3,60,85,49,12,31,19,85,PM25,SEDANG
202105,2021-05-23,DKI4,64,107,43,31,30,26,107,PM25,TIDAK SEHAT
202105,2021-05-23,DKI5,63,109,24,23,27,40,109,PM25,TIDAK SEHAT
202105,2021-05-24,DKI1,74,108,22,20,23,38,108,PM25,TIDAK SEHAT
202105,2021-05-24,DKI2,86,116,74,19,72,30,116,PM25,TIDAK SEHAT
202105,2021-05-24,DKI3,76,112,45,13,---,17,112,PM25,TIDAK SEHAT
202105,2021-05-24,DKI4,72,118,57,26,33,24,118,PM25,TIDAK SEHAT
202105,2021-05-24,DKI5,64,108,25,17,30,25,108,PM25,TIDAK SEHAT
202105,2021-05-25,DKI1,44,60,23,15,23,35,60,PM25,SEDANG
202105,2021-05-25,DKI2,56,64,52,12,66,19,66,O3,SEDANG
202105,2021-05-25,DKI3,51,60,45,7,27,13,60,PM25,SEDANG
202105,2021-05-25,DKI4,42,68,49,7,37,22,68,PM25,SEDANG
202105,2021-05-25,DKI5,44,70,24,9,30,22,70,PM25,SEDANG
202105,2021-05-26,DKI1,56,77,27,11,21,24,77,PM25,SEDANG
202105,2021-05-26,DKI2,62,83,52,12,64,20,83,PM25,SEDANG
202105,2021-05-26,DKI3,58,82,47,8,29,16,82,PM25,SEDANG
202105,2021-05-26,DKI4,55,93,38,9,28,20,93,PM25,SEDANG
202105,2021-05-26,DKI5,48,79,34,7,24,17,79,PM25,SEDANG
202105,2021-05-27,DKI1,51,64,27,8,16,20,64,PM25,SEDANG
202105,2021-05-27,DKI2,60,73,52,10,62,13,73,PM25,SEDANG
202105,2021-05-27,DKI3,51,68,51,5,23,11,68,PM25,SEDANG
202105,2021-05-27,DKI4,50,79,41,6,26,18,79,PM25,SEDANG
202105,2021-05-27,DKI5,34,61,32,5,20,11,61,PM25,SEDANG
202105,2021-05-28,DKI1,54,70,29,12,16,24,70,PM25,SEDANG
202105,2021-05-28,DKI2,66,81,53,11,63,16,81,PM25,SEDANG
202105,2021-05-28,DKI3,62,86,48,8,---,16,86,PM25,SEDANG
202105,2021-05-28,DKI4,56,93,40,11,26,20,93,PM25,SEDANG
202105,2021-05-28,DKI5,49,77,37,8,20,19,77,PM25,SEDANG
202105,2021-05-29,DKI1,56,76,23,14,17,32,76,PM25,SEDANG
202105,2021-05-29,DKI2,60,76,46,13,66,21,76,PM25,SEDANG
202105,2021-05-29,DKI3,58,23,45,8,19,16,58,PM10,SEDANG
202105,2021-05-29,DKI4,57,91,40,10,29,26,91,PM25,SEDANG
202105,2021-05-29,DKI5,54,88,37,11,19,29,88,PM25,SEDANG
202105,2021-05-30,DKI1,47,61,24,16,18,29,61,PM25,SEDANG
202105,2021-05-30,DKI2,53,65,55,17,51,28,65,PM25,SEDANG
202105,2021-05-30,DKI3,44,24,45,9,---,14,45,SO2,BAIK
202105,2021-05-30,DKI4,47,72,41,15,26,23,72,PM25,SEDANG
202105,2021-05-30,DKI5,46,66,24,15,18,29,66,PM25,SEDANG
202105,2021-05-31,DKI1,55,73,21,15,19,33,73,PM25,SEDANG
202105,2021-05-31,DKI2,62,81,49,14,71,20,81,PM25,SEDANG
202105,2021-05-31,DKI3,57,21,9,20,---,37,57,PM10,SEDANG
202105,2021-05-31,DKI4,59,93,41,9,37,24,93,PM25,SEDANG
202105,2021-05-31,DKI5,52,82,21,11,27,18,82,PM25,SEDANG
202101,2021-06-01,DKI1,41,58,23,13,46,13,58,PM25,SEDANG
202101,2021-06-01,DKI2,48,60,---,12,85,14,85,O3,SEDANG
202101,2021-06-01,DKI3,52,81,18,28,52,11,81,PM25,SEDANG
202101,2021-06-01,DKI4,73,,32,29,66,6,73,PM10,SEDANG
202101,2021-06-01,DKI5,33,,12,19,46,---,46,CO,BAIK
202102,2021-06-02,DKI1,27,34,21,8,21,15,34,PM25,BAIK
202102,2021-06-02,DKI2,30,38,37,---,57,9,57,O3,SEDANG
202102,2021-06-02,DKI3,34,53,24,8,32,12,53,PM25,SEDANG
202102,2021-06-02,DKI4,18,48,40,7,28,6,48,PM25,BAIK
202102,2021-06-02,DKI5,---,34,21,4,24,6,34,PM25,BAIK
202103,2021-06-03,DKI1,51,73,20,22,15,37,73,PM25,SEDANG
202103,2021-06-03,DKI2,71,89,59,23,52,31,89,PM25,SEDANG
202103,2021-06-03,DKI3,54,80,27,17,34,18,80,PM25,SEDANG
202103,2021-06-03,DKI4,61,95,40,22,32,13,95,PM25,SEDANG
202103,2021-06-03,DKI5,53,88,25,25,16,42,88,PM25,SEDANG
202104,2021-06-04,DKI1,33,55,27,10,14,18,55,PM25,SEDANG
202104,2021-06-04,DKI2,43,61,32,10,36,15,61,PM25,SEDANG
202104,2021-06-04,DKI3,35,51,32,3,34,5,51,PM25,SEDANG
202104,2021-06-04,DKI4,30,50,43,6,15,10,50,PM25,BAIK
202104,2021-06-04,DKI5,30,54,31,4,18,6,54,PM25,SEDANG
202105,2021-06-05,DKI1,49,65,19,16,18,38,65,PM25,SEDANG
202105,2021-06-05,DKI2,57,72,53,13,66,21,72,PM25,SEDANG
202105,2021-06-05,DKI3,39,66,20,9,60,15,66,PM25,SEDANG
202105,2021-06-05,DKI4,54,77,37,7,27,16,77,PM25,SEDANG
202105,2021-06-05,DKI5,37,67,19,11,29,20,67,PM25,SEDANG
202106,2021-06-06,DKI1,59,83,22,15,19,32,83,PM25,SEDANG
202106,2021-06-06,DKI2,61,80,50,11,72,14,80,PM25,SEDANG
202106,2021-06-06,DKI3,63,95,45,11,26,19,95,PM25,SEDANG
202106,2021-06-06,DKI4,56,93,41,9,38,20,93,PM25,SEDANG
202106,2021-06-06,DKI5,54,---,23,13,25,22,54,PM10,SEDANG
202107,2021-06-07,DKI1,56,74,26,9,29,29,74,PM25,SEDANG
202107,2021-06-07,DKI2,64,79,51,10,55,17,79,PM25,SEDANG
202107,2021-06-07,DKI3,68,102,44,7,32,16,102,PM25,TIDAK SEHAT
202107,2021-06-07,DKI4,58,100,38,9,31,22,100,PM25,SEDANG
202107,2021-06-07,DKI5,52,80,32,8,32,23,80,PM25,SEDANG
202108,2021-06-08,DKI1,56,73,28,15,11,28,73,PM25,SEDANG
202108,2021-06-08,DKI2,76,100,58,17,38,31,100,PM25,SEDANG
202108,2021-06-08,DKI3,52,77,42,16,19,18,77,PM25,SEDANG
202108,2021-06-08,DKI4,59,105,37,16,13,21,105,PM25,TIDAK SEHAT
202108,2021-06-08,DKI5,57,94,31,20,12,52,94,PM25,SEDANG
202109,2021-06-09,DKI1,68,92,31,11,26,24,92,PM25,SEDANG
202109,2021-06-09,DKI2,66,87,51,10,34,13,87,PM25,SEDANG
202109,2021-06-09,DKI3,73,108,48,13,29,15,108,PM25,TIDAK SEHAT
202109,2021-06-09,DKI4,62,109,42,9,29,16,109,PM25,TIDAK SEHAT
202109,2021-06-09,DKI5,65,95,---,8,27,13,95,PM25,SEDANG
202110,2021-06-10,DKI1,60,83,38,10,26,35,83,PM25,SEDANG
202110,2021-06-10,DKI2,65,91,66,9,58,23,91,PM25,SEDANG
202110,2021-06-10,DKI3,48,67,51,6,34,11,67,PM25,SEDANG
202110,2021-06-10,DKI4,66,103,47,8,37,17,103,PM25,TIDAK SEHAT
202110,2021-06-10,DKI5,52,74,---,6,28,14,74,PM25,SEDANG
202111,2021-06-11,DKI1,55,72,30,13,22,40,72,PM25,SEDANG
202111,2021-06-11,DKI2,51,73,13,11,52,26,73,PM25,SEDANG
202111,2021-06-11,DKI3,55,75,52,13,42,20,75,PM25,SEDANG
202111,2021-06-11,DKI4,55,86,44,11,26,29,86,PM25,SEDANG
202111,2021-06-11,DKI5,57,81,---,11,24,20,81,PM25,SEDANG
202112,2021-06-12,DKI1,60,81,55,23,18,11,81,PM25,SEDANG
202112,2021-06-12,DKI2,61,88,51,18,45,31,88,PM25,SEDANG
202112,2021-06-12,DKI3,62,91,47,17,42,18,91,PM25,SEDANG
202112,2021-06-12,DKI4,52,83,41,20,23,19,83,PM25,SEDANG
202112,2021-06-12,DKI5,61,85,36,23,18,57,85,PM25,SEDANG
202106,2021-06-13,DKI1,51,70,23,14,25,25,70,PM25,SEDANG
202106,2021-06-13,DKI2,55,73,52,11,58,17,73,PM25,SEDANG
202106,2021-06-13,DKI3,49,71,49,6,32,12,71,PM25,SEDANG
202106,2021-06-13,DKI4,49,80,36,12,32,23,80,PM25,SEDANG
202106,2021-06-13,DKI5,47,77,25,10,23,20,77,PM25,SEDANG
202106,2021-06-14,DKI1,58,82,25,13,22,26,82,PM25,SEDANG
202106,2021-06-14,DKI2,69,91,53,12,58,20,91,PM25,SEDANG
202106,2021-06-14,DKI3,59,88,49,7,23,15,88,PM25,SEDANG
202106,2021-06-14,DKI4,63,103,35,13,28,21,103,PM25,TIDAK SEHAT
202106,2021-06-14,DKI5,57,98,27,13,18,25,98,PM25,SEDANG
202106,2021-06-15,DKI1,62,86,31,13,17,29,86,PM25,SEDANG
202106,2021-06-15,DKI2,69,90,52,11,44,16,90,PM25,SEDANG
202106,2021-06-15,DKI3,73,114,52,9,24,21,114,PM25,TIDAK SEHAT
202106,2021-06-15,DKI4,67,111,42,13,22,25,111,PM25,TIDAK SEHAT
202106,2021-06-15,DKI5,56,89,42,10,16,27,89,PM25,SEDANG
202106,2021-06-16,DKI1,56,74,39,18,13,35,74,PM25,SEDANG
202106,2021-06-16,DKI2,67,85,66,17,43,28,85,PM25,SEDANG
202106,2021-06-16,DKI3,63,89,51,10,21,17,89,PM25,SEDANG
202106,2021-06-16,DKI4,62,88,35,20,19,22,88,PM25,SEDANG
202106,2021-06-16,DKI5,58,97,28,25,9,55,97,PM25,SEDANG
202106,2021-06-17,DKI1,56,80,28,25,17,39,80,PM25,SEDANG
202106,2021-06-17,DKI2,61,84,51,20,44,33,84,PM25,SEDANG
202106,2021-06-17,DKI3,66,99,50,14,21,19,99,PM25,SEDANG
202106,2021-06-17,DKI4,64,102,35,28,20,28,102,PM25,TIDAK SEHAT
202106,2021-06-17,DKI5,54,90,30,17,16,41,90,PM25,SEDANG
202106,2021-06-18,DKI1,64,84,29,17,16,34,84,PM25,SEDANG
202106,2021-06-18,DKI2,77,98,59,15,49,27,98,PM25,SEDANG
202106,2021-06-18,DKI3,62,87,48,10,25,21,87,PM25,SEDANG
202106,2021-06-18,DKI4,67,102,38,19,18,24,102,PM25,TIDAK SEHAT
202106,2021-06-18,DKI5,62,101,28,23,16,45,101,PM25,TIDAK SEHAT
202106,2021-06-19,DKI1,54,68,26,21,13,45,68,PM25,SEDANG
202106,2021-06-19,DKI2,64,77,59,16,41,43,77,PM25,SEDANG
202106,2021-06-19,DKI3,63,93,50,7,18,22,93,PM25,SEDANG
202106,2021-06-19,DKI4,56,102,31,19,15,31,102,PM25,TIDAK SEHAT
202106,2021-06-19,DKI5,53,83,34,19,11,45,83,PM25,SEDANG
202106,2021-06-20,DKI1,75,109,33,25,21,44,109,PM25,TIDAK SEHAT
202106,2021-06-20,DKI2,81,108,66,18,44,35,108,PM25,TIDAK SEHAT
202106,2021-06-20,DKI3,80,111,52,7,24,29,111,PM25,TIDAK SEHAT
202106,2021-06-20,DKI4,74,140,36,22,20,26,140,PM25,TIDAK SEHAT
202106,2021-06-20,DKI5,74,123,47,26,20,58,123,PM25,TIDAK SEHAT
202106,2021-06-21,DKI1,52,64,24,16,18,31,64,PM25,SEDANG
202106,2021-06-21,DKI2,62,75,55,14,44,28,75,PM25,SEDANG
202106,2021-06-21,DKI3,53,64,48,4,22,17,64,PM25,SEDANG
202106,2021-06-21,DKI4,51,90,29,14,19,21,90,PM25,SEDANG
202106,2021-06-21,DKI5,50,68,23,16,12,35,68,PM25,SEDANG
202106,2021-06-22,DKI1,44,58,27,15,16,32,58,PM25,SEDANG
202106,2021-06-22,DKI2,59,72,54,14,38,27,72,PM25,SEDANG
202106,2021-06-22,DKI3,34,56,50,5,24,15,56,PM25,SEDANG
202106,2021-06-22,DKI4,47,84,33,16,21,22,84,PM25,SEDANG
202106,2021-06-22,DKI5,35,67,28,13,13,35,67,PM25,SEDANG
202106,2021-06-23,DKI1,54,79,26,17,24,43,79,PM25,SEDANG
202106,2021-06-23,DKI2,66,91,51,13,51,28,91,PM25,SEDANG
202106,2021-06-23,DKI3,59,89,52,9,29,23,89,PM25,SEDANG
202106,2021-06-23,DKI4,58,107,38,14,23,25,107,PM25,TIDAK SEHAT
202106,2021-06-23,DKI5,58,103,26,14,23,28,103,PM25,TIDAK SEHAT
202106,2021-06-24,DKI1,65,90,31,17,17,39,90,PM25,SEDANG
202106,2021-06-24,DKI2,80,99,54,14,42,28,99,PM25,SEDANG
202106,2021-06-24,DKI3,69,106,51,9,26,19,106,PM25,TIDAK SEHAT
202106,2021-06-24,DKI4,66,119,37,15,16,27,119,PM25,TIDAK SEHAT
202106,2021-06-24,DKI5,64,107,39,19,17,52,107,PM25,TIDAK SEHAT
202106,2021-06-25,DKI1,59,82,36,14,17,32,82,PM25,SEDANG
202106,2021-06-25,DKI2,70,84,58,12,40,23,84,PM25,SEDANG
202106,2021-06-25,DKI3,85,127,51,11,27,22,127,PM25,TIDAK SEHAT
202106,2021-06-25,DKI4,82,147,39,18,20,24,147,PM25,TIDAK SEHAT
202106,2021-06-25,DKI5,76,129,35,30,14,63,129,PM25,TIDAK SEHAT
202106,2021-06-26,DKI1,54,66,31,10,21,23,66,PM25,SEDANG
202106,2021-06-26,DKI2,62,79,53,9,53,17,79,PM25,SEDANG
202106,2021-06-26,DKI3,58,80,51,5,25,15,80,PM25,SEDANG
202106,2021-06-26,DKI4,67,118,36,10,26,18,118,PM25,TIDAK SEHAT
202106,2021-06-26,DKI5,45,70,39,8,16,22,70,PM25,SEDANG
202106,2021-06-27,DKI1,65,94,27,18,22,32,94,PM25,SEDANG
202106,2021-06-27,DKI2,67,94,57,11,57,18,94,PM25,SEDANG
202106,2021-06-27,DKI3,72,110,50,9,29,15,110,PM25,TIDAK SEHAT
202106,2021-06-27,DKI4,72,134,34,18,29,22,134,PM25,TIDAK SEHAT
202106,2021-06-27,DKI5,68,120,28,22,17,41,120,PM25,TIDAK SEHAT
202106,2021-06-28,DKI1,55,79,24,18,26,38,79,PM25,SEDANG
202106,2021-06-28,DKI2,65,93,53,16,61,28,93,PM25,SEDANG
202106,2021-06-28,DKI3,58,81,50,6,26,14,81,PM25,SEDANG
202106,2021-06-28,DKI4,60,117,36,18,30,22,117,PM25,TIDAK SEHAT
202106,2021-06-28,DKI5,59,99,25,17,21,30,99,PM25,SEDANG
202106,2021-06-29,DKI1,66,94,30,15,20,28,94,PM25,SEDANG
202106,2021-06-29,DKI2,75,102,52,12,51,18,102,PM25,TIDAK SEHAT
202106,2021-06-29,DKI3,71,30,52,8,25,19,71,PM10,SEDANG
202106,2021-06-29,DKI4,65,124,34,13,27,21,124,PM25,TIDAK SEHAT
202106,2021-06-29,DKI5,72,128,35,24,21,50,128,PM25,TIDAK SEHAT
202106,2021-06-30,DKI1,65,94,26,19,19,38,94,PM25,SEDANG
202106,2021-06-30,DKI2,79,105,57,14,55,28,105,PM25,TIDAK SEHAT
202106,2021-06-30,DKI3,79,26,49,10,23,19,79,PM10,SEDANG
202106,2021-06-30,DKI4,65,125,36,14,21,29,125,PM25,TIDAK SEHAT
202106,2021-06-30,DKI5,64,106,28,16,14,33,106,PM25,TIDAK SEHAT
202101,2021-07-01,DKI1,35,47,22,6,39,10,47,PM25,BAIK
202101,2021-07-01,DKI2,35,50,---,9,72,15,72,O3,SEDANG
202101,2021-07-01,DKI3,22,52,16,12,44,5,52,PM25,SEDANG
202101,2021-07-01,DKI4,36,,30,19,55,5,55,CO,SEDANG
202101,2021-07-01,DKI5,27,,13,11,36,---,36,CO,BAIK
202102,2021-07-02,DKI1,25,23,19,7,19,12,25,PM10,BAIK
202102,2021-07-02,DKI2,28,30,37,---,57,5,57,O3,SEDANG
202102,2021-07-02,DKI3,33,50,24,9,30,13,50,PM25,BAIK
202102,2021-07-02,DKI4,25,55,40,10,22,11,55,PM25,SEDANG
202102,2021-07-02,DKI5,---,29,22,5,20,7,29,PM25,BAIK
202103,2021-07-03,DKI1,57,88,23,23,19,31,88,PM25,SEDANG
202103,2021-07-03,DKI2,60,84,29,23,51,27,84,PM25,SEDANG
202103,2021-07-03,DKI3,64,93,28,18,31,19,93,PM25,SEDANG
202103,2021-07-03,DKI4,60,102,41,23,34,14,102,PM25,TIDAK SEHAT
202103,2021-07-03,DKI5,59,103,30,18,22,26,103,PM25,TIDAK SEHAT
202104,2021-07-04,DKI1,30,47,25,11,13,19,47,PM25,BAIK
202104,2021-07-04,DKI2,30,52,33,9,43,8,52,PM25,SEDANG
202104,2021-07-04,DKI3,25,35,27,3,---,4,35,PM25,BAIK
202104,2021-07-04,DKI4,22,38,42,5,16,8,42,SO2,BAIK
202104,2021-07-04,DKI5,25,42,30,4,17,6,42,PM25,BAIK
202105,2021-07-05,DKI1,54,70,20,26,19,45,70,PM25,SEDANG
202105,2021-07-05,DKI2,67,83,61,20,46,33,83,PM25,SEDANG
202105,2021-07-05,DKI3,39,69,19,15,151,20,151,O3,TIDAK SEHAT
202105,2021-07-05,DKI4,51,78,38,22,25,20,78,PM25,SEDANG
202105,2021-07-05,DKI5,50,82,21,20,31,32,82,PM25,SEDANG
202106,2021-07-06,DKI1,52,72,24,13,28,31,72,PM25,SEDANG
202106,2021-07-06,DKI2,61,83,52,15,68,24,83,PM25,SEDANG
202106,2021-07-06,DKI3,55,78,47,7,24,14,78,PM25,SEDANG
202106,2021-07-06,DKI4,50,86,41,9,37,21,86,PM25,SEDANG
202106,2021-07-06,DKI5,53,---,25,12,32,21,53,PM10,SEDANG
202107,2021-07-07,DKI1,64,86,34,10,22,27,86,PM25,SEDANG
202107,2021-07-07,DKI2,84,108,54,11,51,23,108,PM25,TIDAK SEHAT
202107,2021-07-07,DKI3,73,109,48,8,31,17,109,PM25,TIDAK SEHAT
202107,2021-07-07,DKI4,69,130,40,12,26,26,130,PM25,TIDAK SEHAT
202107,2021-07-07,DKI5,60,101,36,10,31,23,101,PM25,TIDAK SEHAT
202108,2021-07-08,DKI1,55,71,31,7,18,18,71,PM25,SEDANG
202108,2021-07-08,DKI2,63,79,53,8,48,16,79,PM25,SEDANG
202108,2021-07-08,DKI3,59,84,45,10,23,14,84,PM25,SEDANG
202108,2021-07-08,DKI4,59,101,38,8,19,18,101,PM25,TIDAK SEHAT
202108,2021-07-08,DKI5,50,71,37,7,19,18,71,PM25,SEDANG
202109,2021-07-09,DKI1,52,65,28,9,19,24,65,PM25,SEDANG
202109,2021-07-09,DKI2,58,72,51,9,27,16,72,PM25,SEDANG
202109,2021-07-09,DKI3,60,84,48,11,26,15,84,PM25,SEDANG
202109,2021-07-09,DKI4,56,86,42,8,21,21,86,PM25,SEDANG
202109,2021-07-09,DKI5,56,77,---,6,19,17,77,PM25,SEDANG
202110,2021-07-10,DKI1,45,62,29,9,21,28,62,PM25,SEDANG
202110,2021-07-10,DKI2,49,64,60,9,50,20,64,PM25,SEDANG
202110,2021-07-10,DKI3,44,62,50,7,28,11,62,PM25,SEDANG
202110,2021-07-10,DKI4,52,77,41,7,27,23,77,PM25,SEDANG
202110,2021-07-10,DKI5,50,71,---,8,25,17,71,PM25,SEDANG
202111,2021-07-11,DKI1,38,56,27,8,23,25,56,PM25,SEDANG
202111,2021-07-11,DKI2,39,62,7,10,55,17,62,PM25,SEDANG
202111,2021-07-11,DKI3,44,61,51,10,24,16,61,PM25,SEDANG
202111,2021-07-11,DKI4,52,81,44,9,35,17,81,PM25,SEDANG
202111,2021-07-11,DKI5,35,59,---,6,22,8,59,PM25,SEDANG
202112,2021-07-12,DKI1,30,31,34,12,16,9,34,SO2,BAIK
202112,2021-07-12,DKI2,33,58,42,11,43,19,58,PM25,SEDANG
202112,2021-07-12,DKI3,20,28,44,7,32,10,44,SO2,BAIK
202112,2021-07-12,DKI4,179,58,39,9,17,15,179,PM10,TIDAK SEHAT
202112,2021-07-12,DKI5,25,44,22,5,15,21,44,PM25,BAIK
202107,2021-07-13,DKI1,63,89,33,10,18,24,89,PM25,SEDANG
202107,2021-07-13,DKI2,78,119,54,11,43,23,119,PM25,TIDAK SEHAT
202107,2021-07-13,DKI3,62,99,50,8,25,18,99,PM25,SEDANG
202107,2021-07-13,DKI4,67,119,39,11,20,23,119,PM25,TIDAK SEHAT
202107,2021-07-13,DKI5,59,102,42,11,19,26,102,PM25,TIDAK SEHAT
202107,2021-07-14,DKI1,53,69,28,10,17,23,69,PM25,SEDANG
202107,2021-07-14,DKI2,56,75,51,12,50,23,75,PM25,SEDANG
202107,2021-07-14,DKI3,66,94,45,6,23,15,94,PM25,SEDANG
202107,2021-07-14,DKI4,57,116,39,13,20,26,116,PM25,TIDAK SEHAT
202107,2021-07-14,DKI5,51,82,38,9,20,26,82,PM25,SEDANG
202107,2021-07-15,DKI1,66,95,31,12,24,30,95,PM25,SEDANG
202107,2021-07-15,DKI2,79,111,62,11,56,26,111,PM25,TIDAK SEHAT
202107,2021-07-15,DKI3,80,126,49,9,28,23,126,PM25,TIDAK SEHAT
202107,2021-07-15,DKI4,95,174,40,15,22,24,174,PM25,TIDAK SEHAT
202107,2021-07-15,DKI5,75,129,35,14,26,26,129,PM25,TIDAK SEHAT
202107,2021-07-16,DKI1,71,97,30,11,24,29,97,PM25,SEDANG
202107,2021-07-16,DKI2,85,115,53,11,53,19,115,PM25,TIDAK SEHAT
202107,2021-07-16,DKI3,84,123,49,7,29,16,123,PM25,TIDAK SEHAT
202107,2021-07-16,DKI4,71,138,37,11,24,29,138,PM25,TIDAK SEHAT
202107,2021-07-16,DKI5,70,114,33,11,30,22,114,PM25,TIDAK SEHAT
202107,2021-07-17,DKI1,63,80,29,8,28,20,80,PM25,SEDANG
202107,2021-07-17,DKI2,74,99,55,10,58,20,99,PM25,SEDANG
202107,2021-07-17,DKI3,70,102,49,5,31,14,102,PM25,TIDAK SEHAT
202107,2021-07-17,DKI4,73,134,35,9,26,19,134,PM25,TIDAK SEHAT
202107,2021-07-17,DKI5,57,89,32,8,32,19,89,PM25,SEDANG
202107,2021-07-18,DKI1,63,89,31,8,32,19,89,PM25,SEDANG
202107,2021-07-18,DKI2,82,114,55,11,58,17,114,PM25,TIDAK SEHAT
202107,2021-07-18,DKI3,79,121,49,5,33,16,121,PM25,TIDAK SEHAT
202107,2021-07-18,DKI4,75,150,37,12,32,22,150,PM25,TIDAK SEHAT
202107,2021-07-18,DKI5,67,115,33,13,34,27,115,PM25,TIDAK SEHAT
202107,2021-07-19,DKI1,66,95,26,10,32,28,95,PM25,SEDANG
202107,2021-07-19,DKI2,74,100,51,10,77,13,100,PM25,SEDANG
202107,2021-07-19,DKI3,80,122,48,4,33,17,122,PM25,TIDAK SEHAT
202107,2021-07-19,DKI4,74,140,36,11,32,21,140,PM25,TIDAK SEHAT
202107,2021-07-19,DKI5,61,108,28,9,38,20,108,PM25,TIDAK SEHAT
202107,2021-07-20,DKI1,74,100,27,15,24,24,100,PM25,SEDANG
202107,2021-07-20,DKI2,86,113,51,14,60,19,113,PM25,TIDAK SEHAT
202107,2021-07-20,DKI3,77,110,45,5,25,18,110,PM25,TIDAK SEHAT
202107,2021-07-20,DKI4,80,147,38,13,26,21,147,PM25,TIDAK SEHAT
202107,2021-07-20,DKI5,70,112,32,14,24,21,112,PM25,TIDAK SEHAT
202107,2021-07-21,DKI1,48,66,27,7,26,17,66,PM25,SEDANG
202107,2021-07-21,DKI2,54,72,52,9,58,13,72,PM25,SEDANG
202107,2021-07-21,DKI3,54,81,45,4,19,13,81,PM25,SEDANG
202107,2021-07-21,DKI4,55,102,36,9,30,18,102,PM25,TIDAK SEHAT
202107,2021-07-21,DKI5,49,80,31,8,18,19,80,PM25,SEDANG
202107,2021-07-22,DKI1,53,76,31,9,24,26,76,PM25,SEDANG
202107,2021-07-22,DKI2,60,82,53,11,54,22,82,PM25,SEDANG
202107,2021-07-22,DKI3,57,79,49,5,22,20,79,PM25,SEDANG
202107,2021-07-22,DKI4,57,110,39,9,28,26,110,PM25,TIDAK SEHAT
202107,2021-07-22,DKI5,51,85,37,9,22,27,85,PM25,SEDANG
202107,2021-07-23,DKI1,58,80,26,9,27,28,80,PM25,SEDANG
202107,2021-07-23,DKI2,61,---,52,9,59,20,61,PM10,SEDANG
202107,2021-07-23,DKI3,63,91,46,5,38,16,91,PM25,SEDANG
202107,2021-07-23,DKI4,56,104,36,10,35,25,104,PM25,TIDAK SEHAT
202107,2021-07-23,DKI5,53,85,30,8,27,25,85,PM25,SEDANG
202107,2021-07-24,DKI1,53,79,26,13,21,34,79,PM25,SEDANG
202107,2021-07-24,DKI2,66,95,54,13,51,30,95,PM25,SEDANG
202107,2021-07-24,DKI3,51,73,45,4,29,12,73,PM25,SEDANG
202107,2021-07-24,DKI4,56,104,37,12,27,25,104,PM25,TIDAK SEHAT
202107,2021-07-24,DKI5,49,83,27,11,23,32,83,PM25,SEDANG
202107,2021-07-25,DKI1,70,108,25,23,28,38,108,PM25,TIDAK SEHAT
202107,2021-07-25,DKI2,81,112,55,16,54,28,112,PM25,TIDAK SEHAT
202107,2021-07-25,DKI3,68,102,47,6,32,17,102,PM25,TIDAK SEHAT
202107,2021-07-25,DKI4,81,148,38,22,28,24,148,PM25,TIDAK SEHAT
202107,2021-07-25,DKI5,77,131,28,24,27,42,131,PM25,TIDAK SEHAT
202107,2021-07-26,DKI1,65,95,27,14,17,32,95,PM25,SEDANG
202107,2021-07-26,DKI2,79,109,54,12,46,22,109,PM25,TIDAK SEHAT
202107,2021-07-26,DKI3,69,103,49,6,28,17,103,PM25,TIDAK SEHAT
202107,2021-07-26,DKI4,68,131,39,14,24,25,131,PM25,TIDAK SEHAT
202107,2021-07-26,DKI5,66,116,29,16,24,31,116,PM25,TIDAK SEHAT
202107,2021-07-27,DKI1,61,91,29,10,23,28,91,PM25,SEDANG
202107,2021-07-27,DKI2,82,112,56,12,41,27,112,PM25,TIDAK SEHAT
202107,2021-07-27,DKI3,64,96,50,11,30,15,96,PM25,SEDANG
202107,2021-07-27,DKI4,71,140,40,12,24,26,140,PM25,TIDAK SEHAT
202107,2021-07-27,DKI5,64,110,32,13,29,35,110,PM25,TIDAK SEHAT
202107,2021-07-28,DKI1,68,102,31,13,20,30,102,PM25,TIDAK SEHAT
202107,2021-07-28,DKI2,82,113,53,13,40,28,113,PM25,TIDAK SEHAT
202107,2021-07-28,DKI3,76,124,49,18,26,20,124,PM25,TIDAK SEHAT
202107,2021-07-28,DKI4,73,145,39,14,24,27,145,PM25,TIDAK SEHAT
202107,2021-07-28,DKI5,70,130,33,17,28,45,130,PM25,TIDAK SEHAT
202107,2021-07-29,DKI1,59,85,28,13,24,32,85,PM25,SEDANG
202107,2021-07-29,DKI2,69,97,52,12,53,24,97,PM25,SEDANG
202107,2021-07-29,DKI3,73,28,47,17,26,18,73,PM10,SEDANG
202107,2021-07-29,DKI4,66,130,40,12,25,25,130,PM25,TIDAK SEHAT
202107,2021-07-29,DKI5,78,140,32,18,29,39,140,PM25,TIDAK SEHAT
202107,2021-07-30,DKI1,73,105,29,12,39,35,105,PM25,TIDAK SEHAT
202107,2021-07-30,DKI2,90,117,54,12,81,29,117,PM25,TIDAK SEHAT
202107,2021-07-30,DKI3,75,29,51,14,43,21,75,PM10,SEDANG
202107,2021-07-30,DKI4,83,154,39,15,37,34,154,PM25,TIDAK SEHAT
202107,2021-07-30,DKI5,75,121,37,12,50,21,121,PM25,TIDAK SEHAT
202107,2021-07-31,DKI1,54,72,26,7,27,24,72,PM25,SEDANG
202107,2021-07-31,DKI2,63,---,50,8,65,18,65,O3,SEDANG
202107,2021-07-31,DKI3,57,26,9,18,31,29,57,PM10,SEDANG
202107,2021-07-31,DKI4,56,100,38,9,29,22,100,PM25,SEDANG
202107,2021-07-31,DKI5,53,80,29,6,34,13,80,PM25,SEDANG
202101,2021-08-01,DKI1,37,54,26,16,17,10,54,PM25,SEDANG
202101,2021-08-01,DKI2,38,55,---,11,71,9,71,O3,SEDANG
202101,2021-08-01,DKI3,26,68,21,22,40,9,68,PM25,SEDANG
202101,2021-08-01,DKI4,36,,31,23,51,6,51,CO,SEDANG
202101,2021-08-01,DKI5,36,,18,19,28,---,36,PM10,BAIK
202102,2021-08-02,DKI1,24,26,19,10,18,17,26,PM25,BAIK
202102,2021-08-02,DKI2,26,31,37,---,54,12,54,O3,SEDANG
202102,2021-08-02,DKI3,26,42,24,9,35,12,42,PM25,BAIK
202102,2021-08-02,DKI4,17,44,39,10,21,9,44,PM25,BAIK
202102,2021-08-02,DKI5,---,41,23,6,17,11,41,PM25,BAIK
202103,2021-08-03,DKI1,47,63,21,16,11,19,63,PM25,SEDANG
202103,2021-08-03,DKI2,52,65,28,16,41,15,65,PM25,SEDANG
202103,2021-08-03,DKI3,53,77,28,11,18,10,77,PM25,SEDANG
202103,2021-08-03,DKI4,58,81,40,16,19,6,81,PM25,SEDANG
202103,2021-08-03,DKI5,45,67,27,12,11,22,67,PM25,SEDANG
202104,2021-08-04,DKI1,38,55,33,12,13,22,55,PM25,SEDANG
202104,2021-08-04,DKI2,39,57,34,10,40,14,57,PM25,SEDANG
202104,2021-08-04,DKI3,31,52,28,5,---,7,52,PM25,SEDANG
202104,2021-08-04,DKI4,24,55,48,8,14,10,55,PM25,SEDANG
202104,2021-08-04,DKI5,32,55,51,5,14,12,55,PM25,SEDANG
202105,2021-08-05,DKI1,52,69,20,12,19,28,69,PM25,SEDANG
202105,2021-08-05,DKI2,60,79,53,11,54,17,79,PM25,SEDANG
202105,2021-08-05,DKI3,50,76,20,8,71,15,76,PM25,SEDANG
202105,2021-08-05,DKI4,56,87,39,9,29,15,87,PM25,SEDANG
202105,2021-08-05,DKI5,43,74,21,8,30,14,74,PM25,SEDANG
202106,2021-08-06,DKI1,58,80,26,16,24,38,80,PM25,SEDANG
202106,2021-08-06,DKI2,70,99,53,14,72,23,99,PM25,SEDANG
202106,2021-08-06,DKI3,54,82,48,7,34,15,82,PM25,SEDANG
202106,2021-08-06,DKI4,62,103,44,---,30,29,103,PM25,TIDAK SEHAT
202106,2021-08-06,DKI5,52,91,25,12,27,28,91,PM25,SEDANG
202107,2021-08-07,DKI1,68,94,32,10,26,26,94,PM25,SEDANG
202107,2021-08-07,DKI2,83,111,56,11,50,24,111,PM25,TIDAK SEHAT
202107,2021-08-07,DKI3,71,110,50,6,33,16,110,PM25,TIDAK SEHAT
202107,2021-08-07,DKI4,74,145,40,10,29,25,145,PM25,TIDAK SEHAT
202107,2021-08-07,DKI5,62,108,37,10,30,23,108,PM25,TIDAK SEHAT
202108,2021-08-08,DKI1,53,69,33,6,23,16,69,PM25,SEDANG
202108,2021-08-08,DKI2,60,78,53,9,57,12,78,PM25,SEDANG
202108,2021-08-08,DKI3,57,84,47,9,26,13,84,PM25,SEDANG
202108,2021-08-08,DKI4,54,92,40,7,21,17,92,PM25,SEDANG
202108,2021-08-08,DKI5,49,73,39,7,23,13,73,PM25,SEDANG
202109,2021-08-09,DKI1,53,76,25,16,23,34,76,PM25,SEDANG
202109,2021-08-09,DKI2,64,87,52,13,27,31,87,PM25,SEDANG
202109,2021-08-09,DKI3,60,82,48,12,29,15,82,PM25,SEDANG
202109,2021-08-09,DKI4,63,106,40,15,29,25,106,PM25,TIDAK SEHAT
202109,2021-08-09,DKI5,51,78,---,8,28,15,78,PM25,SEDANG
202110,2021-08-10,DKI1,54,77,33,11,24,35,77,PM25,SEDANG
202110,2021-08-10,DKI2,60,85,64,10,54,20,85,PM25,SEDANG
202110,2021-08-10,DKI3,---,---,---,---,---,---,0,,TIDAK ADA DATA
202110,2021-08-10,DKI4,58,98,45,9,30,22,98,PM25,SEDANG
202110,2021-08-10,DKI5,53,81,---,7,32,16,81,PM25,SEDANG
202111,2021-08-11,DKI1,38,55,29,18,15,32,55,PM25,SEDANG
202111,2021-08-11,DKI2,53,73,---,14,39,26,73,PM25,SEDANG
202111,2021-08-11,DKI3,33,52,52,17,25,16,52,PM25,SEDANG
202111,2021-08-11,DKI4,52,70,44,14,26,16,70,PM25,SEDANG
202111,2021-08-11,DKI5,35,61,---,20,13,41,61,PM25,SEDANG
202112,2021-08-12,DKI1,45,60,33,17,18,10,60,PM25,SEDANG
202112,2021-08-12,DKI2,49,71,31,15,51,30,71,PM25,SEDANG
202112,2021-08-12,DKI3,39,62,45,17,45,13,62,PM25,SEDANG
202112,2021-08-12,DKI4,47,76,40,14,25,14,76,PM25,SEDANG
202112,2021-08-12,DKI5,44,66,17,13,23,30,66,PM25,SEDANG
202108,2021-08-13,DKI1,56,75,28,10,17,28,75,PM25,SEDANG
202108,2021-08-13,DKI2,58,79,51,10,49,19,79,PM25,SEDANG
202108,2021-08-13,DKI3,61,91,46,11,29,16,91,PM25,SEDANG
202108,2021-08-13,DKI4,55,101,40,11,19,25,101,PM25,TIDAK SEHAT
202108,2021-08-13,DKI5,61,100,33,11,21,32,100,PM25,SEDANG
202108,2021-08-14,DKI1,65,92,30,15,24,36,92,PM25,SEDANG
202108,2021-08-14,DKI2,69,94,53,11,53,21,94,PM25,SEDANG
202108,2021-08-14,DKI3,69,102,45,14,29,16,102,PM25,TIDAK SEHAT
202108,2021-08-14,DKI4,58,98,41,9,21,21,98,PM25,SEDANG
202108,2021-08-14,DKI5,73,116,38,14,26,40,116,PM25,TIDAK SEHAT
202108,2021-08-15,DKI1,56,72,31,8,17,20,72,PM25,SEDANG
202108,2021-08-15,DKI2,63,84,53,9,46,16,84,PM25,SEDANG
202108,2021-08-15,DKI3,57,84,45,12,22,15,84,PM25,SEDANG
202108,2021-08-15,DKI4,63,114,39,11,15,21,114,PM25,TIDAK SEHAT
202108,2021-08-15,DKI5,62,87,33,12,17,30,87,PM25,SEDANG
202108,2021-08-16,DKI1,53,70,30,8,17,19,70,PM25,SEDANG
202108,2021-08-16,DKI2,60,80,54,9,42,17,80,PM25,SEDANG
202108,2021-08-16,DKI3,53,79,48,9,24,15,79,PM25,SEDANG
202108,2021-08-16,DKI4,55,100,41,8,17,21,100,PM25,SEDANG
202108,2021-08-16,DKI5,51,74,35,7,22,20,74,PM25,SEDANG
202108,2021-08-17,DKI1,56,77,28,13,26,22,77,PM25,SEDANG
202108,2021-08-17,DKI2,62,84,51,9,40,14,84,PM25,SEDANG
202108,2021-08-17,DKI3,60,88,45,11,30,13,88,PM25,SEDANG
202108,2021-08-17,DKI4,59,103,41,8,24,20,103,PM25,TIDAK SEHAT
202108,2021-08-17,DKI5,59,89,32,8,26,19,89,PM25,SEDANG
202108,2021-08-18,DKI1,59,78,25,11,27,26,78,PM25,SEDANG
202108,2021-08-18,DKI2,59,83,51,9,42,17,83,PM25,SEDANG
202108,2021-08-18,DKI3,58,86,43,10,35,11,86,PM25,SEDANG
202108,2021-08-18,DKI4,58,97,38,9,30,20,97,PM25,SEDANG
202108,2021-08-18,DKI5,62,97,28,9,30,17,97,PM25,SEDANG
202108,2021-08-19,DKI1,60,89,31,15,24,35,89,PM25,SEDANG
202108,2021-08-19,DKI2,72,101,55,13,26,36,101,PM25,TIDAK SEHAT
202108,2021-08-19,DKI3,68,104,45,14,27,14,104,PM25,TIDAK SEHAT
202108,2021-08-19,DKI4,67,119,42,13,28,28,119,PM25,TIDAK SEHAT
202108,2021-08-19,DKI5,63,106,38,13,26,33,106,PM25,TIDAK SEHAT
202108,2021-08-20,DKI1,58,84,29,11,32,34,84,PM25,SEDANG
202108,2021-08-20,DKI2,73,97,55,12,34,30,97,PM25,SEDANG
202108,2021-08-20,DKI3,57,83,46,10,29,14,83,PM25,SEDANG
202108,2021-08-20,DKI4,64,106,40,11,28,23,106,PM25,TIDAK SEHAT
202108,2021-08-20,DKI5,55,81,39,8,34,27,81,PM25,SEDANG
202108,2021-08-21,DKI1,59,80,25,13,26,35,80,PM25,SEDANG
202108,2021-08-21,DKI2,60,87,51,10,29,21,87,PM25,SEDANG
202108,2021-08-21,DKI3,53,80,44,10,33,15,80,PM25,SEDANG
202108,2021-08-21,DKI4,50,85,39,8,25,21,85,PM25,SEDANG
202108,2021-08-21,DKI5,58,89,32,10,31,24,89,PM25,SEDANG
202108,2021-08-22,DKI1,59,81,28,14,25,28,81,PM25,SEDANG
202108,2021-08-22,DKI2,71,100,52,13,25,26,100,PM25,SEDANG
202108,2021-08-22,DKI3,58,88,49,14,29,18,88,PM25,SEDANG
202108,2021-08-22,DKI4,74,134,43,14,22,29,134,PM25,TIDAK SEHAT
202108,2021-08-22,DKI5,62,94,35,12,24,29,94,PM25,SEDANG
202108,2021-08-23,DKI1,56,77,28,10,25,27,77,PM25,SEDANG
202108,2021-08-23,DKI2,63,86,52,9,33,13,86,PM25,SEDANG
202108,2021-08-23,DKI3,66,100,46,13,31,17,100,PM25,SEDANG
202108,2021-08-23,DKI4,63,106,40,10,24,20,106,PM25,TIDAK SEHAT
202108,2021-08-23,DKI5,59,88,31,9,22,22,88,PM25,SEDANG
202108,2021-08-24,DKI1,59,87,27,12,32,30,87,PM25,SEDANG
202108,2021-08-24,DKI2,69,101,52,9,41,18,101,PM25,TIDAK SEHAT
202108,2021-08-24,DKI3,66,100,46,11,32,15,100,PM25,SEDANG
202108,2021-08-24,DKI4,61,110,42,11,26,24,110,PM25,TIDAK SEHAT
202108,2021-08-24,DKI5,60,97,31,7,32,12,97,PM25,SEDANG
202108,2021-08-25,DKI1,62,89,26,12,34,34,89,PM25,SEDANG
202108,2021-08-25,DKI2,69,98,51,11,38,24,98,PM25,SEDANG
202108,2021-08-25,DKI3,57,81,44,10,33,11,81,PM25,SEDANG
202108,2021-08-25,DKI4,62,106,42,9,26,28,106,PM25,TIDAK SEHAT
202108,2021-08-25,DKI5,63,95,31,10,29,20,95,PM25,SEDANG
202108,2021-08-26,DKI1,56,77,27,10,22,33,77,PM25,SEDANG
202108,2021-08-26,DKI2,61,84,51,9,26,18,84,PM25,SEDANG
202108,2021-08-26,DKI3,54,82,46,9,30,15,82,PM25,SEDANG
202108,2021-08-26,DKI4,53,91,40,7,28,19,91,PM25,SEDANG
202108,2021-08-26,DKI5,64,96,32,9,31,14,96,PM25,SEDANG
202108,2021-08-27,DKI1,62,89,30,11,25,31,89,PM25,SEDANG
202108,2021-08-27,DKI2,63,90,52,10,32,21,90,PM25,SEDANG
202108,2021-08-27,DKI3,62,92,47,9,31,13,92,PM25,SEDANG
202108,2021-08-27,DKI4,58,105,39,10,28,22,105,PM25,TIDAK SEHAT
202108,2021-08-27,DKI5,61,96,34,8,29,15,96,PM25,SEDANG
202108,2021-08-28,DKI1,65,93,26,11,40,27,93,PM25,SEDANG
202108,2021-08-28,DKI2,76,104,51,10,41,22,104,PM25,TIDAK SEHAT
202108,2021-08-28,DKI3,63,94,46,10,42,17,94,PM25,SEDANG
202108,2021-08-28,DKI4,65,123,38,10,36,23,123,PM25,TIDAK SEHAT
202108,2021-08-28,DKI5,63,100,31,8,44,12,100,PM25,SEDANG
202108,2021-08-29,DKI1,65,96,28,12,30,29,96,PM25,SEDANG
202108,2021-08-29,DKI2,68,97,52,10,30,16,97,PM25,SEDANG
202108,2021-08-29,DKI3,67,28,46,12,35,15,67,PM10,SEDANG
202108,2021-08-29,DKI4,66,122,39,12,28,25,122,PM25,TIDAK SEHAT
202108,2021-08-29,DKI5,67,111,32,10,36,13,111,PM25,TIDAK SEHAT
202108,2021-08-30,DKI1,79,112,27,17,39,41,112,PM25,TIDAK SEHAT
202108,2021-08-30,DKI2,79,110,52,12,38,29,110,PM25,TIDAK SEHAT
202108,2021-08-30,DKI3,87,27,46,16,38,17,87,PM10,SEDANG
202108,2021-08-30,DKI4,76,140,41,16,30,31,140,PM25,TIDAK SEHAT
202108,2021-08-30,DKI5,83,126,35,16,32,29,126,PM25,TIDAK SEHAT
202108,2021-08-31,DKI1,64,86,27,12,35,33,86,PM25,SEDANG
202108,2021-08-31,DKI2,74,96,51,10,48,19,96,PM25,SEDANG
202108,2021-08-31,DKI3,64,27,10,19,38,32,64,PM10,SEDANG
202108,2021-08-31,DKI4,61,109,41,10,32,26,109,PM25,TIDAK SEHAT
202108,2021-08-31,DKI5,60,92,30,7,32,14,92,PM25,SEDANG
202101,2021-09-01,DKI1,47,61,16,27,22,12,61,PM25,SEDANG
202101,2021-09-01,DKI2,51,67,12,27,80,12,80,O3,SEDANG
202101,2021-09-01,DKI3,25,77,17,32,31,8,77,PM25,SEDANG
202101,2021-09-01,DKI4,60,,30,34,42,6,60,PM10,SEDANG
202101,2021-09-01,DKI5,46,,17,26,27,12,46,PM10,BAIK
202102,2021-09-02,DKI1,33,40,22,12,14,22,40,PM25,BAIK
202102,2021-09-02,DKI2,33,50,39,6,47,16,50,PM25,BAIK
202102,2021-09-02,DKI3,33,53,25,9,23,12,53,PM25,SEDANG
202102,2021-09-02,DKI4,31,57,40,13,19,9,57,PM25,SEDANG
202102,2021-09-02,DKI5,---,57,31,9,15,21,57,PM25,SEDANG
202103,2021-09-03,DKI1,36,50,23,15,10,22,50,PM25,BAIK
202103,2021-09-03,DKI2,51,55,27,13,33,15,55,PM25,SEDANG
202103,2021-09-03,DKI3,41,63,30,7,19,10,63,PM25,SEDANG
202103,2021-09-03,DKI4,24,55,41,10,18,8,55,PM25,SEDANG
202103,2021-09-03,DKI5,35,62,31,7,12,16,62,PM25,SEDANG
202104,2021-09-04,DKI1,54,69,26,14,15,28,69,PM25,SEDANG
202104,2021-09-04,DKI2,53,64,32,10,49,25,64,PM25,SEDANG
202104,2021-09-04,DKI3,55,76,26,8,---,10,76,PM25,SEDANG
202104,2021-09-04,DKI4,42,63,43,8,21,13,63,PM25,SEDANG
202104,2021-09-04,DKI5,52,77,34,7,18,21,77,PM25,SEDANG
202105,2021-09-05,DKI1,41,57,18,9,26,21,57,PM25,SEDANG
202105,2021-09-05,DKI2,46,59,46,9,61,7,61,O3,SEDANG
202105,2021-09-05,DKI3,35,58,17,6,47,13,58,PM25,SEDANG
202105,2021-09-05,DKI4,46,66,37,6,31,11,66,PM25,SEDANG
202105,2021-09-05,DKI5,33,58,17,6,38,6,58,PM25,SEDANG
202106,2021-09-06,DKI1,58,77,24,14,23,34,77,PM25,SEDANG
202106,2021-09-06,DKI2,68,87,54,13,67,22,87,PM25,SEDANG
202106,2021-09-06,DKI3,59,88,48,8,26,16,88,PM25,SEDANG
202106,2021-09-06,DKI4,68,108,43,---,27,28,108,PM25,TIDAK SEHAT
202106,2021-09-06,DKI5,52,86,29,9,28,19,86,PM25,SEDANG
202107,2021-09-07,DKI1,70,101,33,9,28,25,101,PM25,TIDAK SEHAT
202107,2021-09-07,DKI2,92,120,59,11,56,26,120,PM25,TIDAK SEHAT
202107,2021-09-07,DKI3,79,119,51,7,34,17,119,PM25,TIDAK SEHAT
202107,2021-09-07,DKI4,87,156,42,11,30,25,156,PM25,TIDAK SEHAT
202107,2021-09-07,DKI5,65,113,40,11,34,22,113,PM25,TIDAK SEHAT
202108,2021-09-08,DKI1,52,60,30,6,25,15,60,PM25,SEDANG
202108,2021-09-08,DKI2,56,67,52,8,57,10,67,PM25,SEDANG
202108,2021-09-08,DKI3,53,69,45,7,25,10,69,PM25,SEDANG
202108,2021-09-08,DKI4,48,82,40,6,26,16,82,PM25,SEDANG
202108,2021-09-08,DKI5,45,61,39,4,21,14,61,PM25,SEDANG
202109,2021-09-09,DKI1,45,62,25,12,27,31,62,PM25,SEDANG
202109,2021-09-09,DKI2,68,88,54,12,35,29,88,PM25,SEDANG
202109,2021-09-09,DKI3,48,61,46,9,31,12,61,PM25,SEDANG
202109,2021-09-09,DKI4,52,82,41,12,27,24,82,PM25,SEDANG
202109,2021-09-09,DKI5,47,69,---,8,32,15,69,PM25,SEDANG
202110,2021-09-10,DKI1,52,69,27,9,32,29,69,PM25,SEDANG
202110,2021-09-10,DKI2,53,77,62,9,60,19,77,PM25,SEDANG
202110,2021-09-10,DKI3,45,63,51,7,38,11,63,PM25,SEDANG
202110,2021-09-10,DKI4,55,83,47,7,36,21,83,PM25,SEDANG
202110,2021-09-10,DKI5,53,74,---,7,43,12,74,PM25,SEDANG
202111,2021-09-11,DKI1,55,73,32,14,17,38,73,PM25,SEDANG
202111,2021-09-11,DKI2,61,86,---,11,47,28,86,PM25,SEDANG
202111,2021-09-11,DKI3,67,95,51,21,---,24,95,PM25,SEDANG
202111,2021-09-11,DKI4,64,106,43,15,31,19,106,PM25,TIDAK SEHAT
202111,2021-09-11,DKI5,57,86,---,16,19,30,86,PM25,SEDANG
202112,2021-09-12,DKI1,33,50,36,10,21,11,50,PM25,BAIK
202112,2021-09-12,DKI2,31,52,32,8,50,20,52,PM25,SEDANG
202112,2021-09-12,DKI3,46,60,46,11,51,16,60,PM25,SEDANG
202112,2021-09-12,DKI4,38,63,40,9,28,19,63,PM25,SEDANG
202112,2021-09-12,DKI5,30,50,20,5,31,15,50,PM25,BAIK
202109,2021-09-13,DKI1,51,64,29,8,23,21,64,PM25,SEDANG
202109,2021-09-13,DKI2,56,71,52,9,27,14,71,PM25,SEDANG
202109,2021-09-13,DKI3,51,65,47,8,26,11,65,PM25,SEDANG
202109,2021-09-13,DKI4,54,88,42,7,18,16,88,PM25,SEDANG
202109,2021-09-13,DKI5,51,70,---,6,20,10,70,PM25,SEDANG
202109,2021-09-14,DKI1,31,42,24,8,20,19,42,PM25,BAIK
202109,2021-09-14,DKI2,36,47,50,8,47,15,50,SO2,BAIK
202109,2021-09-14,DKI3,32,51,46,7,21,11,51,PM25,SEDANG
202109,2021-09-14,DKI4,36,61,41,6,19,15,61,PM25,SEDANG
202109,2021-09-14,DKI5,26,37,---,3,17,8,37,PM25,BAIK
202109,2021-09-15,DKI1,54,81,29,20,20,45,81,PM25,SEDANG
202109,2021-09-15,DKI2,69,95,54,17,45,35,95,PM25,SEDANG
202109,2021-09-15,DKI3,53,81,50,17,24,22,81,PM25,SEDANG
202109,2021-09-15,DKI4,60,110,42,19,18,23,110,PM25,TIDAK SEHAT
202109,2021-09-15,DKI5,53,79,---,14,22,26,79,PM25,SEDANG
202109,2021-09-16,DKI1,48,65,29,9,23,24,65,PM25,SEDANG
202109,2021-09-16,DKI2,52,66,52,8,52,15,66,PM25,SEDANG
202109,2021-09-16,DKI3,51,72,50,10,27,15,72,PM25,SEDANG
202109,2021-09-16,DKI4,53,89,42,7,28,15,89,PM25,SEDANG
202109,2021-09-16,DKI5,38,59,---,4,23,14,59,PM25,SEDANG
202109,2021-09-17,DKI1,42,66,29,7,26,20,66,PM25,SEDANG
202109,2021-09-17,DKI2,46,66,51,7,53,9,66,PM25,SEDANG
202109,2021-09-17,DKI3,47,72,49,7,29,13,72,PM25,SEDANG
202109,2021-09-17,DKI4,50,85,42,6,29,14,85,PM25,SEDANG
202109,2021-09-17,DKI5,35,60,---,3,25,12,60,PM25,SEDANG
202109,2021-09-18,DKI1,50,73,29,8,23,22,73,PM25,SEDANG
202109,2021-09-18,DKI2,56,79,53,8,51,15,79,PM25,SEDANG
202109,2021-09-18,DKI3,55,80,50,9,27,15,80,PM25,SEDANG
202109,2021-09-18,DKI4,57,101,43,7,23,15,101,PM25,TIDAK SEHAT
202109,2021-09-18,DKI5,46,69,---,5,27,12,69,PM25,SEDANG
202109,2021-09-19,DKI1,53,78,26,8,33,19,78,PM25,SEDANG
202109,2021-09-19,DKI2,52,73,50,8,68,10,73,PM25,SEDANG
202109,2021-09-19,DKI3,56,81,48,10,31,12,81,PM25,SEDANG
202109,2021-09-19,DKI4,---,---,---,---,---,---,0,,TIDAK ADA DATA
202109,2021-09-19,DKI5,53,83,---,7,28,10,83,PM25,SEDANG
202109,2021-09-20,DKI1,51,69,27,10,25,34,69,PM25,SEDANG
202109,2021-09-20,DKI2,58,81,52,11,54,25,81,PM25,SEDANG
202109,2021-09-20,DKI3,45,59,49,7,33,10,59,PM25,SEDANG
202109,2021-09-20,DKI4,---,---,---,---,---,---,0,,TIDAK ADA DATA
202109,2021-09-20,DKI5,45,65,---,5,30,10,65,PM25,SEDANG
202109,2021-09-21,DKI1,55,81,28,11,29,36,81,PM25,SEDANG
202109,2021-09-21,DKI2,61,85,52,10,58,19,85,PM25,SEDANG
202109,2021-09-21,DKI3,54,78,50,9,35,15,78,PM25,SEDANG
202109,2021-09-21,DKI4,---,99,44,9,32,20,99,PM25,SEDANG
202109,2021-09-21,DKI5,47,77,---,6,34,13,77,PM25,SEDANG
202109,2021-09-22,DKI1,57,80,29,11,24,32,80,PM25,SEDANG
202109,2021-09-22,DKI2,64,82,54,10,48,22,82,PM25,SEDANG
202109,2021-09-22,DKI3,57,78,49,14,26,18,78,PM25,SEDANG
202109,2021-09-22,DKI4,---,119,44,10,22,21,119,PM25,TIDAK SEHAT
202109,2021-09-22,DKI5,53,78,---,7,25,16,78,PM25,SEDANG
202109,2021-09-23,DKI1,54,80,29,8,27,22,80,PM25,SEDANG
202109,2021-09-23,DKI2,61,85,53,8,53,13,85,PM25,SEDANG
202109,2021-09-23,DKI3,57,82,51,10,29,16,82,PM25,SEDANG
202109,2021-09-23,DKI4,---,116,43,9,24,18,116,PM25,TIDAK SEHAT
202109,2021-09-23,DKI5,53,77,---,6,27,14,77,PM25,SEDANG
202109,2021-09-24,DKI1,57,74,34,8,20,26,74,PM25,SEDANG
202109,2021-09-24,DKI2,57,76,53,8,47,13,76,PM25,SEDANG
202109,2021-09-24,DKI3,55,77,52,8,27,15,77,PM25,SEDANG
202109,2021-09-24,DKI4,---,109,46,8,21,18,109,PM25,TIDAK SEHAT
202109,2021-09-24,DKI5,51,73,---,6,20,17,73,PM25,SEDANG
202109,2021-09-25,DKI1,49,67,31,7,24,20,67,PM25,SEDANG
202109,2021-09-25,DKI2,55,81,52,8,50,13,81,PM25,SEDANG
202109,2021-09-25,DKI3,54,75,50,11,22,16,75,PM25,SEDANG
202109,2021-09-25,DKI4,---,102,45,7,26,16,102,PM25,TIDAK SEHAT
202109,2021-09-25,DKI5,45,64,---,4,24,12,64,PM25,SEDANG
202109,2021-09-26,DKI1,52,72,28,6,28,19,72,PM25,SEDANG
202109,2021-09-26,DKI2,56,74,---,7,54,6,74,PM25,SEDANG
202109,2021-09-26,DKI3,54,74,50,10,27,13,74,PM25,SEDANG
202109,2021-09-26,DKI4,---,98,45,7,33,12,98,PM25,SEDANG
202109,2021-09-26,DKI5,48,67,---,4,30,9,67,PM25,SEDANG
202109,2021-09-27,DKI1,51,72,27,12,22,33,72,PM25,SEDANG
202109,2021-09-27,DKI2,53,77,---,11,47,17,77,PM25,SEDANG
202109,2021-09-27,DKI3,48,71,49,12,26,16,71,PM25,SEDANG
202109,2021-09-27,DKI4,---,89,42,11,29,19,89,PM25,SEDANG
202109,2021-09-27,DKI5,51,78,---,9,22,18,78,PM25,SEDANG
202109,2021-09-28,DKI1,45,63,25,9,24,28,63,PM25,SEDANG
202109,2021-09-28,DKI2,49,71,---,8,49,13,71,PM25,SEDANG
202109,2021-09-28,DKI3,46,---,49,10,32,13,49,SO2,BAIK
202109,2021-09-28,DKI4,---,69,41,6,38,15,69,PM25,SEDANG
202109,2021-09-28,DKI5,42,64,---,5,26,14,64,PM25,SEDANG
202109,2021-09-29,DKI1,54,76,26,12,29,38,76,PM25,SEDANG
202109,2021-09-29,DKI2,54,81,57,10,63,16,81,PM25,SEDANG
202109,2021-09-29,DKI3,61,26,49,13,31,22,61,PM10,SEDANG
202109,2021-09-29,DKI4,---,102,45,13,38,24,102,PM25,TIDAK SEHAT
202109,2021-09-29,DKI5,56,87,---,11,34,19,87,PM25,SEDANG
202109,2021-09-30,DKI1,63,94,27,13,38,37,94,PM25,SEDANG
202109,2021-09-30,DKI2,71,105,63,12,63,24,105,PM25,TIDAK SEHAT
202109,2021-09-30,DKI3,67,27,49,16,40,19,67,PM10,SEDANG
202109,2021-09-30,DKI4,---,117,45,13,40,27,117,PM25,TIDAK SEHAT
202109,2021-09-30,DKI5,68,108,---,10,46,13,108,PM25,TIDAK SEHAT
202101,2021-10-01,DKI1,23,25,16,11,33,8,33,O3,BAIK
202101,2021-10-01,DKI2,24,39,13,10,59,14,59,O3,SEDANG
202101,2021-10-01,DKI3,15,33,16,7,23,4,33,PM25,BAIK
202101,2021-10-01,DKI4,14,,28,9,38,3,38,CO,BAIK
202101,2021-10-01,DKI5,19,,20,8,34,5,34,CO,BAIK
202102,2021-10-02,DKI1,32,38,21,10,12,16,38,PM25,BAIK
202102,2021-10-02,DKI2,34,46,39,4,49,10,49,O3,BAIK
202102,2021-10-02,DKI3,50,64,24,11,23,10,64,PM25,SEDANG
202102,2021-10-02,DKI4,30,58,40,13,20,8,58,PM25,SEDANG
202102,2021-10-02,DKI5,31,52,27,7,13,11,52,PM25,SEDANG
202103,2021-10-03,DKI1,45,65,20,20,14,27,65,PM25,SEDANG
202103,2021-10-03,DKI2,56,81,42,21,42,26,81,PM25,SEDANG
202103,2021-10-03,DKI3,60,89,28,14,25,14,89,PM25,SEDANG
202103,2021-10-03,DKI4,56,89,40,21,21,12,89,PM25,SEDANG
202103,2021-10-03,DKI5,53,91,27,21,17,39,91,PM25,SEDANG
202104,2021-10-04,DKI1,48,66,23,13,17,29,66,PM25,SEDANG
202104,2021-10-04,DKI2,44,61,34,9,50,19,61,PM25,SEDANG
202104,2021-10-04,DKI3,64,101,25,16,---,18,101,PM25,TIDAK SEHAT
202104,2021-10-04,DKI4,61,90,43,15,27,21,90,PM25,SEDANG
202104,2021-10-04,DKI5,45,77,31,9,24,18,77,PM25,SEDANG
202105,2021-10-05,DKI1,47,69,19,10,25,21,69,PM25,SEDANG
202105,2021-10-05,DKI2,55,73,51,10,58,8,73,PM25,SEDANG
202105,2021-10-05,DKI3,46,76,22,8,66,13,76,PM25,SEDANG
202105,2021-10-05,DKI4,42,73,37,7,31,12,73,PM25,SEDANG
202105,2021-10-05,DKI5,40,72,23,8,38,8,72,PM25,SEDANG
202106,2021-10-06,DKI1,66,89,23,23,18,47,89,PM25,SEDANG
202106,2021-10-06,DKI2,71,99,56,15,48,32,99,PM25,SEDANG
202106,2021-10-06,DKI3,67,97,48,14,26,22,97,PM25,SEDANG
202106,2021-10-06,DKI4,68,108,37,9,32,28,108,PM25,TIDAK SEHAT
202106,2021-10-06,DKI5,61,108,24,18,22,34,108,PM25,TIDAK SEHAT
202107,2021-10-07,DKI1,64,83,35,7,24,23,83,PM25,SEDANG
202107,2021-10-07,DKI2,78,104,54,10,63,17,104,PM25,TIDAK SEHAT
202107,2021-10-07,DKI3,67,97,51,4,31,14,97,PM25,SEDANG
202107,2021-10-07,DKI4,71,132,45,9,29,21,132,PM25,TIDAK SEHAT
202107,2021-10-07,DKI5,55,85,42,6,26,17,85,PM25,SEDANG
202108,2021-10-08,DKI1,32,50,25,7,29,16,50,PM25,BAIK
202108,2021-10-08,DKI2,36,53,48,8,55,9,55,O3,SEDANG
202108,2021-10-08,DKI3,36,54,41,6,27,12,54,PM25,SEDANG
202108,2021-10-08,DKI4,35,68,38,6,30,19,68,PM25,SEDANG
202108,2021-10-08,DKI5,26,52,27,6,24,14,52,PM25,SEDANG
202109,2021-10-09,DKI1,51,66,27,10,25,32,66,PM25,SEDANG
202109,2021-10-09,DKI2,58,77,53,9,32,20,77,PM25,SEDANG
202109,2021-10-09,DKI3,49,71,49,9,36,15,71,PM25,SEDANG
202109,2021-10-09,DKI4,45,80,42,8,26,19,80,PM25,SEDANG
202109,2021-10-09,DKI5,46,73,---,6,39,13,73,PM25,SEDANG
202110,2021-10-10,DKI1,58,83,26,9,38,26,83,PM25,SEDANG
202110,2021-10-10,DKI2,60,83,61,9,72,12,83,PM25,SEDANG
202110,2021-10-10,DKI3,55,77,51,9,40,14,77,PM25,SEDANG
202110,2021-10-10,DKI4,61,97,42,9,43,16,97,PM25,SEDANG
202110,2021-10-10,DKI5,55,80,---,8,46,11,80,PM25,SEDANG
202111,2021-10-11,DKI1,38,55,28,10,16,25,55,PM25,SEDANG
202111,2021-10-11,DKI2,32,59,---,9,36,21,59,PM25,SEDANG
202111,2021-10-11,DKI3,51,62,51,8,14,11,62,PM25,SEDANG
202111,2021-10-11,DKI4,61,100,37,11,20,19,100,PM25,SEDANG
202111,2021-10-11,DKI5,40,65,---,8,17,18,65,PM25,SEDANG
202112,2021-10-12,DKI1,46,59,43,14,19,12,59,PM25,SEDANG
202112,2021-10-12,DKI2,33,54,34,9,41,24,54,PM25,SEDANG
202112,2021-10-12,DKI3,51,65,47,12,---,15,65,PM25,SEDANG
202112,2021-10-12,DKI4,45,73,42,10,24,19,73,PM25,SEDANG
202112,2021-10-12,DKI5,48,63,32,8,28,30,63,PM25,SEDANG
202110,2021-10-13,DKI1,52,67,28,8,25,31,67,PM25,SEDANG
202110,2021-10-13,DKI2,57,76,63,9,58,18,76,PM25,SEDANG
202110,2021-10-13,DKI3,52,71,52,9,38,15,71,PM25,SEDANG
202110,2021-10-13,DKI4,---,91,44,8,38,19,91,PM25,SEDANG
202110,2021-10-13,DKI5,47,69,---,7,30,13,69,PM25,SEDANG
202110,2021-10-14,DKI1,64,90,33,11,35,35,90,PM25,SEDANG
202110,2021-10-14,DKI2,73,105,65,12,70,28,105,PM25,TIDAK SEHAT
202110,2021-10-14,DKI3,61,88,51,12,32,17,88,PM25,SEDANG
202110,2021-10-14,DKI4,---,131,44,12,45,32,131,PM25,TIDAK SEHAT
202110,2021-10-14,DKI5,58,91,---,10,35,14,91,PM25,SEDANG
202110,2021-10-15,DKI1,75,106,29,12,34,37,106,PM25,TIDAK SEHAT
202110,2021-10-15,DKI2,82,108,64,13,64,27,108,PM25,TIDAK SEHAT
202110,2021-10-15,DKI3,72,107,52,14,40,19,107,PM25,TIDAK SEHAT
202110,2021-10-15,DKI4,100,157,41,15,50,26,157,PM25,TIDAK SEHAT
202110,2021-10-15,DKI5,70,107,---,11,39,16,107,PM25,TIDAK SEHAT
202110,2021-10-16,DKI1,66,95,28,15,32,44,95,PM25,SEDANG
202110,2021-10-16,DKI2,64,95,63,13,63,28,95,PM25,SEDANG
202110,2021-10-16,DKI3,64,92,51,15,35,18,92,PM25,SEDANG
202110,2021-10-16,DKI4,67,122,40,14,51,23,122,PM25,TIDAK SEHAT
202110,2021-10-16,DKI5,68,112,---,14,32,17,112,PM25,TIDAK SEHAT
202110,2021-10-17,DKI1,65,93,34,11,36,30,93,PM25,SEDANG
202110,2021-10-17,DKI2,71,---,63,12,65,22,71,PM10,SEDANG
202110,2021-10-17,DKI3,65,95,51,15,39,18,95,PM25,SEDANG
202110,2021-10-17,DKI4,---,126,39,13,53,27,126,PM25,TIDAK SEHAT
202110,2021-10-17,DKI5,62,100,---,11,48,10,100,PM25,SEDANG
202110,2021-10-18,DKI1,44,55,25,9,19,26,55,PM25,SEDANG
202110,2021-10-18,DKI2,50,60,58,9,45,13,60,PM25,SEDANG
202110,2021-10-18,DKI3,51,66,50,11,24,15,66,PM25,SEDANG
202110,2021-10-18,DKI4,57,88,42,11,32,19,88,PM25,SEDANG
202110,2021-10-18,DKI5,52,73,---,11,19,15,73,PM25,SEDANG
202110,2021-10-19,DKI1,41,58,29,14,15,30,58,PM25,SEDANG
202110,2021-10-19,DKI2,46,63,60,16,42,29,63,PM25,SEDANG
202110,2021-10-19,DKI3,45,61,50,15,18,17,61,PM25,SEDANG
202110,2021-10-19,DKI4,52,80,41,18,31,23,80,PM25,SEDANG
202110,2021-10-19,DKI5,50,81,---,16,13,35,81,PM25,SEDANG
202110,2021-10-20,DKI1,33,53,29,10,21,27,53,PM25,SEDANG
202110,2021-10-20,DKI2,50,67,73,11,50,26,73,SO2,SEDANG
202110,2021-10-20,DKI3,36,52,51,10,29,12,52,PM25,SEDANG
202110,2021-10-20,DKI4,---,96,45,10,33,17,96,PM25,SEDANG
202110,2021-10-20,DKI5,42,68,---,11,22,23,68,PM25,SEDANG
202110,2021-10-21,DKI1,45,65,25,9,28,32,65,PM25,SEDANG
202110,2021-10-21,DKI2,52,68,61,9,57,24,68,PM25,SEDANG
202110,2021-10-21,DKI3,53,74,53,11,29,15,74,PM25,SEDANG
202110,2021-10-21,DKI4,---,---,44,10,48,18,48,O3,BAIK
202110,2021-10-21,DKI5,42,70,---,7,34,14,70,PM25,SEDANG
202110,2021-10-22,DKI1,64,95,31,18,19,48,95,PM25,SEDANG
202110,2021-10-22,DKI2,73,115,82,14,46,38,115,PM25,TIDAK SEHAT
202110,2021-10-22,DKI3,58,82,51,15,---,17,82,PM25,SEDANG
202110,2021-10-22,DKI4,71,120,45,13,36,21,120,PM25,TIDAK SEHAT
202110,2021-10-22,DKI5,60,95,---,15,24,26,95,PM25,SEDANG
202110,2021-10-23,DKI1,57,83,29,10,20,36,83,PM25,SEDANG
202110,2021-10-23,DKI2,67,95,81,10,53,28,95,PM25,SEDANG
202110,2021-10-23,DKI3,59,87,52,13,39,21,87,PM25,SEDANG
202110,2021-10-23,DKI4,65,109,45,10,35,20,109,PM25,TIDAK SEHAT
202110,2021-10-23,DKI5,52,80,---,10,29,16,80,PM25,SEDANG
202110,2021-10-24,DKI1,58,85,27,11,28,36,85,PM25,SEDANG
202110,2021-10-24,DKI2,62,96,60,12,62,21,96,PM25,SEDANG
202110,2021-10-24,DKI3,68,102,51,17,47,18,102,PM25,TIDAK SEHAT
202110,2021-10-24,DKI4,68,113,44,15,39,23,113,PM25,TIDAK SEHAT
202110,2021-10-24,DKI5,60,93,---,12,35,14,93,PM25,SEDANG
202110,2021-10-25,DKI1,62,95,27,14,33,37,95,PM25,SEDANG
202110,2021-10-25,DKI2,65,100,62,12,70,27,100,PM25,SEDANG
202110,2021-10-25,DKI3,62,90,51,13,38,15,90,PM25,SEDANG
202110,2021-10-25,DKI4,62,104,44,11,41,22,104,PM25,TIDAK SEHAT
202110,2021-10-25,DKI5,64,101,---,13,36,14,101,PM25,TIDAK SEHAT
202110,2021-10-26,DKI1,55,78,29,14,23,43,78,PM25,SEDANG
202110,2021-10-26,DKI2,63,83,67,13,50,32,83,PM25,SEDANG
202110,2021-10-26,DKI3,51,71,51,13,30,15,71,PM25,SEDANG
202110,2021-10-26,DKI4,75,130,45,16,36,24,130,PM25,TIDAK SEHAT
202110,2021-10-26,DKI5,58,92,---,16,29,24,92,PM25,SEDANG
202110,2021-10-27,DKI1,55,76,29,15,22,39,76,PM25,SEDANG
202110,2021-10-27,DKI2,62,86,64,10,49,21,86,PM25,SEDANG
202110,2021-10-27,DKI3,45,64,52,8,33,13,64,PM25,SEDANG
202110,2021-10-27,DKI4,59,90,43,10,50,21,90,PM25,SEDANG
202110,2021-10-27,DKI5,53,76,---,11,32,17,76,PM25,SEDANG
202110,2021-10-28,DKI1,51,69,28,16,22,39,69,PM25,SEDANG
202110,2021-10-28,DKI2,51,70,67,12,49,30,70,PM25,SEDANG
202110,2021-10-28,DKI3,47,60,51,14,15,18,60,PM25,SEDANG
202110,2021-10-28,DKI4,54,78,40,11,56,18,78,PM25,SEDANG
202110,2021-10-28,DKI5,51,77,---,16,29,27,77,PM25,SEDANG
202110,2021-10-29,DKI1,50,64,31,19,18,35,64,PM25,SEDANG
202110,2021-10-29,DKI2,54,74,80,14,49,26,80,SO2,SEDANG
202110,2021-10-29,DKI3,37,31,52,17,13,18,52,SO2,SEDANG
202110,2021-10-29,DKI4,51,79,41,15,45,15,79,PM25,SEDANG
202110,2021-10-29,DKI5,50,70,---,18,23,33,70,PM25,SEDANG
202110,2021-10-30,DKI1,48,68,31,12,25,40,68,PM25,SEDANG
202110,2021-10-30,DKI2,64,90,81,13,56,32,90,PM25,SEDANG
202110,2021-10-30,DKI3,48,31,51,12,39,18,51,SO2,SEDANG
202110,2021-10-30,DKI4,62,103,43,15,58,18,103,PM25,TIDAK SEHAT
202110,2021-10-30,DKI5,50,74,---,12,30,24,74,PM25,SEDANG
202110,2021-10-31,DKI1,53,70,27,11,32,32,70,PM25,SEDANG
202110,2021-10-31,DKI2,56,79,63,12,56,28,79,PM25,SEDANG
202110,2021-10-31,DKI3,45,27,---,28,39,---,45,PM10,BAIK
202110,2021-10-31,DKI4,---,79,---,---,---,---,79,PM25,SEDANG
202110,2021-10-31,DKI5,49,74,---,10,31,13,74,PM25,SEDANG
202101,2021-11-01,DKI1,38,54,17,14,27,10,54,PM25,SEDANG
202101,2021-11-01,DKI2,35,54,13,12,68,13,68,O3,SEDANG
202101,2021-11-01,DKI3,---,72,17,15,56,4,72,PM25,SEDANG
202101,2021-11-01,DKI4,51,,29,17,57,4,57,CO,SEDANG
202101,2021-11-01,DKI5,33,,21,10,34,9,34,CO,BAIK
202102,2021-11-02,DKI1,26,37,23,13,9,17,37,PM25,BAIK
202102,2021-11-02,DKI2,33,49,43,6,35,11,49,PM25,BAIK
202102,2021-11-02,DKI3,38,57,23,6,18,7,57,PM25,SEDANG
202102,2021-11-02,DKI4,21,50,40,7,16,5,50,PM25,BAIK
202102,2021-11-02,DKI5,23,50,36,6,10,13,50,PM25,BAIK
202103,2021-11-03,DKI1,27,35,19,9,15,21,35,PM25,BAIK
202103,2021-11-03,DKI2,38,50,26,9,43,9,50,PM25,BAIK
202103,2021-11-03,DKI3,29,52,26,7,28,11,52,PM25,SEDANG
202103,2021-11-03,DKI4,28,53,39,9,25,9,53,PM25,SEDANG
202103,2021-11-03,DKI5,---,41,20,5,22,8,41,PM25,BAIK
202104,2021-11-04,DKI1,45,68,31,12,25,31,68,PM25,SEDANG
202104,2021-11-04,DKI2,54,72,42,12,60,22,72,PM25,SEDANG
202104,2021-11-04,DKI3,62,89,25,14,---,21,89,PM25,SEDANG
202104,2021-11-04,DKI4,66,108,47,18,35,24,108,PM25,TIDAK SEHAT
202104,2021-11-04,DKI5,46,75,50,9,31,18,75,PM25,SEDANG
202105,2021-11-05,DKI1,60,88,24,12,25,24,88,PM25,SEDANG
202105,2021-11-05,DKI2,69,87,50,11,57,12,87,PM25,SEDANG
202105,2021-11-05,DKI3,---,89,26,8,34,13,89,PM25,SEDANG
202105,2021-11-05,DKI4,65,102,38,8,31,11,102,PM25,TIDAK SEHAT
202105,2021-11-05,DKI5,53,89,29,9,38,13,89,PM25,SEDANG
202106,2021-11-06,DKI1,59,77,22,15,23,40,77,PM25,SEDANG
202106,2021-11-06,DKI2,65,90,51,12,61,25,90,PM25,SEDANG
202106,2021-11-06,DKI3,60,86,47,9,30,17,86,PM25,SEDANG
202106,2021-11-06,DKI4,64,99,---,9,35,26,99,PM25,SEDANG
202106,2021-11-06,DKI5,53,87,22,10,29,25,87,PM25,SEDANG
202107,2021-11-07,DKI1,54,71,32,6,21,15,71,PM25,SEDANG
202107,2021-11-07,DKI2,---,---,54,10,54,13,54,SO2,SEDANG
202107,2021-11-07,DKI3,60,80,47,5,21,14,80,PM25,SEDANG
202107,2021-11-07,DKI4,66,119,39,10,21,17,119,PM25,TIDAK SEHAT
202107,2021-11-07,DKI5,46,70,40,6,18,13,70,PM25,SEDANG
202108,2021-11-08,DKI1,55,73,25,10,24,25,73,PM25,SEDANG
202108,2021-11-08,DKI2,58,83,50,10,59,17,83,PM25,SEDANG
202108,2021-11-08,DKI3,61,88,44,12,30,14,88,PM25,SEDANG
202108,2021-11-08,DKI4,56,102,39,11,27,23,102,PM25,TIDAK SEHAT
202108,2021-11-08,DKI5,54,92,29,11,25,25,92,PM25,SEDANG
202109,2021-11-09,DKI1,66,93,32,12,34,41,93,PM25,SEDANG
202109,2021-11-09,DKI2,70,99,53,11,46,22,99,PM25,SEDANG
202109,2021-11-09,DKI3,61,89,50,10,43,16,89,PM25,SEDANG
202109,2021-11-09,DKI4,59,109,43,10,33,30,109,PM25,TIDAK SEHAT
202109,2021-11-09,DKI5,60,98,---,8,45,16,98,PM25,SEDANG
202110,2021-11-10,DKI1,59,80,29,10,35,30,80,PM25,SEDANG
202110,2021-11-10,DKI2,68,100,64,12,66,26,100,PM25,SEDANG
202110,2021-11-10,DKI3,58,79,51,10,39,12,79,PM25,SEDANG
202110,2021-11-10,DKI4,62,100,43,10,44,26,100,PM25,SEDANG
202110,2021-11-10,DKI5,59,88,---,9,39,11,88,PM25,SEDANG
202111,2021-11-11,DKI1,41,55,48,12,13,15,55,PM25,SEDANG
202111,2021-11-11,DKI2,37,58,28,11,36,21,58,PM25,SEDANG
202111,2021-11-11,DKI3,47,61,51,12,12,14,61,PM25,SEDANG
202111,2021-11-11,DKI4,45,71,37,10,13,14,71,PM25,SEDANG
202111,2021-11-11,DKI5,42,62,---,8,10,32,62,PM25,SEDANG
202112,2021-11-12,DKI1,28,43,33,8,24,9,43,PM25,BAIK
202112,2021-11-12,DKI2,33,50,33,8,51,22,51,O3,SEDANG
202112,2021-11-12,DKI3,38,55,45,8,47,12,55,PM25,SEDANG
202112,2021-11-12,DKI4,32,60,39,7,22,17,60,PM25,SEDANG
202112,2021-11-12,DKI5,32,54,21,5,31,15,54,PM25,SEDANG
202111,2021-11-13,DKI1,51,70,36,16,27,12,70,PM25,SEDANG
202111,2021-11-13,DKI2,---,78,---,16,52,25,78,PM25,SEDANG
202111,2021-11-13,DKI3,43,65,47,13,40,18,65,PM25,SEDANG
202111,2021-11-13,DKI4,52,82,38,14,30,17,82,PM25,SEDANG
202111,2021-11-13,DKI5,46,75,---,14,29,40,75,PM25,SEDANG
202111,2021-11-14,DKI1,42,53,29,11,18,7,53,PM25,SEDANG
202111,2021-11-14,DKI2,---,59,---,13,46,19,59,PM25,SEDANG
202111,2021-11-14,DKI3,40,56,47,11,---,11,56,PM25,SEDANG
202111,2021-11-14,DKI4,48,68,36,13,24,14,68,PM25,SEDANG
202111,2021-11-14,DKI5,50,63,---,12,19,34,63,PM25,SEDANG
202111,2021-11-15,DKI1,27,39,30,8,16,7,39,PM25,BAIK
202111,2021-11-15,DKI2,---,57,---,9,36,17,57,PM25,SEDANG
202111,2021-11-15,DKI3,29,53,47,8,---,10,53,PM25,SEDANG
202111,2021-11-15,DKI4,36,58,36,7,16,11,58,PM25,SEDANG
202111,2021-11-15,DKI5,19,39,---,3,14,10,39,PM25,BAIK
202111,2021-11-16,DKI1,31,47,31,8,11,6,47,PM25,BAIK
202111,2021-11-16,DKI2,28,53,5,8,41,14,53,PM25,SEDANG
202111,2021-11-16,DKI3,53,82,47,11,24,11,82,PM25,SEDANG
202111,2021-11-16,DKI4,42,68,36,10,15,14,68,PM25,SEDANG
202111,2021-11-16,DKI5,26,49,---,3,13,10,49,PM25,BAIK
202111,2021-11-17,DKI1,55,71,50,13,15,9,71,PM25,SEDANG
202111,2021-11-17,DKI2,60,80,21,11,45,27,80,PM25,SEDANG
202111,2021-11-17,DKI3,47,66,49,9,28,11,66,PM25,SEDANG
202111,2021-11-17,DKI4,60,99,39,10,19,14,99,PM25,SEDANG
202111,2021-11-17,DKI5,52,77,19,10,14,35,77,PM25,SEDANG
202111,2021-11-18,DKI1,55,75,43,18,19,13,75,PM25,SEDANG
202111,2021-11-18,DKI2,58,81,14,10,56,24,81,PM25,SEDANG
202111,2021-11-18,DKI3,55,71,43,9,---,18,71,PM25,SEDANG
202111,2021-11-18,DKI4,63,106,41,9,27,18,106,PM25,TIDAK SEHAT
202111,2021-11-18,DKI5,52,74,24,10,20,35,74,PM25,SEDANG
202111,2021-11-19,DKI1,28,40,31,7,16,5,40,PM25,BAIK
202111,2021-11-19,DKI2,32,45,5,7,42,12,45,PM25,BAIK
202111,2021-11-19,DKI3,20,28,41,3,28,5,41,SO2,BAIK
202111,2021-11-19,DKI4,23,38,36,3,17,8,38,PM25,BAIK
202111,2021-11-19,DKI5,23,34,13,2,15,7,34,PM25,BAIK
202111,2021-11-20,DKI1,28,44,33,7,13,6,44,PM25,BAIK
202111,2021-11-20,DKI2,29,50,7,8,41,16,50,PM25,BAIK
202111,2021-11-20,DKI3,37,53,43,6,31,8,53,PM25,SEDANG
202111,2021-11-20,DKI4,26,58,38,6,21,13,58,PM25,SEDANG
202111,2021-11-20,DKI5,28,50,17,4,16,17,50,PM25,BAIK
202111,2021-11-21,DKI1,41,54,33,15,16,6,54,PM25,SEDANG
202111,2021-11-21,DKI2,40,58,7,15,45,18,58,PM25,SEDANG
202111,2021-11-21,DKI3,52,76,41,14,29,13,76,PM25,SEDANG
202111,2021-11-21,DKI4,44,65,37,19,13,14,65,PM25,SEDANG
202111,2021-11-21,DKI5,46,62,15,17,14,44,62,PM25,SEDANG
202111,2021-11-22,DKI1,27,33,32,7,14,5,33,PM25,BAIK
202111,2021-11-22,DKI2,25,44,8,7,41,12,44,PM25,BAIK
202111,2021-11-22,DKI3,29,41,42,4,27,6,42,SO2,BAIK
202111,2021-11-22,DKI4,23,45,37,4,14,9,45,PM25,BAIK
202111,2021-11-22,DKI5,22,38,15,3,14,10,38,PM25,BAIK
202111,2021-11-23,DKI1,20,30,32,7,13,5,32,SO2,BAIK
202111,2021-11-23,DKI2,25,55,5,7,41,9,55,PM25,SEDANG
202111,2021-11-23,DKI3,24,30,41,3,29,4,41,SO2,BAIK
202111,2021-11-23,DKI4,17,37,36,3,15,7,37,PM25,BAIK
202111,2021-11-23,DKI5,15,34,15,2,13,6,34,PM25,BAIK
202111,2021-11-24,DKI1,23,35,30,8,12,6,35,PM25,BAIK
202111,2021-11-24,DKI2,21,45,4,7,37,12,45,PM25,BAIK
202111,2021-11-24,DKI3,35,55,42,5,34,7,55,PM25,SEDANG
202111,2021-11-24,DKI4,27,59,37,5,26,12,59,PM25,SEDANG
202111,2021-11-24,DKI5,22,43,13,3,13,8,43,PM25,BAIK
202111,2021-11-25,DKI1,39,57,34,10,11,7,57,PM25,SEDANG
202111,2021-11-25,DKI2,39,58,7,9,40,21,58,PM25,SEDANG
202111,2021-11-25,DKI3,63,83,42,12,27,11,83,PM25,SEDANG
202111,2021-11-25,DKI4,54,80,38,11,24,18,80,PM25,SEDANG
202111,2021-11-25,DKI5,43,67,19,6,14,16,67,PM25,SEDANG
202111,2021-11-26,DKI1,34,56,32,12,9,7,56,PM25,SEDANG
202111,2021-11-26,DKI2,48,68,11,11,39,31,68,PM25,SEDANG
202111,2021-11-26,DKI3,51,71,41,17,---,10,71,PM25,SEDANG
202111,2021-11-26,DKI4,58,78,38,14,17,13,78,PM25,SEDANG
202111,2021-11-26,DKI5,32,59,16,7,15,20,59,PM25,SEDANG
202111,2021-11-27,DKI1,30,37,30,10,8,5,37,PM25,BAIK
202111,2021-11-27,DKI2,34,---,7,8,45,15,45,O3,BAIK
202111,2021-11-27,DKI3,31,41,41,8,---,13,41,PM25,BAIK
202111,2021-11-27,DKI4,37,56,37,8,13,12,56,PM25,SEDANG
202111,2021-11-27,DKI5,22,36,13,7,18,22,36,PM25,BAIK
202111,2021-11-28,DKI1,19,20,29,5,14,4,29,SO2,BAIK
202111,2021-11-28,DKI2,18,---,3,7,47,9,47,O3,BAIK
202111,2021-11-28,DKI3,16,25,41,4,34,6,41,SO2,BAIK
202111,2021-11-28,DKI4,18,33,37,4,18,10,37,SO2,BAIK
202111,2021-11-28,DKI5,18,26,12,2,16,8,26,PM25,BAIK
202111,2021-11-29,DKI1,23,28,30,7,12,5,30,SO2,BAIK
202111,2021-11-29,DKI2,22,---,4,8,42,12,42,O3,BAIK
202111,2021-11-29,DKI3,29,30,42,7,19,8,42,SO2,BAIK
202111,2021-11-29,DKI4,29,55,37,8,17,11,55,PM25,SEDANG
202111,2021-11-29,DKI5,15,34,13,3,13,9,34,PM25,BAIK
202111,2021-11-30,DKI1,29,50,31,9,18,7,50,PM25,BAIK
202111,2021-11-30,DKI2,30,---,5,8,44,17,44,O3,BAIK
202111,2021-11-30,DKI3,46,31,43,10,35,11,46,PM10,BAIK
202111,2021-11-30,DKI4,39,66,38,8,24,15,66,PM25,SEDANG
202111,2021-11-30,DKI5,23,52,15,4,21,10,52,PM25,SEDANG
202101,2021-12-01,DKI1,29,50,20,12,26,15,50,PM25,BAIK
202101,2021-12-01,DKI2,27,51,15,7,77,15,77,O3,SEDANG
202101,2021-12-01,DKI3,---,58,18,9,37,4,58,PM25,SEDANG
202101,2021-12-01,DKI4,23,,28,11,44,4,44,CO,BAIK
202101,2021-12-01,DKI5,25,,22,6,38,6,38,CO,BAIK
202102,2021-12-02,DKI1,41,52,26,16,10,16,52,PM25,SEDANG
202102,2021-12-02,DKI2,43,62,43,14,33,11,62,PM25,SEDANG
202102,2021-12-02,DKI3,63,98,25,13,20,8,98,PM25,SEDANG
202102,2021-12-02,DKI4,33,65,40,12,19,5,65,PM25,SEDANG
202102,2021-12-02,DKI5,35,65,38,11,11,42,65,PM25,SEDANG
202103,2021-12-03,DKI1,44,58,24,12,13,25,58,PM25,SEDANG
202103,2021-12-03,DKI2,51,60,27,12,45,19,60,PM25,SEDANG
202103,2021-12-03,DKI3,66,99,29,13,29,15,99,PM25,SEDANG
202103,2021-12-03,DKI4,53,83,41,19,22,13,83,PM25,SEDANG
202103,2021-12-03,DKI5,---,70,32,10,20,17,70,PM25,SEDANG
202104,2021-12-04,DKI1,55,69,26,20,15,31,69,PM25,SEDANG
202104,2021-12-04,DKI2,69,93,51,20,54,23,93,PM25,SEDANG
202104,2021-12-04,DKI3,---,69,27,15,---,16,69,PM25,SEDANG
202104,2021-12-04,DKI4,57,92,43,18,27,17,92,PM25,SEDANG
202104,2021-12-04,DKI5,58,90,30,19,21,31,90,PM25,SEDANG
202105,2021-12-05,DKI1,59,79,21,10,25,21,79,PM25,SEDANG
202105,2021-12-05,DKI2,67,87,52,10,63,8,87,PM25,SEDANG
202105,2021-12-05,DKI3,---,96,21,10,29,15,96,PM25,SEDANG
202105,2021-12-05,DKI4,67,105,37,9,27,11,105,PM25,TIDAK SEHAT
202105,2021-12-05,DKI5,50,83,27,8,36,10,83,PM25,SEDANG
202106,2021-12-06,DKI1,57,77,24,17,27,35,77,PM25,SEDANG
202106,2021-12-06,DKI2,67,91,54,12,57,25,91,PM25,SEDANG
202106,2021-12-06,DKI3,53,73,49,6,35,13,73,PM25,SEDANG
202106,2021-12-06,DKI4,55,93,27,13,30,24,93,PM25,SEDANG
202106,2021-12-06,DKI5,49,81,28,10,29,26,81,PM25,SEDANG
202107,2021-12-07,DKI1,46,59,29,5,18,13,59,PM25,SEDANG
202107,2021-12-07,DKI2,64,---,52,9,44,13,64,PM10,SEDANG
202107,2021-12-07,DKI3,50,---,47,4,14,11,50,PM10,BAIK
202107,2021-12-07,DKI4,---,---,---,---,---,---,0,,TIDAK ADA DATA
202107,2021-12-07,DKI5,39,58,28,6,14,14,58,PM25,SEDANG
202108,2021-12-08,DKI1,55,70,28,8,20,19,70,PM25,SEDANG
202108,2021-12-08,DKI2,65,88,52,10,47,18,88,PM25,SEDANG
202108,2021-12-08,DKI3,54,73,46,7,32,11,73,PM25,SEDANG
202108,2021-12-08,DKI4,57,104,40,8,21,20,104,PM25,TIDAK SEHAT
202108,2021-12-08,DKI5,54,78,32,7,27,18,78,PM25,SEDANG
202109,2021-12-09,DKI1,61,80,26,10,28,27,80,PM25,SEDANG
202109,2021-12-09,DKI2,66,82,51,9,36,12,82,PM25,SEDANG
202109,2021-12-09,DKI3,55,78,47,9,30,13,78,PM25,SEDANG
202109,2021-12-09,DKI4,63,111,41,10,24,19,111,PM25,TIDAK SEHAT
202109,2021-12-09,DKI5,58,84,---,7,29,12,84,PM25,SEDANG
202110,2021-12-10,DKI1,56,76,37,9,23,35,76,PM25,SEDANG
202110,2021-12-10,DKI2,77,105,76,12,49,31,105,PM25,TIDAK SEHAT
202110,2021-12-10,DKI3,47,65,51,8,37,11,65,PM25,SEDANG
202110,2021-12-10,DKI4,70,111,47,9,32,25,111,PM25,TIDAK SEHAT
202110,2021-12-10,DKI5,57,81,---,12,31,23,81,PM25,SEDANG
202111,2021-12-11,DKI1,32,49,31,10,16,9,49,PM25,BAIK
202111,2021-12-11,DKI2,34,54,18,9,38,19,54,PM25,SEDANG
202111,2021-12-11,DKI3,44,61,47,10,30,12,61,PM25,SEDANG
202111,2021-12-11,DKI4,32,63,37,7,19,14,63,PM25,SEDANG
202111,2021-12-11,DKI5,37,57,---,5,15,15,57,PM25,SEDANG
202112,2021-12-12,DKI1,44,57,32,17,15,7,57,PM25,SEDANG
202112,2021-12-12,DKI2,49,62,40,13,42,22,62,PM25,SEDANG
202112,2021-12-12,DKI3,48,63,43,13,---,13,63,PM25,SEDANG
202112,2021-12-12,DKI4,---,---,---,---,---,---,0,,TIDAK ADA DATA
202112,2021-12-12,DKI5,39,60,16,13,20,34,60,PM25,SEDANG
202112,2021-12-13,DKI1,31,46,34,10,13,6,46,PM25,BAIK
202112,2021-12-13,DKI2,31,53,34,9,34,23,53,PM25,SEDANG
202112,2021-12-13,DKI3,53,68,44,11,23,10,68,PM25,SEDANG
202112,2021-12-13,DKI4,---,---,---,---,---,---,0,,TIDAK ADA DATA
202112,2021-12-13,DKI5,22,45,20,3,16,14,45,PM25,BAIK
202112,2021-12-14,DKI1,46,61,46,15,16,10,61,PM25,SEDANG
202112,2021-12-14,DKI2,51,65,43,9,35,26,65,PM25,SEDANG
202112,2021-12-14,DKI3,40,---,44,7,37,11,44,SO2,BAIK
202112,2021-12-14,DKI4,50,76,40,7,28,14,76,PM25,SEDANG
202112,2021-12-14,DKI5,36,56,33,3,21,21,56,PM25,SEDANG
202112,2021-12-15,DKI1,58,75,43,19,20,14,75,PM25,SEDANG
202112,2021-12-15,DKI2,62,86,44,11,50,30,86,PM25,SEDANG
202112,2021-12-15,DKI3,54,80,43,16,---,16,80,PM25,SEDANG
202112,2021-12-15,DKI4,69,124,40,15,29,23,124,PM25,TIDAK SEHAT
202112,2021-12-15,DKI5,51,67,32,5,31,28,67,PM25,SEDANG
202112,2021-12-16,DKI1,56,74,39,20,24,16,74,PM25,SEDANG
202112,2021-12-16,DKI2,---,---,---,---,---,---,0,,TIDAK ADA DATA
202112,2021-12-16,DKI3,47,68,43,11,---,15,68,PM25,SEDANG
202112,2021-12-16,DKI4,78,136,41,14,32,18,136,PM25,TIDAK SEHAT
202112,2021-12-16,DKI5,56,82,23,11,34,36,82,PM25,SEDANG
202112,2021-12-17,DKI1,53,71,42,18,24,15,71,PM25,SEDANG
202112,2021-12-17,DKI2,58,75,35,15,57,32,75,PM25,SEDANG
202112,2021-12-17,DKI3,39,59,43,13,---,16,59,PM25,SEDANG
202112,2021-12-17,DKI4,55,81,39,13,34,17,81,PM25,SEDANG
202112,2021-12-17,DKI5,52,73,26,8,28,35,73,PM25,SEDANG
202112,2021-12-18,DKI1,51,63,39,18,22,10,63,PM25,SEDANG
202112,2021-12-18,DKI2,44,64,35,13,54,24,64,PM25,SEDANG
202112,2021-12-18,DKI3,35,58,35,10,33,12,58,PM25,SEDANG
202112,2021-12-18,DKI4,---,69,42,13,24,17,69,PM25,SEDANG
202112,2021-12-18,DKI5,45,63,18,8,22,32,63,PM25,SEDANG
202112,2021-12-19,DKI1,58,81,38,24,33,15,81,PM25,SEDANG
202112,2021-12-19,DKI2,65,96,40,21,78,33,96,PM25,SEDANG
202112,2021-12-19,DKI3,57,90,34,20,48,23,90,PM25,SEDANG
202112,2021-12-19,DKI4,64,102,41,21,40,22,102,PM25,TIDAK SEHAT
202112,2021-12-19,DKI5,54,84,19,18,35,45,84,PM25,SEDANG
202112,2021-12-20,DKI1,52,63,39,13,23,11,63,PM25,SEDANG
202112,2021-12-20,DKI2,53,67,32,11,58,20,67,PM25,SEDANG
202112,2021-12-20,DKI3,54,74,34,13,43,15,74,PM25,SEDANG
202112,2021-12-20,DKI4,57,86,42,10,30,16,86,PM25,SEDANG
202112,2021-12-20,DKI5,48,65,20,6,22,16,65,PM25,SEDANG
202112,2021-12-21,DKI1,52,74,41,19,22,17,74,PM25,SEDANG
202112,2021-12-21,DKI2,55,74,40,15,---,33,74,PM25,SEDANG
202112,2021-12-21,DKI3,49,72,34,14,39,18,72,PM25,SEDANG
202112,2021-12-21,DKI4,62,---,42,17,13,27,62,PM10,SEDANG
202112,2021-12-21,DKI5,47,73,20,15,31,49,73,PM25,SEDANG
202112,2021-12-22,DKI1,63,85,56,28,25,19,85,PM25,SEDANG
202112,2021-12-22,DKI2,65,94,36,21,54,49,94,PM25,SEDANG
202112,2021-12-22,DKI3,56,82,34,21,44,24,82,PM25,SEDANG
202112,2021-12-22,DKI4,62,98,27,22,---,34,98,PM25,SEDANG
202112,2021-12-22,DKI5,62,90,19,24,29,65,90,PM25,SEDANG
202112,2021-12-23,DKI1,56,77,57,18,20,18,77,PM25,SEDANG
202112,2021-12-23,DKI2,70,99,46,19,42,42,99,PM25,SEDANG
202112,2021-12-23,DKI3,56,78,34,12,44,17,78,PM25,SEDANG
202112,2021-12-23,DKI4,62,99,26,13,---,26,99,PM25,SEDANG
202112,2021-12-23,DKI5,59,88,24,16,23,44,88,PM25,SEDANG
202112,2021-12-24,DKI1,34,52,53,15,17,11,53,SO2,SEDANG
202112,2021-12-24,DKI2,36,56,35,15,36,27,56,PM25,SEDANG
202112,2021-12-24,DKI3,33,53,34,9,31,10,53,PM25,SEDANG
202112,2021-12-24,DKI4,34,65,---,---,---,---,65,PM25,SEDANG
202112,2021-12-24,DKI5,32,59,25,9,19,52,59,PM25,SEDANG
202112,2021-12-25,DKI1,53,68,56,17,17,9,68,PM25,SEDANG
202112,2021-12-25,DKI2,53,70,38,19,35,30,70,PM25,SEDANG
202112,2021-12-25,DKI3,54,77,33,18,31,13,77,PM25,SEDANG
202112,2021-12-25,DKI4,56,85,15,23,---,---,85,PM25,SEDANG
202112,2021-12-25,DKI5,55,81,34,17,15,62,81,PM25,SEDANG
202112,2021-12-26,DKI1,35,53,51,11,22,10,53,PM25,SEDANG
202112,2021-12-26,DKI2,41,55,38,15,37,24,55,PM25,SEDANG
202112,2021-12-26,DKI3,39,59,33,14,36,12,59,PM25,SEDANG
202112,2021-12-26,DKI4,44,71,13,14,---,8,71,PM25,SEDANG
202112,2021-12-26,DKI5,32,57,27,9,20,34,57,PM25,SEDANG
202112,2021-12-27,DKI1,52,71,61,15,20,15,71,PM25,SEDANG
202112,2021-12-27,DKI2,50,66,35,14,40,24,66,PM25,SEDANG
202112,2021-12-27,DKI3,75,116,35,23,38,21,116,PM25,TIDAK SEHAT
202112,2021-12-27,DKI4,68,121,17,21,---,12,121,PM25,TIDAK SEHAT
202112,2021-12-27,DKI5,54,76,36,14,21,47,76,PM25,SEDANG
202112,2021-12-28,DKI1,51,65,53,15,18,13,65,PM25,SEDANG
202112,2021-12-28,DKI2,53,68,38,16,34,33,68,PM25,SEDANG
202112,2021-12-28,DKI3,51,74,---,13,17,18,74,PM25,SEDANG
202112,2021-12-28,DKI4,59,89,38,15,---,22,89,PM25,SEDANG
202112,2021-12-28,DKI5,44,68,20,11,21,33,68,PM25,SEDANG
202112,2021-12-29,DKI1,31,49,54,10,24,11,54,SO2,SEDANG
202112,2021-12-29,DKI2,28,---,32,12,37,29,37,O3,BAIK
202112,2021-12-29,DKI3,47,54,21,12,20,9,54,PM25,SEDANG
202112,2021-12-29,DKI4,61,98,37,15,---,19,98,PM25,SEDANG
202112,2021-12-29,DKI5,34,54,28,8,25,29,54,PM25,SEDANG
202112,2021-12-30,DKI1,55,71,53,16,23,14,71,PM25,SEDANG
202112,2021-12-30,DKI2,47,64,38,13,38,35,64,PM25,SEDANG
202112,2021-12-30,DKI3,60,53,21,15,19,13,60,PM10,SEDANG
202112,2021-12-30,DKI4,60,102,38,17,---,21,102,PM25,TIDAK SEHAT
202112,2021-12-30,DKI5,53,75,25,15,23,44,75,PM25,SEDANG
202112,2021-12-31,DKI1,62,85,52,23,20,14,85,PM25,SEDANG
202112,2021-12-31,DKI2,61,85,33,23,37,44,85,PM25,SEDANG
202112,2021-12-31,DKI3,64,52,21,44,17,---,64,PM10,SEDANG
202112,2021-12-31,DKI4,58,90,36,21,---,22,90,PM25,SEDANG
202112,2021-12-31,DKI5,60,87,28,19,30,53,87,PM25,SEDANG
202201,2022-01-01,DKI4,57,85,48,13,34,18,85,"PM2,5",SEDANG
202203,2022-01-03,DKI5,27,50,44,11,17,12,50,"PM2,5",BAIK
202204,2022-01-04,DKI4,74,114,47,19,76,38,114,"PM2,5",TIDAK SEHAT
202205,2022-01-05,DKI4,66,126,48,24,61,26,126,"PM2,5",TIDAK SEHAT
202206,2022-01-06,DKI5,53,77,43,18,55,27,77,"PM2,5",SEDANG
202207,2022-01-07,DKI4,73,111,49,15,87,31,111,"PM2,5",TIDAK SEHAT
202208,2022-01-08,DKI4,68,109,50,12,91,19,109,"PM2,5",TIDAK SEHAT
202209,2022-01-09,DKI4,83,130,51,15,42,25,130,"PM2,5",TIDAK SEHAT
202210,2022-01-10,DKI4,80,128,52,14,39,21,128,"PM2,5",TIDAK SEHAT
202211,2022-01-11,DKI4,49,70,51,10,44,21,70,"PM2,5",SEDANG
202212,2022-01-12,DKI1,54,73,36,12,22,13,73,PM25,SEDANG
202212,2022-01-12,DKI2,59,74,46,15,50,31,74,PM25,SEDANG
202212,2022-01-12,DKI3,53,81,42,9,24,12,81,PM25,SEDANG
202212,2022-01-12,DKI4,64,93,52,7,27,19,93,PM25,SEDANG
202212,2022-01-12,DKI4,64,93,52,17,50,31,93,"PM2,5",SEDANG
202212,2022-01-12,DKI5,52,-,18,17,27,5,52,PM10,SEDANG
202201,2022-01-13,DKI2,38,62,52,15,63,32,63,O3,SEDANG
202201,2022-01-14,DKI2,46,63,48,15,63,32,63,"PM2,5",SEDANG
202201,2022-01-15,DKI3,55,69,51,15,68,29,69,"PM2,5",SEDANG
202201,2022-01-16,DKI5,67,102,47,20,65,32,102,"PM2,5",TIDAK SEHAT
202201,2022-01-17,DKI4,67,93,44,19,63,28,93,"PM2,5",SEDANG
202201,2022-01-18,DKI4,54,67,47,14,59,33,67,"PM2,5",SEDANG
202201,2022-01-19,DKI2,45,61,45,15,69,22,69,O3,SEDANG
202201,2022-01-20,DKI2,40,57,55,14,68,24,68,O3,SEDANG
202201,2022-01-21,DKI3,40,57,51,15,51,23,57,"PM2,5",SEDANG
202201,2022-01-22,DKI4,52,73,51,12,39,20,73,"PM2,5",SEDANG
202201,2022-01-23,DKI3,57,73,50,11,35,15,73,"PM2,5",SEDANG
202201,2022-01-24,DKI3,57,74,48,11,58,18,74,"PM2,5",SEDANG
202201,2022-01-25,DKI3,41,58,46,9,51,19,58,"PM2,5",SEDANG
202201,2022-01-26,DKI2,38,56,45,14,57,24,57,O3,SEDANG
202201,2022-01-27,DKI3,58,75,47,14,48,25,75,"PM2,5",SEDANG
202201,2022-01-28,DKI3,63,84,52,12,60,28,84,"PM2,5",SEDANG
202201,2022-01-29,DKI4,65,120,52,30,52,46,120,"PM2,5",TIDAK SEHAT
202201,2022-01-30,DKI4,75,129,53,25,59,50,129,"PM2,5",TIDAK SEHAT
202201,2022-01-31,DKI4,72,119,58,44,53,44,119,"PM2,5",TIDAK SEHAT
202201,2022-02-01,DKI4,40,70,45,10,36,11,70,"PM2,5",SEDANG
202203,2022-02-03,DKI2,32,51,46,15,24,15,51,"PM2,5",SEDANG
202204,2022-02-04,DKI4,61,99,42,18,70,28,99,"PM2,5",SEDANG
202205,2022-02-05,DKI4,58,90,41,16,82,17,90,"PM2,5",SEDANG
202206,2022-02-06,DKI4,56,100,44,15,76,33,100,"PM2,5",SEDANG
202207,2022-02-07,DKI4,81,137,47,18,106,29,137,"PM2,5",TIDAK SEHAT
202208,2022-02-08,DKI4,67,113,50,15,84,28,113,"PM2,5",TIDAK SEHAT
202209,2022-02-09,DKI4,71,108,51,21,35,32,108,"PM2,5",TIDAK SEHAT
202210,2022-02-10,DKI4,54,79,50,12,43,19,79,"PM2,5",SEDANG
202211,2022-02-11,DKI4,84,144,51,14,54,34,144,"PM2,5",TIDAK SEHAT
202212,2022-02-12,DKI1,53,67,39,11,14,12,67,PM25,SEDANG
202212,2022-02-12,DKI2,55,67,51,14,42,30,67,PM25,SEDANG
202212,2022-02-12,DKI3,55,92,43,11,24,13,92,PM25,SEDANG
202212,2022-02-12,DKI4,60,94,52,9,20,18,94,PM25,SEDANG
202212,2022-02-12,DKI4,60,94,52,18,42,30,94,"PM2,5",SEDANG
202212,2022-02-12,DKI5,48,-,20,18,21,5,48,PM10,BAIK
202201,2022-03-01,DKI4,49,80,49,13,37,21,80,"PM2,5",SEDANG
202203,2022-03-03,DKI4,30,55,43,12,35,18,55,"PM2,5",SEDANG
202204,2022-03-04,DKI4,51,74,39,14,40,17,74,"PM2,5",SEDANG
202205,2022-03-05,DKI2,36,58,40,13,58,23,58,"PM2,5",SEDANG
202206,2022-03-06,DKI2,51,68,44,20,72,36,72,O3,SEDANG
202207,2022-03-07,DKI2,78,126,48,17,126,25,126,"PM2,5",TIDAK SEHAT
202208,2022-03-08,DKI4,82,141,51,19,129,24,141,"PM2,5",TIDAK SEHAT
202209,2022-03-09,DKI4,64,102,50,18,37,31,102,"PM2,5",TIDAK SEHAT
202210,2022-03-10,DKI5,56,76,51,18,38,35,76,"PM2,5",SEDANG
202211,2022-03-11,DKI4,65,89,51,13,49,23,89,"PM2,5",SEDANG
202212,2022-03-12,DKI1,60,76,38,10,22,12,76,PM25,SEDANG
202212,2022-03-12,DKI2,56,73,50,15,49,31,73,PM25,SEDANG
202212,2022-03-12,DKI3,54,74,47,8,29,11,74,PM25,SEDANG
202212,2022-03-12,DKI4,55,100,52,7,26,17,100,PM25,SEDANG
202212,2022-03-12,DKI4,60,100,52,16,49,31,100,"PM2,5",SEDANG
202212,2022-03-12,DKI5,49,-,20,16,32,5,49,PM10,BAIK
202203,2022-03-13,DKI5,46,65,43,18,36,20,65,"PM2,5",SEDANG
202203,2022-03-14,DKI4,60,109,39,25,80,31,109,"PM2,5",TIDAK SEHAT
202203,2022-03-15,DKI4,56,97,41,22,54,28,97,"PM2,5",SEDANG
202203,2022-03-16,DKI4,51,76,41,21,53,25,76,"PM2,5",SEDANG
202203,2022-03-17,DKI4,77,141,40,23,77,28,141,"PM2,5",TIDAK SEHAT
202203,2022-03-18,DKI4,67,111,40,23,69,32,111,"PM2,5",TIDAK SEHAT
202203,2022-03-19,DKI4,46,73,40,15,48,20,73,"PM2,5",SEDANG
202203,2022-03-20,DKI4,55,71,39,13,34,14,71,"PM2,5",SEDANG
202203,2022-03-21,DKI4,38,53,38,10,34,8,53,"PM2,5",SEDANG
202203,2022-03-22,DKI3,50,63,38,12,35,17,63,"PM2,5",SEDANG
202203,2022-03-23,DKI5,46,61,41,16,34,19,61,"PM2,5",SEDANG
202203,2022-03-24,DKI4,43,65,43,15,40,22,65,"PM2,5",SEDANG
202203,2022-03-25,DKI5,90,122,51,19,70,29,122,"PM2,5",TIDAK SEHAT
202203,2022-03-26,DKI4,67,92,43,17,49,29,92,"PM2,5",SEDANG
202203,2022-03-27,DKI5,84,126,46,49,42,51,126,"PM2,5",TIDAK SEHAT
202203,2022-03-28,DKI5,49,62,40,12,59,28,62,"PM2,5",SEDANG
202203,2022-03-29,DKI4,61,117,44,17,52,31,117,"PM2,5",TIDAK SEHAT
202203,2022-03-30,DKI4,75,119,42,20,109,35,119,"PM2,5",TIDAK SEHAT
202203,2022-03-31,DKI4,95,160,49,34,137,34,160,"PM2,5",TIDAK SEHAT
202201,2022-04-01,DKI4,59,102,51,14,51,26,102,"PM2,5",TIDAK SEHAT
202203,2022-04-03,DKI4,32,53,41,13,45,20,53,"PM2,5",SEDANG
202204,2022-04-04,DKI4,49,71,43,23,69,27,71,"PM2,5",SEDANG
202205,2022-04-05,DKI4,51,85,41,11,77,18,85,"PM2,5",SEDANG
202206,2022-04-06,DKI4,78,136,44,26,92,51,136,"PM2,5",TIDAK SEHAT
202207,2022-04-07,DKI4,56,78,49,11,60,13,78,"PM2,5",SEDANG
202208,2022-04-08,DKI4,69,99,48,15,82,20,99,"PM2,5",SEDANG
202209,2022-04-09,DKI4,42,76,50,9,33,14,76,"PM2,5",SEDANG
202210,2022-04-10,DKI4,67,98,51,15,40,33,98,"PM2,5",SEDANG
202211,2022-04-11,DKI4,66,95,52,23,49,42,95,"PM2,5",SEDANG
202212,2022-04-12,DKI1,58,76,35,13,20,12,76,PM25,SEDANG
202212,2022-04-12,DKI2,58,70,50,19,45,34,70,PM25,SEDANG
202212,2022-04-12,DKI3,44,71,43,10,24,12,71,PM25,SEDANG
202212,2022-04-12,DKI4,65,95,52,9,18,14,95,PM25,SEDANG
202212,2022-04-12,DKI4,65,95,52,19,45,34,95,"PM2,5",SEDANG
202212,2022-04-12,DKI5,54,-,18,19,28,5,54,PM10,SEDANG
202204,2022-04-13,DKI2,78,116,42,21,118,40,118,O3,TIDAK SEHAT
202204,2022-04-14,DKI2,66,104,44,14,111,25,111,O3,TIDAK SEHAT
202204,2022-04-15,DKI4,61,102,41,15,81,28,102,"PM2,5",TIDAK SEHAT
202204,2022-04-16,DKI4,63,119,46,16,91,21,119,"PM2,5",TIDAK SEHAT
202204,2022-04-17,DKI4,76,148,52,21,93,24,148,"PM2,5",TIDAK SEHAT
202204,2022-04-18,DKI4,73,135,40,13,88,14,135,"PM2,5",TIDAK SEHAT
202204,2022-04-19,DKI2,52,78,41,13,84,29,84,O3,SEDANG
202204,2022-04-20,DKI4,61,105,42,18,69,34,105,"PM2,5",TIDAK SEHAT
202204,2022-04-21,DKI5,46,56,41,15,43,24,56,"PM2,5",SEDANG
202204,2022-04-22,DKI4,83,128,49,25,52,42,128,"PM2,5",TIDAK SEHAT
202204,2022-04-23,DKI4,60,108,42,30,52,43,108,"PM2,5",TIDAK SEHAT
202204,2022-04-24,DKI4,63,114,41,24,82,30,114,"PM2,5",TIDAK SEHAT
202204,2022-04-25,DKI4,60,118,44,14,99,28,118,"PM2,5",TIDAK SEHAT
202204,2022-04-26,DKI4,59,82,41,13,70,29,82,"PM2,5",SEDANG
202204,2022-04-27,DKI4,47,91,44,13,45,26,91,"PM2,5",SEDANG
202204,2022-04-28,DKI4,42,83,41,12,59,20,83,"PM2,5",SEDANG
202204,2022-04-29,DKI4,35,60,40,10,46,16,60,"PM2,5",SEDANG
202204,2022-04-30,DKI2,39,53,38,16,17,6,53,"PM2,5",SEDANG
202201,2022-05-01,DKI4,95,165,53,18,55,32,165,"PM2,5",TIDAK SEHAT
202203,2022-05-03,DKI4,48,68,40,17,36,22,68,"PM2,5",SEDANG
202204,2022-05-04,DKI4,73,92,53,19,73,43,92,"PM2,5",SEDANG
202205,2022-05-05,DKI4,53,102,41,13,72,20,102,"PM2,5",TIDAK SEHAT
202206,2022-05-06,DKI4,62,116,45,15,87,27,116,"PM2,5",TIDAK SEHAT
202207,2022-05-07,DKI4,66,110,47,16,61,23,110,"PM2,5",TIDAK SEHAT
202208,2022-05-08,DKI4,60,82,47,17,79,26,82,"PM2,5",SEDANG
202209,2022-05-09,DKI4,59,105,51,15,45,23,105,"PM2,5",TIDAK SEHAT
202210,2022-05-10,DKI4,51,68,50,22,36,42,68,"PM2,5",SEDANG
202211,2022-05-11,DKI4,62,81,51,22,55,42,81,"PM2,5",SEDANG
202212,2022-05-12,DKI1,54,74,35,10,20,12,74,PM25,SEDANG
202212,2022-05-12,DKI2,61,81,52,19,48,33,81,PM25,SEDANG
202212,2022-05-12,DKI3,45,76,45,9,29,10,76,PM25,SEDANG
202212,2022-05-12,DKI4,74,117,52,9,21,13,117,PM25,TIDAK SEHAT
202212,2022-05-12,DKI4,74,117,52,19,48,33,117,"PM2,5",TIDAK SEHAT
202212,2022-05-12,DKI5,53,-,17,17,32,5,53,PM10,SEDANG
202205,2022-05-13,DKI2,34,55,44,8,65,20,65,O3,SEDANG
202205,2022-05-14,DKI4,57,101,44,14,72,30,101,"PM2,5",TIDAK SEHAT
202205,2022-05-15,DKI4,77,126,42,19,87,23,126,"PM2,5",TIDAK SEHAT
202205,2022-05-16,DKI4,58,100,42,22,81,31,100,"PM2,5",SEDANG
202205,2022-05-17,DKI4,66,128,42,22,77,31,128,"PM2,5",TIDAK SEHAT
202205,2022-05-18,DKI4,62,99,42,15,89,24,99,"PM2,5",SEDANG
202205,2022-05-19,DKI4,75,136,43,28,64,46,136,"PM2,5",TIDAK SEHAT
202205,2022-05-20,DKI4,70,128,43,24,71,43,128,"PM2,5",TIDAK SEHAT
202205,2022-05-21,DKI4,58,82,44,20,58,32,82,"PM2,5",SEDANG
202205,2022-05-22,DKI4,58,110,44,17,55,25,110,"PM2,5",TIDAK SEHAT
202205,2022-05-23,DKI4,68,123,47,17,53,24,123,"PM2,5",TIDAK SEHAT
202205,2022-05-24,DKI4,58,98,46,11,54,21,98,"PM2,5",SEDANG
202205,2022-05-25,DKI4,74,121,48,16,58,27,121,"PM2,5",TIDAK SEHAT
202205,2022-05-26,DKI4,57,93,45,15,52,26,93,"PM2,5",SEDANG
202205,2022-05-27,DKI4,79,146,52,25,76,35,146,"PM2,5",TIDAK SEHAT
202205,2022-05-28,DKI3,57,105,43,17,82,33,105,"PM2,5",TIDAK SEHAT
202205,2022-05-29,DKI4,64,107,43,23,65,40,107,"PM2,5",TIDAK SEHAT
202205,2022-05-30,DKI4,51,89,45,17,58,31,89,"PM2,5",SEDANG
202205,2022-05-31,,63,100,44,44,59,44,100,,SEDANG
202201,2022-06-01,DKI4,73,117,53,16,48,42,117,"PM2,5",TIDAK SEHAT
202203,2022-06-03,DKI4,53,90,38,21,28,18,90,"PM2,5",SEDANG
202204,2022-06-04,DKI4,54,87,40,20,57,32,87,"PM2,5",SEDANG
202205,2022-06-05,DKI4,39,73,42,10,58,12,73,"PM2,5",SEDANG
202206,2022-06-06,DKI4,64,111,44,21,62,35,111,"PM2,5",TIDAK SEHAT
202207,2022-06-07,DKI4,75,129,45,25,71,26,129,"PM2,5",TIDAK SEHAT
202208,2022-06-08,DKI4,69,101,49,19,87,29,101,"PM2,5",TIDAK SEHAT
202209,2022-06-09,DKI4,63,86,51,12,43,17,86,"PM2,5",SEDANG
202210,2022-06-10,DKI4,61,89,51,20,39,32,89,"PM2,5",SEDANG
202211,2022-06-11,DKI3,63,90,51,18,38,34,90,"PM2,5",SEDANG
202212,2022-06-12,DKI1,58,79,35,14,13,13,79,PM25,SEDANG
202212,2022-06-12,DKI2,66,86,49,24,41,44,86,PM25,SEDANG
202212,2022-06-12,DKI3,51,81,45,10,28,12,81,PM25,SEDANG
202212,2022-06-12,DKI4,70,107,-,-,-,-,107,PM25,TIDAK SEHAT
202212,2022-06-12,DKI4,70,107,49,24,41,44,107,"PM2,5",TIDAK SEHAT
202212,2022-06-12,DKI5,55,-,16,18,24,5,55,PM10,SEDANG
202206,2022-06-13,DKI4,61,97,46,22,71,38,97,"PM2,5",SEDANG
202206,2022-06-14,DKI4,75,112,49,27,52,50,112,"PM2,5",TIDAK SEHAT
202206,2022-06-15,DKI4,80,141,45,25,44,43,141,"PM2,5",TIDAK SEHAT
202206,2022-06-16,DKI4,79,146,46,32,50,45,146,"PM2,5",TIDAK SEHAT
202206,2022-06-17,DKI4,85,130,45,25,50,37,130,"PM2,5",TIDAK SEHAT
202206,2022-06-18,DKI4,75,117,45,30,58,42,117,"PM2,5",TIDAK SEHAT
202206,2022-06-19,DKI4,73,118,47,23,82,37,118,"PM2,5",TIDAK SEHAT
202206,2022-06-20,DKI4,78,131,45,17,99,27,131,"PM2,5",TIDAK SEHAT
202206,2022-06-21,DKI4,79,114,47,18,70,32,114,"PM2,5",TIDAK SEHAT
202206,2022-06-22,DKI4,71,123,47,17,72,27,123,"PM2,5",TIDAK SEHAT
202206,2022-06-23,DKI4,82,119,46,19,68,32,119,"PM2,5",TIDAK SEHAT
202206,2022-06-24,DKI4,85,123,46,22,77,38,123,"PM2,5",TIDAK SEHAT
202206,2022-06-25,DKI4,82,131,46,23,60,31,131,"PM2,5",TIDAK SEHAT
202206,2022-06-26,DKI4,68,106,45,22,69,36,106,"PM2,5",TIDAK SEHAT
202206,2022-06-27,DKI4,74,102,45,22,76,33,102,"PM2,5",TIDAK SEHAT
202206,2022-06-28,DKI2,57,82,46,16,82,29,82,"PM2,5",SEDANG
202206,2022-06-29,DKI4,59,79,46,14,72,32,79,"PM2,5",SEDANG
202206,2022-06-30,DKI4,68,117,48,13,84,26,117,"PM2,5",TIDAK SEHAT
202201,2022-07-01,DKI4,71,113,48,22,38,41,113,"PM2,5",TIDAK SEHAT
202203,2022-07-03,DKI4,29,53,37,13,37,13,53,"PM2,5",SEDANG
202204,2022-07-04,DKI4,58,90,42,22,62,35,90,"PM2,5",SEDANG
202205,2022-07-05,DKI4,56,92,41,12,82,13,92,"PM2,5",SEDANG
202206,2022-07-06,DKI4,61,76,44,18,50,32,76,"PM2,5",SEDANG
202207,2022-07-07,DKI3,94,135,46,29,74,44,135,"PM2,5",TIDAK SEHAT
202208,2022-07-08,DKI4,76,119,50,18,114,29,119,"PM2,5",TIDAK SEHAT
202209,2022-07-09,DKI4,55,79,49,15,38,21,79,"PM2,5",SEDANG
202210,2022-07-10,DKI1,51,66,53,17,35,34,66,"PM2,5",SEDANG
202211,2022-07-11,DKI4,74,104,51,13,48,22,104,"PM2,5",TIDAK SEHAT
202212,2022-07-12,DKI1,48,68,34,11,18,12,68,PM25,SEDANG
202212,2022-07-12,DKI2,51,68,49,21,37,40,68,PM25,SEDANG
202212,2022-07-12,DKI3,45,72,45,10,27,13,72,PM25,SEDANG
202212,2022-07-12,DKI4,53,88,52,11,13,18,88,PM25,SEDANG
202212,2022-07-12,DKI4,53,88,52,21,37,40,88,"PM2,5",SEDANG
202212,2022-07-12,DKI5,48,-,17,18,21,5,48,PM10,BAIK
202207,2022-07-13,DKI4,69,114,48,16,65,29,114,"PM2,5",TIDAK SEHAT
202207,2022-07-14,DKI4,85,125,47,25,57,33,125,"PM2,5",TIDAK SEHAT
202207,2022-07-15,DKI4,58,86,49,12,65,18,86,"PM2,5",SEDANG
202207,2022-07-16,DKI4,36,59,46,15,48,31,59,"PM2,5",SEDANG
202207,2022-07-17,DKI4,59,89,48,28,51,36,89,"PM2,5",SEDANG
202207,2022-07-18,DKI4,75,143,48,30,84,36,143,"PM2,5",TIDAK SEHAT
202207,2022-07-19,DKI4,75,114,50,15,98,25,114,"PM2,5",TIDAK SEHAT
202207,2022-07-20,DKI4,76,124,49,18,94,26,124,"PM2,5",TIDAK SEHAT
202207,2022-07-21,DKI2,75,110,50,15,114,28,114,O3,TIDAK SEHAT
202207,2022-07-22,DKI4,74,121,50,17,96,25,121,"PM2,5",TIDAK SEHAT
202207,2022-07-23,DKI4,61,99,50,14,67,19,99,"PM2,5",SEDANG
202207,2022-07-24,DKI2,54,82,47,14,94,21,94,O3,SEDANG
202207,2022-07-25,DKI2,56,87,46,16,91,24,91,O3,SEDANG
202207,2022-07-26,DKI4,67,110,49,16,85,20,110,"PM2,5",TIDAK SEHAT
202207,2022-07-27,DKI2,70,116,50,14,118,24,118,O3,TIDAK SEHAT
202207,2022-07-28,DKI4,82,132,50,16,90,30,132,"PM2,5",TIDAK SEHAT
202207,2022-07-29,DKI4,74,123,50,12,86,22,123,"PM2,5",TIDAK SEHAT
202207,2022-07-30,DKI4,66,118,49,15,95,22,118,"PM2,5",TIDAK SEHAT
202207,2022-07-31,DKI4,80,143,49,17,115,27,143,"PM2,5",TIDAK SEHAT
202201,2022-08-01,DKI4,55,77,52,17,41,29,77,"PM2,5",SEDANG
202203,2022-08-03,DKI4,55,102,40,15,45,25,102,"PM2,5",TIDAK SEHAT
202204,2022-08-04,DKI4,52,81,40,17,50,29,81,"PM2,5",SEDANG
202205,2022-08-05,DKI4,63,98,42,19,76,21,98,"PM2,5",SEDANG
202206,2022-08-06,DKI4,65,110,44,18,54,25,110,"PM2,5",TIDAK SEHAT
202207,2022-08-07,DKI2,55,80,48,17,95,25,95,O3,SEDANG
202208,2022-08-08,DKI2,60,84,48,18,97,27,97,O3,SEDANG
202209,2022-08-09,DKI4,61,87,48,26,32,45,87,"PM2,5",SEDANG
202210,2022-08-10,DKI5,35,61,50,17,28,25,61,"PM2,5",SEDANG
202211,2022-08-11,DKI3,66,101,53,30,36,50,101,"PM2,5",TIDAK SEHAT
202212,2022-08-12,DKI1,51,62,33,9,24,11,62,PM25,SEDANG
202212,2022-08-12,DKI2,40,63,43,16,47,35,63,PM25,SEDANG
202212,2022-08-12,DKI3,51,75,44,8,32,9,75,PM25,SEDANG
202212,2022-08-12,DKI4,50,85,52,6,25,18,85,PM25,SEDANG
202212,2022-08-12,DKI4,51,85,52,16,47,35,85,"PM2,5",SEDANG
202212,2022-08-12,DKI5,41,58,17,9,34,2,58,PM25,SEDANG
202208,2022-08-13,DKI5,58,77,48,21,76,36,77,"PM2,5",SEDANG
202208,2022-08-14,DKI4,68,93,50,14,80,20,93,"PM2,5",SEDANG
202208,2022-08-15,DKI4,64,84,50,17,63,28,84,"PM2,5",SEDANG
202208,2022-08-16,DKI2,61,89,51,15,181,33,181,O3,TIDAK SEHAT
202208,2022-08-17,DKI2,55,78,48,17,108,25,108,O3,TIDAK SEHAT
202208,2022-08-18,DKI4,64,89,49,25,84,28,89,"PM2,5",SEDANG
202208,2022-08-19,DKI4,70,105,49,14,66,26,105,"PM2,5",TIDAK SEHAT
202208,2022-08-20,DKI4,76,117,50,14,69,18,117,"PM2,5",TIDAK SEHAT
202208,2022-08-21,DKI4,59,101,49,13,65,17,101,"PM2,5",TIDAK SEHAT
202208,2022-08-22,DKI2,57,78,49,13,79,22,79,O3,SEDANG
202208,2022-08-23,DKI4,76,116,49,17,81,27,116,"PM2,5",TIDAK SEHAT
202208,2022-08-24,DKI4,71,119,50,15,82,20,119,"PM2,5",TIDAK SEHAT
202208,2022-08-25,DKI4,64,98,50,12,66,19,98,"PM2,5",SEDANG
202208,2022-08-26,DKI4,76,119,53,19,53,31,119,"PM2,5",TIDAK SEHAT
202208,2022-08-27,DKI4,80,130,50,25,57,37,130,"PM2,5",TIDAK SEHAT
202208,2022-08-28,DKI5,64,85,49,17,56,30,85,"PM2,5",SEDANG
202208,2022-08-29,DKI4,58,82,49,16,55,29,82,"PM2,5",SEDANG
202208,2022-08-30,DKI4,59,84,50,15,56,29,84,"PM2,5",SEDANG
202208,2022-08-31,DKI4,85,148,51,25,74,37,148,"PM2,5",TIDAK SEHAT
202201,2022-09-01,DKI3,56,82,52,14,39,27,82,"PM2,5",SEDANG
202203,2022-09-03,DKI4,50,75,40,20,58,28,75,"PM2,5",SEDANG
202204,2022-09-04,DKI4,50,76,42,21,59,28,76,"PM2,5",SEDANG
202205,2022-09-05,DKI4,58,95,44,12,73,24,95,"PM2,5",SEDANG
202206,2022-09-06,DKI4,65,97,51,27,34,46,97,"PM2,5",SEDANG
202207,2022-09-07,DKI2,61,93,48,13,107,25,107,O3,TIDAK SEHAT
202208,2022-09-08,DKI2,61,88,50,14,103,21,103,O3,TIDAK SEHAT
202209,2022-09-09,DKI5,71,91,49,28,32,43,91,"PM2,5",SEDANG
202210,2022-09-10,DKI4,58,95,50,24,39,35,95,"PM2,5",SEDANG
202211,2022-09-11,DKI4,64,96,51,25,41,47,96,"PM2,5",SEDANG
202212,2022-09-12,DKI1,58,73,34,12,18,14,73,PM25,SEDANG
202212,2022-09-12,DKI2,54,69,51,18,31,41,69,PM25,SEDANG
202212,2022-09-12,DKI3,59,94,48,10,25,12,94,PM25,SEDANG
202212,2022-09-12,DKI3,59,94,51,21,31,41,94,"PM2,5",SEDANG
202212,2022-09-12,DKI4,54,91,51,10,12,18,91,PM25,SEDANG
202212,2022-09-12,DKI5,52,69,21,21,18,8,69,PM25,SEDANG
202209,2022-09-13,DKI1,59,81,52,18,45,32,81,"PM2,5",SEDANG
202209,2022-09-14,DKI4,67,113,53,18,42,38,113,"PM2,5",TIDAK SEHAT
202209,2022-09-15,DKI4,78,117,51,26,34,39,117,"PM2,5",TIDAK SEHAT
202209,2022-09-16,DKI4,62,100,51,18,52,33,100,"PM2,5",SEDANG
202209,2022-09-17,DKI4,70,103,51,19,49,35,103,"PM2,5",TIDAK SEHAT
202209,2022-09-18,DKI4,72,113,51,21,43,33,113,"PM2,5",TIDAK SEHAT
202209,2022-09-19,DKI4,70,113,51,17,46,28,113,"PM2,5",TIDAK SEHAT
202209,2022-09-20,DKI4,66,110,51,21,37,41,110,"PM2,5",TIDAK SEHAT
202209,2022-09-21,DKI4,69,112,50,17,42,32,112,"PM2,5",TIDAK SEHAT
202209,2022-09-22,DKI5,63,90,50,16,37,24,90,"PM2,5",SEDANG
202209,2022-09-23,DKI2,73,97,50,24,50,45,97,"PM2,5",SEDANG
202209,2022-09-24,DKI4,57,83,50,17,39,33,83,"PM2,5",SEDANG
202209,2022-09-25,DKI4,58,94,50,14,48,25,94,"PM2,5",SEDANG
202209,2022-09-26,DKI5,57,79,51,14,56,26,79,"PM2,5",SEDANG
202209,2022-09-27,DKI4,63,86,51,14,58,26,86,"PM2,5",SEDANG
202209,2022-09-28,DKI4,62,92,51,13,55,24,92,"PM2,5",SEDANG
202209,2022-09-29,DKI4,62,100,51,14,50,21,100,"PM2,5",SEDANG
202209,2022-09-30,DKI4,71,103,51,14,45,23,103,"PM2,5",TIDAK SEHAT
202201,2022-10-01,DKI3,60,87,51,13,36,26,87,"PM2,5",SEDANG
202203,2022-10-03,DKI4,60,112,42,24,79,40,112,"PM2,5",TIDAK SEHAT
202204,2022-10-04,DKI4,82,164,46,27,80,38,164,"PM2,5",TIDAK SEHAT
202205,2022-10-05,DKI4,54,86,50,17,74,28,86,"PM2,5",SEDANG
202206,2022-10-06,DKI4,56,82,44,26,49,36,82,"PM2,5",SEDANG
202207,2022-10-07,DKI4,63,93,47,13,84,19,93,"PM2,5",SEDANG
202208,2022-10-08,DKI4,73,116,49,19,82,29,116,"PM2,5",TIDAK SEHAT
202209,2022-10-09,DKI4,56,72,48,22,41,39,72,"PM2,5",SEDANG
202210,2022-10-10,DKI4,54,74,50,14,38,25,74,"PM2,5",SEDANG
202211,2022-10-11,DKI3,53,76,51,18,29,30,76,"PM2,5",SEDANG
202212,2022-10-12,DKI1,28,42,30,9,13,7,42,PM25,BAIK
202212,2022-10-12,DKI2,-,61,50,27,29,35,61,PM25,SEDANG
202212,2022-10-12,DKI3,35,54,43,9,13,6,54,PM25,SEDANG
202212,2022-10-12,DKI4,42,72,52,8,10,11,72,PM25,SEDANG
202212,2022-10-12,DKI4,42,72,52,27,29,35,72,"PM2,5",SEDANG
202212,2022-10-12,DKI5,36,53,16,18,10,-,53,PM25,SEDANG
202210,2022-10-13,DKI4,63,91,52,17,54,36,91,"PM2,5",SEDANG
202210,2022-10-14,DKI4,67,94,50,28,47,45,94,"PM2,5",SEDANG
202210,2022-10-15,DKI4,55,78,51,13,58,27,78,"PM2,5",SEDANG
202210,2022-10-16,DKI4,62,93,51,19,52,36,93,"PM2,5",SEDANG
202210,2022-10-17,DKI4,56,85,51,13,54,25,85,"PM2,5",SEDANG
202210,2022-10-18,DKI1,59,79,50,16,45,35,79,"PM2,5",SEDANG
202210,2022-10-19,DKI4,64,92,51,22,42,44,92,"PM2,5",SEDANG
202210,2022-10-20,DKI4,67,88,51,28,47,45,88,"PM2,5",SEDANG
202210,2022-10-21,DKI4,52,67,50,16,31,27,67,"PM2,5",SEDANG
202210,2022-10-22,DKI4,58,82,51,19,39,41,82,"PM2,5",SEDANG
202210,2022-10-23,DKI4,52,66,51,11,45,21,66,"PM2,5",SEDANG
202210,2022-10-24,DKI4,41,57,50,10,31,18,57,"PM2,5",SEDANG
202210,2022-10-25,DKI2,27,53,51,9,30,19,53,"PM2,5",SEDANG
202210,2022-10-26,DKI4,39,43,51,11,27,17,51,SO2,SEDANG
202210,2022-10-27,DKI4,41,66,51,18,35,27,66,"PM2,5",SEDANG
202210,2022-10-28,DKI4,54,77,51,16,33,32,77,"PM2,5",SEDANG
202210,2022-10-29,DKI4,53,86,51,15,41,29,86,"PM2,5",SEDANG
202210,2022-10-30,DKI4,51,87,51,11,49,19,87,"PM2,5",SEDANG
202210,2022-10-31,DKI4,60,78,51,21,44,22,78,"PM2,5",SEDANG
202201,2022-11-01,DKI3,46,60,53,12,37,28,60,"PM2,5",SEDANG
202203,2022-11-03,DKI4,77,107,46,23,52,52,107,"PM2,5",TIDAK SEHAT
202204,2022-11-04,DKI4,63,98,44,17,95,31,98,"PM2,5",SEDANG
202205,2022-11-05,DKI2,54,75,41,12,81,26,81,O3,SEDANG
202206,2022-11-06,DKI4,58,92,45,15,67,28,92,"PM2,5",SEDANG
202207,2022-11-07,DKI4,66,112,47,15,84,29,112,"PM2,5",TIDAK SEHAT
202208,2022-11-08,DKI4,74,107,52,19,80,27,107,"PM2,5",TIDAK SEHAT
202209,2022-11-09,DKI4,64,88,51,20,37,34,88,"PM2,5",SEDANG
202210,2022-11-10,DKI4,77,126,51,23,59,45,126,"PM2,5",TIDAK SEHAT
202211,2022-11-11,DKI4,46,71,51,19,31,25,71,"PM2,5",SEDANG
202212,2022-11-12,DKI1,43,61,31,14,23,8,61,PM25,SEDANG
202212,2022-11-12,DKI2,43,61,44,20,31,32,61,PM25,SEDANG
202212,2022-11-12,DKI3,44,68,44,8,15,9,68,PM25,SEDANG
202212,2022-11-12,DKI4,44,72,52,6,10,16,72,PM25,SEDANG
202212,2022-11-12,DKI4,44,72,52,20,31,32,72,"PM2,5",SEDANG
202212,2022-11-12,DKI5,28,45,17,9,18,-,45,PM25,BAIK
202211,2022-11-13,DKI4,38,63,51,17,38,27,63,"PM2,5",SEDANG
202211,2022-11-14,DKI4,60,85,51,17,44,28,85,"PM2,5",SEDANG
202211,2022-11-15,DKI4,59,95,51,16,39,33,95,"PM2,5",SEDANG
202211,2022-11-16,DKI3,54,80,52,10,31,22,80,"PM2,5",SEDANG
202211,2022-11-17,DKI4,58,72,52,12,35,25,72,"PM2,5",SEDANG
202211,2022-11-18,DKI2,42,53,53,16,29,27,53,"PM2,5",SEDANG
202211,2022-11-19,DKI4,47,77,56,12,27,24,77,"PM2,5",SEDANG
202211,2022-11-20,DKI4,34,51,51,7,30,12,51,"PM2,5",SEDANG
202211,2022-11-21,DKI3,40,62,51,11,29,19,62,"PM2,5",SEDANG
202211,2022-11-22,DKI3,46,72,51,10,26,15,72,"PM2,5",SEDANG
202211,2022-11-23,DKI3,50,71,52,11,29,23,71,"PM2,5",SEDANG
202211,2022-11-24,DKI4,51,66,52,10,34,24,66,"PM2,5",SEDANG
202211,2022-11-25,DKI4,52,77,52,15,38,26,77,"PM2,5",SEDANG
202211,2022-11-26,DKI4,80,131,51,20,42,45,131,"PM2,5",TIDAK SEHAT
202211,2022-11-27,DKI4,74,112,52,24,37,36,112,"PM2,5",TIDAK SEHAT
202211,2022-11-28,DKI4,59,83,51,14,50,31,83,"PM2,5",SEDANG
202211,2022-11-29,DKI4,53,73,51,22,48,32,73,"PM2,5",SEDANG
202211,2022-11-30,DKI4,65,97,52,13,40,31,97,"PM2,5",SEDANG
202201,2022-12-01,DKI4,46,59,51,15,38,29,59,"PM2,5",SEDANG
202203,2022-12-03,DKI4,50,59,39,13,41,21,59,"PM2,5",SEDANG
202204,2022-12-04,DKI4,71,107,52,22,78,43,107,"PM2,5",TIDAK SEHAT
202205,2022-12-05,DKI3,61,85,54,13,63,25,85,"PM2,5",SEDANG
202206,2022-12-06,DKI4,61,112,45,22,71,33,112,"PM2,5",TIDAK SEHAT
202207,2022-12-07,DKI4,77,123,49,17,84,28,123,"PM2,5",TIDAK SEHAT
202208,2022-12-08,DKI2,65,94,49,17,97,25,97,O3,SEDANG
202209,2022-12-09,DKI4,53,79,52,18,35,27,79,"PM2,5",SEDANG
202210,2022-12-10,DKI4,70,97,54,27,44,42,97,"PM2,5",SEDANG
202211,2022-12-11,DKI3,40,61,51,11,36,18,61,"PM2,5",SEDANG
202212,2022-12-12,DKI1,25,43,30,6,16,6,43,PM25,BAIK
202212,2022-12-12,DKI2,24,38,41,10,32,22,41,SO2,BAIK
202212,2022-12-12,DKI3,32,57,45,5,18,4,57,PM25,SEDANG
202212,2022-12-12,DKI4,37,62,51,3,16,10,62,PM25,SEDANG
202212,2022-12-12,DKI4,37,62,51,10,32,22,62,"PM2,5",SEDANG
202212,2022-12-12,DKI5,18,27,16,7,22,-,27,PM25,BAIK
202212,2022-12-13,DKI1,29,35,30,7,13,5,35,PM25,BAIK
202212,2022-12-13,DKI2,26,37,43,13,28,23,43,SO2,BAIK
202212,2022-12-13,DKI3,45,71,48,9,13,7,71,PM25,SEDANG
202212,2022-12-13,DKI3,47,71,51,13,28,23,71,"PM2,5",SEDANG
202212,2022-12-13,DKI4,47,67,51,6,8,15,67,PM25,SEDANG
202212,2022-12-13,DKI5,20,26,15,8,16,-,26,PM25,BAIK
202212,2022-12-14,DKI1,27,32,31,6,12,5,32,PM25,BAIK
202212,2022-12-14,DKI2,25,36,41,10,30,17,41,SO2,BAIK
202212,2022-12-14,DKI3,46,71,48,8,11,7,71,PM25,SEDANG
202212,2022-12-14,DKI3,46,71,51,10,30,17,71,"PM2,5",SEDANG
202212,2022-12-14,DKI4,39,66,51,5,8,12,66,PM25,SEDANG
202212,2022-12-14,DKI5,18,25,16,6,17,-,25,PM25,BAIK
202212,2022-12-15,DKI1,27,39,32,5,21,5,39,PM25,BAIK
202212,2022-12-15,DKI2,28,44,45,10,29,23,45,SO2,BAIK
202212,2022-12-15,DKI3,28,53,48,5,15,4,53,PM25,SEDANG
202212,2022-12-15,DKI4,27,60,52,1,13,8,60,PM25,SEDANG
202212,2022-12-15,DKI4,28,60,52,10,29,23,60,"PM2,5",SEDANG
202212,2022-12-15,DKI5,22,33,18,6,19,-,33,PM25,BAIK
202212,2022-12-16,DKI1,46,63,36,8,14,7,63,PM25,SEDANG
202212,2022-12-16,DKI2,49,61,52,12,28,30,61,PM25,SEDANG
202212,2022-12-16,DKI3,46,73,50,8,14,7,73,PM25,SEDANG
202212,2022-12-16,DKI4,56,83,52,5,14,13,83,PM25,SEDANG
202212,2022-12-16,DKI4,56,83,52,12,28,30,83,"PM2,5",SEDANG
202212,2022-12-16,DKI5,31,51,23,11,18,1,51,PM25,SEDANG
202212,2022-12-17,DKI1,59,78,30,19,29,9,78,PM25,SEDANG
202212,2022-12-17,DKI2,-,84,52,29,38,45,84,PM25,SEDANG
202212,2022-12-17,DKI3,54,81,49,17,12,-,81,PM25,SEDANG
202212,2022-12-17,DKI4,65,98,52,14,13,15,98,PM25,SEDANG
202212,2022-12-17,DKI4,65,98,52,30,38,45,98,"PM2,5",SEDANG
202212,2022-12-17,DKI5,52,67,19,30,20,-,67,PM25,SEDANG
202212,2022-12-18,DKI1,64,86,30,16,33,12,86,PM25,SEDANG
202212,2022-12-18,DKI2,-,89,49,21,46,45,89,PM25,SEDANG
202212,2022-12-18,DKI3,51,80,50,9,17,12,80,PM25,SEDANG
202212,2022-12-18,DKI4,61,96,52,7,17,19,96,PM25,SEDANG
202212,2022-12-18,DKI4,64,96,52,26,46,45,96,"PM2,5",SEDANG
202212,2022-12-18,DKI5,58,74,18,26,19,-,74,PM25,SEDANG
202212,2022-12-19,DKI1,58,85,32,16,23,13,85,PM25,SEDANG
202212,2022-12-19,DKI2,-,97,57,27,39,48,97,PM25,SEDANG
202212,2022-12-19,DKI3,57,87,50,12,18,13,87,PM25,SEDANG
202212,2022-12-19,DKI4,64,99,52,10,20,15,99,PM25,SEDANG
202212,2022-12-19,DKI4,64,99,57,28,39,48,99,"PM2,5",SEDANG
202212,2022-12-19,DKI5,54,73,22,28,26,-,73,PM25,SEDANG
202212,2022-12-20,DKI1,65,95,53,-,24,12,95,PM25,SEDANG
202212,2022-12-20,DKI2,-,96,54,22,29,47,96,PM25,SEDANG
202212,2022-12-20,DKI3,72,105,49,19,18,12,105,PM25,TIDAK SEHAT
202212,2022-12-20,DKI4,85,154,52,10,11,13,154,PM25,TIDAK SEHAT
202212,2022-12-20,DKI4,85,154,54,23,29,47,154,"PM2,5",TIDAK SEHAT
202212,2022-12-20,DKI5,60,72,20,23,21,5,72,PM25,SEDANG
202212,2022-12-21,DKI1,53,71,57,-,26,13,71,PM25,SEDANG
202212,2022-12-21,DKI2,-,59,62,45,25,32,62,SO2,SEDANG
202212,2022-12-21,DKI3,57,86,53,7,27,11,86,PM25,SEDANG
202212,2022-12-21,DKI3,57,86,62,45,27,32,86,"PM2,5",SEDANG
202212,2022-12-21,DKI4,53,77,54,5,16,19,77,PM25,SEDANG
202212,2022-12-21,DKI5,53,59,31,13,25,3,59,PM25,SEDANG
202212,2022-12-22,DKI1,39,59,52,-,15,9,59,PM25,SEDANG
202212,2022-12-22,DKI2,31,57,59,49,23,24,59,SO2,SEDANG
202212,2022-12-22,DKI3,36,57,49,6,13,7,57,PM25,SEDANG
202212,2022-12-22,DKI4,49,65,52,5,10,12,65,PM25,SEDANG
202212,2022-12-22,DKI4,49,65,59,49,23,24,65,"PM2,5",SEDANG
202212,2022-12-22,DKI5,37,-,24,7,17,-,37,PM10,BAIK
202212,2022-12-23,DKI1,31,39,48,10,24,7,48,SO2,BAIK
202212,2022-12-23,DKI2,26,40,57,38,21,18,57,SO2,SEDANG
202212,2022-12-23,DKI2,31,40,57,38,24,18,57,SO2,SEDANG
202212,2022-12-23,DKI3,21,33,50,4,16,3,50,SO2,BAIK
202212,2022-12-23,DKI4,22,39,52,2,11,8,52,SO2,SEDANG
202212,2022-12-23,DKI5,24,-,19,9,16,-,24,PM10,BAIK
202212,2022-12-24,DKI1,56,75,51,11,25,13,75,PM25,SEDANG
202212,2022-12-24,DKI2,46,68,57,55,26,24,68,PM25,SEDANG
202212,2022-12-24,DKI3,58,92,51,10,17,11,92,PM25,SEDANG
202212,2022-12-24,DKI3,58,92,57,55,26,24,92,"PM2,5",SEDANG
202212,2022-12-24,DKI4,-,83,52,7,13,16,83,PM25,SEDANG
202212,2022-12-24,DKI5,54,-,19,23,17,-,54,PM10,SEDANG
202212,2022-12-25,DKI1,38,52,48,10,25,9,52,PM25,SEDANG
202212,2022-12-25,DKI2,36,51,57,45,20,18,57,SO2,SEDANG
202212,2022-12-25,DKI2,42,56,57,45,25,18,57,SO2,SEDANG
202212,2022-12-25,DKI3,42,51,50,5,16,5,51,PM25,SEDANG
202212,2022-12-25,DKI4,-,56,52,5,10,13,56,PM25,SEDANG
202212,2022-12-25,DKI5,32,-,20,13,16,-,32,PM10,BAIK
202212,2022-12-26,DKI1,41,56,51,10,25,11,56,PM25,SEDANG
202212,2022-12-26,DKI2,43,62,58,54,21,27,62,PM25,SEDANG
202212,2022-12-26,DKI2,43,62,58,54,25,27,62,"PM2,5",SEDANG
202212,2022-12-26,DKI3,36,57,51,7,14,6,57,PM25,SEDANG
202212,2022-12-26,DKI4,-,58,52,4,10,14,58,PM25,SEDANG
202212,2022-12-26,DKI5,33,-,25,14,13,2,33,PM10,BAIK
202212,2022-12-27,DKI1,36,35,49,8,20,7,49,SO2,BAIK
202212,2022-12-27,DKI2,29,42,58,42,15,18,58,SO2,SEDANG
202212,2022-12-27,DKI2,36,47,58,42,20,18,58,SO2,SEDANG
202212,2022-12-27,DKI3,17,26,48,4,11,2,48,SO2,BAIK
202212,2022-12-27,DKI4,-,47,52,3,7,9,52,SO2,SEDANG
202212,2022-12-27,DKI5,23,-,23,10,12,-,23,PM10,BAIK
202212,2022-12-28,DKI1,33,51,50,11,8,7,51,PM25,SEDANG
202212,2022-12-28,DKI2,35,51,57,41,15,19,57,SO2,SEDANG
202212,2022-12-28,DKI3,46,66,49,8,8,5,66,PM25,SEDANG
202212,2022-12-28,DKI3,46,66,57,41,15,19,66,"PM2,5",SEDANG
202212,2022-12-28,DKI4,-,63,52,5,6,9,63,PM25,SEDANG
202212,2022-12-28,DKI5,28,-,23,14,9,-,28,PM10,BAIK
202212,2022-12-29,DKI1,23,27,50,10,13,7,50,SO2,BAIK
202212,2022-12-29,DKI2,23,23,57,12,16,15,57,SO2,SEDANG
202212,2022-12-29,DKI2,23,50,57,12,16,15,57,SO2,SEDANG
202212,2022-12-29,DKI3,15,50,50,4,13,-,50,PM25,BAIK
202212,2022-12-29,DKI4,-,35,52,2,8,8,52,SO2,SEDANG
202212,2022-12-29,DKI5,-,-,28,11,-,-,28,SO2,BAIK
202212,2022-12-30,DKI1,38,53,51,11,13,9,53,PM25,SEDANG
202212,2022-12-30,DKI2,40,55,57,21,17,24,57,SO2,SEDANG
202212,2022-12-30,DKI3,36,51,51,8,13,5,51,PM25,SEDANG
202212,2022-12-30,DKI4,32,64,52,7,8,12,64,PM25,SEDANG
202212,2022-12-30,DKI4,40,64,57,21,17,24,64,"PM2,5",SEDANG
202212,2022-12-30,DKI5,32,-,27,15,13,-,32,PM10,BAIK
202212,2022-12-31,DKI1,54,68,49,11,19,12,68,PM25,SEDANG
202212,2022-12-31,DKI2,47,58,56,21,23,24,58,PM25,SEDANG
202212,2022-12-31,DKI3,48,49,-,24,14,-,49,PM25,BAIK
202212,2022-12-31,DKI4,49,73,-,-,-,-,73,PM25,SEDANG
202212,2022-12-31,DKI4,54,73,56,24,23,24,73,"PM2,5",SEDANG
202212,2022-12-31,DKI5,50,-,23,21,13,-,50,PM10,BAIK
202301,2023-01-01,DKI1,44,55,47,10,24,9,55,PM25,SEDANG
202301,2023-01-01,DKI2,44,61,56,16,20,19,61,PM25,SEDANG
202301,2023-01-01,DKI3,26,43,51,5,16,2,51,SO2,SEDANG
202301,2023-01-01,DKI4,23,57,-,-,-,-,57,PM25,SEDANG
202301,2023-01-01,DKI5,30,-,21,13,14,1,52,PM10,SEDANG
202302,2023-01-02,DKI1,46,57,51,9,23,32,57,PM25,SEDANG
202302,2023-01-02,DKI2,44,55,11,9,28,21,55,PM25,SEDANG
202302,2023-01-02,DKI3,55,69,55,8,12,2,69,PM25,SEDANG
202302,2023-01-02,DKI4,51,65,55,12,13,16,65,PM25,SEDANG
202302,2023-01-02,DKI5,35,-,41,16,29,8,41,SO2,BAIK
202303,2023-01-03,DKI1,38,44,50,8,19,27,50,3,BAIK
202303,2023-01-03,DKI2,37,41,20,10,20,23,41,2,BAIK
202303,2023-01-03,DKI3,30,38,13,7,11,3,38,2,BAIK
202303,2023-01-03,DKI4,35,50,28,11,7,17,50,2,BAIK
202303,2023-01-03,DKI5,28,-,17,10,25,14,28,1,BAIK
202304,2023-01-04,DKI1,34,44,51,11,20,19,51,SO2,SEDANG
202304,2023-01-04,DKI2,31,40,22,6,24,14,40,PM25,BAIK
202304,2023-01-04,DKI3,26,33,35,3,13,-,35,SO2,BAIK
202304,2023-01-04,DKI4,-,50,31,3,13,8,50,PM25,BAIK
202304,2023-01-04,DKI5,-,-,-,-,-,-,0,-,TIDAK ADA DATA
202305,2023-01-05,DKI1,49,69,47,9,34,21,69,PM25,SEDANG
202305,2023-01-05,DKI2,50,61,23,7,35,16,61,PM25,SEDANG
202305,2023-01-05,DKI3,56,80,50,12,21,10,80,PM25,SEDANG
202305,2023-01-05,DKI4,-,76,33,-,18,14,76,PM25,SEDANG
202305,2023-01-05,DKI5,43,-,15,-,51,13,51,O3,SEDANG
202306,2023-01-06,DKI1,58,84,40,11,29,28,84,PM25,SEDANG
202306,2023-01-06,DKI2,72,94,53,10,40,25,94,PM25,SEDANG
202306,2023-01-06,DKI3,59,74,51,7,30,12,74,PM25,SEDANG
202306,2023-01-06,DKI4,-,111,39,25,23,21,111,PM25,TIDAK SEHAT
202306,2023-01-06,DKI5,54,-,21,16,51,16,54,PM10,SEDANG
202307,2023-01-07,DKI1,55,83,38,12,20,28,83,PM25,SEDANG
202307,2023-01-07,DKI2,62,76,51,11,34,26,76,PM25,SEDANG
202307,2023-01-07,DKI3,61,79,53,9,21,13,79,PM25,SEDANG
202307,2023-01-07,DKI4,-,98,38,27,17,18,98,PM25,SEDANG
202307,2023-01-07,DKI5,54,-,19,18,61,18,61,O3,SEDANG
202308,2023-01-08,DKI1,56,79,41,10,19,24,79,PM25,SEDANG
202308,2023-01-08,DKI2,67,79,57,7,27,22,79,PM25,SEDANG
202308,2023-01-08,DKI3,64,73,55,10,21,14,73,PM25,SEDANG
202308,2023-01-08,DKI4,-,103,28,17,20,14,103,PM25,TIDAK SEHAT
202308,2023-01-08,DKI5,28,-,27,16,40,18,40,O3,BAIK
202309,2023-01-09,DKI1,71,101,42,12,35,37,101,PM25,TIDAK SEHAT
202309,2023-01-09,DKI2,81,101,32,8,49,26,101,PM25,TIDAK SEHAT
202309,2023-01-09,DKI3,66,88,54,8,44,12,88,PM25,SEDANG
202309,2023-01-09,DKI4,-,117,27,24,34,24,117,PM25,TIDAK SEHAT
202309,2023-01-09,DKI5,53,-,28,20,56,22,56,O3,SEDANG
202310,2023-01-10,DKI1,75,122,43,5,37,29,122,PM25,TIDAK SEHAT
202310,2023-01-10,DKI2,82,109,20,10,40,24,109,PM25,TIDAK SEHAT
202310,2023-01-10,DKI3,70,91,54,7,36,5,91,PM25,SEDANG
202310,2023-01-10,DKI4,126,199,29,26,27,25,199,PM25,TIDAK SEHAT
202310,2023-01-10,DKI5,61,86,27,18,71,15,86,PM25,SEDANG
202311,2023-01-11,DKI1,61,86,42,8,38,41,86,PM25,SEDANG
202311,2023-01-11,DKI2,70,88,25,10,33,34,88,PM25,SEDANG
202311,2023-01-11,DKI3,59,70,55,2,33,3,70,PM25,SEDANG
202311,2023-01-11,DKI4,80,104,34,24,24,27,104,PM25,TIDAK SEHAT
202311,2023-01-11,DKI5,59,101,31,20,52,21,101,PM25,TIDAK SEHAT
202301,2023-01-13,DKI1,57,78,47,11,26,18,78,PM25,SEDANG
202301,2023-01-13,DKI2,62,81,58,13,44,20,81,PM25,SEDANG
202301,2023-01-13,DKI3,56,80,55,10,36,5,80,PM25,SEDANG
202301,2023-01-13,DKI4,-,135,55,15,28,15,135,PM25,TIDAK SEHAT
202301,2023-01-13,DKI5,51,-,25,18,47,12,26,PM25,BAIK
202301,2023-01-14,DKI1,51,70,45,11,31,14,70,PM25,SEDANG
202301,2023-01-14,DKI2,57,79,58,25,37,40,79,PM25,SEDANG
202301,2023-01-14,DKI3,49,70,54,13,24,3,70,PM25,SEDANG
202301,2023-01-14,DKI4,54,91,54,17,19,19,91,PM25,SEDANG
202301,2023-01-14,DKI5,51,-,24,19,35,8,25,PM25,BAIK
202301,2023-01-15,DKI1,46,57,44,11,24,7,57,PM25,SEDANG
202301,2023-01-15,DKI2,48,54,57,12,22,23,57,SO2,SEDANG
202301,2023-01-15,DKI3,49,66,55,9,15,2,66,PM25,SEDANG
202301,2023-01-15,DKI4,47,73,54,12,15,11,73,PM25,SEDANG
202301,2023-01-15,DKI5,36,-,25,13,24,5,33,PM25,BAIK
202301,2023-01-16,DKI1,34,40,42,11,11,6,42,SO2,BAIK
202301,2023-01-16,DKI2,35,48,56,10,19,17,56,SO2,SEDANG
202301,2023-01-16,DKI3,39,57,54,7,10,2,57,PM25,SEDANG
202301,2023-01-16,DKI4,-,-,-,-,-,-,-,-,TIDAK ADA DATA
202301,2023-01-16,DKI5,21,-,22,10,23,2,51,PM25,SEDANG
202301,2023-01-17,DKI1,40,52,45,12,9,6,52,PM25,SEDANG
202301,2023-01-17,DKI2,39,47,57,12,15,17,57,SO2,SEDANG
202301,2023-01-17,DKI3,51,76,55,8,8,-,76,PM25,SEDANG
202301,2023-01-17,DKI4,45,66,53,13,7,8,66,PM25,SEDANG
202301,2023-01-17,DKI5,33,-,26,14,21,3,67,PM25,SEDANG
202301,2023-01-18,DKI1,55,71,55,12,10,11,71,PM25,SEDANG
202301,2023-01-18,DKI2,56,66,63,15,17,27,66,PM25,SEDANG
202301,2023-01-18,DKI3,57,87,57,9,8,3,87,PM25,SEDANG
202301,2023-01-18,DKI4,42,80,54,14,8,14,80,PM25,SEDANG
202301,2023-01-18,DKI5,49,-,45,17,24,7,74,PM25,SEDANG
202301,2023-01-19,DKI1,53,63,53,11,9,10,63,PM25,SEDANG
202301,2023-01-19,DKI2,55,62,58,19,15,30,62,PM25,SEDANG
202301,2023-01-19,DKI3,43,65,57,9,6,4,65,PM25,SEDANG
202301,2023-01-19,DKI4,40,79,54,16,7,10,79,PM25,SEDANG
202301,2023-01-19,DKI5,53,-,41,19,23,6,73,PM25,SEDANG
202301,2023-01-20,DKI1,42,57,51,10,12,9,57,PM25,SEDANG
202301,2023-01-20,DKI2,36,58,59,13,16,25,59,SO2,SEDANG
202301,2023-01-20,DKI3,57,79,55,9,9,3,79,PM25,SEDANG
202301,2023-01-20,DKI4,39,65,54,13,11,10,65,PM25,SEDANG
202301,2023-01-20,DKI5,34,-,34,12,26,5,72,PM25,SEDANG
202301,2023-01-21,DKI1,42,59,-,9,10,20,59,PM25,SEDANG
202301,2023-01-21,DKI2,44,58,57,23,14,32,58,PM25,SEDANG
202301,2023-01-21,DKI3,45,69,54,9,9,2,69,PM25,SEDANG
202301,2023-01-21,DKI4,43,75,54,14,10,10,75,PM25,SEDANG
202301,2023-01-21,DKI5,35,-,26,14,22,3,59,PM25,SEDANG
202301,2023-01-22,DKI1,37,46,-,7,11,17,46,PM25,BAIK
202301,2023-01-22,DKI2,37,52,59,11,16,15,59,SO2,SEDANG
202301,2023-01-22,DKI3,45,63,52,7,7,2,63,PM25,SEDANG
202301,2023-01-22,DKI4,-,66,53,13,9,9,66,PM25,SEDANG
202301,2023-01-22,DKI5,22,-,25,11,23,4,37,PM10,BAIK
202301,2023-01-23,DKI1,21,32,-,6,13,12,32,PM25,BAIK
202301,2023-01-23,DKI2,27,53,62,8,17,9,62,SO2,SEDANG
202301,2023-01-23,DKI3,28,53,53,6,9,1,53,PM25,SEDANG
202301,2023-01-23,DKI4,37,51,53,11,11,4,53,SO2,SEDANG
202301,2023-01-23,DKI5,17,-,28,9,25,-,24,PM10,BAIK
202301,2023-01-24,DKI1,29,39,-,7,10,20,39,PM25,BAIK
202301,2023-01-24,DKI2,33,50,60,11,17,14,60,SO2,SEDANG
202301,2023-01-24,DKI3,22,31,52,5,9,0,52,SO2,SEDANG
202301,2023-01-24,DKI4,32,43,53,10,11,3,53,SO2,SEDANG
202301,2023-01-24,DKI5,19,-,29,9,26,1,54,PM10,SEDANG
202301,2023-01-25,DKI1,30,50,56,6,10,16,56,SO2,SEDANG
202301,2023-01-25,DKI2,37,45,60,10,13,14,60,SO2,SEDANG
202301,2023-01-25,DKI3,25,27,53,5,9,1,53,SO2,SEDANG
202301,2023-01-25,DKI4,52,53,55,10,10,5,55,SO2,SEDANG
202301,2023-01-25,DKI5,24,-,52,10,21,2,32,PM10,BAIK
202301,2023-01-26,DKI1,41,45,45,8,11,20,45,PM25,BAIK
202301,2023-01-26,DKI2,39,43,58,14,13,20,58,SO2,SEDANG
202301,2023-01-26,DKI3,40,64,56,9,12,2,64,PM25,SEDANG
202301,2023-01-26,DKI4,41,61,54,13,12,11,61,PM25,SEDANG
202301,2023-01-26,DKI5,35,-,27,13,25,3,33,PM10,BAIK
202301,2023-01-27,DKI1,47,56,44,11,21,25,56,PM25,SEDANG
202301,2023-01-27,DKI2,33,56,-,9,17,-,56,PM25,SEDANG
202301,2023-01-27,DKI3,59,75,56,8,10,2,75,PM25,SEDANG
202301,2023-01-27,DKI4,50,66,54,13,10,15,66,PM25,SEDANG
202301,2023-01-27,DKI5,38,-,27,16,27,6,23,PM10,BAIK
202301,2023-01-28,DKI1,33,45,41,8,14,27,45,PM25,BAIK
202301,2023-01-28,DKI2,30,48,-,10,32,25,48,PM25,BAIK
202301,2023-01-28,DKI3,50,67,56,9,9,3,67,PM25,SEDANG
202301,2023-01-28,DKI4,44,68,54,14,7,17,68,PM25,SEDANG
202301,2023-01-28,DKI5,27,-,26,16,25,6,28,PM10,BAIK
202301,2023-01-29,DKI1,50,60,43,10,20,26,60,PM25,SEDANG
202301,2023-01-29,DKI2,51,60,-,17,37,21,60,PM25,SEDANG
202301,2023-01-29,DKI3,54,43,55,11,10,3,55,SO2,SEDANG
202301,2023-01-29,DKI4,53,82,54,20,8,11,82,PM25,SEDANG
202301,2023-01-29,DKI5,54,-,27,26,25,4,28,SO2,BAIK
202301,2023-01-30,DKI1,37,56,44,9,21,27,56,PM25,SEDANG
202301,2023-01-30,DKI2,40,56,-,10,26,21,56,PM25,SEDANG
202301,2023-01-30,DKI3,58,44,54,9,15,2,58,PM10,SEDANG
202301,2023-01-30,DKI4,51,65,53,14,14,13,65,PM25,SEDANG
202301,2023-01-30,DKI5,42,-,25,17,26,5,32,PM10,BAIK
202301,2023-01-31,DKI1,50,65,55,9,16,30,65,PM25,SEDANG
202301,2023-01-31,DKI2,42,60,-,9,19,22,60,PM25,SEDANG
202301,2023-01-31,DKI3,65,55,16,22,16,15,65,PM10,SEDANG
202301,2023-01-31,DKI4,56,90,54,16,15,20,90,PM25,SEDANG
202301,2023-01-31,DKI5,38,-,42,16,28,8,50,PM10,BAIK
202301,2023-02-01,DKI1,32,43,52,9,24,8,52,SO2,SEDANG
202301,2023-02-01,DKI2,34,43,59,15,21,19,59,SO2,SEDANG
202301,2023-02-01,DKI3,23,40,51,5,16,3,51,SO2,SEDANG
202301,2023-02-01,DKI4,27,53,53,3,12,10,53,PM25,SEDANG
202301,2023-02-01,DKI5,25,-,30,13,16,2,48,PM10,BAIK
202302,2023-02-02,DKI1,49,61,43,9,26,29,61,PM25,SEDANG
202302,2023-02-02,DKI2,41,53,59,9,30,25,59,SO2,SEDANG
202302,2023-02-02,DKI3,52,72,53,12,9,3,72,PM25,SEDANG
202302,2023-02-02,DKI4,46,66,53,13,8,15,66,PM25,SEDANG
202302,2023-02-02,DKI5,38,-,28,18,31,7,38,PM10,BAIK
202303,2023-02-03,DKI1,29,33,47,11,21,27,47,3,BAIK
202303,2023-02-03,DKI2,26,38,19,13,15,25,38,2,BAIK
202303,2023-02-03,DKI3,23,29,13,7,9,2,29,2,BAIK
202303,2023-02-03,DKI4,38,39,27,10,5,13,39,2,BAIK
202303,2023-02-03,DKI5,30,-,16,12,19,15,30,1,BAIK
202304,2023-02-04,DKI1,29,46,49,12,24,17,49,SO2,BAIK
202304,2023-02-04,DKI2,27,41,22,7,26,18,41,PM25,BAIK
202304,2023-02-04,DKI3,35,56,34,5,10,6,56,PM25,SEDANG
202304,2023-02-04,DKI4,-,56,31,6,12,10,56,PM25,SEDANG
202304,2023-02-04,DKI5,-,-,-,-,-,-,0,-,TIDAK ADA DATA
202305,2023-02-05,DKI1,64,98,50,11,34,32,98,PM25,SEDANG
202305,2023-02-05,DKI2,69,97,33,10,36,21,97,PM25,SEDANG
202305,2023-02-05,DKI3,76,106,51,23,---,21,106,PM25,TIDAK SEHAT
202305,2023-02-05,DKI4,-,113,35,-,15,14,113,PM25,TIDAK SEHAT
202305,2023-02-05,DKI5,65,-,-,14,44,21,65,PM10,SEDANG
202306,2023-02-06,DKI1,62,91,41,10,31,19,91,PM25,SEDANG
202306,2023-02-06,DKI2,74,95,53,8,33,18,95,PM25,SEDANG
202306,2023-02-06,DKI3,74,99,51,8,24,14,99,PM25,SEDANG
202306,2023-02-06,DKI4,-,136,38,25,21,12,136,PM25,TIDAK SEHAT
202306,2023-02-06,DKI5,56,-,23,16,53,16,56,PM10,SEDANG
202307,2023-02-07,DKI1,55,83,37,11,26,27,83,PM25,SEDANG
202307,2023-02-07,DKI2,64,79,51,13,36,30,79,PM25,SEDANG
202307,2023-02-07,DKI3,62,79,52,10,24,11,79,PM25,SEDANG
202307,2023-02-07,DKI4,-,79,37,27,18,14,79,PM25,SEDANG
202307,2023-02-07,DKI5,44,-,20,18,56,20,56,O3,SEDANG
202308,2023-02-08,DKI1,51,74,42,9,22,24,74,PM25,SEDANG
202308,2023-02-08,DKI2,66,77,56,7,24,23,77,PM25,SEDANG
202308,2023-02-08,DKI3,64,75,54,9,22,12,75,PM25,SEDANG
202308,2023-02-08,DKI4,-,99,29,18,23,13,99,PM25,SEDANG
202308,2023-02-08,DKI5,51,-,27,15,57,17,57,O3,SEDANG
202309,2023-02-09,DKI1,74,108,43,11,34,33,108,PM25,TIDAK SEHAT
202309,2023-02-09,DKI2,77,91,28,7,44,25,91,PM25,SEDANG
202309,2023-02-09,DKI3,72,91,54,8,31,22,91,PM25,SEDANG
202309,2023-02-09,DKI4,-,112,28,23,33,21,112,PM25,TIDAK SEHAT
202309,2023-02-09,DKI5,58,-,27,19,49,18,58,PM10,SEDANG
202310,2023-02-10,DKI1,76,122,43,8,35,31,122,PM25,TIDAK SEHAT
202310,2023-02-10,DKI2,79,100,23,8,42,21,100,PM25,SEDANG
202310,2023-02-10,DKI3,66,84,55,7,32,5,84,PM25,SEDANG
202310,2023-02-10,DKI4,86,120,30,25,24,25,120,PM25,TIDAK SEHAT
202310,2023-02-10,DKI5,-,75,30,17,58,16,75,PM25,SEDANG
202311,2023-02-11,DKI1,58,84,42,6,35,38,84,PM25,SEDANG
202311,2023-02-11,DKI2,62,85,20,13,39,35,85,PM25,SEDANG
202311,2023-02-11,DKI3,55,68,55,1,33,4,68,PM25,SEDANG
202311,2023-02-11,DKI4,80,109,29,31,27,26,109,PM25,TIDAK SEHAT
202311,2023-02-11,DKI5,59,100,31,22,54,23,100,PM25,SEDANG
202302,2023-02-13,DKI1,28,26,34,5,23,13,34,SO2,BAIK
202302,2023-02-13,DKI2,28,30,17,8,16,15,30,PM25,BAIK
202302,2023-02-13,DKI3,24,31,53,8,8,3,53,SO2,SEDANG
202302,2023-02-13,DKI4,35,51,53,14,7,8,53,SO2,SEDANG
202302,2023-02-13,DKI5,27,-,21,14,20,3,27,PM10,BAIK
202302,2023-02-14,DKI1,23,18,34,5,23,11,34,SO2,BAIK
202302,2023-02-14,DKI2,21,23,16,7,16,13,23,PM25,BAIK
202302,2023-02-14,DKI3,24,34,52,7,9,2,52,SO2,SEDANG
202302,2023-02-14,DKI4,31,39,53,11,7,6,53,SO2,SEDANG
202302,2023-02-14,DKI5,20,-,21,11,21,3,21,SO2,BAIK
202302,2023-02-15,DKI1,21,21,34,6,17,11,34,SO2,BAIK
202302,2023-02-15,DKI2,23,28,17,6,17,11,28,PM25,BAIK
202302,2023-02-15,DKI3,20,33,53,6,9,1,53,SO2,SEDANG
202302,2023-02-15,DKI4,33,48,53,11,9,5,53,SO2,SEDANG
202302,2023-02-15,DKI5,13,-,22,11,22,2,22,SO2,BAIK
202302,2023-02-16,DKI1,29,30,35,6,20,15,35,SO2,BAIK
202302,2023-02-16,DKI2,32,35,20,7,17,15,35,PM25,BAIK
202302,2023-02-16,DKI3,30,48,54,7,6,1,54,SO2,SEDANG
202302,2023-02-16,DKI4,29,53,26,5,7,8,53,PM25,SEDANG
202302,2023-02-16,DKI5,21,-,24,11,21,2,24,SO2,BAIK
202302,2023-02-17,DKI1,33,43,39,7,18,21,43,PM25,BAIK
202302,2023-02-17,DKI2,38,39,22,9,17,18,39,PM25,BAIK
202302,2023-02-17,DKI3,30,41,53,7,9,1,53,SO2,SEDANG
202302,2023-02-17,DKI4,33,48,27,6,8,9,48,PM25,BAIK
202302,2023-02-17,DKI5,21,-,20,9,19,9,21,PM10,BAIK
202302,2023-02-18,DKI1,54,70,43,11,22,26,70,PM25,SEDANG
202302,2023-02-18,DKI2,52,61,19,15,19,26,61,PM25,SEDANG
202302,2023-02-18,DKI3,49,69,14,9,16,3,69,PM25,SEDANG
202302,2023-02-18,DKI4,51,75,27,11,14,14,75,PM25,SEDANG
202302,2023-02-18,DKI5,50,-,17,16,24,17,50,PM10,BAIK
202302,2023-02-19,DKI1,56,73,39,8,27,25,73,PM25,SEDANG
202302,2023-02-19,DKI2,57,69,25,13,20,23,69,PM25,SEDANG
202302,2023-02-19,DKI3,51,73,13,9,14,3,73,PM25,SEDANG
202302,2023-02-19,DKI4,60,82,27,13,13,14,82,PM25,SEDANG
202302,2023-02-19,DKI5,47,-,16,15,27,18,47,PM10,BAIK
202302,2023-02-20,DKI1,38,50,39,7,23,14,50,PM25,BAIK
202302,2023-02-20,DKI2,39,51,28,9,18,15,51,PM25,SEDANG
202302,2023-02-20,DKI3,42,56,13,7,7,-,56,PM25,SEDANG
202302,2023-02-20,DKI4,52,56,26,12,6,7,56,PM25,SEDANG
202302,2023-02-20,DKI5,30,-,15,11,20,8,30,PM10,BAIK
202302,2023-02-21,DKI1,24,32,39,8,21,16,39,SO2,BAIK
202302,2023-02-21,DKI2,25,39,19,8,14,13,39,PM25,BAIK
202302,2023-02-21,DKI3,33,45,13,6,6,-,45,PM25,BAIK
202302,2023-02-21,DKI4,40,41,26,6,6,6,41,PM25,BAIK
202302,2023-02-21,DKI5,25,-,17,8,20,7,25,PM10,BAIK
202302,2023-02-22,DKI1,29,31,40,8,23,19,40,SO2,BAIK
202302,2023-02-22,DKI2,27,37,20,7,25,16,37,PM25,BAIK
202302,2023-02-22,DKI3,29,44,13,6,9,1,44,PM25,BAIK
202302,2023-02-22,DKI4,39,43,27,6,9,8,43,PM25,BAIK
202302,2023-02-22,DKI5,18,-,17,8,22,9,22,O3,BAIK
202302,2023-02-23,DKI1,36,47,40,-,23,23,47,PM25,BAIK
202302,2023-02-23,DKI2,29,40,18,10,26,24,40,PM25,BAIK
202302,2023-02-23,DKI3,37,57,13,8,11,3,57,PM25,SEDANG
202302,2023-02-23,DKI4,50,59,27,11,8,14,59,PM25,SEDANG
202302,2023-02-23,DKI5,28,-,15,12,25,15,28,PM10,BAIK
202302,2023-02-24,DKI1,28,33,44,10,22,28,44,SO2,BAIK
202302,2023-02-24,DKI2,22,34,16,10,31,25,34,PM25,BAIK
202302,2023-02-24,DKI3,22,49,14,8,15,5,49,PM25,BAIK
202302,2023-02-24,DKI4,51,49,26,9,10,17,51,PM10,SEDANG
202302,2023-02-24,DKI5,18,-,13,11,28,18,28,O3,BAIK
202302,2023-02-25,DKI1,36,45,44,9,27,29,45,PM25,BAIK
202302,2023-02-25,DKI2,37,47,16,9,35,23,47,PM25,BAIK
202302,2023-02-25,DKI3,46,61,14,7,18,5,61,PM25,SEDANG
202302,2023-02-25,DKI4,45,55,26,11,14,18,55,PM25,SEDANG
202302,2023-02-25,DKI5,35,-,13,12,31,18,35,PM10,BAIK
202302,2023-02-26,DKI1,34,44,44,10,26,23,44,PM25,BAIK
202302,2023-02-26,DKI2,29,47,17,8,36,18,47,PM25,BAIK
202302,2023-02-26,DKI3,33,49,14,6,17,3,49,PM25,BAIK
202302,2023-02-26,DKI4,40,52,27,8,15,12,52,PM25,SEDANG
202302,2023-02-26,DKI5,23,-,14,9,32,11,32,O3,BAIK
202302,2023-02-27,DKI1,32,32,43,10,30,24,43,SO2,BAIK
202302,2023-02-27,DKI2,35,34,17,5,39,13,39,O3,BAIK
202302,2023-02-27,DKI3,28,45,13,6,21,3,45,PM25,BAIK
202302,2023-02-27,DKI4,46,50,27,7,16,15,50,PM25,BAIK
202302,2023-02-27,DKI5,20,-,13,8,33,13,33,O3,BAIK
202302,2023-02-28,DKI1,43,54,52,10,19,32,54,PM25,SEDANG
202302,2023-02-28,DKI2,35,50,22,8,26,22,50,PM25,BAIK
202302,2023-02-28,DKI3,46,63,14,7,17,4,63,PM25,SEDANG
202302,2023-02-28,DKI4,54,61,29,10,14,18,61,PM25,SEDANG
202302,2023-02-28,DKI5,30,-,21,11,28,18,30,PM10,BAIK
202301,2023-03-01,DKI1,31,35,49,9,12,7,49,SO2,BAIK
202301,2023-03-01,DKI2,28,34,57,13,21,16,57,SO2,SEDANG
202301,2023-03-01,DKI3,25,32,53,4,15,-,53,SO2,SEDANG
202301,2023-03-01,DKI4,19,43,53,3,11,9,53,SO2,SEDANG
202301,2023-03-01,DKI5,22,-,28,11,15,-,49,PM10,BAIK
202302,2023-03-02,DKI1,28,42,50,5,21,24,50,SO2,BAIK
202302,2023-03-02,DKI2,26,39,21,10,25,21,39,PM25,BAIK
202302,2023-03-02,DKI3,24,50,63,6,11,3,63,SO2,SEDANG
202302,2023-03-02,DKI4,40,53,54,10,9,12,54,SO2,SEDANG
202302,2023-03-02,DKI5,19,-,36,14,25,4,36,SO2,BAIK
202303,2023-03-03,DKI1,38,46,49,9,16,25,49,3,BAIK
202303,2023-03-03,DKI2,34,41,20,10,19,22,41,2,BAIK
202303,2023-03-03,DKI3,34,52,14,7,11,2,52,2,SEDANG
202303,2023-03-03,DKI4,35,50,28,10,8,14,50,2,BAIK
202303,2023-03-03,DKI5,39,-,18,12,22,16,39,1,BAIK
202304,2023-03-04,DKI1,53,71,52,13,19,29,71,PM25,SEDANG
202304,2023-03-04,DKI2,64,79,40,12,31,29,79,PM25,SEDANG
202304,2023-03-04,DKI3,52,71,36,9,12,15,71,PM25,SEDANG
202304,2023-03-04,DKI4,-,91,33,8,15,15,91,PM25,SEDANG
202304,2023-03-04,DKI5,-,-,-,-,-,-,0,-,TIDAK ADA DATA
202305,2023-03-05,DKI1,52,68,50,9,32,29,68,PM25,SEDANG
202305,2023-03-05,DKI2,58,70,31,7,35,19,70,PM25,SEDANG
202305,2023-03-05,DKI3,52,69,50,9,14,12,69,PM25,SEDANG
202305,2023-03-05,DKI4,-,92,35,-,18,13,92,PM25,SEDANG
202305,2023-03-05,DKI5,50,-,17,16,44,19,50,PM10,BAIK
202306,2023-03-06,DKI1,60,86,40,10,26,19,86,PM25,SEDANG
202306,2023-03-06,DKI2,69,87,55,7,33,17,87,PM25,SEDANG
202306,2023-03-06,DKI3,75,101,51,4,29,13,101,PM25,TIDAK SEHAT
202306,2023-03-06,DKI4,-,116,39,21,21,15,116,PM25,TIDAK SEHAT
202306,2023-03-06,DKI5,56,-,22,16,49,17,56,PM10,SEDANG
202307,2023-03-07,DKI1,55,81,40,10,24,28,81,PM25,SEDANG
202307,2023-03-07,DKI2,61,78,51,8,34,19,78,PM25,SEDANG
202307,2023-03-07,DKI3,57,75,53,8,29,12,75,PM25,SEDANG
202307,2023-03-07,DKI4,-,97,39,21,23,13,97,PM25,SEDANG
202307,2023-03-07,DKI5,47,-,20,16,68,17,68,O3,SEDANG
202308,2023-03-08,DKI1,60,82,40,9,32,29,82,PM25,SEDANG
202308,2023-03-08,DKI2,68,79,54,7,32,20,79,PM25,SEDANG
202308,2023-03-08,DKI3,70,82,53,7,22,12,82,PM25,SEDANG
202308,2023-03-08,DKI4,-,106,28,21,22,14,106,PM25,TIDAK SEHAT
202308,2023-03-08,DKI5,47,-,25,16,62,22,62,O3,SEDANG
202309,2023-03-09,DKI1,63,93,43,11,42,20,93,PM25,SEDANG
202309,2023-03-09,DKI2,71,89,26,5,53,12,89,PM25,SEDANG
202309,2023-03-09,DKI3,59,80,54,8,38,8,80,PM25,SEDANG
202309,2023-03-09,DKI4,-,102,26,18,32,17,102,PM25,TIDAK SEHAT
202309,2023-03-09,DKI5,43,-,27,16,53,11,53,O3,SEDANG
202310,2023-03-10,DKI1,58,86,41,7,36,26,86,PM25,SEDANG
202310,2023-03-10,DKI2,59,74,19,6,44,19,74,PM25,SEDANG
202310,2023-03-10,DKI3,56,68,54,8,32,4,68,PM25,SEDANG
202310,2023-03-10,DKI4,64,93,29,15,28,19,93,PM25,SEDANG
202310,2023-03-10,DKI5,23,65,28,15,55,11,65,PM25,SEDANG
202311,2023-03-11,DKI1,64,89,43,9,39,37,89,PM25,SEDANG
202311,2023-03-11,DKI2,69,98,22,15,32,45,98,PM25,SEDANG
202311,2023-03-11,DKI3,63,72,55,1,35,4,72,PM25,SEDANG
202311,2023-03-11,DKI4,82,108,29,34,24,28,108,PM25,TIDAK SEHAT
202311,2023-03-11,DKI5,59,101,32,22,49,22,101,PM25,TIDAK SEHAT
202303,2023-03-13,DKI1,53,72,48,12,21,33,72,2,SEDANG
202303,2023-03-13,DKI2,58,79,34,10,28,25,79,2,SEDANG
202303,2023-03-13,DKI3,55,88,39,17,27,11,88,2,SEDANG
202303,2023-03-13,DKI4,64,107,31,11,23,16,107,2,TIDAK SEHAT
202303,2023-03-13,DKI5,57,-,17,16,34,20,57,1,SEDANG
202303,2023-03-14,DKI1,51,61,47,12,15,30,61,2,SEDANG
202303,2023-03-14,DKI2,44,54,19,7,27,21,54,2,SEDANG
202303,2023-03-14,DKI3,58,81,40,15,17,11,81,2,SEDANG
202303,2023-03-14,DKI4,-,76,30,11,12,20,76,2,SEDANG
202303,2023-03-14,DKI5,56,-,18,13,28,18,56,1,SEDANG
202303,2023-03-15,DKI1,29,42,43,11,23,31,43,3,BAIK
202303,2023-03-15,DKI2,34,50,23,9,24,24,50,2,BAIK
202303,2023-03-15,DKI3,36,56,35,10,21,7,56,2,SEDANG
202303,2023-03-15,DKI4,50,63,30,9,15,19,63,2,SEDANG
202303,2023-03-15,DKI5,26,-,15,10,33,13,33,5,BAIK
202303,2023-03-16,DKI1,64,84,46,15,21,44,84,2,SEDANG
202303,2023-03-16,DKI2,68,87,23,22,20,36,87,2,SEDANG
202303,2023-03-16,DKI3,66,98,37,34,18,27,98,2,SEDANG
202303,2023-03-16,DKI4,-,107,30,19,15,20,107,2,TIDAK SEHAT
202303,2023-03-16,DKI5,59,-,14,27,24,35,59,1,SEDANG
202303,2023-03-17,DKI1,49,59,44,11,21,28,59,2,SEDANG
202303,2023-03-17,DKI2,56,64,23,10,25,20,64,2,SEDANG
202303,2023-03-17,DKI3,64,90,35,22,21,20,90,2,SEDANG
202303,2023-03-17,DKI4,-,92,30,16,16,18,92,2,SEDANG
202303,2023-03-17,DKI5,52,-,14,15,33,17,52,1,SEDANG
202303,2023-03-18,DKI1,44,60,45,12,20,34,60,2,SEDANG
202303,2023-03-18,DKI2,56,69,28,11,26,27,69,2,SEDANG
202303,2023-03-18,DKI3,49,64,37,13,30,11,64,2,SEDANG
202303,2023-03-18,DKI4,-,85,30,10,23,17,85,2,SEDANG
202303,2023-03-18,DKI5,52,-,14,14,37,20,52,1,SEDANG
202303,2023-03-19,DKI1,53,67,46,12,24,29,67,2,SEDANG
202303,2023-03-19,DKI2,62,70,31,12,28,24,70,2,SEDANG
202303,2023-03-19,DKI3,49,72,35,17,25,10,72,2,SEDANG
202303,2023-03-19,DKI4,61,84,32,12,20,16,84,2,SEDANG
202303,2023-03-19,DKI5,50,-,14,14,37,18,50,1,BAIK
202303,2023-03-20,DKI1,54,76,47,13,28,33,76,2,SEDANG
202303,2023-03-20,DKI2,57,77,22,12,32,23,77,2,SEDANG
202303,2023-03-20,DKI3,55,83,38,13,26,12,83,2,SEDANG
202303,2023-03-20,DKI4,52,91,32,12,26,19,91,2,SEDANG
202303,2023-03-20,DKI5,57,-,16,16,41,18,57,1,SEDANG
202303,2023-03-21,DKI1,54,71,47,14,20,45,71,2,SEDANG
202303,2023-03-21,DKI2,63,83,28,12,29,31,83,2,SEDANG
202303,2023-03-21,DKI3,52,70,36,19,24,25,70,2,SEDANG
202303,2023-03-21,DKI4,59,94,31,11,21,17,94,2,SEDANG
202303,2023-03-21,DKI5,53,-,16,18,38,28,53,1,SEDANG
202303,2023-03-22,DKI1,-,-,-,-,-,-,0,,TIDAK ADA DATA
202303,2023-03-22,DKI2,58,66,21,7,41,19,66,2,SEDANG
202303,2023-03-22,DKI3,52,71,35,8,26,11,71,2,SEDANG
202303,2023-03-22,DKI4,60,87,31,7,22,16,87,2,SEDANG
202303,2023-03-22,DKI5,46,-,14,11,46,14,46,1,BAIK
202303,2023-03-23,DKI1,-,-,-,-,-,-,0,,TIDAK ADA DATA
202303,2023-03-23,DKI2,40,56,21,5,37,13,56,2,SEDANG
202303,2023-03-23,DKI3,55,77,36,12,21,12,77,2,SEDANG
202303,2023-03-23,DKI4,63,87,33,13,15,11,87,2,SEDANG
202303,2023-03-23,DKI5,38,-,14,9,39,13,39,5,BAIK
202303,2023-03-24,DKI1,-,-,-,-,-,-,0,,TIDAK ADA DATA
202303,2023-03-24,DKI2,-,59,21,5,37,17,59,2,SEDANG
202303,2023-03-24,DKI3,57,87,35,11,25,13,87,2,SEDANG
202303,2023-03-24,DKI4,57,85,33,8,19,13,85,2,SEDANG
202303,2023-03-24,DKI5,53,-,14,13,43,17,53,1,SEDANG
202303,2023-03-25,DKI1,53,69,46,11,29,25,69,2,SEDANG
202303,2023-03-25,DKI2,51,71,21,10,36,28,71,2,SEDANG
202303,2023-03-25,DKI3,62,88,36,12,21,13,88,2,SEDANG
202303,2023-03-25,DKI4,-,91,32,11,18,22,91,2,SEDANG
202303,2023-03-25,DKI5,49,-,16,10,35,14,49,1,BAIK
202303,2023-03-26,DKI1,45,64,45,13,25,25,64,2,SEDANG
202303,2023-03-26,DKI2,52,62,22,10,34,27,62,2,SEDANG
202303,2023-03-26,DKI3,-,66,35,9,15,14,66,2,SEDANG
202303,2023-03-26,DKI4,-,71,31,11,14,14,71,2,SEDANG
202303,2023-03-26,DKI5,37,-,17,12,36,18,37,1,BAIK
202303,2023-03-27,DKI1,35,52,45,13,27,25,52,2,SEDANG
202303,2023-03-27,DKI2,33,52,20,9,30,26,52,2,SEDANG
202303,2023-03-27,DKI3,-,55,33,12,12,13,55,2,SEDANG
202303,2023-03-27,DKI4,-,76,31,16,12,13,76,2,SEDANG
202303,2023-03-27,DKI5,38,-,15,12,30,15,38,1,BAIK
202303,2023-03-28,DKI1,55,72,46,17,19,34,72,2,SEDANG
202303,2023-03-28,DKI2,58,76,44,19,23,34,76,2,SEDANG
202303,2023-03-28,DKI3,-,73,38,12,10,18,73,2,SEDANG
202303,2023-03-28,DKI4,-,85,32,18,7,18,85,2,SEDANG
202303,2023-03-28,DKI5,60,-,18,25,29,21,60,1,SEDANG
202303,2023-03-29,DKI1,56,74,46,16,21,33,74,2,SEDANG
202303,2023-03-29,DKI2,72,87,33,19,22,29,87,2,SEDANG
202303,2023-03-29,DKI3,70,46,37,15,12,34,70,1,SEDANG
202303,2023-03-29,DKI4,-,113,32,21,13,20,113,2,TIDAK SEHAT
202303,2023-03-29,DKI5,60,-,15,30,28,19,60,1,SEDANG
202303,2023-03-30,DKI1,49,66,52,15,22,32,66,2,SEDANG
202303,2023-03-30,DKI2,52,64,28,17,21,29,64,2,SEDANG
202303,2023-03-30,DKI3,53,52,38,11,11,19,53,1,SEDANG
202303,2023-03-30,DKI4,-,85,33,17,12,15,85,2,SEDANG
202303,2023-03-30,DKI5,52,-,21,25,26,19,52,1,SEDANG
202303,2023-03-31,DKI1,45,57,49,13,22,29,57,2,SEDANG
202303,2023-03-31,DKI2,43,53,21,12,37,26,53,2,SEDANG
202303,2023-03-31,DKI3,40,49,11,26,10,10,49,2,BAIK
202303,2023-03-31,DKI4,-,56,31,11,10,13,56,2,SEDANG
202303,2023-03-31,DKI5,51,-,20,11,35,16,51,1,SEDANG
202301,2023-04-01,DKI1,30,47,53,11,15,9,53,SO2,SEDANG
202301,2023-04-01,DKI2,31,49,60,17,21,26,60,SO2,SEDANG
202301,2023-04-01,DKI3,30,44,53,5,15,4,53,SO2,SEDANG
202301,2023-04-01,DKI4,17,51,53,4,9,10,53,SO2,SEDANG
202301,2023-04-01,DKI5,26,-,31,12,17,2,54,PM10,SEDANG
202302,2023-04-02,DKI1,55,71,53,8,25,27,71,PM25,SEDANG
202302,2023-04-02,DKI2,54,68,24,10,27,27,68,PM25,SEDANG
202302,2023-04-02,DKI3,3,65,89,11,9,11,89,SO2,SEDANG
202302,2023-04-02,DKI4,55,74,55,14,9,12,74,PM25,SEDANG
202302,2023-04-02,DKI5,50,-,47,22,25,-,50,PM10,BAIK
202303,2023-04-03,DKI1,31,40,50,---,18,21,50,3,BAIK
202303,2023-04-03,DKI2,30,36,19,11,17,19,36,2,BAIK
202303,2023-04-03,DKI3,40,60,14,7,14,3,60,2,SEDANG
202303,2023-04-03,DKI4,31,51,28,10,10,14,51,2,SEDANG
202303,2023-04-03,DKI5,25,-,15,14,22,13,25,1,BAIK
202304,2023-04-04,DKI1,46,61,51,13,12,24,61,PM25,SEDANG
202304,2023-04-04,DKI2,50,56,22,10,21,21,56,PM25,SEDANG
202304,2023-04-04,DKI3,51,69,35,6,11,8,69,PM25,SEDANG
202304,2023-04-04,DKI4,-,61,31,6,11,11,61,PM25,SEDANG
202304,2023-04-04,DKI5,39,-,18,11,31,11,39,PM10,BAIK
202305,2023-04-05,DKI1,35,51,46,10,29,31,51,PM25,SEDANG
202305,2023-04-05,DKI2,43,55,26,7,32,20,55,PM25,SEDANG
202305,2023-04-05,DKI3,34,50,49,9,19,12,50,PM25,BAIK
202305,2023-04-05,DKI4,-,62,33,21,15,15,62,PM25,SEDANG
202305,2023-04-05,DKI5,37,-,17,14,48,20,48,O3,BAIK
202306,2023-04-06,DKI1,59,89,37,10,25,22,89,PM25,SEDANG
202306,2023-04-06,DKI2,67,87,51,8,36,16,87,PM25,SEDANG
202306,2023-04-06,DKI3,64,80,50,3,26,10,80,PM25,SEDANG
202306,2023-04-06,DKI4,-,117,38,24,21,13,117,PM25,TIDAK SEHAT
202306,2023-04-06,DKI5,53,-,19,15,53,14,53,PM10,SEDANG
202307,2023-04-07,DKI1,53,76,38,12,25,31,76,PM25,SEDANG
202307,2023-04-07,DKI2,58,73,50,9,36,22,73,PM25,SEDANG
202307,2023-04-07,DKI3,62,73,52,9,25,13,73,PM25,SEDANG
202307,2023-04-07,DKI4,-,88,39,22,23,17,88,PM25,SEDANG
202307,2023-04-07,DKI5,51,-,20,15,60,17,60,O3,SEDANG
202308,2023-04-08,DKI1,62,91,38,11,39,24,91,PM25,SEDANG
202308,2023-04-08,DKI2,74,90,54,7,40,18,90,PM25,SEDANG
202308,2023-04-08,DKI3,70,83,53,8,21,11,83,PM25,SEDANG
202308,2023-04-08,DKI4,-,110,27,19,25,13,110,PM25,TIDAK SEHAT
202308,2023-04-08,DKI5,51,-,24,18,54,22,54,O3,SEDANG
202309,2023-04-09,DKI1,62,89,45,11,31,29,89,PM25,SEDANG
202309,2023-04-09,DKI2,66,83,29,6,44,16,83,PM25,SEDANG
202309,2023-04-09,DKI3,54,69,54,9,36,6,69,PM25,SEDANG
202309,2023-04-09,DKI4,-,96,27,18,33,14,96,PM25,SEDANG
202309,2023-04-09,DKI5,52,-,27,17,44,17,52,PM10,SEDANG
202310,2023-04-10,DKI1,65,95,43,7,30,33,95,PM25,SEDANG
202310,2023-04-10,DKI2,72,93,24,7,46,21,93,PM25,SEDANG
202310,2023-04-10,DKI3,60,74,55,6,32,5,74,PM25,SEDANG
202310,2023-04-10,DKI4,76,115,29,20,26,25,115,PM25,TIDAK SEHAT
202310,2023-04-10,DKI5,15,69,29,17,52,18,69,PM25,SEDANG
202311,2023-04-11,DKI1,68,97,45,8,33,41,97,PM25,SEDANG
202311,2023-04-11,DKI2,70,102,29,14,29,44,102,PM25,TIDAK SEHAT
202311,2023-04-11,DKI3,63,75,55,2,31,6,75,PM25,SEDANG
202311,2023-04-11,DKI4,89,124,30,32,19,27,124,PM25,TIDAK SEHAT
202311,2023-04-11,DKI5,64,102,33,25,43,28,102,PM25,TIDAK SEHAT
202304,2023-04-13,DKI1,27,49,45,10,11,14,49,PM25,BAIK
202304,2023-04-13,DKI2,27,36,19,6,19,13,36,PM25,BAIK
202304,2023-04-13,DKI3,40,60,50,4,9,7,60,PM25,SEDANG
202304,2023-04-13,DKI4,37,58,32,3,11,8,58,PM25,SEDANG
202304,2023-04-13,DKI5,17,-,14,5,28,4,28,O3,BAIK
202304,2023-04-14,DKI1,33,57,48,12,14,26,57,PM25,SEDANG
202304,2023-04-14,DKI2,40,57,25,9,28,21,57,PM25,SEDANG
202304,2023-04-14,DKI3,50,63,51,5,11,11,63,PM25,SEDANG
202304,2023-04-14,DKI4,50,70,34,3,17,13,70,PM25,SEDANG
202304,2023-04-14,DKI5,28,-,16,7,29,9,29,O3,BAIK
202304,2023-04-15,DKI1,65,94,52,12,27,53,94,PM25,SEDANG
202304,2023-04-15,DKI2,64,77,30,14,34,31,77,PM25,SEDANG
202304,2023-04-15,DKI3,45,58,50,6,9,13,58,PM25,SEDANG
202304,2023-04-15,DKI4,65,88,33,5,16,14,88,PM25,SEDANG
202304,2023-04-15,DKI5,40,-,18,12,34,16,40,PM10,BAIK
202304,2023-04-16,DKI1,48,63,50,11,21,22,63,PM25,SEDANG
202304,2023-04-16,DKI2,50,62,26,9,28,23,62,PM25,SEDANG
202304,2023-04-16,DKI3,46,60,49,6,15,10,60,PM25,SEDANG
202304,2023-04-16,DKI4,57,82,33,6,17,11,82,PM25,SEDANG
202304,2023-04-16,DKI5,31,-,15,7,35,8,35,O3,BAIK
202304,2023-04-17,DKI1,42,58,48,11,18,24,58,PM25,SEDANG
202304,2023-04-17,DKI2,45,56,25,8,27,21,56,PM25,SEDANG
202304,2023-04-17,DKI3,41,63,48,5,15,8,63,PM25,SEDANG
202304,2023-04-17,DKI4,51,72,32,4,19,13,72,PM25,SEDANG
202304,2023-04-17,DKI5,19,-,15,6,35,7,35,O3,BAIK
202304,2023-04-18,DKI1,51,72,52,9,27,26,72,PM25,SEDANG
202304,2023-04-18,DKI2,55,71,37,6,35,18,71,PM25,SEDANG
202304,2023-04-18,DKI3,47,64,51,7,21,12,64,PM25,SEDANG
202304,2023-04-18,DKI4,62,86,38,5,20,14,86,PM25,SEDANG
202304,2023-04-18,DKI5,49,-,16,9,50,14,50,O3,BAIK
202304,2023-04-19,DKI1,51,75,50,9,33,27,75,PM25,SEDANG
202304,2023-04-19,DKI2,56,75,29,10,45,22,75,PM25,SEDANG
202304,2023-04-19,DKI3,51,68,48,9,23,12,68,PM25,SEDANG
202304,2023-04-19,DKI4,-,88,33,7,19,11,88,PM25,SEDANG
202304,2023-04-19,DKI5,48,-,15,12,51,16,51,O3,SEDANG
202304,2023-04-20,DKI1,43,60,45,11,35,27,60,PM25,SEDANG
202304,2023-04-20,DKI2,48,67,24,13,47,26,67,PM25,SEDANG
202304,2023-04-20,DKI3,43,61,49,9,24,11,61,PM25,SEDANG
202304,2023-04-20,DKI4,-,85,32,13,18,15,85,PM25,SEDANG
202304,2023-04-20,DKI5,51,-,15,12,50,15,51,PM10,SEDANG
202304,2023-04-21,DKI1,49,71,46,9,36,23,71,PM25,SEDANG
202304,2023-04-21,DKI2,54,72,22,8,49,15,72,PM25,SEDANG
202304,2023-04-21,DKI3,51,-,50,10,22,11,51,PM10,SEDANG
202304,2023-04-21,DKI4,-,78,32,8,18,13,78,PM25,SEDANG
202304,2023-04-21,DKI5,35,-,15,9,55,12,55,O3,SEDANG
202304,2023-04-22,DKI1,45,66,46,11,32,18,66,PM25,SEDANG
202304,2023-04-22,DKI2,47,64,37,7,44,11,64,PM25,SEDANG
202304,2023-04-22,DKI3,43,-,50,19,21,10,50,SO2,BAIK
202304,2023-04-22,DKI4,-,79,33,-,19,11,79,PM25,SEDANG
202304,2023-04-22,DKI5,40,-,15,7,49,12,49,O3,BAIK
202304,2023-04-23,DKI1,45,64,50,8,38,12,64,PM25,SEDANG
202304,2023-04-23,DKI2,46,64,21,4,51,6,64,PM25,SEDANG
202304,2023-04-23,DKI3,42,-,50,8,21,6,50,SO2,BAIK
202304,2023-04-23,DKI4,-,78,34,-,21,5,78,PM25,SEDANG
202304,2023-04-23,DKI5,35,-,15,2,53,8,53,O3,SEDANG
202304,2023-04-24,DKI1,42,64,47,9,32,21,64,PM25,SEDANG
202304,2023-04-24,DKI2,51,65,41,6,39,17,65,PM25,SEDANG
202304,2023-04-24,DKI3,45,-,51,24,18,14,51,SO2,SEDANG
202304,2023-04-24,DKI4,-,76,33,6,19,10,76,PM25,SEDANG
202304,2023-04-24,DKI5,39,-,15,8,47,14,47,O3,BAIK
202304,2023-04-25,DKI1,33,48,45,9,25,19,48,PM25,BAIK
202304,2023-04-25,DKI2,37,52,25,6,34,15,52,PM25,SEDANG
202304,2023-04-25,DKI3,29,-,50,10,19,9,50,SO2,BAIK
202304,2023-04-25,DKI4,-,64,33,5,18,11,64,PM25,SEDANG
202304,2023-04-25,DKI5,34,-,15,-,47,10,47,O3,BAIK
202304,2023-04-26,DKI1,35,53,46,11,23,21,53,PM25,SEDANG
202304,2023-04-26,DKI2,42,57,32,7,27,13,57,PM25,SEDANG
202304,2023-04-26,DKI3,44,-,51,26,19,19,51,SO2,SEDANG
202304,2023-04-26,DKI4,-,80,34,7,15,13,80,PM25,SEDANG
202304,2023-04-26,DKI5,44,-,15,11,44,15,44,PM10,BAIK
202304,2023-04-27,DKI1,50,68,45,11,30,31,68,PM25,SEDANG
202304,2023-04-27,DKI2,53,70,26,13,33,23,70,PM25,SEDANG
202304,2023-04-27,DKI3,49,-,50,12,23,14,50,SO2,BAIK
202304,2023-04-27,DKI4,-,83,34,10,16,13,83,PM25,SEDANG
202304,2023-04-27,DKI5,48,-,15,10,48,19,48,PM10,BAIK
202304,2023-04-28,DKI1,34,51,45,8,29,21,51,PM25,SEDANG
202304,2023-04-28,DKI2,40,54,21,4,35,12,54,PM25,SEDANG
202304,2023-04-28,DKI3,61,-,50,11,16,14,61,PM10,SEDANG
202304,2023-04-28,DKI4,-,81,33,6,14,10,81,PM25,SEDANG
202304,2023-04-28,DKI5,31,-,14,-,49,11,49,O3,BAIK
202304,2023-04-29,DKI1,52,81,46,13,36,31,81,PM25,SEDANG
202304,2023-04-29,DKI2,56,74,22,9,42,18,74,PM25,SEDANG
202304,2023-04-29,DKI3,64,46,50,9,18,12,64,PM10,SEDANG
202304,2023-04-29,DKI4,-,98,34,9,18,18,98,PM25,SEDANG
202304,2023-04-29,DKI5,45,-,14,10,48,18,48,O3,BAIK
202304,2023-04-30,DKI1,61,87,50,10,42,26,87,PM25,SEDANG
202304,2023-04-30,DKI2,64,84,29,7,47,15,84,PM25,SEDANG
202304,2023-04-30,DKI3,64,50,50,12,26,14,64,PM10,SEDANG
202304,2023-04-30,DKI4,-,104,33,6,18,13,104,PM25,TIDAK SEHAT
202304,2023-04-30,DKI5,59,-,14,12,53,21,59,PM10,SEDANG
202301,2023-05-01,DKI1,38,50,50,13,26,11,50,PM25,BAIK
202301,2023-05-01,DKI2,37,53,57,26,21,35,57,SO2,SEDANG
202301,2023-05-01,DKI3,40,59,53,10,18,7,59,PM25,SEDANG
202301,2023-05-01,DKI4,21,59,53,19,14,11,59,PM25,SEDANG
202301,2023-05-01,DKI5,35,-,26,23,18,-,53,PM10,SEDANG
202302,2023-05-02,DKI1,45,59,45,6,27,17,59,PM25,SEDANG
202302,2023-05-02,DKI2,44,56,19,7,28,18,56,PM25,SEDANG
202302,2023-05-02,DKI3,10,62,79,10,12,8,79,SO2,SEDANG
202302,2023-05-02,DKI4,44,71,54,16,7,10,71,PM25,SEDANG
202302,2023-05-02,DKI5,35,-,31,15,25,5,35,PM10,BAIK
202303,2023-05-03,DKI1,33,41,47,11,21,22,47,3,BAIK
202303,2023-05-03,DKI2,34,45,19,10,21,18,45,2,BAIK
202303,2023-05-03,DKI3,38,46,14,6,10,2,46,2,BAIK
202303,2023-05-03,DKI4,46,50,28,9,8,11,50,2,BAIK
202303,2023-05-03,DKI5,28,-,16,12,21,12,28,1,BAIK
202304,2023-05-04,DKI1,44,68,51,14,22,29,68,PM25,SEDANG
202304,2023-05-04,DKI2,48,68,26,9,36,24,68,PM25,SEDANG
202304,2023-05-04,DKI3,52,71,39,9,14,12,71,PM25,SEDANG
202304,2023-05-04,DKI4,-,86,36,7,26,16,86,PM25,SEDANG
202304,2023-05-04,DKI5,36,-,19,9,24,12,36,PM10,BAIK
202305,2023-05-05,DKI1,45,63,46,12,38,35,63,PM25,SEDANG
202305,2023-05-05,DKI2,52,70,52,10,38,27,70,PM25,SEDANG
202305,2023-05-05,DKI3,47,72,50,17,22,15,72,PM25,SEDANG
202305,2023-05-05,DKI4,-,82,34,24,23,15,82,PM25,SEDANG
202305,2023-05-05,DKI5,42,-,16,22,57,23,57,O3,SEDANG
202306,2023-05-06,DKI1,54,75,36,12,29,24,75,PM25,SEDANG
202306,2023-05-06,DKI2,61,79,53,9,34,21,79,PM25,SEDANG
202306,2023-05-06,DKI3,58,72,51,4,26,13,72,PM25,SEDANG
202306,2023-05-06,DKI4,-,105,40,22,22,13,105,PM25,TIDAK SEHAT
202306,2023-05-06,DKI5,55,-,19,18,46,18,55,PM10,SEDANG
202307,2023-05-07,DKI1,62,95,43,11,23,35,95,PM25,SEDANG
202307,2023-05-07,DKI2,82,105,55,12,37,26,105,PM25,TIDAK SEHAT
202307,2023-05-07,DKI3,-,-,-,-,-,-,0,,TIDAK ADA DATA
202307,2023-05-07,DKI4,-,119,39,31,22,16,119,PM25,TIDAK SEHAT
202307,2023-05-07,DKI5,52,-,23,17,56,20,56,O3,SEDANG
202308,2023-05-08,DKI1,57,91,39,8,33,22,91,PM25,SEDANG
202308,2023-05-08,DKI2,73,86,54,7,34,18,86,PM25,SEDANG
202308,2023-05-08,DKI3,66,77,53,6,26,10,77,PM25,SEDANG
202308,2023-05-08,DKI4,-,111,26,18,26,12,111,PM25,TIDAK SEHAT
202308,2023-05-08,DKI5,44,-,24,14,58,14,58,O3,SEDANG
202309,2023-05-09,DKI1,66,99,46,16,27,36,99,PM25,SEDANG
202309,2023-05-09,DKI2,77,103,43,9,36,31,103,PM25,TIDAK SEHAT
202309,2023-05-09,DKI3,60,82,54,10,33,9,82,PM25,SEDANG
202309,2023-05-09,DKI4,-,134,27,28,29,21,134,PM25,TIDAK SEHAT
202309,2023-05-09,DKI5,49,89,28,18,40,20,89,PM25,SEDANG
202310,2023-05-10,DKI1,62,89,46,5,27,26,89,PM25,SEDANG
202310,2023-05-10,DKI2,66,83,22,5,34,16,83,PM25,SEDANG
202310,2023-05-10,DKI3,64,79,55,5,26,4,79,PM25,SEDANG
202310,2023-05-10,DKI4,84,123,28,20,21,12,123,PM25,TIDAK SEHAT
202310,2023-05-10,DKI5,14,65,29,16,57,15,65,PM25,SEDANG
202311,2023-05-11,DKI1,51,63,44,8,40,29,63,PM25,SEDANG
202311,2023-05-11,DKI2,56,66,24,8,30,24,66,PM25,SEDANG
202311,2023-05-11,DKI3,45,51,54,2,22,2,54,SO2,SEDANG
202311,2023-05-11,DKI4,59,74,28,22,15,16,74,PM25,SEDANG
202311,2023-05-11,DKI5,46,68,31,19,40,20,68,PM25,SEDANG
202305,2023-05-13,DKI1,39,63,52,10,28,24,63,PM25,SEDANG
202305,2023-05-13,DKI2,53,69,52,6,32,18,69,PM25,SEDANG
202305,2023-05-13,DKI3,54,78,51,8,19,17,78,PM25,SEDANG
202305,2023-05-13,DKI4,-,89,36,20,17,12,89,PM25,SEDANG
202305,2023-05-13,DKI5,39,-,20,15,45,17,45,O3,BAIK
202305,2023-05-14,DKI1,37,63,50,9,30,29,63,PM25,SEDANG
202305,2023-05-14,DKI2,53,77,51,10,29,26,77,PM25,SEDANG
202305,2023-05-14,DKI3,-,57,50,6,22,13,57,PM25,SEDANG
202305,2023-05-14,DKI4,-,78,34,23,17,12,78,PM25,SEDANG
202305,2023-05-14,DKI5,46,-,18,18,44,19,46,PM10,BAIK
202305,2023-05-15,DKI1,46,71,51,12,21,32,71,PM25,SEDANG
202305,2023-05-15,DKI2,59,77,51,9,37,26,77,PM25,SEDANG
202305,2023-05-15,DKI3,54,74,50,9,25,12,74,PM25,SEDANG
202305,2023-05-15,DKI4,-,102,37,24,25,17,102,PM25,TIDAK SEHAT
202305,2023-05-15,DKI5,48,-,21,18,41,18,48,PM10,BAIK
202305,2023-05-16,DKI1,56,77,51,12,21,35,77,PM25,SEDANG
202305,2023-05-16,DKI2,70,87,51,9,35,22,87,PM25,SEDANG
202305,2023-05-16,DKI3,64,80,51,6,31,11,80,PM25,SEDANG
202305,2023-05-16,DKI4,-,104,37,22,26,17,104,PM25,TIDAK SEHAT
202305,2023-05-16,DKI5,53,-,20,16,45,17,53,PM10,SEDANG
202305,2023-05-17,DKI1,61,81,52,11,18,32,81,PM25,SEDANG
202305,2023-05-17,DKI2,69,86,52,7,31,20,86,PM25,SEDANG
202305,2023-05-17,DKI3,58,83,51,7,28,14,83,PM25,SEDANG
202305,2023-05-17,DKI4,-,114,37,22,22,15,114,PM25,TIDAK SEHAT
202305,2023-05-17,DKI5,52,-,20,17,41,20,52,PM10,SEDANG
202305,2023-05-18,DKI1,57,84,53,10,25,25,84,PM25,SEDANG
202305,2023-05-18,DKI2,71,95,52,8,34,21,95,PM25,SEDANG
202305,2023-05-18,DKI3,62,85,51,6,26,11,85,PM25,SEDANG
202305,2023-05-18,DKI4,-,113,37,21,22,16,113,PM25,TIDAK SEHAT
202305,2023-05-18,DKI5,49,-,23,16,42,20,49,PM10,BAIK
202305,2023-05-19,DKI1,60,91,52,12,24,34,91,PM25,SEDANG
202305,2023-05-19,DKI2,68,87,52,8,37,17,87,PM25,SEDANG
202305,2023-05-19,DKI3,77,107,51,6,22,16,107,PM25,TIDAK SEHAT
202305,2023-05-19,DKI4,-,114,37,23,23,16,114,PM25,TIDAK SEHAT
202305,2023-05-19,DKI5,58,-,21,17,48,21,58,PM10,SEDANG
202305,2023-05-20,DKI1,63,93,53,10,23,28,93,PM25,SEDANG
202305,2023-05-20,DKI2,71,93,53,9,31,24,93,PM25,SEDANG
202305,2023-05-20,DKI3,74,95,53,7,25,15,95,PM25,SEDANG
202305,2023-05-20,DKI4,-,119,36,27,16,16,119,PM25,TIDAK SEHAT
202305,2023-05-20,DKI5,57,-,24,18,45,25,57,PM10,SEDANG
202305,2023-05-21,DKI1,66,99,52,10,27,27,99,PM25,SEDANG
202305,2023-05-21,DKI2,72,98,52,8,39,16,98,PM25,SEDANG
202305,2023-05-21,DKI3,67,90,51,11,24,12,90,PM25,SEDANG
202305,2023-05-21,DKI4,-,118,37,26,22,15,118,PM25,TIDAK SEHAT
202305,2023-05-21,DKI5,61,-,21,18,48,19,61,PM10,SEDANG
202305,2023-05-22,DKI1,60,86,47,11,37,36,86,PM25,SEDANG
202305,2023-05-22,DKI2,68,89,52,13,38,27,89,PM25,SEDANG
202305,2023-05-22,DKI3,58,76,49,16,24,12,76,PM25,SEDANG
202305,2023-05-22,DKI4,-,97,35,30,27,17,97,PM25,SEDANG
202305,2023-05-22,DKI5,52,-,17,20,55,21,55,O3,SEDANG
202305,2023-05-23,DKI1,68,96,51,10,21,35,96,PM25,SEDANG
202305,2023-05-23,DKI2,79,99,53,14,27,33,99,PM25,SEDANG
202305,2023-05-23,DKI3,67,91,51,16,27,13,91,PM25,SEDANG
202305,2023-05-23,DKI4,-,115,35,33,18,21,115,PM25,TIDAK SEHAT
202305,2023-05-23,DKI5,61,-,20,19,46,22,61,PM10,SEDANG
202305,2023-05-24,DKI1,66,101,52,11,16,38,101,PM25,TIDAK SEHAT
202305,2023-05-24,DKI2,77,99,53,10,28,25,99,PM25,SEDANG
202305,2023-05-24,DKI3,86,114,52,18,22,23,114,PM25,TIDAK SEHAT
202305,2023-05-24,DKI4,-,170,38,35,17,18,170,PM25,TIDAK SEHAT
202305,2023-05-24,DKI5,66,-,22,24,38,27,66,PM10,SEDANG
202305,2023-05-25,DKI1,64,93,52,14,25,32,93,PM25,SEDANG
202305,2023-05-25,DKI2,77,100,54,11,39,28,100,PM25,SEDANG
202305,2023-05-25,DKI3,75,103,52,10,25,16,103,PM25,TIDAK SEHAT
202305,2023-05-25,DKI4,-,136,38,29,20,17,136,PM25,TIDAK SEHAT
202305,2023-05-25,DKI5,68,-,22,23,46,25,68,PM10,SEDANG
202305,2023-05-26,DKI1,66,99,39,15,30,32,99,PM25,SEDANG
202305,2023-05-26,DKI2,78,100,55,11,34,28,100,PM25,SEDANG
202305,2023-05-26,DKI3,69,88,51,7,32,13,88,PM25,SEDANG
202305,2023-05-26,DKI4,-,135,39,28,22,24,135,PM25,TIDAK SEHAT
202305,2023-05-26,DKI5,63,-,20,20,53,23,63,PM10,SEDANG
202305,2023-05-27,DKI1,67,98,41,11,32,26,98,PM25,SEDANG
202305,2023-05-27,DKI2,73,95,53,8,36,22,95,PM25,SEDANG
202305,2023-05-27,DKI3,75,101,51,8,27,13,101,PM25,TIDAK SEHAT
202305,2023-05-27,DKI4,-,139,38,23,22,12,139,PM25,TIDAK SEHAT
202305,2023-05-27,DKI5,57,-,22,15,54,19,57,PM10,SEDANG
202305,2023-05-28,DKI1,57,89,38,10,32,29,89,PM25,SEDANG
202305,2023-05-28,DKI2,64,87,54,8,36,22,87,PM25,SEDANG
202305,2023-05-28,DKI3,79,100,51,6,25,16,100,PM25,SEDANG
202305,2023-05-28,DKI4,-,115,36,30,19,19,115,PM25,TIDAK SEHAT
202305,2023-05-28,DKI5,53,-,19,17,60,20,60,O3,SEDANG
202305,2023-05-29,DKI1,65,98,38,11,26,30,98,PM25,SEDANG
202305,2023-05-29,DKI2,72,91,51,10,35,20,91,PM25,SEDANG
202305,2023-05-29,DKI3,78,38,51,11,20,19,78,PM10,SEDANG
202305,2023-05-29,DKI4,-,126,37,32,19,15,126,PM25,TIDAK SEHAT
202305,2023-05-29,DKI5,63,-,21,20,51,22,63,PM10,SEDANG
202305,2023-05-30,DKI1,62,93,39,10,31,27,93,PM25,SEDANG
202305,2023-05-30,DKI2,74,96,51,9,38,20,96,PM25,SEDANG
202305,2023-05-30,DKI3,84,39,50,3,23,18,84,PM10,SEDANG
202305,2023-05-30,DKI4,-,128,38,28,24,17,128,PM25,TIDAK SEHAT
202305,2023-05-30,DKI5,59,-,21,17,55,18,59,PM10,SEDANG
202305,2023-05-31,DKI1,60,89,37,10,31,36,89,PM25,SEDANG
202305,2023-05-31,DKI2,74,98,54,12,36,31,98,PM25,SEDANG
202305,2023-05-31,DKI3,66,37,26,31,23,21,66,PM10,SEDANG
202305,2023-05-31,DKI4,-,110,37,26,21,24,110,PM25,TIDAK SEHAT
202305,2023-05-31,DKI5,60,-,20,19,58,20,60,PM10,SEDANG
202301,2023-06-01,DKI1,31,48,45,10,13,7,48,PM25,BAIK
202301,2023-06-01,DKI2,30,43,56,14,18,19,56,SO2,SEDANG
202301,2023-06-01,DKI3,50,73,51,10,11,7,73,PM25,SEDANG
202301,2023-06-01,DKI4,38,68,53,16,12,10,68,PM25,SEDANG
202301,2023-06-01,DKI5,21,-,19,11,16,-,55,PM10,SEDANG
202302,2023-06-02,DKI1,34,51,52,6,15,12,52,SO2,SEDANG
202302,2023-06-02,DKI2,36,53,33,6,17,12,53,PM25,SEDANG
202302,2023-06-02,DKI3,30,49,54,7,12,1,54,SO2,SEDANG
202302,2023-06-02,DKI4,41,56,54,11,12,4,56,PM25,SEDANG
202302,2023-06-02,DKI5,29,-,36,11,24,2,36,SO2,BAIK
202303,2023-06-03,DKI1,31,44,46,9,20,19,46,3,BAIK
202303,2023-06-03,DKI2,37,48,19,8,20,19,48,2,BAIK
202303,2023-06-03,DKI3,39,55,14,6,7,-,55,2,SEDANG
202303,2023-06-03,DKI4,51,54,28,6,8,7,54,2,SEDANG
202303,2023-06-03,DKI5,17,-,14,9,20,7,20,5,BAIK
202304,2023-06-04,DKI1,47,63,49,13,14,31,63,PM25,SEDANG
202304,2023-06-04,DKI2,57,70,25,9,30,26,70,PM25,SEDANG
202304,2023-06-04,DKI3,56,76,36,7,17,12,76,PM25,SEDANG
202304,2023-06-04,DKI4,-,85,35,6,24,16,85,PM25,SEDANG
202304,2023-06-04,DKI5,-,-,-,-,-,-,0,-,TIDAK ADA DATA
202305,2023-06-05,DKI1,49,66,45,9,41,31,66,PM25,SEDANG
202305,2023-06-05,DKI2,51,65,50,7,45,21,65,PM25,SEDANG
202305,2023-06-05,DKI3,47,67,50,9,26,12,67,PM25,SEDANG
202305,2023-06-05,DKI4,-,71,34,20,26,13,71,PM25,SEDANG
202305,2023-06-05,DKI5,39,-,18,16,52,21,52,O3,SEDANG
202306,2023-06-06,DKI1,59,76,35,12,21,27,76,PM25,SEDANG
202306,2023-06-06,DKI2,65,83,53,11,30,27,83,PM25,SEDANG
202306,2023-06-06,DKI3,57,65,50,4,23,11,65,PM25,SEDANG
202306,2023-06-06,DKI4,-,105,37,25,14,13,105,PM25,TIDAK SEHAT
202306,2023-06-06,DKI5,46,-,19,16,49,15,49,O3,BAIK
202307,2023-06-07,DKI1,66,101,39,11,22,35,101,PM25,TIDAK SEHAT
202307,2023-06-07,DKI2,73,87,51,13,28,36,87,PM25,SEDANG
202307,2023-06-07,DKI3,76,107,52,12,28,16,107,PM25,TIDAK SEHAT
202307,2023-06-07,DKI4,-,113,38,38,12,24,113,PM25,TIDAK SEHAT
202307,2023-06-07,DKI5,50,-,21,18,67,22,67,O3,SEDANG
202308,2023-06-08,DKI1,58,97,39,11,30,22,97,PM25,SEDANG
202308,2023-06-08,DKI2,70,89,54,9,37,20,89,PM25,SEDANG
202308,2023-06-08,DKI3,69,78,53,5,24,10,78,PM25,SEDANG
202308,2023-06-08,DKI4,-,118,26,22,23,14,118,PM25,TIDAK SEHAT
202308,2023-06-08,DKI5,52,-,25,17,47,18,52,PM10,SEDANG
202309,2023-06-09,DKI1,60,93,47,16,32,35,93,PM25,SEDANG
202309,2023-06-09,DKI2,67,88,26,9,40,26,88,PM25,SEDANG
202309,2023-06-09,DKI3,60,81,55,10,33,9,81,PM25,SEDANG
202309,2023-06-09,DKI4,-,104,28,21,29,20,104,PM25,TIDAK SEHAT
202309,2023-06-09,DKI5,-,-,-,-,-,-,0,,TIDAK ADA DATA
202310,2023-06-10,DKI1,59,86,46,5,39,26,86,PM25,SEDANG
202310,2023-06-10,DKI2,68,86,24,6,38,19,86,PM25,SEDANG
202310,2023-06-10,DKI3,59,80,54,5,28,4,80,PM25,SEDANG
202310,2023-06-10,DKI4,80,111,28,20,24,15,111,PM25,TIDAK SEHAT
202310,2023-06-10,DKI5,15,74,28,17,56,19,74,PM25,SEDANG
202311,2023-06-11,DKI1,53,73,43,8,34,29,73,PM25,SEDANG
202311,2023-06-11,DKI2,60,77,20,15,23,32,77,PM25,SEDANG
202311,2023-06-11,DKI3,44,60,54,-,17,5,60,PM25,SEDANG
202311,2023-06-11,DKI4,67,92,30,43,-,19,92,PM25,SEDANG
202311,2023-06-11,DKI5,53,86,31,24,33,22,86,PM25,SEDANG
202306,2023-06-13,DKI1,57,80,44,10,19,26,80,PM25,SEDANG
202306,2023-06-13,DKI2,66,84,55,7,28,18,84,PM25,SEDANG
202306,2023-06-13,DKI3,64,82,52,7,23,14,82,PM25,SEDANG
202306,2023-06-13,DKI4,-,133,40,24,19,13,133,PM25,TIDAK SEHAT
202306,2023-06-13,DKI5,52,-,18,15,63,17,63,O3,SEDANG
202306,2023-06-14,DKI1,56,81,39,11,24,26,81,PM25,SEDANG
202306,2023-06-14,DKI2,65,84,51,7,36,17,84,PM25,SEDANG
202306,2023-06-14,DKI3,68,86,52,7,25,12,86,PM25,SEDANG
202306,2023-06-14,DKI4,-,102,37,22,15,13,102,PM25,TIDAK SEHAT
202306,2023-06-14,DKI5,50,-,18,17,67,19,67,O3,SEDANG
202306,2023-06-15,DKI1,60,92,40,11,20,32,92,PM25,SEDANG
202306,2023-06-15,DKI2,70,97,57,11,28,30,97,PM25,SEDANG
202306,2023-06-15,DKI3,61,78,52,10,20,18,78,PM25,SEDANG
202306,2023-06-15,DKI4,-,121,39,31,14,17,121,PM25,TIDAK SEHAT
202306,2023-06-15,DKI5,54,-,18,24,54,23,54,PM10,SEDANG
202306,2023-06-16,DKI1,56,75,36,11,28,25,75,PM25,SEDANG
202306,2023-06-16,DKI2,-,83,52,8,28,23,83,PM25,SEDANG
202306,2023-06-16,DKI3,70,87,52,6,16,15,87,PM25,SEDANG
202306,2023-06-16,DKI4,-,108,37,24,14,15,108,PM25,TIDAK SEHAT
202306,2023-06-16,DKI5,41,-,18,15,61,19,61,O3,SEDANG
202306,2023-06-17,DKI1,57,85,46,13,23,28,85,PM25,SEDANG
202306,2023-06-17,DKI2,59,73,52,14,21,31,73,PM25,SEDANG
202306,2023-06-17,DKI3,55,69,52,6,15,16,69,PM25,SEDANG
202306,2023-06-17,DKI4,-,84,39,27,10,17,84,PM25,SEDANG
202306,2023-06-17,DKI5,49,-,20,21,53,22,53,O3,SEDANG
202306,2023-06-18,DKI1,58,87,44,10,21,27,87,PM25,SEDANG
202306,2023-06-18,DKI2,76,93,63,14,23,31,93,PM25,SEDANG
202306,2023-06-18,DKI3,71,97,53,16,20,20,97,PM25,SEDANG
202306,2023-06-18,DKI4,-,112,37,39,12,15,112,PM25,TIDAK SEHAT
202306,2023-06-18,DKI5,51,-,19,23,57,24,57,O3,SEDANG
202306,2023-06-19,DKI1,42,64,36,11,31,25,64,PM25,SEDANG
202306,2023-06-19,DKI2,59,67,51,9,28,20,67,PM25,SEDANG
202306,2023-06-19,DKI3,52,62,52,8,20,10,62,PM25,SEDANG
202306,2023-06-19,DKI4,-,83,36,22,13,14,83,PM25,SEDANG
202306,2023-06-19,DKI5,28,-,18,13,67,13,67,O3,SEDANG
202306,2023-06-20,DKI1,56,75,41,14,25,28,75,PM25,SEDANG
202306,2023-06-20,DKI2,61,72,53,16,20,28,72,PM25,SEDANG
202306,2023-06-20,DKI3,53,62,53,18,16,23,62,PM25,SEDANG
202306,2023-06-20,DKI4,-,102,38,36,11,15,102,PM25,TIDAK SEHAT
202306,2023-06-20,DKI5,48,-,19,22,52,21,52,O3,SEDANG
202306,2023-06-21,DKI1,55,87,41,10,36,26,87,PM25,SEDANG
202306,2023-06-21,DKI2,65,88,54,7,34,22,88,PM25,SEDANG
202306,2023-06-21,DKI3,63,83,52,11,25,11,83,PM25,SEDANG
202306,2023-06-21,DKI4,-,108,39,22,20,16,108,PM25,TIDAK SEHAT
202306,2023-06-21,DKI5,47,-,19,13,65,17,65,O3,SEDANG
202306,2023-06-22,DKI1,63,98,37,13,33,35,98,PM25,SEDANG
202306,2023-06-22,DKI2,73,92,52,10,35,25,92,PM25,SEDANG
202306,2023-06-22,DKI3,75,99,53,16,22,14,99,PM25,SEDANG
202306,2023-06-22,DKI4,-,119,37,40,16,22,119,PM25,TIDAK SEHAT
202306,2023-06-22,DKI5,62,-,18,22,70,29,70,O3,SEDANG
202306,2023-06-23,DKI1,55,78,39,10,28,24,78,PM25,SEDANG
202306,2023-06-23,DKI2,67,86,54,8,27,18,86,PM25,SEDANG
202306,2023-06-23,DKI3,59,76,53,10,24,11,76,PM25,SEDANG
202306,2023-06-23,DKI4,-,98,38,21,17,14,98,PM25,SEDANG
202306,2023-06-23,DKI5,47,-,19,15,64,18,64,O3,SEDANG
202306,2023-06-24,DKI1,51,74,37,10,34,29,74,PM25,SEDANG
202306,2023-06-24,DKI2,59,75,52,7,38,20,75,PM25,SEDANG
202306,2023-06-24,DKI3,62,74,54,11,25,15,74,PM25,SEDANG
202306,2023-06-24,DKI4,-,92,38,21,25,14,92,PM25,SEDANG
202306,2023-06-24,DKI5,44,-,19,14,71,20,71,O3,SEDANG
202306,2023-06-25,DKI1,55,83,36,10,39,24,83,PM25,SEDANG
202306,2023-06-25,DKI2,61,80,50,8,37,19,80,PM25,SEDANG
202306,2023-06-25,DKI3,65,80,53,12,29,14,80,PM25,SEDANG
202306,2023-06-25,DKI4,-,104,38,25,20,19,104,PM25,TIDAK SEHAT
202306,2023-06-25,DKI5,49,-,19,14,77,14,77,O3,SEDANG
202306,2023-06-26,DKI1,54,77,37,12,33,29,77,PM25,SEDANG
202306,2023-06-26,DKI2,59,74,51,10,33,25,74,PM25,SEDANG
202306,2023-06-26,DKI3,55,64,53,15,25,13,64,PM25,SEDANG
202306,2023-06-26,DKI4,-,93,38,24,23,17,93,PM25,SEDANG
202306,2023-06-26,DKI5,52,-,19,19,64,20,64,O3,SEDANG
202306,2023-06-27,DKI1,64,94,42,11,28,30,94,PM25,SEDANG
202306,2023-06-27,DKI2,75,96,55,10,38,30,96,PM25,SEDANG
202306,2023-06-27,DKI3,58,71,53,11,26,11,71,PM25,SEDANG
202306,2023-06-27,DKI4,-,113,39,27,23,17,113,PM25,TIDAK SEHAT
202306,2023-06-27,DKI5,55,-,20,15,58,19,58,O3,SEDANG
202306,2023-06-28,DKI1,43,67,38,11,25,25,67,PM25,SEDANG
202306,2023-06-28,DKI2,56,67,54,8,26,24,67,PM25,SEDANG
202306,2023-06-28,DKI3,44,57,53,10,24,13,57,PM25,SEDANG
202306,2023-06-28,DKI4,-,84,39,19,22,14,84,PM25,SEDANG
202306,2023-06-28,DKI5,39,-,20,14,52,19,52,O3,SEDANG
202306,2023-06-29,DKI1,36,56,37,9,24,16,56,PM25,SEDANG
202306,2023-06-29,DKI2,40,55,51,5,33,14,55,PM25,SEDANG
202306,2023-06-29,DKI3,37,37,52,7,22,8,52,SO2,SEDANG
202306,2023-06-29,DKI4,-,64,38,16,18,10,64,PM25,SEDANG
202306,2023-06-29,DKI5,19,-,20,12,54,10,54,O3,SEDANG
202306,2023-06-30,DKI1,38,65,36,10,28,18,65,PM25,SEDANG
202306,2023-06-30,DKI2,48,62,52,6,32,15,62,PM25,SEDANG
202306,2023-06-30,DKI3,41,36,52,6,29,7,52,SO2,SEDANG
202306,2023-06-30,DKI4,-,77,39,17,21,11,77,PM25,SEDANG
202306,2023-06-30,DKI5,39,-,20,13,68,10,68,O3,SEDANG
202301,2023-07-01,DKI1,25,42,44,10,9,5,44,SO2,BAIK
202301,2023-07-01,DKI2,23,44,56,11,17,15,56,SO2,SEDANG
202301,2023-07-01,DKI3,49,66,51,6,10,4,66,PM25,SEDANG
202301,2023-07-01,DKI4,30,64,53,14,9,7,64,PM25,SEDANG
202301,2023-07-01,DKI5,20,-,19,11,12,-,48,PM10,BAIK
202302,2023-07-02,DKI1,41,52,50,7,14,22,52,PM25,SEDANG
202302,2023-07-02,DKI2,39,50,25,7,22,19,50,PM25,BAIK
202302,2023-07-02,DKI3,11,50,62,8,10,3,62,SO2,SEDANG
202302,2023-07-02,DKI4,38,65,54,12,12,10,65,PM25,SEDANG
202302,2023-07-02,DKI5,26,-,32,12,25,4,32,SO2,BAIK
202303,2023-07-03,DKI1,37,54,50,11,17,19,54,2,SEDANG
202303,2023-07-03,DKI2,37,53,23,8,15,16,53,2,SEDANG
202303,2023-07-03,DKI3,48,70,14,7,11,-,70,2,SEDANG
202303,2023-07-03,DKI4,34,64,29,8,10,10,64,2,SEDANG
202303,2023-07-03,DKI5,35,-,18,10,23,9,35,1,BAIK
202304,2023-07-04,DKI1,43,65,52,12,21,23,65,PM25,SEDANG
202304,2023-07-04,DKI2,50,71,31,8,34,20,71,PM25,SEDANG
202304,2023-07-04,DKI3,47,60,39,7,13,7,60,PM25,SEDANG
202304,2023-07-04,DKI4,-,72,37,5,22,15,72,PM25,SEDANG
202304,2023-07-04,DKI5,37,-,18,9,24,11,37,PM10,BAIK
202305,2023-07-05,DKI1,54,80,49,12,33,34,80,PM25,SEDANG
202305,2023-07-05,DKI2,57,73,51,12,40,29,73,PM25,SEDANG
202305,2023-07-05,DKI3,54,75,49,18,23,19,75,PM25,SEDANG
202305,2023-07-05,DKI4,-,107,37,37,17,19,107,PM25,TIDAK SEHAT
202305,2023-07-05,DKI5,57,-,18,23,45,25,57,PM10,SEDANG
202306,2023-07-06,DKI1,54,78,38,12,20,31,78,PM25,SEDANG
202306,2023-07-06,DKI2,69,86,56,17,23,35,86,PM25,SEDANG
202306,2023-07-06,DKI3,52,64,50,6,21,14,64,PM25,SEDANG
202306,2023-07-06,DKI4,-,102,37,29,18,16,102,PM25,TIDAK SEHAT
202306,2023-07-06,DKI5,57,-,18,25,47,27,57,PM10,SEDANG
202307,2023-07-07,DKI1,65,97,45,11,32,35,97,PM25,SEDANG
202307,2023-07-07,DKI2,69,86,57,12,22,38,86,PM25,SEDANG
202307,2023-07-07,DKI3,78,97,53,6,21,13,97,PM25,SEDANG
202307,2023-07-07,DKI4,-,107,39,33,12,21,107,PM25,TIDAK SEHAT
202307,2023-07-07,DKI5,57,-,21,19,63,23,63,O3,SEDANG
202308,2023-07-08,DKI1,72,114,40,13,28,39,114,PM25,TIDAK SEHAT
202308,2023-07-08,DKI2,77,97,53,9,42,19,97,PM25,SEDANG
202308,2023-07-08,DKI3,88,113,53,6,30,16,113,PM25,TIDAK SEHAT
202308,2023-07-08,DKI4,-,139,25,31,28,18,139,PM25,TIDAK SEHAT
202308,2023-07-08,DKI5,66,-,24,21,70,24,70,O3,SEDANG
202309,2023-07-09,DKI1,62,95,47,15,33,30,95,PM25,SEDANG
202309,2023-07-09,DKI2,68,96,22,8,40,24,96,PM25,SEDANG
202309,2023-07-09,DKI3,71,93,55,10,35,15,93,PM25,SEDANG
202309,2023-07-09,DKI4,88,121,27,26,39,22,121,PM25,TIDAK SEHAT
202309,2023-07-09,DKI5,59,90,27,20,49,24,90,PM25,SEDANG
202310,2023-07-10,DKI1,72,107,46,5,30,38,107,PM25,TIDAK SEHAT
202310,2023-07-10,DKI2,81,107,22,12,33,32,107,PM25,TIDAK SEHAT
202310,2023-07-10,DKI3,66,88,54,4,28,3,88,PM25,SEDANG
202310,2023-07-10,DKI4,97,141,29,33,23,28,141,PM25,TIDAK SEHAT
202310,2023-07-10,DKI5,-,85,28,19,55,24,85,PM25,SEDANG
202311,2023-07-11,DKI1,60,85,43,7,37,30,85,PM25,SEDANG
202311,2023-07-11,DKI2,61,83,19,9,28,25,83,PM25,SEDANG
202311,2023-07-11,DKI3,68,84,54,-,28,4,84,PM25,SEDANG
202311,2023-07-11,DKI4,71,107,29,26,18,19,107,PM25,TIDAK SEHAT
202311,2023-07-11,DKI5,54,88,33,18,40,18,88,PM25,SEDANG
202307,2023-07-13,DKI1,63,92,40,12,36,33,92,PM25,SEDANG
202307,2023-07-13,DKI2,75,91,55,10,41,28,91,PM25,SEDANG
202307,2023-07-13,DKI3,65,79,52,5,37,10,79,PM25,SEDANG
202307,2023-07-13,DKI4,-,120,42,23,29,21,120,PM25,TIDAK SEHAT
202307,2023-07-13,DKI5,40,-,21,15,73,14,73,O3,SEDANG
202307,2023-07-14,DKI1,59,90,39,12,36,35,90,PM25,SEDANG
202307,2023-07-14,DKI2,68,84,51,9,50,22,84,PM25,SEDANG
202307,2023-07-14,DKI3,65,78,53,7,30,11,78,PM25,SEDANG
202307,2023-07-14,DKI4,-,104,42,21,32,21,104,PM25,TIDAK SEHAT
202307,2023-07-14,DKI5,44,-,22,16,65,14,65,O3,SEDANG
202307,2023-07-15,DKI1,56,82,40,11,21,28,82,PM25,SEDANG
202307,2023-07-15,DKI2,67,79,52,10,38,26,79,PM25,SEDANG
202307,2023-07-15,DKI3,54,63,53,6,25,9,63,PM25,SEDANG
202307,2023-07-15,DKI4,-,90,42,20,23,19,90,PM25,SEDANG
202307,2023-07-15,DKI5,42,-,22,15,54,16,54,O3,SEDANG
202307,2023-07-16,DKI1,55,82,41,11,21,25,82,PM25,SEDANG
202307,2023-07-16,DKI2,63,76,53,8,33,19,76,PM25,SEDANG
202307,2023-07-16,DKI3,56,65,53,6,22,9,65,PM25,SEDANG
202307,2023-07-16,DKI4,-,101,41,21,23,17,101,PM25,TIDAK SEHAT
202307,2023-07-16,DKI5,30,-,22,15,53,15,53,O3,SEDANG
202307,2023-07-17,DKI1,52,76,38,12,24,22,76,PM25,SEDANG
202307,2023-07-17,DKI2,57,69,52,8,31,19,69,PM25,SEDANG
202307,2023-07-17,DKI3,53,68,53,6,30,9,68,PM25,SEDANG
202307,2023-07-17,DKI4,-,97,41,19,24,16,97,PM25,SEDANG
202307,2023-07-17,DKI5,47,-,22,15,56,15,56,O3,SEDANG
202307,2023-07-18,DKI1,60,87,40,11,21,24,87,PM25,SEDANG
202307,2023-07-18,DKI2,74,93,55,8,28,21,93,PM25,SEDANG
202307,2023-07-18,DKI3,70,85,54,7,26,12,85,PM25,SEDANG
202307,2023-07-18,DKI4,-,114,-,21,23,16,114,PM25,TIDAK SEHAT
202307,2023-07-18,DKI5,55,-,25,16,45,18,55,PM10,SEDANG
202307,2023-07-19,DKI1,56,84,39,11,23,22,84,PM25,SEDANG
202307,2023-07-19,DKI2,69,83,55,8,29,23,83,PM25,SEDANG
202307,2023-07-19,DKI3,64,77,53,6,26,10,77,PM25,SEDANG
202307,2023-07-19,DKI4,-,130,-,22,22,15,130,PM25,TIDAK SEHAT
202307,2023-07-19,DKI5,62,-,24,17,38,18,62,PM10,SEDANG
202307,2023-07-20,DKI1,52,80,39,14,27,25,80,PM25,SEDANG
202307,2023-07-20,DKI2,62,76,54,9,38,24,76,PM25,SEDANG
202307,2023-07-20,DKI3,59,70,52,7,31,9,70,PM25,SEDANG
202307,2023-07-20,DKI4,-,110,-,21,30,15,110,PM25,TIDAK SEHAT
202307,2023-07-20,DKI5,51,-,25,18,44,18,51,PM10,SEDANG
202307,2023-07-21,DKI1,62,94,41,16,24,38,94,PM25,SEDANG
202307,2023-07-21,DKI2,67,78,54,10,37,31,78,PM25,SEDANG
202307,2023-07-21,DKI3,72,91,54,10,32,16,91,PM25,SEDANG
202307,2023-07-21,DKI4,-,112,28,24,32,20,112,PM25,TIDAK SEHAT
202307,2023-07-21,DKI5,56,-,26,19,42,25,56,PM10,SEDANG
202307,2023-07-22,DKI1,74,114,42,13,30,35,114,PM25,TIDAK SEHAT
202307,2023-07-22,DKI2,80,99,55,10,39,27,99,PM25,SEDANG
202307,2023-07-22,DKI3,86,108,54,10,36,13,108,PM25,TIDAK SEHAT
202307,2023-07-22,DKI4,-,125,29,24,33,20,125,PM25,TIDAK SEHAT
202307,2023-07-22,DKI5,67,-,25,20,63,22,67,PM10,SEDANG
202307,2023-07-23,DKI1,58,84,41,12,23,25,84,PM25,SEDANG
202307,2023-07-23,DKI2,64,75,54,6,33,17,75,PM25,SEDANG
202307,2023-07-23,DKI3,72,85,53,8,24,15,85,PM25,SEDANG
202307,2023-07-23,DKI4,-,146,27,23,22,13,146,PM25,TIDAK SEHAT
202307,2023-07-23,DKI5,47,-,26,18,43,19,47,PM10,BAIK
202307,2023-07-24,DKI1,57,77,38,11,33,23,77,PM25,SEDANG
202307,2023-07-24,DKI2,67,77,55,6,37,18,77,PM25,SEDANG
202307,2023-07-24,DKI3,72,84,53,7,27,10,84,PM25,SEDANG
202307,2023-07-24,DKI4,-,104,25,19,22,12,104,PM25,TIDAK SEHAT
202307,2023-07-24,DKI5,47,-,21,15,74,14,74,O3,SEDANG
202307,2023-07-25,DKI1,63,97,42,11,36,34,97,PM25,SEDANG
202307,2023-07-25,DKI2,73,91,56,11,30,38,91,PM25,SEDANG
202307,2023-07-25,DKI3,76,96,54,5,23,15,96,PM25,SEDANG
202307,2023-07-25,DKI4,-,117,26,27,19,19,117,PM25,TIDAK SEHAT
202307,2023-07-25,DKI5,57,-,26,18,59,21,59,O3,SEDANG
202307,2023-07-26,DKI1,63,92,38,11,25,33,92,PM25,SEDANG
202307,2023-07-26,DKI2,70,88,57,8,39,24,88,PM25,SEDANG
202307,2023-07-26,DKI3,75,83,53,7,25,13,83,PM25,SEDANG
202307,2023-07-26,DKI4,-,124,26,24,28,18,124,PM25,TIDAK SEHAT
202307,2023-07-26,DKI5,58,-,23,17,63,19,63,O3,SEDANG
202307,2023-07-27,DKI1,71,109,41,13,26,43,109,PM25,TIDAK SEHAT
202307,2023-07-27,DKI2,85,112,55,14,36,33,112,PM25,TIDAK SEHAT
202307,2023-07-27,DKI3,84,100,53,7,28,21,100,PM25,SEDANG
202307,2023-07-27,DKI4,-,129,26,34,25,24,129,PM25,TIDAK SEHAT
202307,2023-07-27,DKI5,59,-,24,20,61,28,61,O3,SEDANG
202307,2023-07-28,DKI1,67,94,44,11,24,32,94,PM25,SEDANG
202307,2023-07-28,DKI2,81,93,56,10,26,25,93,PM25,SEDANG
202307,2023-07-28,DKI3,82,95,53,6,31,18,95,PM25,SEDANG
202307,2023-07-28,DKI4,-,129,28,31,23,21,129,PM25,TIDAK SEHAT
202307,2023-07-28,DKI5,54,-,26,22,48,24,54,PM10,SEDANG
202307,2023-07-29,DKI1,63,93,42,11,27,27,93,PM25,SEDANG
202307,2023-07-29,DKI2,79,98,57,9,32,27,98,PM25,SEDANG
202307,2023-07-29,DKI3,65,42,53,7,27,13,65,PM10,SEDANG
202307,2023-07-29,DKI4,-,117,27,21,26,17,117,PM25,TIDAK SEHAT
202307,2023-07-29,DKI5,41,-,26,17,50,18,50,O3,BAIK
202307,2023-07-30,DKI1,62,93,42,11,32,20,93,PM25,SEDANG
202307,2023-07-30,DKI2,78,94,56,8,36,18,94,PM25,SEDANG
202307,2023-07-30,DKI3,71,42,53,8,28,12,71,PM10,SEDANG
202307,2023-07-30,DKI4,-,129,27,22,26,13,129,PM25,TIDAK SEHAT
202307,2023-07-30,DKI5,44,-,26,16,53,15,53,O3,SEDANG
202307,2023-07-31,DKI1,60,83,39,12,26,20,83,PM25,SEDANG
202307,2023-07-31,DKI2,71,82,55,8,33,16,82,PM25,SEDANG
202307,2023-07-31,DKI3,63,39,18,16,27,24,63,PM10,SEDANG
202307,2023-07-31,DKI4,-,115,26,18,24,14,115,PM25,TIDAK SEHAT
202307,2023-07-31,DKI5,43,-,25,16,43,15,43,PM10,BAIK
202301,2023-08-01,DKI1,28,49,47,11,9,4,49,PM25,BAIK
202301,2023-08-01,DKI2,28,60,56,10,17,10,60,PM25,SEDANG
202301,2023-08-01,DKI3,45,62,51,6,10,3,62,PM25,SEDANG
202301,2023-08-01,DKI4,21,60,53,13,9,5,60,PM25,SEDANG
202301,2023-08-01,DKI5,20,-,23,10,12,-,58,PM25,SEDANG
202302,2023-08-02,DKI1,30,38,40,8,31,24,40,SO2,BAIK
202302,2023-08-02,DKI2,30,43,19,9,25,23,43,PM25,BAIK
202302,2023-08-02,DKI3,-,-,-,-,-,-,-,-,TIDAK ADA DATA
202302,2023-08-02,DKI4,44,61,53,15,7,15,61,PM25,SEDANG
202302,2023-08-02,DKI5,-,-,24,16,26,6,26,O3,BAIK
202303,2023-08-03,DKI1,42,54,51,12,17,23,54,2,SEDANG
202303,2023-08-03,DKI2,33,41,19,7,21,20,41,2,BAIK
202303,2023-08-03,DKI3,60,87,15,7,11,4,87,2,SEDANG
202303,2023-08-03,DKI4,-,86,31,12,8,17,86,2,SEDANG
202303,2023-08-03,DKI5,32,-,22,10,23,14,32,1,BAIK
202304,2023-08-04,DKI1,59,82,51,12,35,26,82,PM25,SEDANG
202304,2023-08-04,DKI2,67,87,30,8,49,23,87,PM25,SEDANG
202304,2023-08-04,DKI3,57,82,38,8,25,8,82,PM25,SEDANG
202304,2023-08-04,DKI4,-,95,35,4,32,16,95,PM25,SEDANG
202304,2023-08-04,DKI5,58,-,20,10,44,14,58,PM10,SEDANG
202305,2023-08-05,DKI1,51,69,48,11,40,30,69,PM25,SEDANG
202305,2023-08-05,DKI2,51,68,50,12,39,28,68,PM25,SEDANG
202305,2023-08-05,DKI3,62,86,50,14,29,13,86,PM25,SEDANG
202305,2023-08-05,DKI4,-,88,34,34,21,20,88,PM25,SEDANG
202305,2023-08-05,DKI5,42,-,16,16,51,14,51,O3,SEDANG
202306,2023-08-06,DKI1,54,81,44,11,21,22,81,PM25,SEDANG
202306,2023-08-06,DKI2,68,87,53,8,26,20,87,PM25,SEDANG
202306,2023-08-06,DKI3,62,77,51,4,22,14,77,PM25,SEDANG
202306,2023-08-06,DKI4,-,118,39,22,15,17,118,PM25,TIDAK SEHAT
202306,2023-08-06,DKI5,51,-,21,20,38,22,51,PM10,SEDANG
202307,2023-08-07,DKI1,54,69,38,11,21,29,69,PM25,SEDANG
202307,2023-08-07,DKI2,60,70,53,15,23,33,70,PM25,SEDANG
202307,2023-08-07,DKI3,59,66,52,10,19,17,66,PM25,SEDANG
202307,2023-08-07,DKI4,-,98,39,34,15,18,98,PM25,SEDANG
202307,2023-08-07,DKI5,47,-,21,22,58,25,58,O3,SEDANG
202308,2023-08-08,DKI1,67,90,41,10,19,29,90,PM25,SEDANG
202308,2023-08-08,DKI2,74,82,55,7,29,22,82,PM25,SEDANG
202308,2023-08-08,DKI3,76,89,53,6,24,14,89,PM25,SEDANG
202308,2023-08-08,DKI4,-,105,26,19,22,12,105,PM25,TIDAK SEHAT
202308,2023-08-08,DKI5,55,-,25,17,54,23,55,PM10,SEDANG
202309,2023-08-09,DKI1,66,102,49,14,24,34,102,PM25,TIDAK SEHAT
202309,2023-08-09,DKI2,75,97,25,7,37,21,97,PM25,SEDANG
202309,2023-08-09,DKI3,67,87,55,9,32,12,87,PM25,SEDANG
202309,2023-08-09,DKI4,89,117,29,22,28,17,117,PM25,TIDAK SEHAT
202309,2023-08-09,DKI5,63,83,30,18,56,23,83,PM25,SEDANG
202310,2023-08-10,DKI1,64,92,49,4,29,27,92,PM25,SEDANG
202310,2023-08-10,DKI2,71,93,23,6,37,16,93,PM25,SEDANG
202310,2023-08-10,DKI3,-,81,55,5,26,3,81,PM25,SEDANG
202310,2023-08-10,DKI4,97,148,29,21,21,16,148,PM25,TIDAK SEHAT
202310,2023-08-10,DKI5,-,79,30,18,55,18,79,PM25,SEDANG
202311,2023-08-11,DKI1,55,74,41,6,40,25,74,PM25,SEDANG
202311,2023-08-11,DKI2,56,75,18,6,33,19,75,PM25,SEDANG
202311,2023-08-11,DKI3,64,75,55,11,26,5,75,PM25,SEDANG
202311,2023-08-11,DKI4,66,92,29,21,18,18,92,PM25,SEDANG
202311,2023-08-11,DKI5,51,80,31,15,42,11,80,PM25,SEDANG
202308,2023-08-13,DKI1,59,87,43,12,27,24,87,PM25,SEDANG
202308,2023-08-13,DKI2,67,78,55,7,36,17,78,PM25,SEDANG
202308,2023-08-13,DKI3,69,84,53,8,25,11,84,PM25,SEDANG
202308,2023-08-13,DKI4,-,128,26,22,26,13,128,PM25,TIDAK SEHAT
202308,2023-08-13,DKI5,52,-,26,17,46,18,52,PM10,SEDANG
202308,2023-08-14,DKI1,56,82,42,12,30,25,82,PM25,SEDANG
202308,2023-08-14,DKI2,70,84,58,7,40,18,84,PM25,SEDANG
202308,2023-08-14,DKI3,60,74,53,8,28,8,74,PM25,SEDANG
202308,2023-08-14,DKI4,-,115,26,19,27,14,115,PM25,TIDAK SEHAT
202308,2023-08-14,DKI5,46,-,24,16,54,16,54,O3,SEDANG
202308,2023-08-15,DKI1,61,90,46,11,26,33,90,PM25,SEDANG
202308,2023-08-15,DKI2,76,90,59,8,37,22,90,PM25,SEDANG
202308,2023-08-15,DKI3,75,90,54,9,27,16,90,PM25,SEDANG
202308,2023-08-15,DKI4,-,122,28,23,30,18,122,PM25,TIDAK SEHAT
202308,2023-08-15,DKI5,51,-,27,18,54,23,54,O3,SEDANG
202308,2023-08-16,DKI1,63,93,42,12,28,35,93,PM25,SEDANG
202308,2023-08-16,DKI2,69,91,56,8,44,21,91,PM25,SEDANG
202308,2023-08-16,DKI3,69,82,54,9,31,11,82,PM25,SEDANG
202308,2023-08-16,DKI4,-,138,27,24,29,15,138,PM25,TIDAK SEHAT
202308,2023-08-16,DKI5,45,-,25,17,60,18,60,O3,SEDANG
202308,2023-08-17,DKI1,61,87,42,11,21,29,87,PM25,SEDANG
202308,2023-08-17,DKI2,75,82,54,8,30,24,82,PM25,SEDANG
202308,2023-08-17,DKI3,66,76,54,7,23,13,76,PM25,SEDANG
202308,2023-08-17,DKI4,-,111,27,23,23,18,111,PM25,TIDAK SEHAT
202308,2023-08-17,DKI5,40,-,26,17,40,20,40,PM10,BAIK
202308,2023-08-18,DKI1,46,67,40,12,24,22,67,PM25,SEDANG
202308,2023-08-18,DKI2,52,59,52,6,37,17,59,PM25,SEDANG
202308,2023-08-18,DKI3,54,59,53,7,22,6,59,PM25,SEDANG
202308,2023-08-18,DKI4,-,82,26,15,25,12,82,PM25,SEDANG
202308,2023-08-18,DKI5,33,-,25,13,47,9,47,O3,BAIK
202308,2023-08-19,DKI1,56,84,41,12,28,28,84,PM25,SEDANG
202308,2023-08-19,DKI2,61,75,52,6,39,17,75,PM25,SEDANG
202308,2023-08-19,DKI3,64,77,53,7,28,13,77,PM25,SEDANG
202308,2023-08-19,DKI4,-,127,27,23,29,16,127,PM25,TIDAK SEHAT
202308,2023-08-19,DKI5,40,-,26,15,56,16,56,O3,SEDANG
202308,2023-08-20,DKI1,59,86,42,13,30,20,86,PM25,SEDANG
202308,2023-08-20,DKI2,63,75,53,5,38,13,75,PM25,SEDANG
202308,2023-08-20,DKI3,68,82,53,6,26,9,82,PM25,SEDANG
202308,2023-08-20,DKI4,-,113,27,17,28,10,113,PM25,TIDAK SEHAT
202308,2023-08-20,DKI5,44,-,26,13,59,12,59,O3,SEDANG
202308,2023-08-21,DKI1,57,82,40,13,28,21,82,PM25,SEDANG
202308,2023-08-21,DKI2,65,77,53,6,37,15,77,PM25,SEDANG
202308,2023-08-21,DKI3,65,78,53,6,24,10,78,PM25,SEDANG
202308,2023-08-21,DKI4,-,105,26,19,26,13,105,PM25,TIDAK SEHAT
202308,2023-08-21,DKI5,34,-,24,14,60,14,60,O3,SEDANG
202308,2023-08-22,DKI1,59,88,42,14,25,30,88,PM25,SEDANG
202308,2023-08-22,DKI2,61,77,54,7,36,20,77,PM25,SEDANG
202308,2023-08-22,DKI3,70,87,53,6,24,13,87,PM25,SEDANG
202308,2023-08-22,DKI4,-,123,27,22,23,20,123,PM25,TIDAK SEHAT
202308,2023-08-22,DKI5,52,-,26,17,49,20,52,PM10,SEDANG
202308,2023-08-23,DKI1,64,96,41,14,29,37,96,PM25,SEDANG
202308,2023-08-23,DKI2,73,90,53,10,44,26,90,PM25,SEDANG
202308,2023-08-23,DKI3,65,78,53,7,28,8,78,PM25,SEDANG
202308,2023-08-23,DKI4,-,110,27,19,26,15,110,PM25,TIDAK SEHAT
202308,2023-08-23,DKI5,62,-,26,16,56,16,62,PM10,SEDANG
202308,2023-08-24,DKI1,64,89,45,12,26,27,89,PM25,SEDANG
202308,2023-08-24,DKI2,71,93,54,6,38,17,93,PM25,SEDANG
202308,2023-08-24,DKI3,71,88,54,7,29,12,88,PM25,SEDANG
202308,2023-08-24,DKI4,-,114,28,20,26,17,114,PM25,TIDAK SEHAT
202308,2023-08-24,DKI5,54,-,28,16,45,16,54,PM10,SEDANG
202308,2023-08-25,DKI1,60,90,45,13,40,35,90,PM25,SEDANG
202308,2023-08-25,DKI2,73,93,55,7,44,21,93,PM25,SEDANG
202308,2023-08-25,DKI3,64,85,54,6,33,9,85,PM25,SEDANG
202308,2023-08-25,DKI4,-,112,28,20,33,15,112,PM25,TIDAK SEHAT
202308,2023-08-25,DKI5,59,-,29,17,51,19,59,PM10,SEDANG
202308,2023-08-26,DKI1,77,84,42,8,30,23,84,PM25,SEDANG
202308,2023-08-26,DKI2,66,75,52,4,43,11,75,PM25,SEDANG
202308,2023-08-26,DKI3,65,87,53,6,30,9,87,PM25,SEDANG
202308,2023-08-26,DKI4,-,96,27,17,30,10,96,PM25,SEDANG
202308,2023-08-26,DKI5,52,-,26,15,42,19,52,PM10,SEDANG
202308,2023-08-27,DKI1,64,94,40,12,42,23,94,PM25,SEDANG
202308,2023-08-27,DKI2,68,89,53,6,45,15,89,PM25,SEDANG
202308,2023-08-27,DKI3,65,89,53,7,30,10,89,PM25,SEDANG
202308,2023-08-27,DKI4,-,139,27,23,29,18,139,PM25,TIDAK SEHAT
202308,2023-08-27,DKI5,54,-,27,16,46,13,54,PM10,SEDANG
202308,2023-08-28,DKI1,62,85,41,13,28,30,85,PM25,SEDANG
202308,2023-08-28,DKI2,74,87,53,10,29,26,87,PM25,SEDANG
202308,2023-08-28,DKI3,-,75,53,8,33,8,75,PM25,SEDANG
202308,2023-08-28,DKI4,-,98,27,25,20,22,98,PM25,SEDANG
202308,2023-08-28,DKI5,41,-,26,18,35,19,41,PM10,BAIK
202308,2023-08-29,DKI1,63,90,45,14,23,30,90,PM25,SEDANG
202308,2023-08-29,DKI2,73,91,56,7,33,24,91,PM25,SEDANG
202308,2023-08-29,DKI3,64,45,54,9,22,13,64,PM10,SEDANG
202308,2023-08-29,DKI4,-,108,28,22,21,21,108,PM25,TIDAK SEHAT
202308,2023-08-29,DKI5,49,-,28,21,32,25,49,PM10,BAIK
202308,2023-08-30,DKI1,64,90,44,13,32,32,90,PM25,SEDANG
202308,2023-08-30,DKI2,75,97,57,7,45,22,97,PM25,SEDANG
202308,2023-08-30,DKI3,69,44,54,11,24,11,69,PM10,SEDANG
202308,2023-08-30,DKI4,-,113,27,24,29,17,113,PM25,TIDAK SEHAT
202308,2023-08-30,DKI5,56,-,27,19,41,22,56,PM10,SEDANG
202308,2023-08-31,DKI1,68,104,44,13,39,34,104,PM25,TIDAK SEHAT
202308,2023-08-31,DKI2,76,105,42,10,49,27,105,PM25,TIDAK SEHAT
202308,2023-08-31,DKI3,68,44,22,27,30,32,68,PM10,SEDANG
202308,2023-08-31,DKI4,-,108,27,22,32,19,108,PM25,TIDAK SEHAT
202308,2023-08-31,DKI5,53,-,28,19,48,18,53,PM10,SEDANG
202301,2023-09-01,DKI1,25,39,48,10,12,5,48,SO2,BAIK
202301,2023-09-01,DKI2,24,44,57,9,19,17,57,SO2,SEDANG
202301,2023-09-01,DKI3,46,71,51,9,10,6,71,PM25,SEDANG
202301,2023-09-01,DKI4,37,68,53,15,9,8,68,PM25,SEDANG
202301,2023-09-01,DKI5,17,-,24,10,17,-,69,PM25,SEDANG
202302,2023-09-02,DKI1,31,43,38,6,11,17,43,PM25,BAIK
202302,2023-09-02,DKI2,38,52,21,8,20,19,52,PM25,SEDANG
202302,2023-09-02,DKI3,37,51,53,8,8,3,53,SO2,SEDANG
202302,2023-09-02,DKI4,44,61,53,13,7,10,61,PM25,SEDANG
202302,2023-09-02,DKI5,22,-,22,12,19,3,22,PM10,BAIK
202303,2023-09-03,DKI1,47,58,46,13,22,33,58,2,SEDANG
202303,2023-09-03,DKI2,51,58,20,11,18,31,58,2,SEDANG
202303,2023-09-03,DKI3,62,82,15,7,20,7,82,2,SEDANG
202303,2023-09-03,DKI4,50,87,30,13,14,20,87,2,SEDANG
202303,2023-09-03,DKI5,41,-,15,19,28,21,41,1,BAIK
202304,2023-09-04,DKI1,57,79,52,13,23,27,79,PM25,SEDANG
202304,2023-09-04,DKI2,71,92,35,15,32,34,92,PM25,SEDANG
202304,2023-09-04,DKI3,51,66,37,8,14,11,66,PM25,SEDANG
202304,2023-09-04,DKI4,-,99,35,10,14,17,99,PM25,SEDANG
202304,2023-09-04,DKI5,57,-,24,12,33,15,57,PM10,SEDANG
202305,2023-09-05,DKI1,48,71,50,11,25,34,71,PM25,SEDANG
202305,2023-09-05,DKI2,-,-,-,-,-,-,0,,TIDAK ADA DATA
202305,2023-09-05,DKI3,47,68,50,16,27,16,68,PM25,SEDANG
202305,2023-09-05,DKI4,-,86,35,36,21,17,86,PM25,SEDANG
202305,2023-09-05,DKI5,52,-,19,22,47,24,52,PM10,SEDANG
202306,2023-09-06,DKI1,56,75,43,13,15,23,75,PM25,SEDANG
202306,2023-09-06,DKI2,69,82,54,8,21,20,82,PM25,SEDANG
202306,2023-09-06,DKI3,65,84,51,4,21,21,84,PM25,SEDANG
202306,2023-09-06,DKI4,-,115,38,24,15,14,115,PM25,TIDAK SEHAT
202306,2023-09-06,DKI5,50,-,23,18,34,19,50,PM10,BAIK
202307,2023-09-07,DKI1,42,67,38,12,15,23,67,PM25,SEDANG
202307,2023-09-07,DKI2,60,69,53,12,21,23,69,PM25,SEDANG
202307,2023-09-07,DKI3,47,57,52,9,15,13,57,PM25,SEDANG
202307,2023-09-07,DKI4,-,92,38,30,13,11,92,PM25,SEDANG
202307,2023-09-07,DKI5,45,-,21,20,56,21,56,O3,SEDANG
202308,2023-09-08,DKI1,58,79,39,9,24,24,79,PM25,SEDANG
202308,2023-09-08,DKI2,66,72,53,5,33,14,72,PM25,SEDANG
202308,2023-09-08,DKI3,64,72,53,8,27,9,72,PM25,SEDANG
202308,2023-09-08,DKI4,-,104,27,16,24,10,104,PM25,TIDAK SEHAT
202308,2023-09-08,DKI5,36,-,23,13,63,16,63,O3,SEDANG
202309,2023-09-09,DKI1,46,88,54,13,26,27,88,PM25,SEDANG
202309,2023-09-09,DKI2,69,91,22,6,41,16,91,PM25,SEDANG
202309,2023-09-09,DKI3,61,78,54,6,28,8,78,PM25,SEDANG
202309,2023-09-09,DKI4,80,111,28,21,29,16,111,PM25,TIDAK SEHAT
202309,2023-09-09,DKI5,41,78,26,17,53,20,78,PM25,SEDANG
202310,2023-09-10,DKI1,58,85,48,5,25,23,85,PM25,SEDANG
202310,2023-09-10,DKI2,62,88,21,6,31,18,88,PM25,SEDANG
202310,2023-09-10,DKI3,56,71,54,6,25,2,71,PM25,SEDANG
202310,2023-09-10,DKI4,80,122,28,17,20,11,122,PM25,TIDAK SEHAT
202310,2023-09-10,DKI5,-,81,29,18,47,16,81,PM25,SEDANG
202311,2023-09-11,DKI1,61,89,44,6,46,30,89,PM25,SEDANG
202311,2023-09-11,DKI2,66,96,20,8,36,23,96,PM25,SEDANG
202311,2023-09-11,DKI3,62,72,56,12,35,3,72,PM25,SEDANG
202311,2023-09-11,DKI4,73,109,30,20,24,19,109,PM25,TIDAK SEHAT
202311,2023-09-11,DKI5,55,89,33,16,51,14,89,PM25,SEDANG
202309,2023-09-13,DKI1,55,86,41,10,31,26,86,PM25,SEDANG
202309,2023-09-13,DKI2,61,84,20,6,37,17,84,PM25,SEDANG
202309,2023-09-13,DKI3,56,83,54,5,26,6,83,PM25,SEDANG
202309,2023-09-13,DKI4,71,107,28,17,23,15,107,PM25,TIDAK SEHAT
202309,2023-09-13,DKI5,52,75,27,16,58,15,75,PM25,SEDANG
202309,2023-09-14,DKI1,55,73,42,9,29,29,73,PM25,SEDANG
202309,2023-09-14,DKI2,61,77,20,7,37,19,77,PM25,SEDANG
202309,2023-09-14,DKI3,54,68,54,7,29,7,68,PM25,SEDANG
202309,2023-09-14,DKI4,62,93,27,16,24,13,93,PM25,SEDANG
202309,2023-09-14,DKI5,24,66,27,16,48,14,66,PM25,SEDANG
202309,2023-09-15,DKI1,58,82,44,8,29,27,82,PM25,SEDANG
202309,2023-09-15,DKI2,65,86,19,7,37,17,86,PM25,SEDANG
202309,2023-09-15,DKI3,58,77,54,8,28,7,77,PM25,SEDANG
202309,2023-09-15,DKI4,70,108,27,21,29,18,108,PM25,TIDAK SEHAT
202309,2023-09-15,DKI5,42,74,27,17,57,15,74,PM25,SEDANG
202309,2023-09-16,DKI1,60,88,46,7,33,26,88,PM25,SEDANG
202309,2023-09-16,DKI2,67,90,22,7,40,18,90,PM25,SEDANG
202309,2023-09-16,DKI3,61,86,54,9,31,9,86,PM25,SEDANG
202309,2023-09-16,DKI4,76,113,28,20,26,18,113,PM25,TIDAK SEHAT
202309,2023-09-16,DKI5,41,78,28,17,56,17,78,PM25,SEDANG
202309,2023-09-17,DKI1,57,76,43,6,33,20,76,PM25,SEDANG
202309,2023-09-17,DKI2,64,79,20,6,39,14,79,PM25,SEDANG
202309,2023-09-17,DKI3,61,74,54,8,28,10,74,PM25,SEDANG
202309,2023-09-17,DKI4,77,110,27,19,25,15,110,PM25,TIDAK SEHAT
202309,2023-09-17,DKI5,-,-,-,-,-,-,0,,TIDAK ADA DATA
202309,2023-09-18,DKI1,53,76,42,6,32,20,76,PM25,SEDANG
202309,2023-09-18,DKI2,56,71,19,5,44,15,71,PM25,SEDANG
202309,2023-09-18,DKI3,54,72,54,8,25,13,72,PM25,SEDANG
202309,2023-09-18,DKI4,59,86,28,16,28,12,86,PM25,SEDANG
202309,2023-09-18,DKI5,39,69,26,15,59,12,69,PM25,SEDANG
202309,2023-09-19,DKI1,60,88,41,9,33,30,88,PM25,SEDANG
202309,2023-09-19,DKI2,69,80,19,5,42,20,80,PM25,SEDANG
202309,2023-09-19,DKI3,59,81,54,9,32,13,81,PM25,SEDANG
202309,2023-09-19,DKI4,77,109,28,24,40,21,109,PM25,TIDAK SEHAT
202309,2023-09-19,DKI5,54,83,25,15,73,17,83,PM25,SEDANG
202309,2023-09-20,DKI1,62,84,43,8,21,33,84,PM25,SEDANG
202309,2023-09-20,DKI2,69,85,21,8,28,25,85,PM25,SEDANG
202309,2023-09-20,DKI3,62,80,53,9,29,15,80,PM25,SEDANG
202309,2023-09-20,DKI4,71,98,28,21,26,17,98,PM25,SEDANG
202309,2023-09-20,DKI5,48,77,26,17,55,24,77,PM25,SEDANG
202309,2023-09-21,DKI1,61,84,44,8,29,32,84,PM25,SEDANG
202309,2023-09-21,DKI2,65,83,20,6,37,17,83,PM25,SEDANG
202309,2023-09-21,DKI3,59,72,53,9,31,11,72,PM25,SEDANG
202309,2023-09-21,DKI4,69,101,28,24,29,19,101,PM25,TIDAK SEHAT
202309,2023-09-21,DKI5,50,76,26,17,58,20,76,PM25,SEDANG
202309,2023-09-22,DKI1,60,87,44,9,29,30,87,PM25,SEDANG
202309,2023-09-22,DKI2,68,87,21,7,40,25,87,PM25,SEDANG
202309,2023-09-22,DKI3,57,70,54,8,22,11,70,PM25,SEDANG
202309,2023-09-22,DKI4,68,93,28,20,26,23,93,PM25,SEDANG
202309,2023-09-22,DKI5,46,70,27,15,56,16,70,PM25,SEDANG
202309,2023-09-23,DKI1,57,86,45,8,33,31,86,PM25,SEDANG
202309,2023-09-23,DKI2,65,83,22,6,37,19,83,PM25,SEDANG
202309,2023-09-23,DKI3,52,70,54,9,34,10,70,PM25,SEDANG
202309,2023-09-23,DKI4,78,111,28,22,30,20,111,PM25,TIDAK SEHAT
202309,2023-09-23,DKI5,39,70,27,15,49,18,70,PM25,SEDANG
202309,2023-09-24,DKI1,55,78,44,7,30,23,78,PM25,SEDANG
202309,2023-09-24,DKI2,56,75,20,6,42,17,75,PM25,SEDANG
202309,2023-09-24,DKI3,54,65,54,9,33,7,65,PM25,SEDANG
202309,2023-09-24,DKI4,65,92,28,23,26,16,92,PM25,SEDANG
202309,2023-09-24,DKI5,35,66,26,16,53,16,66,PM25,SEDANG
202309,2023-09-25,DKI1,59,84,46,9,35,30,84,PM25,SEDANG
202309,2023-09-25,DKI2,75,105,23,11,48,29,105,PM25,TIDAK SEHAT
202309,2023-09-25,DKI3,55,72,54,9,35,6,72,PM25,SEDANG
202309,2023-09-25,DKI4,76,114,30,23,-,24,114,PM25,TIDAK SEHAT
202309,2023-09-25,DKI5,51,74,27,16,64,16,74,PM25,SEDANG
202309,2023-09-26,DKI1,58,89,45,8,27,34,89,PM25,SEDANG
202309,2023-09-26,DKI2,64,84,20,6,42,21,84,PM25,SEDANG
202309,2023-09-26,DKI3,53,66,55,9,30,9,66,PM25,SEDANG
202309,2023-09-26,DKI4,85,249,28,18,26,20,249,PM25,SANGAT TIDAK SEHAT
202309,2023-09-26,DKI5,-,76,42,17,39,49,76,PM25,SEDANG
202309,2023-09-27,DKI1,57,88,46,9,23,33,88,PM25,SEDANG
202309,2023-09-27,DKI2,63,82,20,7,37,23,82,PM25,SEDANG
202309,2023-09-27,DKI3,59,74,55,10,30,10,74,PM25,SEDANG
202309,2023-09-27,DKI4,-,217,28,22,23,22,217,PM25,SANGAT TIDAK SEHAT
202309,2023-09-27,DKI5,11,78,29,19,42,21,78,PM25,SEDANG
202309,2023-09-28,DKI1,58,99,46,8,29,23,99,PM25,SEDANG
202309,2023-09-28,DKI2,66,89,21,7,38,19,89,PM25,SEDANG
202309,2023-09-28,DKI3,56,73,54,9,28,8,73,PM25,SEDANG
202309,2023-09-28,DKI4,163,287,29,17,29,19,287,PM25,SANGAT TIDAK SEHAT
202309,2023-09-28,DKI5,53,85,28,17,43,15,85,PM25,SEDANG
202309,2023-09-29,DKI1,58,88,47,8,29,22,88,PM25,SEDANG
202309,2023-09-29,DKI2,68,98,23,8,33,22,98,PM25,SEDANG
202309,2023-09-29,DKI3,62,47,56,9,24,9,62,PM10,SEDANG
202309,2023-09-29,DKI4,129,143,29,21,24,23,143,PM25,TIDAK SEHAT
202309,2023-09-29,DKI5,53,83,30,18,49,17,83,PM25,SEDANG
202309,2023-09-30,DKI1,-,-,-,-,-,-,0,,TIDAK ADA DATA
202309,2023-09-30,DKI2,-,-,-,-,-,-,0,,TIDAK ADA DATA
202309,2023-09-30,DKI3,-,-,-,-,-,-,0,,TIDAK ADA DATA
202309,2023-09-30,DKI4,-,-,-,-,-,-,0,,TIDAK ADA DATA
202309,2023-09-30,DKI5,-,-,-,-,-,-,0,,TIDAK ADA DATA
202301,2023-10-01,DKI1,37,44,45,11,21,8,45,SO2,BAIK
202301,2023-10-01,DKI2,35,51,56,10,20,21,56,SO2,SEDANG
202301,2023-10-01,DKI3,50,70,50,8,10,6,70,PM25,SEDANG
202301,2023-10-01,DKI4,32,63,53,13,11,8,63,PM25,SEDANG
202301,2023-10-01,DKI5,27,-,23,11,17,-,53,PM25,SEDANG
202302,2023-10-02,DKI1,25,30,37,6,19,15,37,SO2,BAIK
202302,2023-10-02,DKI2,25,32,18,6,17,15,32,PM25,BAIK
202302,2023-10-02,DKI3,24,40,53,7,11,1,53,SO2,SEDANG
202302,2023-10-02,DKI4,31,42,53,10,11,6,53,SO2,SEDANG
202302,2023-10-02,DKI5,16,-,24,11,24,2,24,SO2,BAIK
202303,2023-10-03,DKI1,45,61,46,12,14,28,61,2,SEDANG
202303,2023-10-03,DKI2,42,58,18,12,24,26,58,2,SEDANG
202303,2023-10-03,DKI3,51,79,34,11,20,14,79,2,SEDANG
202303,2023-10-03,DKI4,-,77,29,15,17,17,77,2,SEDANG
202303,2023-10-03,DKI5,53,-,15,16,29,14,53,1,SEDANG
202304,2023-10-04,DKI1,38,53,48,11,17,18,53,PM25,SEDANG
202304,2023-10-04,DKI2,31,39,21,5,27,12,39,PM25,BAIK
202304,2023-10-04,DKI3,50,57,35,6,8,5,57,PM25,SEDANG
202304,2023-10-04,DKI4,-,55,32,3,7,9,55,PM25,SEDANG
202304,2023-10-04,DKI5,27,-,16,6,28,9,28,O3,BAIK
202305,2023-10-05,DKI1,65,92,52,10,34,30,92,PM25,SEDANG
202305,2023-10-05,DKI2,70,94,52,8,42,19,94,PM25,SEDANG
202305,2023-10-05,DKI3,73,103,51,12,24,16,103,PM25,TIDAK SEHAT
202305,2023-10-05,DKI4,-,123,36,26,19,13,123,PM25,TIDAK SEHAT
202305,2023-10-05,DKI5,60,-,19,18,50,22,60,PM10,SEDANG
202306,2023-10-06,DKI1,48,74,38,11,31,25,74,PM25,SEDANG
202306,2023-10-06,DKI2,58,83,52,8,38,18,83,PM25,SEDANG
202306,2023-10-06,DKI3,57,72,50,3,23,10,72,PM25,SEDANG
202306,2023-10-06,DKI4,-,106,37,22,18,13,106,PM25,TIDAK SEHAT
202306,2023-10-06,DKI5,37,-,20,16,45,17,45,O3,BAIK
202307,2023-10-07,DKI1,42,62,40,10,17,17,62,PM25,SEDANG
202307,2023-10-07,DKI2,54,67,52,6,27,16,67,PM25,SEDANG
202307,2023-10-07,DKI3,54,67,53,5,20,10,67,PM25,SEDANG
202307,2023-10-07,DKI4,-,84,39,18,16,12,84,PM25,SEDANG
202307,2023-10-07,DKI5,30,-,23,13,48,13,48,O3,BAIK
202308,2023-10-08,DKI1,58,87,41,10,27,31,87,PM25,SEDANG
202308,2023-10-08,DKI2,68,82,54,6,39,18,82,PM25,SEDANG
202308,2023-10-08,DKI3,66,76,53,8,31,9,76,PM25,SEDANG
202308,2023-10-08,DKI4,-,102,26,16,32,10,102,PM25,TIDAK SEHAT
202308,2023-10-08,DKI5,27,-,25,13,64,14,64,O3,SEDANG
202309,2023-10-09,DKI1,58,82,41,11,29,23,82,PM25,SEDANG
202309,2023-10-09,DKI2,67,89,22,7,41,17,89,PM25,SEDANG
202309,2023-10-09,DKI3,57,68,54,7,28,6,68,PM25,SEDANG
202309,2023-10-09,DKI4,69,99,27,18,27,15,99,PM25,SEDANG
202309,2023-10-09,DKI5,48,73,27,16,50,15,73,PM25,SEDANG
202310,2023-10-10,DKI1,59,78,50,5,36,26,78,PM25,SEDANG
202310,2023-10-10,DKI2,63,79,20,4,33,11,79,PM25,SEDANG
202310,2023-10-10,DKI3,55,66,55,5,27,1,66,PM25,SEDANG
202310,2023-10-10,DKI4,88,121,30,16,18,10,121,PM25,TIDAK SEHAT
202310,2023-10-10,DKI5,-,61,31,14,49,17,61,PM25,SEDANG
202311,2023-10-11,DKI1,64,107,44,8,41,33,107,PM25,TIDAK SEHAT
202311,2023-10-11,DKI2,74,104,22,11,36,32,104,PM25,TIDAK SEHAT
202311,2023-10-11,DKI3,63,70,55,12,35,5,70,PM25,SEDANG
202311,2023-10-11,DKI4,78,109,30,27,27,24,109,PM25,TIDAK SEHAT
202311,2023-10-11,DKI5,58,93,33,17,60,15,93,PM25,SEDANG
202310,2023-10-13,DKI1,63,89,47,3,41,26,89,PM25,SEDANG
202310,2023-10-13,DKI2,69,90,21,5,44,13,90,PM25,SEDANG
202310,2023-10-13,DKI3,67,93,54,5,32,2,93,PM25,SEDANG
202310,2023-10-13,DKI4,82,121,29,19,29,12,121,PM25,TIDAK SEHAT
202310,2023-10-13,DKI5,59,75,29,15,69,14,75,PM25,SEDANG
202310,2023-10-14,DKI1,65,102,47,-,24,32,102,PM25,TIDAK SEHAT
202310,2023-10-14,DKI2,70,95,20,8,37,23,95,PM25,SEDANG
202310,2023-10-14,DKI3,59,78,54,5,34,3,78,PM25,SEDANG
202310,2023-10-14,DKI4,78,110,29,20,24,17,110,PM25,TIDAK SEHAT
202310,2023-10-14,DKI5,59,77,29,17,55,16,77,PM25,SEDANG
202310,2023-10-15,DKI1,62,98,48,-,25,22,98,PM25,SEDANG
202310,2023-10-15,DKI2,64,83,21,6,37,14,83,PM25,SEDANG
202310,2023-10-15,DKI3,57,72,54,6,28,2,72,PM25,SEDANG
202310,2023-10-15,DKI4,79,117,29,20,20,14,117,PM25,TIDAK SEHAT
202310,2023-10-15,DKI5,56,67,29,16,48,15,67,PM25,SEDANG
202310,2023-10-16,DKI1,59,96,50,-,31,24,96,PM25,SEDANG
202310,2023-10-16,DKI2,65,86,23,7,38,19,86,PM25,SEDANG
202310,2023-10-16,DKI3,59,78,55,7,27,3,78,PM25,SEDANG
202310,2023-10-16,DKI4,82,122,30,20,22,16,122,PM25,TIDAK SEHAT
202310,2023-10-16,DKI5,54,70,30,16,56,16,70,PM25,SEDANG
202310,2023-10-17,DKI1,61,93,49,-,43,25,93,PM25,SEDANG
202310,2023-10-17,DKI2,69,89,21,6,42,18,89,PM25,SEDANG
202310,2023-10-17,DKI3,72,91,55,5,30,2,91,PM25,SEDANG
202310,2023-10-17,DKI4,81,129,29,18,24,14,129,PM25,TIDAK SEHAT
202310,2023-10-17,DKI5,69,87,30,18,59,18,87,PM25,SEDANG
202310,2023-10-18,DKI1,64,108,50,9,29,34,108,PM25,TIDAK SEHAT
202310,2023-10-18,DKI2,75,104,22,9,41,26,104,PM25,TIDAK SEHAT
202310,2023-10-18,DKI3,70,94,55,8,31,4,94,PM25,SEDANG
202310,2023-10-18,DKI4,88,122,29,25,24,21,122,PM25,TIDAK SEHAT
202310,2023-10-18,DKI5,65,85,30,19,57,20,85,PM25,SEDANG
202310,2023-10-19,DKI1,65,93,51,9,25,30,93,PM25,SEDANG
202310,2023-10-19,DKI2,73,91,23,6,38,20,91,PM25,SEDANG
202310,2023-10-19,DKI3,63,77,55,7,32,3,77,PM25,SEDANG
202310,2023-10-19,DKI4,82,116,30,19,23,14,116,PM25,TIDAK SEHAT
202310,2023-10-19,DKI5,59,69,32,16,56,16,69,PM25,SEDANG
202310,2023-10-20,DKI1,62,78,50,6,29,23,78,PM25,SEDANG
202310,2023-10-20,DKI2,62,81,23,6,31,20,81,PM25,SEDANG
202310,2023-10-20,DKI3,56,73,55,6,31,2,73,PM25,SEDANG
202310,2023-10-20,DKI4,75,106,29,16,23,10,106,PM25,TIDAK SEHAT
202310,2023-10-20,DKI5,45,58,31,14,56,14,58,PM25,SEDANG
202310,2023-10-21,DKI1,63,88,49,6,24,33,88,PM25,SEDANG
202310,2023-10-21,DKI2,67,89,21,10,28,28,89,PM25,SEDANG
202310,2023-10-21,DKI3,64,80,55,5,28,4,80,PM25,SEDANG
202310,2023-10-21,DKI4,77,109,30,24,19,21,109,PM25,TIDAK SEHAT
202310,2023-10-21,DKI5,62,74,30,22,48,22,74,PM25,SEDANG
202310,2023-10-22,DKI1,60,91,47,4,37,25,91,PM25,SEDANG
202310,2023-10-22,DKI2,60,78,20,7,32,16,78,PM25,SEDANG
202310,2023-10-22,DKI3,62,84,55,5,37,3,84,PM25,SEDANG
202310,2023-10-22,DKI4,77,114,29,26,23,20,114,PM25,TIDAK SEHAT
202310,2023-10-22,DKI5,62,76,30,19,62,16,76,PM25,SEDANG
202310,2023-10-23,DKI1,62,86,48,6,37,27,86,PM25,SEDANG
202310,2023-10-23,DKI2,64,85,21,7,31,20,85,PM25,SEDANG
202310,2023-10-23,DKI3,70,86,55,7,33,3,86,PM25,SEDANG
202310,2023-10-23,DKI4,86,133,29,20,22,16,133,PM25,TIDAK SEHAT
202310,2023-10-23,DKI5,62,73,30,17,66,15,73,PM25,SEDANG
202310,2023-10-24,DKI1,63,96,47,5,21,35,96,PM25,SEDANG
202310,2023-10-24,DKI2,66,90,23,8,30,26,90,PM25,SEDANG
202310,2023-10-24,DKI3,65,89,55,8,34,4,89,PM25,SEDANG
202310,2023-10-24,DKI4,75,107,29,20,27,17,107,PM25,TIDAK SEHAT
202310,2023-10-24,DKI5,64,80,31,20,49,22,80,PM25,SEDANG
202310,2023-10-25,DKI1,58,81,44,5,31,32,81,PM25,SEDANG
202310,2023-10-25,DKI2,64,85,22,8,37,28,85,PM25,SEDANG
202310,2023-10-25,DKI3,59,69,56,4,36,3,69,PM25,SEDANG
202310,2023-10-25,DKI4,61,103,28,20,34,17,103,PM25,TIDAK SEHAT
202310,2023-10-25,DKI5,56,67,30,19,61,22,67,PM25,SEDANG
202310,2023-10-26,DKI1,65,99,46,8,31,37,99,PM25,SEDANG
202310,2023-10-26,DKI2,78,106,28,13,35,40,106,PM25,TIDAK SEHAT
202310,2023-10-26,DKI3,63,78,55,4,32,3,78,PM25,SEDANG
202310,2023-10-26,DKI4,82,114,30,29,26,22,114,PM25,TIDAK SEHAT
202310,2023-10-26,DKI5,67,83,31,25,57,28,83,PM25,SEDANG
202310,2023-10-27,DKI1,67,102,47,8,29,36,102,PM25,TIDAK SEHAT
202310,2023-10-27,DKI2,82,109,24,12,39,33,109,PM25,TIDAK SEHAT
202310,2023-10-27,DKI3,63,79,55,5,36,2,79,PM25,SEDANG
202310,2023-10-27,DKI4,83,116,30,27,27,23,116,PM25,TIDAK SEHAT
202310,2023-10-27,DKI5,65,82,29,20,55,21,82,PM25,SEDANG
202310,2023-10-28,DKI1,66,97,47,6,34,36,97,PM25,SEDANG
202310,2023-10-28,DKI2,72,93,20,9,39,26,93,PM25,SEDANG
202310,2023-10-28,DKI3,67,81,54,5,31,2,81,PM25,SEDANG
202310,2023-10-28,DKI4,81,122,29,26,22,22,122,PM25,TIDAK SEHAT
202310,2023-10-28,DKI5,62,74,30,17,53,19,74,PM25,SEDANG
202310,2023-10-29,DKI1,65,94,47,7,36,26,94,PM25,SEDANG
202310,2023-10-29,DKI2,74,92,23,8,40,21,92,PM25,SEDANG
202310,2023-10-29,DKI3,63,47,55,8,28,48,63,PM10,SEDANG
202310,2023-10-29,DKI4,94,150,30,20,25,16,150,PM25,TIDAK SEHAT
202310,2023-10-29,DKI5,57,70,31,17,54,16,70,PM25,SEDANG
202310,2023-10-30,DKI1,59,83,45,6,40,29,83,PM25,SEDANG
202310,2023-10-30,DKI2,65,86,20,8,43,21,86,PM25,SEDANG
202310,2023-10-30,DKI3,60,45,55,6,36,38,60,PM10,SEDANG
202310,2023-10-30,DKI4,92,108,32,22,28,20,108,PM25,TIDAK SEHAT
202310,2023-10-30,DKI5,56,69,30,17,58,15,69,PM25,SEDANG
202310,2023-10-31,DKI1,67,95,45,5,48,33,95,PM25,SEDANG
202310,2023-10-31,DKI2,73,96,21,8,44,25,96,PM25,SEDANG
202310,2023-10-31,DKI3,66,45,22,25,40,33,66,PM10,SEDANG
202310,2023-10-31,DKI4,81,108,29,22,33,20,108,PM25,TIDAK SEHAT
202310,2023-10-31,DKI5,64,-,31,17,61,17,64,PM10,SEDANG
202301,2023-11-01,DKI1,42,65,47,13,25,10,65,PM25,SEDANG
202301,2023-11-01,DKI2,40,65,58,18,28,27,65,PM25,SEDANG
202301,2023-11-01,DKI3,-,-,-,-,-,-,-,-,TIDAK ADA DATA
202301,2023-11-01,DKI4,36,81,54,14,23,12,81,PM25,SEDANG
202301,2023-11-01,DKI5,35,-,24,16,10,-,45,PM25,BAIK
202302,2023-11-02,DKI1,34,34,35,8,21,19,35,SO2,BAIK
202302,2023-11-02,DKI2,30,34,17,8,20,16,34,PM25,BAIK
202302,2023-11-02,DKI3,29,41,52,7,9,2,52,SO2,SEDANG
202302,2023-11-02,DKI4,38,51,53,12,8,9,53,SO2,SEDANG
202302,2023-11-02,DKI5,26,-,22,15,28,4,28,O3,BAIK
202303,2023-11-03,DKI1,44,62,45,12,18,35,62,2,SEDANG
202303,2023-11-03,DKI2,48,63,21,16,28,35,63,2,SEDANG
202303,2023-11-03,DKI3,40,65,35,12,26,10,65,2,SEDANG
202303,2023-11-03,DKI4,49,73,29,11,20,23,73,2,SEDANG
202303,2023-11-03,DKI5,50,-,14,16,35,20,50,1,BAIK
202304,2023-11-04,DKI1,27,51,47,12,14,17,51,PM25,SEDANG
202304,2023-11-04,DKI2,24,32,22,6,19,13,32,PM25,BAIK
202304,2023-11-04,DKI3,26,47,33,3,7,-,47,PM25,BAIK
202304,2023-11-04,DKI4,-,-,-,-,-,-,0,-,TIDAK ADA DATA
202304,2023-11-04,DKI5,23,-,15,5,26,5,26,O3,BAIK
202305,2023-11-05,DKI1,61,84,53,10,33,25,84,PM25,SEDANG
202305,2023-11-05,DKI2,71,88,52,7,37,21,88,PM25,SEDANG
202305,2023-11-05,DKI3,65,94,51,9,16,15,94,PM25,SEDANG
202305,2023-11-05,DKI4,-,109,36,21,16,13,109,PM25,TIDAK SEHAT
202305,2023-11-05,DKI5,53,-,20,14,50,16,53,PM10,SEDANG
202306,2023-11-06,DKI1,63,92,42,11,32,23,92,PM25,SEDANG
202306,2023-11-06,DKI2,70,98,55,8,34,18,98,PM25,SEDANG
202306,2023-11-06,DKI3,73,97,51,5,28,15,97,PM25,SEDANG
202306,2023-11-06,DKI4,-,116,39,22,25,14,116,PM25,TIDAK SEHAT
202306,2023-11-06,DKI5,61,-,23,21,44,24,61,PM10,SEDANG
202307,2023-11-07,DKI1,52,73,42,11,13,27,73,PM25,SEDANG
202307,2023-11-07,DKI2,69,83,58,9,23,22,83,PM25,SEDANG
202307,2023-11-07,DKI3,65,81,54,10,22,16,81,PM25,SEDANG
202307,2023-11-07,DKI4,-,151,40,29,14,18,151,PM25,TIDAK SEHAT
202307,2023-11-07,DKI5,42,-,23,18,48,19,48,O3,BAIK
202308,2023-11-08,DKI1,66,96,40,10,29,29,96,PM25,SEDANG
202308,2023-11-08,DKI2,75,89,54,6,44,18,89,PM25,SEDANG
202308,2023-11-08,DKI3,74,89,53,9,29,14,89,PM25,SEDANG
202308,2023-11-08,DKI4,-,119,28,21,32,14,119,PM25,TIDAK SEHAT
202308,2023-11-08,DKI5,58,-,24,17,60,20,60,O3,SEDANG
202309,2023-11-09,DKI1,62,91,41,10,35,29,91,PM25,SEDANG
202309,2023-11-09,DKI2,65,86,20,7,45,18,86,PM25,SEDANG
202309,2023-11-09,DKI3,59,72,54,6,30,5,72,PM25,SEDANG
202309,2023-11-09,DKI4,-,126,27,22,33,18,126,PM25,TIDAK SEHAT
202309,2023-11-09,DKI5,45,74,27,16,60,16,74,PM25,SEDANG
202310,2023-11-10,DKI1,53,74,48,4,31,26,74,PM25,SEDANG
202310,2023-11-10,DKI2,59,75,19,4,32,12,75,PM25,SEDANG
202310,2023-11-10,DKI3,63,76,54,4,25,3,76,PM25,SEDANG
202310,2023-11-10,DKI4,75,106,31,18,19,14,106,PM25,TIDAK SEHAT
202310,2023-11-10,DKI5,-,63,29,15,52,15,63,PM25,SEDANG
202311,2023-11-11,DKI1,64,89,39,15,35,30,89,PM25,SEDANG
202311,2023-11-11,DKI2,67,89,19,9,42,29,89,PM25,SEDANG
202311,2023-11-11,DKI3,63,64,54,10,26,8,64,PM25,SEDANG
202311,2023-11-11,DKI4,67,90,28,23,24,17,90,PM25,SEDANG
202311,2023-11-11,DKI5,58,91,32,18,57,17,91,PM25,SEDANG
202311,2023-11-13,DKI1,58,81,43,18,36,29,81,PM25,SEDANG
202311,2023-11-13,DKI2,72,94,24,12,29,33,94,PM25,SEDANG
202311,2023-11-13,DKI3,52,59,54,13,27,10,59,PM25,SEDANG
202311,2023-11-13,DKI4,-,-,-,-,-,-,0,,TIDAK ADA DATA
202311,2023-11-13,DKI5,53,85,32,21,38,17,85,PM25,SEDANG
202311,2023-11-14,DKI1,57,79,43,16,34,26,79,PM25,SEDANG
202311,2023-11-14,DKI2,63,79,22,7,31,21,79,PM25,SEDANG
202311,2023-11-14,DKI3,52,64,55,12,27,9,64,PM25,SEDANG
202311,2023-11-14,DKI4,75,109,30,22,19,16,109,PM25,TIDAK SEHAT
202311,2023-11-14,DKI5,51,78,31,17,41,16,78,PM25,SEDANG
202311,2023-11-15,DKI1,47,66,40,16,38,30,66,PM25,SEDANG
202311,2023-11-15,DKI2,50,67,22,8,32,24,67,PM25,SEDANG
202311,2023-11-15,DKI3,41,62,55,12,25,7,62,PM25,SEDANG
202311,2023-11-15,DKI4,55,79,29,20,15,15,79,PM25,SEDANG
202311,2023-11-15,DKI5,39,64,31,18,49,16,64,PM25,SEDANG
202311,2023-11-16,DKI1,57,81,42,16,41,37,81,PM25,SEDANG
202311,2023-11-16,DKI2,-,82,-,-,-,-,82,PM25,SEDANG
202311,2023-11-16,DKI3,52,78,56,13,31,12,78,PM25,SEDANG
202311,2023-11-16,DKI4,63,95,30,25,21,26,95,PM25,SEDANG
202311,2023-11-16,DKI5,51,78,33,19,52,19,78,PM25,SEDANG
202311,2023-11-17,DKI1,52,75,41,16,40,36,75,PM25,SEDANG
202311,2023-11-17,DKI2,59,81,19,13,40,39,81,PM25,SEDANG
202311,2023-11-17,DKI3,51,72,55,14,32,12,72,PM25,SEDANG
202311,2023-11-17,DKI4,65,87,30,27,25,28,87,PM25,SEDANG
202311,2023-11-17,DKI5,52,78,31,19,50,17,78,PM25,SEDANG
202311,2023-11-18,DKI1,53,120,41,14,34,31,120,PM25,TIDAK SEHAT
202311,2023-11-18,DKI2,54,73,18,9,35,31,73,PM25,SEDANG
202311,2023-11-18,DKI3,51,76,55,12,23,10,76,PM25,SEDANG
202311,2023-11-18,DKI4,60,-,31,22,14,27,60,PM10,SEDANG
202311,2023-11-18,DKI5,54,82,31,18,49,16,82,PM25,SEDANG
202311,2023-11-19,DKI1,54,80,43,16,32,24,80,PM25,SEDANG
202311,2023-11-19,DKI2,57,75,21,10,32,28,75,PM25,SEDANG
202311,2023-11-19,DKI3,45,68,55,13,27,10,68,PM25,SEDANG
202311,2023-11-19,DKI4,56,-,29,22,20,18,56,PM10,SEDANG
202311,2023-11-19,DKI5,47,72,31,19,51,17,72,PM25,SEDANG
202311,2023-11-20,DKI1,52,75,43,15,39,24,75,PM25,SEDANG
202311,2023-11-20,DKI2,52,68,21,5,36,18,68,PM25,SEDANG
202311,2023-11-20,DKI3,48,66,55,11,29,8,66,PM25,SEDANG
202311,2023-11-20,DKI4,63,-,30,14,22,12,63,PM10,SEDANG
202311,2023-11-20,DKI5,46,71,30,13,81,12,81,O3,SEDANG
202311,2023-11-21,DKI1,57,87,44,15,36,30,87,PM25,SEDANG
202311,2023-11-21,DKI2,55,81,21,7,36,25,81,PM25,SEDANG
202311,2023-11-21,DKI3,50,73,55,12,25,13,73,PM25,SEDANG
202311,2023-11-21,DKI4,59,89,30,18,19,18,89,PM25,SEDANG
202311,2023-11-21,DKI5,53,83,32,15,65,15,83,PM25,SEDANG
202311,2023-11-22,DKI1,50,69,42,13,43,30,69,PM25,SEDANG
202311,2023-11-22,DKI2,50,63,19,7,46,23,63,PM25,SEDANG
202311,2023-11-22,DKI3,44,63,55,13,32,10,63,PM25,SEDANG
202311,2023-11-22,DKI4,58,74,30,19,24,19,74,PM25,SEDANG
202311,2023-11-22,DKI5,40,67,31,14,71,10,71,O3,SEDANG
202311,2023-11-23,DKI1,56,93,44,11,38,30,93,PM25,SEDANG
202311,2023-11-23,DKI2,59,84,32,8,36,27,84,PM25,SEDANG
202311,2023-11-23,DKI3,51,82,56,14,31,16,82,PM25,SEDANG
202311,2023-11-23,DKI4,67,75,31,21,21,22,75,PM25,SEDANG
202311,2023-11-23,DKI5,52,85,34,16,62,16,85,PM25,SEDANG
202311,2023-11-24,DKI1,70,101,44,11,33,38,101,PM25,TIDAK SEHAT
202311,2023-11-24,DKI2,72,99,33,14,29,47,99,PM25,SEDANG
202311,2023-11-24,DKI3,66,101,55,12,22,21,101,PM25,TIDAK SEHAT
202311,2023-11-24,DKI4,83,82,29,41,20,29,83,PM10,SEDANG
202311,2023-11-24,DKI5,71,112,36,23,54,26,112,PM25,TIDAK SEHAT
202311,2023-11-25,DKI1,65,83,43,14,4,29,83,PM25,SEDANG
202311,2023-11-25,DKI2,60,72,33,13,19,37,72,PM25,SEDANG
202311,2023-11-25,DKI3,56,75,56,12,16,15,75,PM25,SEDANG
202311,2023-11-25,DKI4,63,54,29,25,15,21,63,PM10,SEDANG
202311,2023-11-25,DKI5,63,101,33,20,49,22,101,PM25,TIDAK SEHAT
202311,2023-11-26,DKI1,55,75,43,15,15,25,75,PM25,SEDANG
202311,2023-11-26,DKI2,52,68,32,15,24,33,68,PM25,SEDANG
202311,2023-11-26,DKI3,46,62,56,13,19,16,62,PM25,SEDANG
202311,2023-11-26,DKI4,55,33,30,28,17,19,55,PM10,SEDANG
202311,2023-11-26,DKI5,48,71,33,21,44,20,71,PM25,SEDANG
202311,2023-11-27,DKI1,58,76,43,14,31,26,76,PM25,SEDANG
202311,2023-11-27,DKI2,56,68,33,6,34,23,68,PM25,SEDANG
202311,2023-11-27,DKI3,54,77,56,13,27,16,77,PM25,SEDANG
202311,2023-11-27,DKI4,67,57,31,19,24,20,67,PM10,SEDANG
202311,2023-11-27,DKI5,51,76,32,18,53,19,76,PM25,SEDANG
202311,2023-11-28,DKI1,62,96,45,15,29,34,96,PM25,SEDANG
202311,2023-11-28,DKI2,54,73,32,10,26,31,73,PM25,SEDANG
202311,2023-11-28,DKI3,55,80,57,13,24,14,80,PM25,SEDANG
202311,2023-11-28,DKI4,60,-,30,22,17,23,60,PM10,SEDANG
202311,2023-11-28,DKI5,56,88,33,20,48,21,88,PM25,SEDANG
202311,2023-11-29,DKI1,58,82,44,11,31,26,82,PM25,SEDANG
202311,2023-11-29,DKI2,62,78,36,7,28,24,78,PM25,SEDANG
202311,2023-11-29,DKI3,56,44,56,13,18,12,56,PM10,SEDANG
202311,2023-11-29,DKI4,71,105,30,19,22,14,105,PM25,TIDAK SEHAT
202311,2023-11-29,DKI5,56,88,32,18,56,18,88,PM25,SEDANG
202311,2023-11-30,DKI1,38,67,43,12,34,34,67,PM25,SEDANG
202311,2023-11-30,DKI2,38,59,32,8,33,26,59,PM25,SEDANG
202311,2023-11-30,DKI3,37,43,55,13,21,8,55,SO2,SEDANG
202311,2023-11-30,DKI4,46,67,29,18,23,17,67,PM25,SEDANG
202311,2023-11-30,DKI5,30,57,32,15,61,17,61,O3,SEDANG
202301,2023-12-01,DKI1,53,69,49,12,28,13,69,PM25,SEDANG
202301,2023-12-01,DKI2,69,87,60,17,38,32,87,PM25,SEDANG
202301,2023-12-01,DKI3,43,74,54,9,24,3,74,PM25,SEDANG
202301,2023-12-01,DKI4,-,111,54,15,26,14,111,PM25,TIDAK SEHAT
202301,2023-12-01,DKI5,40,-,24,19,39,8,27,PM25,BAIK
202302,2023-12-02,DKI1,20,16,34,5,23,16,34,SO2,BAIK
202302,2023-12-02,DKI2,20,22,17,6,19,16,22,PM25,BAIK
202302,2023-12-02,DKI3,23,32,52,7,10,2,52,SO2,SEDANG
202302,2023-12-02,DKI4,33,42,53,12,8,10,53,SO2,SEDANG
202302,2023-12-02,DKI5,23,-,22,11,25,5,25,O3,BAIK
202303,2023-12-03,DKI1,61,83,47,13,17,39,83,2,SEDANG
202303,2023-12-03,DKI2,73,94,27,16,24,36,94,2,SEDANG
202303,2023-12-03,DKI3,62,96,38,19,20,22,96,2,SEDANG
202303,2023-12-03,DKI4,64,109,30,16,14,22,109,2,TIDAK SEHAT
202303,2023-12-03,DKI5,60,-,15,21,37,22,60,1,SEDANG
202304,2023-12-04,DKI1,31,51,46,11,9,14,51,PM25,SEDANG
202304,2023-12-04,DKI2,27,35,20,6,16,12,35,PM25,BAIK
202304,2023-12-04,DKI3,28,53,34,3,6,-,53,PM25,SEDANG
202304,2023-12-04,DKI4,-,55,32,3,7,7,55,PM25,SEDANG
202304,2023-12-04,DKI5,15,-,15,5,24,4,24,O3,BAIK
202305,2023-12-05,DKI1,31,41,52,9,15,16,52,SO2,SEDANG
202305,2023-12-05,DKI2,34,43,48,4,25,10,48,SO2,BAIK
202305,2023-12-05,DKI3,35,51,52,2,16,10,52,SO2,SEDANG
202305,2023-12-05,DKI4,-,59,39,13,12,13,59,PM25,SEDANG
202305,2023-12-05,DKI5,18,-,22,11,31,14,31,O3,BAIK
202306,2023-12-06,DKI1,60,89,38,12,23,24,89,PM25,SEDANG
202306,2023-12-06,DKI2,65,92,51,9,35,19,92,PM25,SEDANG
202306,2023-12-06,DKI3,62,-,51,5,24,12,62,PM10,SEDANG
202306,2023-12-06,DKI4,-,113,38,20,22,15,113,PM25,TIDAK SEHAT
202306,2023-12-06,DKI5,59,-,20,18,47,20,59,PM10,SEDANG
202307,2023-12-07,DKI1,57,89,40,12,25,32,89,PM25,SEDANG
202307,2023-12-07,DKI2,70,91,53,9,43,23,91,PM25,SEDANG
202307,2023-12-07,DKI3,67,88,53,9,27,14,88,PM25,SEDANG
202307,2023-12-07,DKI4,-,136,40,29,20,15,136,PM25,TIDAK SEHAT
202307,2023-12-07,DKI5,29,-,20,17,74,17,74,O3,SEDANG
202308,2023-12-08,DKI1,66,98,42,12,28,28,98,PM25,SEDANG
202308,2023-12-08,DKI2,71,81,54,6,39,16,81,PM25,SEDANG
202308,2023-12-08,DKI3,77,96,53,8,27,14,96,PM25,SEDANG
202308,2023-12-08,DKI4,-,126,27,20,29,15,126,PM25,TIDAK SEHAT
202308,2023-12-08,DKI5,57,-,26,16,56,19,57,PM10,SEDANG
202309,2023-12-09,DKI1,56,82,41,10,18,24,82,PM25,SEDANG
202309,2023-12-09,DKI2,65,90,21,8,25,24,90,PM25,SEDANG
202309,2023-12-09,DKI3,57,70,54,7,21,5,70,PM25,SEDANG
202309,2023-12-09,DKI4,81,152,27,19,19,19,152,PM25,TIDAK SEHAT
202309,2023-12-09,DKI5,29,74,26,16,37,14,74,PM25,SEDANG
202310,2023-12-10,DKI1,62,93,47,4,34,33,93,PM25,SEDANG
202310,2023-12-10,DKI2,69,93,21,6,41,17,93,PM25,SEDANG
202310,2023-12-10,DKI3,-,80,54,4,25,5,80,PM25,SEDANG
202310,2023-12-10,DKI4,82,123,30,22,23,15,123,PM25,TIDAK SEHAT
202310,2023-12-10,DKI5,59,75,28,17,58,16,75,PM25,SEDANG
202311,2023-12-11,DKI1,57,79,42,16,45,25,79,PM25,SEDANG
202311,2023-12-11,DKI2,68,90,22,10,37,27,90,PM25,SEDANG
202311,2023-12-11,DKI3,53,56,53,12,30,6,56,PM25,SEDANG
202311,2023-12-11,DKI4,65,93,30,21,23,15,93,PM25,SEDANG
202311,2023-12-11,DKI5,52,79,31,17,45,14,79,PM25,SEDANG
202401,2024-01-01,DKI1,64.0,89.0,52.0,9.0,13.0,30.0,89.0,PM25,SEDANG
202401,2024-01-01,DKI2,67.0,103.0,34.0,18.0,26.0,,103.0,PM25,TIDAK SEHAT
202401,2024-01-01,DKI3,65.0,89.0,14.0,54.0,13.0,,89.0,PM25,SEDANG
202401,2024-01-01,DKI4,74.0,110.0,10.0,20.0,24.0,10.0,110.0,PM25,TIDAK SEHAT
202401,2024-01-01,DKI5,58.0,99.0,40.0,18.0,55.0,12.0,99.0,PM25,SEDANG
202401,2024-01-02,DKI1,53.0,93.0,52.0,4.0,12.0,28.0,93.0,PM25,SEDANG
202401,2024-01-02,DKI2,53.0,74.0,35.0,9.0,27.0,,74.0,PM25,SEDANG
202401,2024-01-02,DKI3,52.0,73.0,14.0,38.0,17.0,,73.0,PM25,SEDANG
202401,2024-01-02,DKI4,56.0,80.0,12.0,11.0,27.0,13.0,80.0,PM25,SEDANG
202401,2024-01-02,DKI5,40.0,68.0,40.0,9.0,65.0,11.0,68.0,PM25,SEDANG
202401,2024-01-03,DKI1,52.0,57.0,52.0,6.0,12.0,27.0,57.0,PM25,SEDANG
202401,2024-01-03,DKI2,43.0,56.0,,7.0,25.0,20.0,56.0,PM25,SEDANG
202401,2024-01-03,DKI3,47.0,57.0,14.0,31.0,9.0,,57.0,PM25,SEDANG
202401,2024-01-03,DKI4,54.0,66.0,13.0,7.0,18.0,14.0,66.0,PM25,SEDANG
202401,2024-01-03,DKI5,32.0,54.0,39.0,7.0,63.0,10.0,63.0,O3,SEDANG
202401,2024-01-04,DKI1,30.0,,112.0,20.0,8.0,77.0,112.0,SO2,TIDAK SEHAT
202401,2024-01-04,DKI2,42.0,62.0,57.0,10.0,22.0,20.0,62.0,PM25,SEDANG
202401,2024-01-04,DKI3,54.0,73.0,14.0,34.0,13.0,,73.0,PM25,SEDANG
202401,2024-01-04,DKI4,53.0,72.0,13.0,10.0,20.0,15.0,72.0,PM25,SEDANG
202401,2024-01-04,DKI5,38.0,59.0,46.0,10.0,55.0,12.0,59.0,PM25,SEDANG
202401,2024-01-05,DKI1,22.0,54.0,46.0,15.0,24.0,44.0,54.0,PM25,SEDANG
202401,2024-01-05,DKI2,38.0,55.0,56.0,14.0,16.0,45.0,56.0,SO2,SEDANG
202401,2024-01-05,DKI3,39.0,58.0,15.0,46.0,14.0,,58.0,PM25,SEDANG
202401,2024-01-05,DKI4,61.0,62.0,10.0,14.0,17.0,19.0,62.0,PM25,SEDANG
202401,2024-01-05,DKI5,30.0,52.0,37.0,15.0,48.0,15.0,52.0,PM25,SEDANG
202401,2024-01-06,DKI1,49.0,68.0,46.0,12.0,38.0,36.0,68.0,PM25,SEDANG
202401,2024-01-06,DKI2,46.0,68.0,58.0,9.0,29.0,26.0,68.0,PM25,SEDANG
202401,2024-01-06,DKI3,45.0,67.0,15.0,34.0,22.0,3.0,67.0,PM25,SEDANG
202401,2024-01-06,DKI4,51.0,70.0,11.0,10.0,31.0,16.0,70.0,PM25,SEDANG
202401,2024-01-06,DKI5,32.0,64.0,39.0,12.0,61.0,14.0,64.0,PM25,SEDANG
202401,2024-01-07,DKI1,52.0,77.0,45.0,14.0,34.0,44.0,77.0,PM25,SEDANG
202401,2024-01-07,DKI2,59.0,87.0,59.0,14.0,34.0,29.0,87.0,PM25,SEDANG
202401,2024-01-07,DKI3,54.0,70.0,15.0,70.0,14.0,24.0,70.0,PM25,SEDANG
202401,2024-01-07,DKI4,62.0,84.0,10.0,15.0,23.0,19.0,84.0,PM25,SEDANG
202401,2024-01-07,DKI5,53.0,86.0,40.0,23.0,62.0,,86.0,PM25,SEDANG
202401,2024-01-08,DKI1,49.0,52.0,46.0,10.0,27.0,32.0,52.0,PM25,SEDANG
202401,2024-01-08,DKI2,44.0,55.0,57.0,11.0,19.0,23.0,57.0,SO2,SEDANG
202401,2024-01-08,DKI3,51.0,72.0,15.0,68.0,20.0,15.0,72.0,PM25,SEDANG
202401,2024-01-08,DKI4,55.0,76.0,10.0,22.0,21.0,20.0,76.0,PM25,SEDANG
202401,2024-01-08,DKI5,37.0,55.0,38.0,12.0,43.0,,55.0,PM25,SEDANG
202401,2024-01-09,DKI1,50.0,62.0,48.0,13.0,25.0,31.0,62.0,PM25,SEDANG
202401,2024-01-09,DKI2,51.0,68.0,58.0,16.0,18.0,53.0,68.0,PM25,SEDANG
202401,2024-01-09,DKI3,55.0,67.0,15.0,46.0,13.0,22.0,67.0,PM25,SEDANG
202401,2024-01-09,DKI4,61.0,84.0,12.0,14.0,17.0,14.0,84.0,PM25,SEDANG
202401,2024-01-09,DKI5,54.0,81.0,21.0,18.0,35.0,3.0,81.0,PM25,SEDANG
202401,2024-01-10,DKI1,49.0,66.0,49.0,10.0,34.0,41.0,66.0,PM25,SEDANG
202401,2024-01-10,DKI2,56.0,77.0,61.0,11.0,31.0,43.0,77.0,PM25,SEDANG
202401,2024-01-10,DKI3,47.0,67.0,34.0,11.0,20.0,42.0,67.0,PM25,SEDANG
202401,2024-01-10,DKI4,70.0,102.0,12.0,11.0,26.0,13.0,102.0,PM25,TIDAK SEHAT
202401,2024-01-10,DKI5,43.0,73.0,18.0,11.0,70.0,7.0,73.0,PM25,SEDANG
202401,2024-01-11,DKI1,51.0,58.0,47.0,10.0,24.0,36.0,58.0,PM25,SEDANG
202401,2024-01-11,DKI2,44.0,54.0,56.0,11.0,19.0,27.0,56.0,SO2,SEDANG
202401,2024-01-11,DKI3,58.0,80.0,35.0,15.0,17.0,43.0,80.0,PM25,SEDANG
202401,2024-01-11,DKI4,63.0,81.0,11.0,16.0,17.0,19.0,81.0,PM25,SEDANG
202401,2024-01-11,DKI5,37.0,60.0,12.0,57.0,51.0,6.0,60.0,PM25,SEDANG
202401,2024-01-12,DKI1,30.0,26.0,45.0,8.0,18.0,21.0,45.0,SO2,BAIK
202401,2024-01-12,DKI2,27.0,39.0,57.0,11.0,14.0,52.0,57.0,SO2,SEDANG
202401,2024-01-12,DKI3,37.0,48.0,43.0,8.0,3.0,56.0,56.0,,SEDANG
202401,2024-01-12,DKI4,37.0,49.0,10.0,11.0,10.0,8.0,49.0,PM25,BAIK
202401,2024-01-12,DKI5,28.0,20.0,11.0,6.0,43.0,4.0,43.0,O3,BAIK
202401,2024-01-13,DKI1,34.0,53.0,46.0,8.0,25.0,25.0,53.0,PM25,SEDANG
202401,2024-01-13,DKI2,35.0,54.0,57.0,10.0,16.0,28.0,57.0,SO2,SEDANG
202401,2024-01-13,DKI3,50.0,66.0,44.0,7.0,11.0,55.0,66.0,PM25,SEDANG
202401,2024-01-13,DKI4,45.0,62.0,10.0,10.0,15.0,13.0,62.0,PM25,SEDANG
202401,2024-01-13,DKI5,25.0,52.0,21.0,8.0,38.0,6.0,52.0,PM25,SEDANG
202401,2024-01-14,DKI1,39.0,49.0,45.0,6.0,20.0,20.0,49.0,PM25,BAIK
202401,2024-01-14,DKI2,37.0,51.0,57.0,8.0,16.0,22.0,57.0,SO2,SEDANG
202401,2024-01-14,DKI3,42.0,52.0,43.0,10.0,10.0,57.0,57.0,,SEDANG
202401,2024-01-14,DKI4,50.0,64.0,11.0,9.0,16.0,10.0,64.0,PM25,SEDANG
202401,2024-01-14,DKI5,30.0,50.0,19.0,8.0,58.0,6.0,58.0,O3,SEDANG
202401,2024-01-15,DKI1,55.0,72.0,47.0,10.0,21.0,30.0,72.0,PM25,SEDANG
202401,2024-01-15,DKI2,52.0,67.0,58.0,12.0,14.0,32.0,67.0,PM25,SEDANG
202401,2024-01-15,DKI3,57.0,78.0,43.0,17.0,5.0,54.0,78.0,PM25,SEDANG
202401,2024-01-15,DKI4,58.0,78.0,10.0,12.0,15.0,15.0,78.0,PM25,SEDANG
202401,2024-01-15,DKI5,51.0,81.0,24.0,11.0,55.0,11.0,81.0,PM25,SEDANG
202401,2024-01-16,DKI1,41.0,47.0,48.0,10.0,25.0,24.0,48.0,SO2,BAIK
202401,2024-01-16,DKI2,29.0,50.0,58.0,6.0,14.0,32.0,58.0,SO2,SEDANG
202401,2024-01-16,DKI3,47.0,60.0,44.0,7.0,6.0,57.0,60.0,PM25,SEDANG
202401,2024-01-16,DKI4,49.0,62.0,11.0,6.0,11.0,9.0,62.0,PM25,SEDANG
202401,2024-01-16,DKI5,23.0,49.0,24.0,5.0,43.0,6.0,49.0,PM25,BAIK
202401,2024-01-17,DKI1,45.0,54.0,51.0,8.0,16.0,30.0,54.0,PM25,SEDANG
202401,2024-01-17,DKI2,35.0,51.0,59.0,8.0,12.0,44.0,59.0,SO2,SEDANG
202401,2024-01-17,DKI3,50.0,65.0,46.0,8.0,5.0,,65.0,PM25,SEDANG
202401,2024-01-17,DKI4,42.0,56.0,10.0,7.0,8.0,9.0,56.0,PM25,SEDANG
202401,2024-01-17,DKI5,34.0,57.0,39.0,7.0,47.0,8.0,57.0,PM25,SEDANG
202401,2024-01-18,DKI1,45.0,58.0,47.0,11.0,14.0,27.0,58.0,PM25,SEDANG
202401,2024-01-18,DKI2,47.0,58.0,57.0,15.0,12.0,44.0,58.0,PM25,SEDANG
202401,2024-01-18,DKI3,56.0,76.0,49.0,13.0,6.0,23.0,76.0,PM25,SEDANG
202401,2024-01-18,DKI4,53.0,67.0,13.0,13.0,6.0,12.0,67.0,PM25,SEDANG
202401,2024-01-18,DKI5,37.0,56.0,25.0,8.0,39.0,8.0,56.0,PM25,SEDANG
202401,2024-01-19,DKI1,19.0,31.0,46.0,,12.0,20.0,46.0,SO2,BAIK
202401,2024-01-19,DKI2,21.0,32.0,56.0,8.0,12.0,21.0,56.0,SO2,SEDANG
202401,2024-01-19,DKI3,32.0,34.0,45.0,6.0,9.0,76.0,76.0,,SEDANG
202401,2024-01-19,DKI4,30.0,36.0,24.0,7.0,6.0,8.0,36.0,PM25,BAIK
202401,2024-01-19,DKI5,16.0,29.0,19.0,6.0,46.0,6.0,46.0,O3,BAIK
202401,2024-01-20,DKI1,26.0,28.0,44.0,,17.0,17.0,44.0,SO2,BAIK
202401,2024-01-20,DKI2,25.0,32.0,54.0,7.0,13.0,18.0,54.0,SO2,SEDANG
202401,2024-01-20,DKI3,32.0,45.0,44.0,7.0,8.0,66.0,66.0,,SEDANG
202401,2024-01-20,DKI4,28.0,46.0,24.0,8.0,7.0,8.0,46.0,PM25,BAIK
202401,2024-01-20,DKI5,17.0,28.0,33.0,7.0,23.0,6.0,33.0,SO2,BAIK
202401,2024-01-21,DKI1,36.0,50.0,46.0,6.0,15.0,14.0,50.0,PM25,BAIK
202401,2024-01-21,DKI2,31.0,48.0,54.0,8.0,13.0,18.0,54.0,SO2,SEDANG
202401,2024-01-21,DKI3,51.0,65.0,45.0,9.0,8.0,79.0,79.0,,SEDANG
202401,2024-01-21,DKI4,50.0,64.0,24.0,8.0,7.0,6.0,64.0,PM25,SEDANG
202401,2024-01-21,DKI5,26.0,51.0,37.0,10.0,18.0,5.0,51.0,PM25,SEDANG
202401,2024-01-22,DKI1,24.0,26.0,44.0,3.0,17.0,11.0,44.0,SO2,BAIK
202401,2024-01-22,DKI2,21.0,30.0,53.0,6.0,13.0,11.0,53.0,SO2,SEDANG
202401,2024-01-22,DKI3,27.0,34.0,45.0,5.0,8.0,56.0,56.0,,SEDANG
202401,2024-01-22,DKI4,31.0,50.0,24.0,4.0,7.0,3.0,50.0,PM25,BAIK
202401,2024-01-22,DKI5,14.0,23.0,31.0,9.0,19.0,2.0,31.0,SO2,BAIK
202401,2024-01-23,DKI1,20.0,38.0,44.0,5.0,15.0,12.0,44.0,SO2,BAIK
202401,2024-01-23,DKI2,29.0,38.0,53.0,6.0,12.0,14.0,53.0,SO2,SEDANG
202401,2024-01-23,DKI3,,52.0,46.0,6.0,9.0,51.0,52.0,PM25,SEDANG
202401,2024-01-23,DKI4,36.0,58.0,24.0,5.0,9.0,6.0,58.0,PM25,SEDANG
202401,2024-01-23,DKI5,17.0,40.0,31.0,9.0,17.0,3.0,40.0,PM25,BAIK
202401,2024-01-24,DKI1,31.0,37.0,45.0,8.0,14.0,14.0,45.0,SO2,BAIK
202401,2024-01-24,DKI2,29.0,41.0,53.0,7.0,13.0,17.0,53.0,SO2,SEDANG
202401,2024-01-24,DKI3,46.0,65.0,46.0,8.0,9.0,38.0,65.0,PM25,SEDANG
202401,2024-01-24,DKI4,46.0,61.0,24.0,6.0,7.0,6.0,61.0,PM25,SEDANG
202401,2024-01-24,DKI5,23.0,44.0,32.0,10.0,17.0,3.0,44.0,PM25,BAIK
202401,2024-01-25,DKI1,43.0,56.0,48.0,11.0,14.0,22.0,56.0,PM25,SEDANG
202401,2024-01-25,DKI2,40.0,58.0,55.0,9.0,14.0,38.0,58.0,PM25,SEDANG
202401,2024-01-25,DKI3,37.0,55.0,47.0,7.0,11.0,28.0,55.0,PM25,SEDANG
202401,2024-01-25,DKI4,46.0,62.0,25.0,7.0,12.0,8.0,62.0,PM25,SEDANG
202401,2024-01-25,DKI5,36.0,60.0,38.0,12.0,19.0,4.0,60.0,PM25,SEDANG
202401,2024-01-26,DKI1,39.0,59.0,48.0,9.0,17.0,26.0,59.0,PM25,SEDANG
202401,2024-01-26,DKI2,55.0,69.0,59.0,7.0,14.0,43.0,69.0,PM25,SEDANG
202401,2024-01-26,DKI3,43.0,62.0,50.0,7.0,15.0,14.0,62.0,PM25,SEDANG
202401,2024-01-26,DKI4,58.0,77.0,27.0,7.0,16.0,14.0,77.0,PM25,SEDANG
202401,2024-01-26,DKI5,27.0,54.0,37.0,10.0,26.0,9.0,54.0,PM25,SEDANG
202401,2024-01-27,DKI1,21.0,18.0,45.0,,17.0,22.0,45.0,SO2,BAIK
202401,2024-01-27,DKI2,24.0,23.0,53.0,5.0,16.0,17.0,53.0,SO2,SEDANG
202401,2024-01-27,DKI3,40.0,52.0,48.0,8.0,12.0,10.0,52.0,PM25,SEDANG
202401,2024-01-27,DKI4,38.0,47.0,24.0,5.0,11.0,10.0,47.0,PM25,BAIK
202401,2024-01-27,DKI5,25.0,28.0,30.0,8.0,35.0,12.0,35.0,O3,BAIK
202401,2024-01-28,DKI1,35.0,53.0,45.0,13.0,17.0,30.0,53.0,PM25,SEDANG
202401,2024-01-28,DKI2,39.0,55.0,54.0,15.0,14.0,47.0,55.0,PM25,SEDANG
202401,2024-01-28,DKI3,40.0,62.0,48.0,12.0,12.0,18.0,62.0,PM25,SEDANG
202401,2024-01-28,DKI4,43.0,59.0,24.0,16.0,10.0,14.0,59.0,PM25,SEDANG
202401,2024-01-28,DKI5,46.0,66.0,31.0,18.0,34.0,16.0,66.0,PM25,SEDANG
202401,2024-01-29,DKI1,30.0,,44.0,8.0,17.0,28.0,44.0,SO2,BAIK
202401,2024-01-29,DKI2,37.0,51.0,53.0,12.0,13.0,48.0,53.0,SO2,SEDANG
202401,2024-01-29,DKI3,33.0,44.0,47.0,14.0,12.0,24.0,47.0,SO2,BAIK
202401,2024-01-29,DKI4,51.0,63.0,24.0,14.0,11.0,13.0,63.0,PM25,SEDANG
202401,2024-01-29,DKI5,30.0,53.0,29.0,14.0,35.0,14.0,53.0,PM25,SEDANG
202401,2024-01-30,DKI1,39.0,67.0,46.0,31.0,14.0,28.0,67.0,PM25,SEDANG
202401,2024-01-30,DKI2,51.0,64.0,54.0,17.0,13.0,68.0,68.0,,SEDANG
202401,2024-01-30,DKI3,58.0,46.0,48.0,22.0,12.0,33.0,58.0,PM10,SEDANG
202401,2024-01-30,DKI4,71.0,82.0,24.0,23.0,13.0,12.0,82.0,PM25,SEDANG
202401,2024-01-30,DKI5,40.0,63.0,29.0,15.0,37.0,16.0,63.0,PM25,SEDANG
202401,2024-01-31,DKI1,25.0,49.0,47.0,19.0,24.0,30.0,49.0,PM25,BAIK
202401,2024-01-31,DKI2,25.0,44.0,53.0,8.0,19.0,26.0,53.0,SO2,SEDANG
202401,2024-01-31,DKI3,37.0,47.0,7.0,26.0,17.0,17.0,47.0,PM25,BAIK
202401,2024-01-31,DKI4,40.0,57.0,25.0,7.0,17.0,15.0,57.0,PM25,SEDANG
202401,2024-01-31,DKI5,22.0,49.0,33.0,9.0,40.0,17.0,49.0,PM25,BAIK
202402,2024-02-01,DKI1,52.0,72.0,49.0,17.0,18.0,37.0,72.0,PM25,SEDANG
202402,2024-02-01,DKI2,55.0,,54.0,15.0,25.0,49.0,55.0,PM10,SEDANG
202402,2024-02-01,DKI3,52.0,71.0,48.0,16.0,16.0,21.0,71.0,PM25,SEDANG
202402,2024-02-01,DKI4,68.0,90.0,25.0,15.0,18.0,14.0,90.0,PM25,SEDANG
202402,2024-02-01,DKI5,51.0,82.0,34.0,17.0,33.0,22.0,82.0,PM25,SEDANG
202402,2024-02-02,DKI1,50.0,62.0,49.0,12.0,19.0,26.0,62.0,PM25,SEDANG
202402,2024-02-02,DKI2,48.0,62.0,55.0,15.0,16.0,57.0,62.0,PM25,SEDANG
202402,2024-02-02,DKI3,39.0,53.0,47.0,12.0,10.0,33.0,53.0,PM25,SEDANG
202402,2024-02-02,DKI4,50.0,59.0,24.0,10.0,12.0,9.0,59.0,PM25,SEDANG
202402,2024-02-02,DKI5,47.0,68.0,26.0,18.0,28.0,9.0,68.0,PM25,SEDANG
202402,2024-02-03,DKI1,33.0,51.0,48.0,10.0,20.0,22.0,51.0,PM25,SEDANG
202402,2024-02-03,DKI2,36.0,53.0,55.0,9.0,13.0,43.0,55.0,SO2,SEDANG
202402,2024-02-03,DKI3,33.0,45.0,48.0,9.0,9.0,33.0,48.0,SO2,BAIK
202402,2024-02-03,DKI4,,56.0,25.0,7.0,11.0,10.0,56.0,PM25,SEDANG
202402,2024-02-03,DKI5,24.0,48.0,25.0,12.0,29.0,10.0,48.0,PM25,BAIK
202402,2024-02-04,DKI1,24.0,38.0,46.0,9.0,16.0,14.0,46.0,SO2,BAIK
202402,2024-02-04,DKI2,27.0,43.0,54.0,7.0,12.0,21.0,54.0,SO2,SEDANG
202402,2024-02-04,DKI3,31.0,49.0,48.0,5.0,7.0,17.0,49.0,PM25,BAIK
202402,2024-02-04,DKI4,32.0,45.0,25.0,4.0,7.0,4.0,45.0,PM25,BAIK
202402,2024-02-04,DKI5,17.0,24.0,23.0,7.0,27.0,4.0,27.0,O3,BAIK
202402,2024-02-05,DKI1,38.0,67.0,47.0,13.0,18.0,28.0,67.0,PM25,SEDANG
202402,2024-02-05,DKI2,53.0,71.0,56.0,13.0,17.0,40.0,71.0,PM25,SEDANG
202402,2024-02-05,DKI3,52.0,74.0,49.0,14.0,12.0,40.0,74.0,PM25,SEDANG
202402,2024-02-05,DKI4,54.0,77.0,25.0,10.0,6.0,5.0,77.0,PM25,SEDANG
202402,2024-02-05,DKI5,35.0,68.0,24.0,15.0,32.0,12.0,68.0,PM25,SEDANG
202402,2024-02-06,DKI1,47.0,61.0,47.0,9.0,18.0,32.0,61.0,PM25,SEDANG
202402,2024-02-06,DKI2,44.0,55.0,54.0,10.0,13.0,37.0,55.0,PM25,SEDANG
202402,2024-02-06,DKI3,61.0,74.0,50.0,16.0,9.0,37.0,74.0,PM25,SEDANG
202402,2024-02-06,DKI4,64.0,74.0,25.0,15.0,6.0,7.0,74.0,PM25,SEDANG
202402,2024-02-06,DKI5,59.0,74.0,25.0,16.0,38.0,14.0,74.0,PM25,SEDANG
202402,2024-02-07,DKI1,32.0,49.0,49.0,8.0,15.0,22.0,49.0,PM25,BAIK
202402,2024-02-07,DKI2,37.0,53.0,56.0,11.0,10.0,48.0,56.0,SO2,SEDANG
202402,2024-02-07,DKI3,35.0,52.0,48.0,9.0,9.0,28.0,52.0,PM25,SEDANG
202402,2024-02-07,DKI4,40.0,58.0,25.0,6.0,4.0,6.0,58.0,PM25,SEDANG
202402,2024-02-07,DKI5,31.0,52.0,27.0,11.0,25.0,8.0,52.0,PM25,SEDANG
202402,2024-02-08,DKI1,42.0,60.0,47.0,6.0,15.0,20.0,60.0,PM25,SEDANG
202402,2024-02-08,DKI2,59.0,73.0,56.0,13.0,14.0,56.0,73.0,PM25,SEDANG
202402,2024-02-08,DKI3,56.0,75.0,50.0,22.0,8.0,80.0,80.0,,SEDANG
202402,2024-02-08,DKI4,64.0,90.0,25.0,10.0,4.0,4.0,90.0,PM25,SEDANG
202402,2024-02-08,DKI5,40.0,66.0,25.0,11.0,28.0,8.0,66.0,PM25,SEDANG
202402,2024-02-09,DKI1,51.0,72.0,51.0,6.0,21.0,31.0,72.0,PM25,SEDANG
202402,2024-02-09,DKI2,58.0,79.0,58.0,9.0,24.0,28.0,79.0,PM25,SEDANG
202402,2024-02-09,DKI3,49.0,67.0,54.0,9.0,16.0,17.0,67.0,PM25,SEDANG
202402,2024-02-09,DKI4,67.0,86.0,26.0,,7.0,5.0,86.0,PM25,SEDANG
202402,2024-02-09,DKI5,45.0,77.0,37.0,12.0,41.0,18.0,77.0,PM25,SEDANG
202402,2024-02-10,DKI1,46.0,57.0,51.0,7.0,28.0,20.0,57.0,PM25,SEDANG
202402,2024-02-10,DKI2,47.0,57.0,55.0,5.0,21.0,20.0,57.0,PM25,SEDANG
202402,2024-02-10,DKI3,52.0,63.0,51.0,7.0,21.0,8.0,63.0,PM25,SEDANG
202402,2024-02-10,DKI4,57.0,74.0,25.0,,8.0,5.0,74.0,PM25,SEDANG
202402,2024-02-10,DKI5,33.0,60.0,28.0,6.0,46.0,11.0,60.0,PM25,SEDANG
202402,2024-02-11,DKI1,39.0,57.0,50.0,9.0,23.0,23.0,57.0,PM25,SEDANG
202402,2024-02-11,DKI2,33.0,53.0,54.0,7.0,17.0,20.0,54.0,SO2,SEDANG
202402,2024-02-11,DKI3,50.0,68.0,50.0,19.0,14.0,52.0,68.0,PM25,SEDANG
202402,2024-02-11,DKI4,63.0,85.0,25.0,9.0,6.0,6.0,85.0,PM25,SEDANG
202402,2024-02-11,DKI5,46.0,69.0,26.0,14.0,31.0,13.0,69.0,PM25,SEDANG
202402,2024-02-12,DKI1,33.0,54.0,50.0,7.0,25.0,23.0,54.0,PM25,SEDANG
202402,2024-02-12,DKI2,34.0,52.0,55.0,7.0,18.0,22.0,55.0,SO2,SEDANG
202402,2024-02-12,DKI3,50.0,64.0,50.0,12.0,15.0,19.0,64.0,PM25,SEDANG
202402,2024-02-12,DKI4,61.0,80.0,25.0,4.0,5.0,6.0,80.0,PM25,SEDANG
202402,2024-02-12,DKI5,30.0,54.0,24.0,11.0,37.0,12.0,54.0,PM25,SEDANG
202402,2024-02-13,DKI1,39.0,52.0,51.0,7.0,26.0,28.0,52.0,PM25,SEDANG
202402,2024-02-13,DKI2,42.0,54.0,54.0,6.0,18.0,29.0,54.0,PM25,SEDANG
202402,2024-02-13,DKI3,57.0,72.0,52.0,14.0,18.0,187.0,187.0,,TIDAK SEHAT
202402,2024-02-13,DKI4,53.0,67.0,25.0,7.0,8.0,6.0,67.0,PM25,SEDANG
202402,2024-02-13,DKI5,31.0,54.0,22.0,9.0,39.0,12.0,54.0,PM25,SEDANG
202402,2024-02-14,DKI1,25.0,38.0,52.0,8.0,26.0,24.0,52.0,SO2,SEDANG
202402,2024-02-14,DKI2,24.0,40.0,54.0,6.0,20.0,31.0,54.0,SO2,SEDANG
202402,2024-02-14,DKI3,43.0,55.0,51.0,10.0,20.0,202.0,202.0,,SANGAT TIDAK SEHAT
202402,2024-02-14,DKI4,49.0,62.0,25.0,16.0,8.0,6.0,62.0,PM25,SEDANG
202402,2024-02-14,DKI5,,37.0,21.0,9.0,45.0,11.0,45.0,O3,BAIK
202402,2024-02-15,DKI1,35.0,55.0,,18.0,22.0,29.0,55.0,PM25,SEDANG
202402,2024-02-15,DKI2,43.0,60.0,55.0,10.0,14.0,46.0,60.0,PM25,SEDANG
202402,2024-02-15,DKI3,41.0,63.0,51.0,13.0,16.0,,63.0,PM25,SEDANG
202402,2024-02-15,DKI4,53.0,76.0,25.0,24.0,7.0,8.0,76.0,PM25,SEDANG
202402,2024-02-15,DKI5,32.0,58.0,24.0,11.0,38.0,15.0,58.0,PM25,SEDANG
202402,2024-02-16,DKI1,57.0,73.0,20.0,28.0,20.0,40.0,73.0,PM25,SEDANG
202402,2024-02-16,DKI2,67.0,83.0,56.0,21.0,12.0,80.0,83.0,PM25,SEDANG
202402,2024-02-16,DKI3,64.0,87.0,53.0,19.0,12.0,22.0,87.0,PM25,SEDANG
202402,2024-02-16,DKI4,81.0,103.0,25.0,24.0,6.0,11.0,103.0,PM25,TIDAK SEHAT
202402,2024-02-16,DKI5,53.0,78.0,23.0,18.0,39.0,26.0,78.0,PM25,SEDANG
202402,2024-02-17,DKI1,36.0,50.0,16.0,21.0,23.0,23.0,50.0,PM25,BAIK
202402,2024-02-17,DKI2,29.0,32.0,54.0,5.0,16.0,28.0,54.0,SO2,SEDANG
202402,2024-02-17,DKI3,53.0,70.0,52.0,16.0,10.0,12.0,70.0,PM25,SEDANG
202402,2024-02-17,DKI4,59.0,74.0,25.0,22.0,6.0,8.0,74.0,PM25,SEDANG
202402,2024-02-17,DKI5,43.0,67.0,22.0,12.0,32.0,18.0,67.0,PM25,SEDANG
202402,2024-02-18,DKI1,38.0,55.0,15.0,20.0,24.0,26.0,55.0,PM25,SEDANG
202402,2024-02-18,DKI2,44.0,64.0,54.0,8.0,17.0,35.0,64.0,PM25,SEDANG
202402,2024-02-18,DKI3,47.0,63.0,50.0,14.0,15.0,8.0,63.0,PM25,SEDANG
202402,2024-02-18,DKI4,57.0,71.0,25.0,21.0,7.0,6.0,71.0,PM25,SEDANG
202402,2024-02-18,DKI5,31.0,57.0,23.0,11.0,35.0,16.0,57.0,PM25,SEDANG
202402,2024-02-19,DKI1,46.0,66.0,16.0,24.0,14.0,39.0,66.0,PM25,SEDANG
202402,2024-02-19,DKI2,,,,,,,,,TIDAK ADA DATA
202402,2024-02-19,DKI3,50.0,67.0,49.0,17.0,19.0,12.0,67.0,PM25,SEDANG
202402,2024-02-19,DKI4,68.0,91.0,26.0,23.0,6.0,9.0,91.0,PM25,SEDANG
202402,2024-02-19,DKI5,49.0,81.0,22.0,19.0,31.0,23.0,81.0,PM25,SEDANG
202402,2024-02-20,DKI1,42.0,61.0,16.0,21.0,21.0,31.0,61.0,PM25,SEDANG
202402,2024-02-20,DKI2,52.0,70.0,55.0,9.0,16.0,37.0,70.0,PM25,SEDANG
202402,2024-02-20,DKI3,65.0,93.0,50.0,15.0,21.0,13.0,93.0,PM25,SEDANG
202402,2024-02-20,DKI4,71.0,94.0,25.0,22.0,7.0,9.0,94.0,PM25,SEDANG
202402,2024-02-20,DKI5,40.0,69.0,22.0,10.0,36.0,13.0,69.0,PM25,SEDANG
202402,2024-02-21,DKI1,52.0,73.0,20.0,32.0,24.0,37.0,73.0,PM25,SEDANG
202402,2024-02-21,DKI2,55.0,81.0,56.0,13.0,24.0,36.0,81.0,PM25,SEDANG
202402,2024-02-21,DKI3,58.0,79.0,49.0,14.0,20.0,17.0,79.0,PM25,SEDANG
202402,2024-02-21,DKI4,70.0,102.0,25.0,24.0,9.0,8.0,102.0,PM25,TIDAK SEHAT
202402,2024-02-21,DKI5,55.0,94.0,20.0,12.0,115.0,18.0,115.0,O3,TIDAK SEHAT
202402,2024-02-22,DKI1,56.0,73.0,19.0,22.0,23.0,35.0,73.0,PM25,SEDANG
202402,2024-02-22,DKI2,58.0,70.0,56.0,9.0,19.0,32.0,70.0,PM25,SEDANG
202402,2024-02-22,DKI3,59.0,71.0,48.0,12.0,8.0,17.0,71.0,PM25,SEDANG
202402,2024-02-22,DKI4,70.0,86.0,25.0,21.0,8.0,9.0,86.0,PM25,SEDANG
202402,2024-02-22,DKI5,53.0,76.0,21.0,8.0,72.0,14.0,76.0,PM25,SEDANG
202402,2024-02-23,DKI1,38.0,56.0,16.0,20.0,23.0,29.0,56.0,PM25,SEDANG
202402,2024-02-23,DKI2,49.0,62.0,56.0,9.0,16.0,39.0,62.0,PM25,SEDANG
202402,2024-02-23,DKI3,44.0,59.0,49.0,7.0,15.0,14.0,59.0,PM25,SEDANG
202402,2024-02-23,DKI4,46.0,61.0,25.0,20.0,7.0,6.0,61.0,PM25,SEDANG
202402,2024-02-23,DKI5,29.0,58.0,19.0,7.0,59.0,10.0,59.0,O3,SEDANG
202402,2024-02-24,DKI1,38.0,57.0,20.0,20.0,12.0,19.0,57.0,PM25,SEDANG
202402,2024-02-24,DKI2,47.0,57.0,55.0,7.0,12.0,40.0,57.0,PM25,SEDANG
202402,2024-02-24,DKI3,44.0,62.0,49.0,6.0,13.0,29.0,62.0,PM25,SEDANG
202402,2024-02-24,DKI4,54.0,67.0,25.0,18.0,6.0,2.0,67.0,PM25,SEDANG
202402,2024-02-24,DKI5,28.0,53.0,24.0,9.0,59.0,8.0,59.0,O3,SEDANG
202402,2024-02-25,DKI1,26.0,37.0,20.0,16.0,22.0,19.0,37.0,PM25,BAIK
202402,2024-02-25,DKI2,28.0,39.0,56.0,4.0,16.0,15.0,56.0,SO2,SEDANG
202402,2024-02-25,DKI3,37.0,50.0,50.0,7.0,9.0,16.0,50.0,PM25,BAIK
202402,2024-02-25,DKI4,37.0,52.0,25.0,15.0,8.0,3.0,52.0,PM25,SEDANG
202402,2024-02-25,DKI5,25.0,50.0,30.0,14.0,35.0,9.0,50.0,PM25,BAIK
202402,2024-02-26,DKI1,25.0,42.0,13.0,17.0,18.0,24.0,42.0,PM25,BAIK
202402,2024-02-26,DKI2,23.0,30.0,54.0,5.0,18.0,22.0,54.0,SO2,SEDANG
202402,2024-02-26,DKI3,41.0,56.0,49.0,10.0,12.0,29.0,56.0,PM25,SEDANG
202402,2024-02-26,DKI4,36.0,52.0,25.0,18.0,7.0,4.0,52.0,PM25,SEDANG
202402,2024-02-26,DKI5,24.0,41.0,23.0,17.0,45.0,14.0,45.0,O3,BAIK
202402,2024-02-27,DKI1,44.0,63.0,14.0,25.0,16.0,32.0,63.0,PM25,SEDANG
202402,2024-02-27,DKI2,59.0,71.0,55.0,14.0,11.0,68.0,71.0,PM25,SEDANG
202402,2024-02-27,DKI3,64.0,88.0,50.0,20.0,14.0,19.0,88.0,PM25,SEDANG
202402,2024-02-27,DKI4,70.0,96.0,26.0,28.0,5.0,7.0,96.0,PM25,SEDANG
202402,2024-02-27,DKI5,54.0,78.0,21.0,27.0,46.0,13.0,78.0,PM25,SEDANG
202402,2024-02-28,DKI1,43.0,59.0,14.0,21.0,13.0,31.0,59.0,PM25,SEDANG
202402,2024-02-28,DKI2,51.0,62.0,57.0,9.0,11.0,54.0,62.0,PM25,SEDANG
202402,2024-02-28,DKI3,47.0,62.0,50.0,10.0,11.0,21.0,62.0,PM25,SEDANG
202402,2024-02-28,DKI4,,,,,,,,,TIDAK ADA DATA
202402,2024-02-28,DKI5,33.0,60.0,22.0,20.0,48.0,18.0,60.0,PM25,SEDANG
202402,2024-02-29,DKI1,33.0,44.0,13.0,22.0,14.0,29.0,44.0,PM25,BAIK
202402,2024-02-29,DKI2,32.0,35.0,54.0,9.0,13.0,36.0,54.0,SO2,SEDANG
202402,2024-02-29,DKI3,54.0,13.0,50.0,12.0,12.0,41.0,54.0,PM10,SEDANG
202402,2024-02-29,DKI4,57.0,59.0,25.0,22.0,6.0,6.0,59.0,PM25,SEDANG
202402,2024-02-29,DKI5,36.0,57.0,21.0,21.0,54.0,16.0,57.0,PM25,SEDANG
202403,2024-03-01,DKI1,45.0,62.0,14.0,30.0,23.0,37.0,62.0,PM25,SEDANG
202403,2024-03-01,DKI2,53.0,66.0,54.0,23.0,12.0,76.0,76.0,,SEDANG
202403,2024-03-01,DKI3,46.0,66.0,50.0,14.0,15.0,28.0,66.0,PM25,SEDANG
202403,2024-03-01,DKI4,55.0,69.0,25.0,28.0,8.0,6.0,69.0,PM25,SEDANG
202403,2024-03-01,DKI5,52.0,82.0,21.0,29.0,50.0,13.0,82.0,PM25,SEDANG
202403,2024-03-02,DKI1,43.0,64.0,17.0,22.0,15.0,37.0,64.0,PM25,SEDANG
202403,2024-03-02,DKI2,50.0,62.0,55.0,10.0,20.0,42.0,62.0,PM25,SEDANG
202403,2024-03-02,DKI3,48.0,64.0,50.0,11.0,9.0,20.0,64.0,PM25,SEDANG
202403,2024-03-02,DKI4,59.0,72.0,26.0,21.0,8.0,7.0,72.0,PM25,SEDANG
202403,2024-03-02,DKI5,41.0,69.0,23.0,21.0,54.0,21.0,69.0,PM25,SEDANG
202403,2024-03-03,DKI1,33.0,51.0,17.0,20.0,22.0,27.0,51.0,PM25,SEDANG
202403,2024-03-03,DKI2,35.0,41.0,54.0,6.0,20.0,31.0,54.0,SO2,SEDANG
202403,2024-03-03,DKI3,48.0,57.0,50.0,12.0,5.0,20.0,57.0,PM25,SEDANG
202403,2024-03-03,DKI4,46.0,58.0,26.0,21.0,6.0,7.0,58.0,PM25,SEDANG
202403,2024-03-03,DKI5,35.0,54.0,22.0,19.0,51.0,14.0,54.0,PM25,SEDANG
202403,2024-03-04,DKI1,34.0,54.0,14.0,19.0,20.0,25.0,54.0,PM25,SEDANG
202403,2024-03-04,DKI2,39.0,55.0,54.0,8.0,22.0,32.0,55.0,PM25,SEDANG
202403,2024-03-04,DKI3,43.0,56.0,50.0,14.0,13.0,61.0,61.0,,SEDANG
202403,2024-03-04,DKI4,49.0,61.0,26.0,25.0,8.0,5.0,61.0,PM25,SEDANG
202403,2024-03-04,DKI5,33.0,60.0,22.0,18.0,42.0,10.0,60.0,PM25,SEDANG
202403,2024-03-05,DKI1,24.0,43.0,13.0,19.0,20.0,22.0,43.0,PM25,BAIK
202403,2024-03-05,DKI2,30.0,54.0,54.0,9.0,20.0,31.0,54.0,PM25,SEDANG
202403,2024-03-05,DKI3,44.0,56.0,50.0,9.0,13.0,62.0,62.0,,SEDANG
202403,2024-03-05,DKI4,39.0,56.0,26.0,22.0,6.0,4.0,56.0,PM25,SEDANG
202403,2024-03-05,DKI5,18.0,38.0,21.0,14.0,46.0,6.0,46.0,O3,BAIK
202403,2024-03-06,DKI1,25.0,38.0,15.0,17.0,17.0,21.0,38.0,PM25,BAIK
202403,2024-03-06,DKI2,31.0,51.0,54.0,5.0,19.0,19.0,54.0,SO2,SEDANG
202403,2024-03-06,DKI3,48.0,61.0,50.0,8.0,9.0,58.0,61.0,PM25,SEDANG
202403,2024-03-06,DKI4,37.0,55.0,26.0,18.0,5.0,3.0,55.0,PM25,SEDANG
202403,2024-03-06,DKI5,18.0,34.0,23.0,13.0,49.0,6.0,49.0,O3,BAIK
202403,2024-03-07,DKI1,23.0,35.0,14.0,17.0,20.0,21.0,35.0,PM25,BAIK
202403,2024-03-07,DKI2,31.0,46.0,55.0,6.0,19.0,25.0,55.0,SO2,SEDANG
202403,2024-03-07,DKI3,38.0,52.0,50.0,6.0,10.0,52.0,52.0,PM25,SEDANG
202403,2024-03-07,DKI4,31.0,47.0,26.0,18.0,6.0,2.0,47.0,PM25,BAIK
202403,2024-03-07,DKI5,22.0,28.0,22.0,13.0,48.0,6.0,48.0,O3,BAIK
202403,2024-03-08,DKI1,19.0,34.0,13.0,15.0,22.0,15.0,34.0,PM25,BAIK
202403,2024-03-08,DKI2,24.0,44.0,54.0,4.0,20.0,12.0,54.0,SO2,SEDANG
202403,2024-03-08,DKI3,23.0,28.0,49.0,3.0,13.0,34.0,49.0,SO2,BAIK
202403,2024-03-08,DKI4,26.0,39.0,26.0,15.0,6.0,2.0,39.0,PM25,BAIK
202403,2024-03-08,DKI5,17.0,28.0,22.0,12.0,46.0,4.0,46.0,O3,BAIK
202403,2024-03-09,DKI1,29.0,30.0,17.0,17.0,19.0,21.0,30.0,PM25,BAIK
202403,2024-03-09,DKI2,33.0,45.0,55.0,6.0,13.0,24.0,55.0,SO2,SEDANG
202403,2024-03-09,DKI3,29.0,25.0,50.0,4.0,12.0,40.0,50.0,SO2,BAIK
202403,2024-03-09,DKI4,30.0,30.0,26.0,16.0,6.0,3.0,30.0,PM10,BAIK
202403,2024-03-09,DKI5,27.0,41.0,25.0,14.0,45.0,10.0,45.0,O3,BAIK
202403,2024-03-10,DKI1,53.0,72.0,17.0,27.0,20.0,35.0,72.0,PM25,SEDANG
202403,2024-03-10,DKI2,63.0,86.0,55.0,30.0,14.0,85.0,86.0,PM25,SEDANG
202403,2024-03-10,DKI3,54.0,73.0,51.0,21.0,11.0,91.0,91.0,,SEDANG
202403,2024-03-10,DKI4,72.0,96.0,26.0,39.0,5.0,8.0,96.0,PM25,SEDANG
202403,2024-03-10,DKI5,56.0,92.0,25.0,36.0,48.0,18.0,92.0,PM25,SEDANG
202403,2024-03-11,DKI1,35.0,47.0,12.0,17.0,14.0,21.0,47.0,PM25,BAIK
202403,2024-03-11,DKI2,46.0,61.0,54.0,10.0,19.0,37.0,61.0,PM25,SEDANG
202403,2024-03-11,DKI3,51.0,63.0,51.0,20.0,,79.0,79.0,,SEDANG
202403,2024-03-11,DKI4,70.0,78.0,26.0,27.0,8.0,4.0,78.0,PM25,SEDANG
202403,2024-03-11,DKI5,42.0,60.0,20.0,24.0,57.0,9.0,60.0,PM25,SEDANG
202403,2024-03-12,DKI1,31.0,50.0,11.0,13.0,21.0,19.0,50.0,PM25,BAIK
202403,2024-03-12,DKI2,33.0,55.0,54.0,3.0,23.0,14.0,55.0,PM25,SEDANG
202403,2024-03-12,DKI3,41.0,55.0,52.0,7.0,15.0,38.0,55.0,PM25,SEDANG
202403,2024-03-12,DKI4,37.0,53.0,26.0,17.0,6.0,2.0,53.0,PM25,SEDANG
202403,2024-03-12,DKI5,30.0,56.0,21.0,15.0,51.0,10.0,56.0,PM25,SEDANG
202403,2024-03-13,DKI1,42.0,60.0,14.0,15.0,19.0,25.0,60.0,PM25,SEDANG
202403,2024-03-13,DKI2,41.0,58.0,54.0,5.0,22.0,22.0,58.0,PM25,SEDANG
202403,2024-03-13,DKI3,54.0,68.0,51.0,9.0,16.0,44.0,68.0,PM25,SEDANG
202403,2024-03-13,DKI4,49.0,64.0,26.0,19.0,7.0,4.0,64.0,PM25,SEDANG
202403,2024-03-13,DKI5,40.0,64.0,22.0,17.0,53.0,13.0,64.0,PM25,SEDANG
202403,2024-03-14,DKI1,36.0,52.0,12.0,17.0,17.0,29.0,52.0,PM25,SEDANG
202403,2024-03-14,DKI2,37.0,50.0,54.0,4.0,23.0,21.0,54.0,SO2,SEDANG
202403,2024-03-14,DKI3,,65.0,51.0,11.0,12.0,43.0,65.0,PM25,SEDANG
202403,2024-03-14,DKI4,52.0,65.0,26.0,21.0,6.0,4.0,65.0,PM25,SEDANG
202403,2024-03-14,DKI5,35.0,61.0,21.0,18.0,57.0,16.0,61.0,PM25,SEDANG
202403,2024-03-15,DKI1,32.0,44.0,15.0,16.0,22.0,22.0,44.0,PM25,BAIK
202403,2024-03-15,DKI2,36.0,44.0,54.0,10.0,15.0,36.0,54.0,SO2,SEDANG
202403,2024-03-15,DKI3,23.0,40.0,51.0,8.0,10.0,62.0,62.0,,SEDANG
202403,2024-03-15,DKI4,38.0,45.0,26.0,21.0,6.0,4.0,45.0,PM25,BAIK
202403,2024-03-15,DKI5,32.0,45.0,23.0,16.0,43.0,9.0,45.0,PM25,BAIK
202403,2024-03-16,DKI1,23.0,27.0,13.0,13.0,23.0,20.0,27.0,PM25,BAIK
202403,2024-03-16,DKI2,26.0,32.0,54.0,6.0,18.0,18.0,54.0,SO2,SEDANG
202403,2024-03-16,DKI3,16.0,26.0,51.0,4.0,12.0,53.0,53.0,,SEDANG
202403,2024-03-16,DKI4,24.0,31.0,26.0,17.0,5.0,3.0,31.0,PM25,BAIK
202403,2024-03-16,DKI5,21.0,33.0,23.0,14.0,46.0,9.0,46.0,O3,BAIK
202403,2024-03-17,DKI1,24.0,37.0,14.0,12.0,21.0,16.0,37.0,PM25,BAIK
202403,2024-03-17,DKI2,27.0,34.0,55.0,6.0,15.0,17.0,55.0,SO2,SEDANG
202403,2024-03-17,DKI3,18.0,21.0,51.0,5.0,10.0,58.0,58.0,,SEDANG
202403,2024-03-17,DKI4,23.0,31.0,26.0,16.0,5.0,4.0,31.0,PM25,BAIK
202403,2024-03-17,DKI5,26.0,39.0,23.0,12.0,45.0,7.0,45.0,O3,BAIK
202403,2024-03-18,DKI1,22.0,35.0,16.0,11.0,20.0,17.0,35.0,PM25,BAIK
202403,2024-03-18,DKI2,26.0,33.0,55.0,5.0,16.0,17.0,55.0,SO2,SEDANG
202403,2024-03-18,DKI3,22.0,40.0,51.0,5.0,11.0,51.0,51.0,SO2,SEDANG
202403,2024-03-18,DKI4,30.0,51.0,26.0,17.0,4.0,3.0,51.0,PM25,SEDANG
202403,2024-03-18,DKI5,18.0,39.0,27.0,12.0,41.0,7.0,41.0,O3,BAIK
202403,2024-03-19,DKI1,29.0,47.0,14.0,13.0,18.0,18.0,47.0,PM25,BAIK
202403,2024-03-19,DKI2,32.0,46.0,55.0,5.0,17.0,21.0,55.0,SO2,SEDANG
202403,2024-03-19,DKI3,43.0,63.0,51.0,9.0,10.0,75.0,75.0,,SEDANG
202403,2024-03-19,DKI4,53.0,67.0,27.0,20.0,4.0,3.0,67.0,PM25,SEDANG
202403,2024-03-19,DKI5,21.0,50.0,23.0,14.0,34.0,6.0,50.0,PM25,BAIK
202403,2024-03-20,DKI1,27.0,47.0,13.0,17.0,10.0,16.0,47.0,PM25,BAIK
202403,2024-03-20,DKI2,26.0,52.0,54.0,6.0,15.0,19.0,54.0,SO2,SEDANG
202403,2024-03-20,DKI3,41.0,62.0,51.0,7.0,10.0,49.0,62.0,PM25,SEDANG
202403,2024-03-20,DKI4,43.0,59.0,27.0,19.0,3.0,4.0,59.0,PM25,SEDANG
202403,2024-03-20,DKI5,23.0,54.0,22.0,15.0,22.0,5.0,54.0,PM25,SEDANG
202403,2024-03-21,DKI1,28.0,51.0,18.0,16.0,11.0,18.0,51.0,PM25,SEDANG
202403,2024-03-21,DKI2,31.0,55.0,55.0,5.0,17.0,19.0,55.0,PM25,SEDANG
202403,2024-03-21,DKI3,50.0,68.0,51.0,8.0,13.0,62.0,68.0,PM25,SEDANG
202403,2024-03-21,DKI4,48.0,67.0,27.0,21.0,4.0,4.0,67.0,PM25,SEDANG
202403,2024-03-21,DKI5,40.0,65.0,27.0,16.0,31.0,7.0,65.0,PM25,SEDANG
202403,2024-03-22,DKI1,24.0,28.0,10.0,17.0,17.0,26.0,28.0,PM25,BAIK
202403,2024-03-22,DKI2,26.0,34.0,54.0,4.0,19.0,26.0,54.0,SO2,SEDANG
202403,2024-03-22,DKI3,38.0,53.0,51.0,9.0,14.0,40.0,53.0,PM25,SEDANG
202403,2024-03-22,DKI4,,,,,,,,,TIDAK ADA DATA
202403,2024-03-22,DKI5,31.0,43.0,21.0,17.0,55.0,14.0,55.0,O3,SEDANG
202403,2024-03-23,DKI1,63.0,100.0,15.0,31.0,30.0,47.0,100.0,PM25,SEDANG
202403,2024-03-23,DKI2,70.0,111.0,55.0,22.0,28.0,82.0,111.0,PM25,TIDAK SEHAT
202403,2024-03-23,DKI3,59.0,99.0,51.0,27.0,21.0,106.0,106.0,,TIDAK SEHAT
202403,2024-03-23,DKI4,70.0,122.0,27.0,40.0,8.0,11.0,122.0,PM25,TIDAK SEHAT
202403,2024-03-23,DKI5,59.0,108.0,23.0,39.0,59.0,19.0,108.0,PM25,TIDAK SEHAT
202403,2024-03-24,DKI1,52.0,71.0,13.0,15.0,38.0,30.0,71.0,PM25,SEDANG
202403,2024-03-24,DKI2,55.0,69.0,55.0,5.0,32.0,19.0,69.0,PM25,SEDANG
202403,2024-03-24,DKI3,54.0,73.0,51.0,10.0,25.0,31.0,73.0,PM25,SEDANG
202403,2024-03-24,DKI4,57.0,78.0,27.0,18.0,11.0,7.0,78.0,PM25,SEDANG
202403,2024-03-24,DKI5,54.0,83.0,25.0,19.0,74.0,16.0,83.0,PM25,SEDANG
202403,2024-03-25,DKI1,44.0,64.0,13.0,16.0,25.0,39.0,64.0,PM25,SEDANG
202403,2024-03-25,DKI2,53.0,66.0,56.0,5.0,33.0,16.0,66.0,PM25,SEDANG
202403,2024-03-25,DKI3,44.0,61.0,51.0,8.0,23.0,29.0,61.0,PM25,SEDANG
202403,2024-03-25,DKI4,50.0,69.0,27.0,17.0,12.0,4.0,69.0,PM25,SEDANG
202403,2024-03-25,DKI5,42.0,64.0,30.0,18.0,65.0,15.0,65.0,O3,SEDANG
202403,2024-03-26,DKI1,52.0,73.0,13.0,21.0,25.0,37.0,73.0,PM25,SEDANG
202403,2024-03-26,DKI2,63.0,83.0,58.0,8.0,25.0,42.0,83.0,PM25,SEDANG
202403,2024-03-26,DKI3,44.0,68.0,51.0,13.0,19.0,54.0,68.0,PM25,SEDANG
202403,2024-03-26,DKI4,,93.0,27.0,23.0,9.0,7.0,93.0,PM25,SEDANG
202403,2024-03-26,DKI5,51.0,81.0,25.0,23.0,58.0,22.0,81.0,PM25,SEDANG
202403,2024-03-27,DKI1,57.0,77.0,13.0,22.0,17.0,43.0,77.0,PM25,SEDANG
202403,2024-03-27,DKI2,57.0,68.0,56.0,4.0,24.0,19.0,68.0,PM25,SEDANG
202403,2024-03-27,DKI3,57.0,84.0,52.0,15.0,18.0,37.0,84.0,PM25,SEDANG
202403,2024-03-27,DKI4,64.0,92.0,27.0,25.0,8.0,9.0,92.0,PM25,SEDANG
202403,2024-03-27,DKI5,56.0,86.0,24.0,23.0,59.0,25.0,86.0,PM25,SEDANG
202403,2024-03-28,DKI1,62.0,92.0,19.0,22.0,33.0,45.0,92.0,PM25,SEDANG
202403,2024-03-28,DKI2,65.0,90.0,55.0,8.0,40.0,30.0,90.0,PM25,SEDANG
202403,2024-03-28,DKI3,63.0,90.0,51.0,23.0,18.0,72.0,90.0,PM25,SEDANG
202403,2024-03-28,DKI4,90.0,128.0,27.0,27.0,12.0,10.0,128.0,PM25,TIDAK SEHAT
202403,2024-03-28,DKI5,63.0,109.0,27.0,26.0,61.0,22.0,109.0,PM25,TIDAK SEHAT
202403,2024-03-29,DKI1,62.0,90.0,16.0,19.0,35.0,50.0,90.0,PM25,SEDANG
202403,2024-03-29,DKI2,69.0,91.0,56.0,11.0,39.0,31.0,91.0,PM25,SEDANG
202403,2024-03-29,DKI3,56.0,16.0,51.0,13.0,20.0,29.0,56.0,PM10,SEDANG
202403,2024-03-29,DKI4,74.0,96.0,27.0,23.0,10.0,11.0,96.0,PM25,SEDANG
202403,2024-03-29,DKI5,65.0,104.0,27.0,24.0,70.0,26.0,104.0,PM25,TIDAK SEHAT
202403,2024-03-30,DKI1,56.0,75.0,16.0,21.0,29.0,44.0,75.0,PM25,SEDANG
202403,2024-03-30,DKI2,65.0,83.0,59.0,11.0,31.0,33.0,83.0,PM25,SEDANG
202403,2024-03-30,DKI3,45.0,16.0,51.0,14.0,15.0,48.0,51.0,SO2,SEDANG
202403,2024-03-30,DKI4,62.0,86.0,27.0,23.0,13.0,9.0,86.0,PM25,SEDANG
202403,2024-03-30,DKI5,60.0,87.0,24.0,25.0,68.0,21.0,87.0,PM25,SEDANG
202403,2024-03-31,DKI1,53.0,79.0,12.0,23.0,32.0,41.0,79.0,PM25,SEDANG
202403,2024-03-31,DKI2,60.0,82.0,55.0,11.0,33.0,34.0,82.0,PM25,SEDANG
202403,2024-03-31,DKI3,49.0,12.0,27.0,34.0,17.0,13.0,49.0,PM10,BAIK
202403,2024-03-31,DKI4,61.0,82.0,27.0,27.0,13.0,9.0,82.0,PM25,SEDANG
202403,2024-03-31,DKI5,57.0,94.0,22.0,28.0,79.0,22.0,94.0,PM25,SEDANG
202404,2024-04-01,DKI1,63.0,96.0,11.0,26.0,27.0,52.0,96.0,PM25,SEDANG
202404,2024-04-01,DKI2,78.0,111.0,58.0,15.0,35.0,44.0,111.0,PM25,TIDAK SEHAT
202404,2024-04-01,DKI3,55.0,83.0,51.0,20.0,17.0,43.0,83.0,PM25,SEDANG
202404,2024-04-01,DKI4,83.0,113.0,27.0,27.0,13.0,8.0,113.0,PM25,TIDAK SEHAT
202404,2024-04-01,DKI5,64.0,104.0,22.0,30.0,76.0,28.0,104.0,PM25,TIDAK SEHAT
202404,2024-04-02,DKI1,67.0,97.0,14.0,28.0,28.0,62.0,97.0,PM25,SEDANG
202404,2024-04-02,DKI2,80.0,109.0,58.0,12.0,30.0,48.0,109.0,PM25,TIDAK SEHAT
202404,2024-04-02,DKI3,56.0,81.0,51.0,16.0,25.0,31.0,81.0,PM25,SEDANG
202404,2024-04-02,DKI4,81.0,112.0,27.0,26.0,10.0,11.0,112.0,PM25,TIDAK SEHAT
202404,2024-04-02,DKI5,72.0,120.0,23.0,35.0,69.0,32.0,120.0,PM25,TIDAK SEHAT
202404,2024-04-03,DKI1,62.0,78.0,13.0,25.0,24.0,52.0,78.0,PM25,SEDANG
202404,2024-04-03,DKI2,71.0,93.0,56.0,13.0,30.0,32.0,93.0,PM25,SEDANG
202404,2024-04-03,DKI3,59.0,80.0,51.0,16.0,31.0,20.0,80.0,PM25,SEDANG
202404,2024-04-03,DKI4,70.0,97.0,27.0,20.0,15.0,8.0,97.0,PM25,SEDANG
202404,2024-04-03,DKI5,58.0,95.0,24.0,24.0,74.0,27.0,95.0,PM25,SEDANG
202404,2024-04-04,DKI1,48.0,63.0,12.0,30.0,24.0,51.0,63.0,PM25,SEDANG
202404,2024-04-04,DKI2,56.0,69.0,58.0,15.0,27.0,58.0,69.0,PM25,SEDANG
202404,2024-04-04,DKI3,35.0,56.0,51.0,17.0,16.0,52.0,56.0,PM25,SEDANG
202404,2024-04-04,DKI4,49.0,70.0,27.0,30.0,13.0,11.0,70.0,PM25,SEDANG
202404,2024-04-04,DKI5,51.0,77.0,24.0,28.0,62.0,24.0,77.0,PM25,SEDANG
202404,2024-04-05,DKI1,67.0,102.0,13.0,34.0,26.0,58.0,102.0,PM25,TIDAK SEHAT
202404,2024-04-05,DKI2,75.0,112.0,56.0,30.0,21.0,63.0,112.0,PM25,TIDAK SEHAT
202404,2024-04-05,DKI3,61.0,96.0,52.0,30.0,10.0,78.0,96.0,PM25,SEDANG
202404,2024-04-05,DKI4,86.0,116.0,28.0,34.0,11.0,9.0,116.0,PM25,TIDAK SEHAT
202404,2024-04-05,DKI5,74.0,125.0,22.0,31.0,69.0,27.0,125.0,PM25,TIDAK SEHAT
202404,2024-04-06,DKI1,58.0,83.0,15.0,28.0,29.0,39.0,83.0,PM25,SEDANG
202404,2024-04-06,DKI2,59.0,83.0,55.0,18.0,18.0,38.0,83.0,PM25,SEDANG
202404,2024-04-06,DKI3,62.0,92.0,52.0,19.0,16.0,65.0,92.0,PM25,SEDANG
202404,2024-04-06,DKI4,61.0,92.0,28.0,28.0,14.0,12.0,92.0,PM25,SEDANG
202404,2024-04-06,DKI5,55.0,83.0,24.0,22.0,55.0,15.0,83.0,PM25,SEDANG
202404,2024-04-07,DKI1,48.0,68.0,12.0,22.0,36.0,34.0,68.0,PM25,SEDANG
202404,2024-04-07,DKI2,52.0,71.0,55.0,13.0,24.0,19.0,71.0,PM25,SEDANG
202404,2024-04-07,DKI3,52.0,69.0,52.0,11.0,19.0,31.0,69.0,PM25,SEDANG
202404,2024-04-07,DKI4,60.0,83.0,28.0,19.0,19.0,7.0,83.0,PM25,SEDANG
202404,2024-04-07,DKI5,52.0,77.0,24.0,20.0,71.0,12.0,77.0,PM25,SEDANG
202404,2024-04-08,DKI1,50.0,65.0,13.0,19.0,44.0,31.0,65.0,PM25,SEDANG
202404,2024-04-08,DKI2,55.0,82.0,56.0,14.0,29.0,21.0,82.0,PM25,SEDANG
202404,2024-04-08,DKI3,47.0,69.0,52.0,12.0,25.0,32.0,69.0,PM25,SEDANG
202404,2024-04-08,DKI4,55.0,76.0,28.0,20.0,19.0,9.0,76.0,PM25,SEDANG
202404,2024-04-08,DKI5,45.0,73.0,25.0,18.0,77.0,13.0,77.0,O3,SEDANG
202404,2024-04-09,DKI1,40.0,62.0,15.0,20.0,34.0,24.0,62.0,PM25,SEDANG
202404,2024-04-09,DKI2,43.0,67.0,55.0,11.0,22.0,18.0,67.0,PM25,SEDANG
202404,2024-04-09,DKI3,54.0,84.0,52.0,11.0,22.0,43.0,84.0,PM25,SEDANG
202404,2024-04-09,DKI4,53.0,77.0,28.0,20.0,19.0,11.0,77.0,PM25,SEDANG
202404,2024-04-09,DKI5,41.0,68.0,27.0,15.0,60.0,10.0,68.0,PM25,SEDANG
202404,2024-04-10,DKI1,55.0,76.0,14.0,26.0,37.0,34.0,76.0,PM25,SEDANG
202404,2024-04-10,DKI2,65.0,95.0,56.0,23.0,26.0,27.0,95.0,PM25,SEDANG
202404,2024-04-10,DKI3,56.0,82.0,51.0,24.0,17.0,38.0,82.0,PM25,SEDANG
202404,2024-04-10,DKI4,73.0,96.0,28.0,33.0,14.0,10.0,96.0,PM25,SEDANG
202404,2024-04-10,DKI5,57.0,85.0,24.0,25.0,62.0,17.0,85.0,PM25,SEDANG
202404,2024-04-11,DKI1,40.0,54.0,10.0,18.0,31.0,26.0,54.0,PM25,SEDANG
202404,2024-04-11,DKI2,40.0,57.0,56.0,10.0,23.0,16.0,57.0,PM25,SEDANG
202404,2024-04-11,DKI3,20.0,50.0,54.0,11.0,12.0,47.0,54.0,SO2,SEDANG
202404,2024-04-11,DKI4,45.0,62.0,28.0,17.0,15.0,8.0,62.0,PM25,SEDANG
202404,2024-04-11,DKI5,35.0,58.0,24.0,17.0,62.0,15.0,62.0,O3,SEDANG
202404,2024-04-12,DKI1,24.0,45.0,9.0,15.0,30.0,24.0,45.0,PM25,BAIK
202404,2024-04-12,DKI2,27.0,46.0,54.0,5.0,28.0,,54.0,SO2,SEDANG
202404,2024-04-12,DKI3,34.0,55.0,54.0,6.0,14.0,18.0,55.0,PM25,SEDANG
202404,2024-04-12,DKI4,31.0,51.0,28.0,13.0,12.0,5.0,51.0,PM25,SEDANG
202404,2024-04-12,DKI5,25.0,51.0,22.0,14.0,74.0,8.0,74.0,O3,SEDANG
202404,2024-04-13,DKI1,33.0,53.0,10.0,20.0,31.0,29.0,53.0,PM25,SEDANG
202404,2024-04-13,DKI2,36.0,59.0,55.0,14.0,22.0,33.0,59.0,PM25,SEDANG
202404,2024-04-13,DKI3,34.0,57.0,55.0,18.0,10.0,52.0,57.0,PM25,SEDANG
202404,2024-04-13,DKI4,44.0,61.0,28.0,23.0,9.0,7.0,61.0,PM25,SEDANG
202404,2024-04-13,DKI5,35.0,61.0,24.0,23.0,62.0,16.0,62.0,O3,SEDANG
202404,2024-04-14,DKI1,27.0,47.0,9.0,17.0,34.0,23.0,47.0,PM25,BAIK
202404,2024-04-14,DKI2,31.0,53.0,54.0,7.0,27.0,8.0,54.0,SO2,SEDANG
202404,2024-04-14,DKI3,32.0,55.0,54.0,7.0,14.0,19.0,55.0,PM25,SEDANG
202404,2024-04-14,DKI4,37.0,60.0,28.0,15.0,13.0,6.0,60.0,PM25,SEDANG
202404,2024-04-14,DKI5,28.0,55.0,22.0,15.0,79.0,8.0,79.0,O3,SEDANG
202404,2024-04-15,DKI1,27.0,46.0,9.0,19.0,27.0,25.0,46.0,PM25,BAIK
202404,2024-04-15,DKI2,33.0,55.0,55.0,11.0,21.0,26.0,55.0,PM25,SEDANG
202404,2024-04-15,DKI3,28.0,52.0,54.0,11.0,11.0,34.0,54.0,SO2,SEDANG
202404,2024-04-15,DKI4,31.0,54.0,28.0,18.0,10.0,6.0,54.0,PM25,SEDANG
202404,2024-04-15,DKI5,30.0,54.0,23.0,20.0,62.0,14.0,62.0,O3,SEDANG
202404,2024-04-16,DKI1,32.0,52.0,13.0,17.0,25.0,20.0,52.0,PM25,SEDANG
202404,2024-04-16,DKI2,36.0,57.0,55.0,7.0,21.0,17.0,57.0,PM25,SEDANG
202404,2024-04-16,DKI3,36.0,58.0,54.0,9.0,10.0,41.0,58.0,PM25,SEDANG
202404,2024-04-16,DKI4,43.0,64.0,28.0,16.0,11.0,6.0,64.0,PM25,SEDANG
202404,2024-04-16,DKI5,23.0,53.0,25.0,17.0,60.0,11.0,60.0,O3,SEDANG
202404,2024-04-17,DKI1,46.0,69.0,12.0,21.0,35.0,32.0,69.0,PM25,SEDANG
202404,2024-04-17,DKI2,49.0,67.0,54.0,6.0,32.0,10.0,67.0,PM25,SEDANG
202404,2024-04-17,DKI3,48.0,72.0,54.0,11.0,14.0,24.0,72.0,PM25,SEDANG
202404,2024-04-17,DKI4,51.0,76.0,28.0,17.0,19.0,8.0,76.0,PM25,SEDANG
202404,2024-04-17,DKI5,41.0,71.0,23.0,18.0,77.0,14.0,77.0,O3,SEDANG
202404,2024-04-18,DKI1,44.0,60.0,11.0,24.0,33.0,37.0,60.0,PM25,SEDANG
202404,2024-04-18,DKI2,52.0,70.0,55.0,13.0,23.0,27.0,70.0,PM25,SEDANG
202404,2024-04-18,DKI3,39.0,59.0,54.0,12.0,15.0,34.0,59.0,PM25,SEDANG
202404,2024-04-18,DKI4,52.0,67.0,28.0,21.0,14.0,10.0,67.0,PM25,SEDANG
202404,2024-04-18,DKI5,44.0,69.0,23.0,21.0,67.0,18.0,69.0,PM25,SEDANG
202404,2024-04-19,DKI1,41.0,60.0,14.0,21.0,25.0,38.0,60.0,PM25,SEDANG
202404,2024-04-19,DKI2,51.0,64.0,55.0,8.0,20.0,21.0,64.0,PM25,SEDANG
202404,2024-04-19,DKI3,35.0,58.0,54.0,11.0,15.0,33.0,58.0,PM25,SEDANG
202404,2024-04-19,DKI4,44.0,64.0,28.0,21.0,12.0,9.0,64.0,PM25,SEDANG
202404,2024-04-19,DKI5,34.0,61.0,25.0,18.0,57.0,19.0,61.0,PM25,SEDANG
202404,2024-04-20,DKI1,57.0,77.0,20.0,22.0,24.0,33.0,77.0,PM25,SEDANG
202404,2024-04-20,DKI2,62.0,87.0,56.0,10.0,18.0,27.0,87.0,PM25,SEDANG
202404,2024-04-20,DKI3,54.0,79.0,54.0,20.0,12.0,60.0,79.0,PM25,SEDANG
202404,2024-04-20,DKI4,69.0,95.0,29.0,22.0,9.0,7.0,95.0,PM25,SEDANG
202404,2024-04-20,DKI5,57.0,90.0,27.0,25.0,59.0,19.0,90.0,PM25,SEDANG
202404,2024-04-21,DKI1,40.0,52.0,13.0,18.0,24.0,25.0,52.0,PM25,SEDANG
202404,2024-04-21,DKI2,42.0,53.0,55.0,6.0,22.0,6.0,55.0,SO2,SEDANG
202404,2024-04-21,DKI3,50.0,68.0,54.0,13.0,11.0,43.0,68.0,PM25,SEDANG
202404,2024-04-21,DKI4,58.0,76.0,28.0,18.0,10.0,6.0,76.0,PM25,SEDANG
202404,2024-04-21,DKI5,68.0,60.0,23.0,20.0,67.0,15.0,68.0,PM10,SEDANG
202404,2024-04-22,DKI1,53.0,71.0,13.0,22.0,23.0,40.0,71.0,PM25,SEDANG
202404,2024-04-22,DKI2,52.0,70.0,55.0,11.0,18.0,26.0,70.0,PM25,SEDANG
202404,2024-04-22,DKI3,54.0,74.0,55.0,18.0,11.0,64.0,74.0,PM25,SEDANG
202404,2024-04-22,DKI4,64.0,83.0,29.0,26.0,9.0,7.0,83.0,PM25,SEDANG
202404,2024-04-22,DKI5,56.0,85.0,24.0,26.0,56.0,22.0,85.0,PM25,SEDANG
202404,2024-04-23,DKI1,52.0,70.0,14.0,25.0,17.0,41.0,70.0,PM25,SEDANG
202404,2024-04-23,DKI2,54.0,71.0,55.0,8.0,23.0,18.0,71.0,PM25,SEDANG
202404,2024-04-23,DKI3,57.0,81.0,54.0,14.0,11.0,39.0,81.0,PM25,SEDANG
202404,2024-04-23,DKI4,63.0,84.0,29.0,23.0,11.0,6.0,84.0,PM25,SEDANG
202404,2024-04-23,DKI5,52.0,78.0,23.0,22.0,61.0,20.0,78.0,PM25,SEDANG
202404,2024-04-24,DKI1,50.0,71.0,13.0,25.0,22.0,49.0,71.0,PM25,SEDANG
202404,2024-04-24,DKI2,48.0,70.0,55.0,11.0,22.0,26.0,70.0,PM25,SEDANG
202404,2024-04-24,DKI3,43.0,63.0,54.0,14.0,15.0,37.0,63.0,PM25,SEDANG
202404,2024-04-24,DKI4,53.0,74.0,28.0,21.0,14.0,8.0,74.0,PM25,SEDANG
202404,2024-04-24,DKI5,52.0,78.0,25.0,21.0,70.0,20.0,78.0,PM25,SEDANG
202404,2024-04-25,DKI1,52.0,69.0,11.0,23.0,31.0,51.0,69.0,PM25,SEDANG
202404,2024-04-25,DKI2,57.0,76.0,55.0,9.0,27.0,23.0,76.0,PM25,SEDANG
202404,2024-04-25,DKI3,46.0,63.0,54.0,13.0,16.0,23.0,63.0,PM25,SEDANG
202404,2024-04-25,DKI4,58.0,79.0,28.0,13.0,12.0,8.0,79.0,PM25,SEDANG
202404,2024-04-25,DKI5,49.0,75.0,23.0,22.0,83.0,22.0,83.0,O3,SEDANG
202404,2024-04-26,DKI1,41.0,58.0,13.0,19.0,26.0,35.0,58.0,PM25,SEDANG
202404,2024-04-26,DKI2,51.0,65.0,55.0,8.0,23.0,22.0,65.0,PM25,SEDANG
202404,2024-04-26,DKI3,40.0,60.0,54.0,9.0,14.0,28.0,60.0,PM25,SEDANG
202404,2024-04-26,DKI4,56.0,71.0,29.0,12.0,13.0,6.0,71.0,PM25,SEDANG
202404,2024-04-26,DKI5,47.0,70.0,30.0,14.0,45.0,13.0,70.0,PM25,SEDANG
202404,2024-04-27,DKI1,53.0,73.0,19.0,22.0,20.0,34.0,73.0,PM25,SEDANG
202404,2024-04-27,DKI2,59.0,76.0,55.0,10.0,17.0,47.0,76.0,PM25,SEDANG
202404,2024-04-27,DKI3,48.0,63.0,54.0,14.0,9.0,63.0,63.0,PM25,SEDANG
202404,2024-04-27,DKI4,62.0,80.0,29.0,18.0,10.0,3.0,80.0,PM25,SEDANG
202404,2024-04-27,DKI5,51.0,75.0,23.0,26.0,59.0,17.0,75.0,PM25,SEDANG
202404,2024-04-28,DKI1,51.0,74.0,13.0,25.0,28.0,34.0,74.0,PM25,SEDANG
202404,2024-04-28,DKI2,52.0,73.0,55.0,13.0,24.0,43.0,73.0,PM25,SEDANG
202404,2024-04-28,DKI3,50.0,68.0,54.0,16.0,11.0,68.0,68.0,PM25,SEDANG
202404,2024-04-28,DKI4,60.0,80.0,29.0,24.0,14.0,3.0,80.0,PM25,SEDANG
202404,2024-04-28,DKI5,49.0,72.0,23.0,20.0,68.0,15.0,72.0,PM25,SEDANG
202404,2024-04-29,DKI1,50.0,65.0,13.0,17.0,28.0,28.0,65.0,PM25,SEDANG
202404,2024-04-29,DKI2,55.0,68.0,55.0,5.0,28.0,9.0,68.0,PM25,SEDANG
202404,2024-04-29,DKI3,55.0,13.0,54.0,11.0,14.0,27.0,55.0,PM10,SEDANG
202404,2024-04-29,DKI4,60.0,81.0,29.0,13.0,18.0,5.0,81.0,PM25,SEDANG
202404,2024-04-29,DKI5,44.0,66.0,24.0,17.0,72.0,12.0,72.0,O3,SEDANG
202404,2024-04-30,DKI1,53.0,70.0,16.0,18.0,27.0,33.0,70.0,PM25,SEDANG
202404,2024-04-30,DKI2,52.0,72.0,55.0,6.0,25.0,12.0,72.0,PM25,SEDANG
202404,2024-04-30,DKI3,57.0,16.0,54.0,9.0,14.0,24.0,57.0,PM10,SEDANG
202404,2024-04-30,DKI4,70.0,91.0,29.0,16.0,18.0,6.0,91.0,PM25,SEDANG
202404,2024-04-30,DKI5,47.0,75.0,24.0,18.0,73.0,17.0,75.0,PM25,SEDANG
202405,2024-05-01,DKI1,47.0,63.0,15.0,19.0,26.0,34.0,63.0,PM25,SEDANG
202405,2024-05-01,DKI2,51.0,66.0,55.0,6.0,24.0,13.0,66.0,PM25,SEDANG
202405,2024-05-01,DKI3,45.0,62.0,54.0,8.0,13.0,20.0,62.0,PM25,SEDANG
202405,2024-05-01,DKI4,56.0,,29.0,14.0,16.0,6.0,56.0,PM10,SEDANG
202405,2024-05-01,DKI5,41.0,64.0,23.0,17.0,64.0,13.0,64.0,PM25,SEDANG
202405,2024-05-02,DKI1,54.0,75.0,14.0,18.0,27.0,30.0,75.0,PM25,SEDANG
202405,2024-05-02,DKI2,60.0,79.0,55.0,7.0,24.0,11.0,79.0,PM25,SEDANG
202405,2024-05-02,DKI3,58.0,77.0,54.0,11.0,15.0,24.0,77.0,PM25,SEDANG
202405,2024-05-02,DKI4,,,,,,,,,TIDAK ADA DATA
202405,2024-05-02,DKI5,53.0,81.0,23.0,17.0,62.0,13.0,81.0,PM25,SEDANG
202405,2024-05-03,DKI1,58.0,85.0,13.0,24.0,30.0,43.0,85.0,PM25,SEDANG
202405,2024-05-03,DKI2,59.0,83.0,55.0,8.0,32.0,14.0,83.0,PM25,SEDANG
202405,2024-05-03,DKI3,61.0,76.0,54.0,11.0,17.0,25.0,76.0,PM25,SEDANG
202405,2024-05-03,DKI4,64.0,88.0,29.0,15.0,19.0,9.0,88.0,PM25,SEDANG
202405,2024-05-03,DKI5,58.0,95.0,24.0,18.0,75.0,17.0,95.0,PM25,SEDANG
202405,2024-05-04,DKI1,62.0,87.0,14.0,24.0,25.0,50.0,87.0,PM25,SEDANG
202405,2024-05-04,DKI2,65.0,89.0,55.0,12.0,22.0,24.0,89.0,PM25,SEDANG
202405,2024-05-04,DKI3,52.0,73.0,55.0,12.0,19.0,29.0,73.0,PM25,SEDANG
202405,2024-05-04,DKI4,68.0,90.0,30.0,23.0,15.0,8.0,90.0,PM25,SEDANG
202405,2024-05-04,DKI5,62.0,97.0,26.0,22.0,57.0,27.0,97.0,PM25,SEDANG
202405,2024-05-05,DKI1,60.0,88.0,14.0,27.0,22.0,47.0,88.0,PM25,SEDANG
202405,2024-05-05,DKI2,64.0,94.0,56.0,18.0,20.0,43.0,94.0,PM25,SEDANG
202405,2024-05-05,DKI3,,73.0,55.0,19.0,17.0,67.0,73.0,PM25,SEDANG
202405,2024-05-05,DKI4,79.0,107.0,30.0,32.0,15.0,13.0,107.0,PM25,TIDAK SEHAT
202405,2024-05-05,DKI5,60.0,97.0,26.0,23.0,58.0,21.0,97.0,PM25,SEDANG
202405,2024-05-06,DKI1,59.0,82.0,15.0,18.0,26.0,38.0,82.0,PM25,SEDANG
202405,2024-05-06,DKI2,69.0,90.0,55.0,10.0,25.0,19.0,90.0,PM25,SEDANG
202405,2024-05-06,DKI3,,72.0,55.0,13.0,16.0,50.0,72.0,PM25,SEDANG
202405,2024-05-06,DKI4,71.0,97.0,30.0,19.0,17.0,10.0,97.0,PM25,SEDANG
202405,2024-05-06,DKI5,56.0,86.0,26.0,18.0,60.0,17.0,86.0,PM25,SEDANG
202405,2024-05-07,DKI1,64.0,92.0,16.0,20.0,23.0,42.0,92.0,PM25,SEDANG
202405,2024-05-07,DKI2,72.0,97.0,55.0,12.0,21.0,27.0,97.0,PM25,SEDANG
202405,2024-05-07,DKI3,64.0,84.0,55.0,12.0,17.0,34.0,84.0,PM25,SEDANG
202405,2024-05-07,DKI4,78.0,107.0,30.0,22.0,16.0,12.0,107.0,PM25,TIDAK SEHAT
202405,2024-05-07,DKI5,68.0,111.0,28.0,21.0,54.0,26.0,111.0,PM25,TIDAK SEHAT
202405,2024-05-08,DKI1,63.0,87.0,19.0,18.0,20.0,47.0,87.0,PM25,SEDANG
202405,2024-05-08,DKI2,65.0,89.0,55.0,8.0,24.0,18.0,89.0,PM25,SEDANG
202405,2024-05-08,DKI3,71.0,94.0,55.0,13.0,19.0,32.0,94.0,PM25,SEDANG
202405,2024-05-08,DKI4,76.0,101.0,30.0,17.0,18.0,10.0,101.0,PM25,TIDAK SEHAT
202405,2024-05-08,DKI5,65.0,107.0,28.0,20.0,58.0,23.0,107.0,PM25,TIDAK SEHAT
202405,2024-05-09,DKI1,62.0,93.0,16.0,18.0,22.0,44.0,93.0,PM25,SEDANG
202405,2024-05-09,DKI2,72.0,103.0,55.0,11.0,24.0,19.0,103.0,PM25,TIDAK SEHAT
202405,2024-05-09,DKI3,67.0,90.0,56.0,13.0,15.0,39.0,90.0,PM25,SEDANG
202405,2024-05-09,DKI4,85.0,111.0,30.0,18.0,13.0,13.0,111.0,PM25,TIDAK SEHAT
202405,2024-05-09,DKI5,66.0,109.0,28.0,22.0,60.0,20.0,109.0,PM25,TIDAK SEHAT
202405,2024-05-10,DKI1,56.0,84.0,19.0,12.0,30.0,27.0,84.0,PM25,SEDANG
202405,2024-05-10,DKI2,68.0,103.0,55.0,8.0,23.0,13.0,103.0,PM25,TIDAK SEHAT
202405,2024-05-10,DKI3,63.0,80.0,55.0,9.0,15.0,31.0,80.0,PM25,SEDANG
202405,2024-05-10,DKI4,74.0,96.0,30.0,13.0,15.0,7.0,96.0,PM25,SEDANG
202405,2024-05-10,DKI5,54.0,80.0,26.0,16.0,61.0,12.0,80.0,PM25,SEDANG
202405,2024-05-11,DKI1,52.0,74.0,18.0,11.0,28.0,27.0,74.0,PM25,SEDANG
202405,2024-05-11,DKI2,64.0,92.0,54.0,7.0,24.0,16.0,92.0,PM25,SEDANG
202405,2024-05-11,DKI3,63.0,75.0,55.0,8.0,13.0,27.0,75.0,PM25,SEDANG
202405,2024-05-11,DKI4,75.0,92.0,30.0,12.0,13.0,7.0,92.0,PM25,SEDANG
202405,2024-05-11,DKI5,52.0,82.0,25.0,17.0,65.0,14.0,82.0,PM25,SEDANG
202405,2024-05-12,DKI1,53.0,75.0,18.0,10.0,28.0,27.0,75.0,PM25,SEDANG
202405,2024-05-12,DKI2,65.0,89.0,54.0,8.0,21.0,16.0,89.0,PM25,SEDANG
202405,2024-05-12,DKI3,64.0,74.0,55.0,14.0,11.0,38.0,74.0,PM25,SEDANG
202405,2024-05-12,DKI4,67.0,85.0,30.0,13.0,11.0,6.0,85.0,PM25,SEDANG
202405,2024-05-12,DKI5,56.0,87.0,25.0,23.0,53.0,16.0,87.0,PM25,SEDANG
202405,2024-05-13,DKI1,52.0,64.0,16.0,8.0,25.0,25.0,64.0,PM25,SEDANG
202405,2024-05-13,DKI2,60.0,81.0,54.0,8.0,21.0,20.0,81.0,PM25,SEDANG
202405,2024-05-13,DKI3,52.0,67.0,55.0,8.0,14.0,22.0,67.0,PM25,SEDANG
202405,2024-05-13,DKI4,62.0,82.0,30.0,15.0,14.0,6.0,82.0,PM25,SEDANG
202405,2024-05-13,DKI5,45.0,72.0,24.0,16.0,59.0,11.0,72.0,PM25,SEDANG
202405,2024-05-14,DKI1,61.0,85.0,18.0,10.0,28.0,39.0,85.0,PM25,SEDANG
202405,2024-05-14,DKI2,68.0,99.0,55.0,9.0,27.0,15.0,99.0,PM25,SEDANG
202405,2024-05-14,DKI3,63.0,73.0,55.0,13.0,11.0,28.0,73.0,PM25,SEDANG
202405,2024-05-14,DKI4,69.0,94.0,30.0,15.0,14.0,10.0,94.0,PM25,SEDANG
202405,2024-05-14,DKI5,60.0,101.0,25.0,23.0,61.0,22.0,101.0,PM25,TIDAK SEHAT
202405,2024-05-15,DKI1,62.0,78.0,14.0,20.0,26.0,40.0,78.0,PM25,SEDANG
202405,2024-05-15,DKI2,64.0,78.0,55.0,9.0,19.0,17.0,78.0,PM25,SEDANG
202405,2024-05-15,DKI3,67.0,74.0,55.0,17.0,10.0,45.0,74.0,PM25,SEDANG
202405,2024-05-15,DKI4,75.0,98.0,30.0,12.0,12.0,8.0,98.0,PM25,SEDANG
202405,2024-05-15,DKI5,59.0,91.0,26.0,23.0,57.0,21.0,91.0,PM25,SEDANG
202405,2024-05-16,DKI1,65.0,98.0,19.0,17.0,28.0,40.0,98.0,PM25,SEDANG
202405,2024-05-16,DKI2,77.0,115.0,56.0,8.0,20.0,12.0,115.0,PM25,TIDAK SEHAT
202405,2024-05-16,DKI3,69.0,85.0,55.0,10.0,15.0,20.0,85.0,PM25,SEDANG
202405,2024-05-16,DKI4,82.0,111.0,30.0,13.0,20.0,8.0,111.0,PM25,TIDAK SEHAT
202405,2024-05-16,DKI5,61.0,101.0,28.0,19.0,62.0,20.0,101.0,PM25,TIDAK SEHAT
202405,2024-05-17,DKI1,64.0,86.0,17.0,17.0,21.0,39.0,86.0,PM25,SEDANG
202405,2024-05-17,DKI2,72.0,102.0,56.0,12.0,20.0,20.0,102.0,PM25,TIDAK SEHAT
202405,2024-05-17,DKI3,56.0,71.0,55.0,10.0,18.0,29.0,71.0,PM25,SEDANG
202405,2024-05-17,DKI4,74.0,98.0,30.0,12.0,18.0,9.0,98.0,PM25,SEDANG
202405,2024-05-17,DKI5,57.0,90.0,28.0,17.0,58.0,17.0,90.0,PM25,SEDANG
202405,2024-05-18,DKI1,67.0,97.0,18.0,20.0,18.0,48.0,97.0,PM25,SEDANG
202405,2024-05-18,DKI2,75.0,110.0,56.0,17.0,21.0,29.0,110.0,PM25,TIDAK SEHAT
202405,2024-05-18,DKI3,60.0,72.0,55.0,11.0,16.0,38.0,72.0,PM25,SEDANG
202405,2024-05-18,DKI4,77.0,105.0,31.0,14.0,18.0,11.0,105.0,PM25,TIDAK SEHAT
202405,2024-05-18,DKI5,60.0,101.0,27.0,21.0,59.0,22.0,101.0,PM25,TIDAK SEHAT
202405,2024-05-19,DKI1,63.0,92.0,15.0,17.0,25.0,36.0,92.0,PM25,SEDANG
202405,2024-05-19,DKI2,67.0,95.0,56.0,14.0,22.0,19.0,95.0,PM25,SEDANG
202405,2024-05-19,DKI3,57.0,72.0,56.0,11.0,18.0,36.0,72.0,PM25,SEDANG
202405,2024-05-19,DKI4,69.0,92.0,31.0,17.0,18.0,11.0,92.0,PM25,SEDANG
202405,2024-05-19,DKI5,58.0,95.0,26.0,20.0,58.0,15.0,95.0,PM25,SEDANG
202405,2024-05-20,DKI1,65.0,91.0,17.0,15.0,26.0,32.0,91.0,PM25,SEDANG
202405,2024-05-20,DKI2,71.0,99.0,56.0,12.0,24.0,12.0,99.0,PM25,SEDANG
202405,2024-05-20,DKI3,69.0,84.0,56.0,15.0,15.0,41.0,84.0,PM25,SEDANG
202405,2024-05-20,DKI4,83.0,110.0,31.0,18.0,20.0,10.0,110.0,PM25,TIDAK SEHAT
202405,2024-05-20,DKI5,57.0,96.0,27.0,20.0,63.0,17.0,96.0,PM25,SEDANG
202405,2024-05-21,DKI1,62.0,97.0,25.0,14.0,23.0,45.0,97.0,PM25,SEDANG
202405,2024-05-21,DKI2,77.0,106.0,57.0,12.0,25.0,16.0,106.0,PM25,TIDAK SEHAT
202405,2024-05-21,DKI3,67.0,80.0,56.0,14.0,16.0,42.0,80.0,PM25,SEDANG
202405,2024-05-21,DKI4,83.0,107.0,31.0,17.0,20.0,15.0,107.0,PM25,TIDAK SEHAT
202405,2024-05-21,DKI5,62.0,101.0,29.0,21.0,65.0,21.0,101.0,PM25,TIDAK SEHAT
202405,2024-05-22,DKI1,65.0,92.0,20.0,12.0,24.0,37.0,92.0,PM25,SEDANG
202405,2024-05-22,DKI2,80.0,106.0,56.0,11.0,24.0,12.0,106.0,PM25,TIDAK SEHAT
202405,2024-05-22,DKI3,68.0,81.0,56.0,10.0,16.0,37.0,81.0,PM25,SEDANG
202405,2024-05-22,DKI4,84.0,106.0,31.0,16.0,22.0,9.0,106.0,PM25,TIDAK SEHAT
202405,2024-05-22,DKI5,68.0,108.0,28.0,21.0,66.0,21.0,108.0,PM25,TIDAK SEHAT
202405,2024-05-23,DKI1,59.0,78.0,20.0,11.0,22.0,32.0,78.0,PM25,SEDANG
202405,2024-05-23,DKI2,71.0,91.0,56.0,10.0,19.0,19.0,91.0,PM25,SEDANG
202405,2024-05-23,DKI3,64.0,72.0,56.0,10.0,13.0,39.0,72.0,PM25,SEDANG
202405,2024-05-23,DKI4,78.0,95.0,31.0,15.0,16.0,8.0,95.0,PM25,SEDANG
202405,2024-05-23,DKI5,66.0,80.0,24.0,20.0,60.0,17.0,80.0,PM25,SEDANG
202405,2024-05-24,DKI1,60.0,74.0,16.0,13.0,19.0,30.0,74.0,PM25,SEDANG
202405,2024-05-24,DKI2,60.0,81.0,56.0,11.0,16.0,20.0,81.0,PM25,SEDANG
202405,2024-05-24,DKI3,65.0,70.0,56.0,13.0,12.0,44.0,70.0,PM25,SEDANG
202405,2024-05-24,DKI4,82.0,95.0,30.0,18.0,10.0,6.0,95.0,PM25,SEDANG
202405,2024-05-24,DKI5,57.0,83.0,24.0,22.0,57.0,20.0,83.0,PM25,SEDANG
202405,2024-05-25,DKI1,39.0,53.0,12.0,15.0,16.0,30.0,53.0,PM25,SEDANG
202405,2024-05-25,DKI2,35.0,55.0,55.0,10.0,14.0,15.0,55.0,PM25,SEDANG
202405,2024-05-25,DKI3,27.0,34.0,55.0,7.0,12.0,38.0,55.0,SO2,SEDANG
202405,2024-05-25,DKI4,41.0,55.0,30.0,12.0,9.0,8.0,55.0,PM25,SEDANG
202405,2024-05-25,DKI5,29.0,53.0,25.0,18.0,57.0,17.0,57.0,O3,SEDANG
202405,2024-05-26,DKI1,61.0,82.0,26.0,21.0,19.0,38.0,82.0,PM25,SEDANG
202405,2024-05-26,DKI2,59.0,78.0,56.0,17.0,16.0,34.0,78.0,PM25,SEDANG
202405,2024-05-26,DKI3,61.0,70.0,56.0,15.0,12.0,65.0,70.0,PM25,SEDANG
202405,2024-05-26,DKI4,71.0,88.0,30.0,15.0,11.0,8.0,88.0,PM25,SEDANG
202405,2024-05-26,DKI5,62.0,94.0,31.0,26.0,57.0,22.0,94.0,PM25,SEDANG
202405,2024-05-27,DKI1,64.0,92.0,22.0,15.0,25.0,39.0,92.0,PM25,SEDANG
202405,2024-05-27,DKI2,70.0,97.0,56.0,12.0,24.0,15.0,97.0,PM25,SEDANG
202405,2024-05-27,DKI3,59.0,73.0,56.0,13.0,16.0,39.0,73.0,PM25,SEDANG
202405,2024-05-27,DKI4,81.0,104.0,31.0,13.0,22.0,9.0,104.0,PM25,TIDAK SEHAT
202405,2024-05-27,DKI5,60.0,95.0,30.0,22.0,65.0,20.0,95.0,PM25,SEDANG
202405,2024-05-28,DKI1,67.0,100.0,18.0,14.0,29.0,42.0,100.0,PM25,SEDANG
202405,2024-05-28,DKI2,79.0,106.0,56.0,12.0,22.0,18.0,106.0,PM25,TIDAK SEHAT
202405,2024-05-28,DKI3,70.0,82.0,55.0,20.0,14.0,36.0,82.0,PM25,SEDANG
202405,2024-05-28,DKI4,81.0,104.0,31.0,14.0,20.0,8.0,104.0,PM25,TIDAK SEHAT
202405,2024-05-28,DKI5,66.0,110.0,27.0,26.0,64.0,26.0,110.0,PM25,TIDAK SEHAT
202405,2024-05-29,DKI1,64.0,86.0,19.0,10.0,32.0,36.0,86.0,PM25,SEDANG
202405,2024-05-29,DKI2,67.0,91.0,56.0,9.0,21.0,16.0,91.0,PM25,SEDANG
202405,2024-05-29,DKI3,61.0,19.0,55.0,11.0,12.0,37.0,61.0,PM10,SEDANG
202405,2024-05-29,DKI4,77.0,94.0,31.0,11.0,18.0,7.0,94.0,PM25,SEDANG
202405,2024-05-29,DKI5,56.0,87.0,26.0,17.0,62.0,14.0,87.0,PM25,SEDANG
202405,2024-05-30,DKI1,59.0,85.0,19.0,8.0,29.0,38.0,85.0,PM25,SEDANG
202405,2024-05-30,DKI2,66.0,98.0,57.0,10.0,20.0,15.0,98.0,PM25,SEDANG
202405,2024-05-30,DKI3,61.0,19.0,55.0,12.0,14.0,38.0,61.0,PM10,SEDANG
202405,2024-05-30,DKI4,77.0,100.0,31.0,11.0,19.0,10.0,100.0,PM25,SEDANG
202405,2024-05-30,DKI5,54.0,95.0,28.0,18.0,66.0,19.0,95.0,PM25,SEDANG
202405,2024-05-31,DKI1,70.0,101.0,17.0,10.0,27.0,44.0,101.0,PM25,TIDAK SEHAT
202405,2024-05-31,DKI2,74.0,107.0,56.0,11.0,24.0,13.0,107.0,PM25,TIDAK SEHAT
202405,2024-05-31,DKI3,69.0,17.0,13.0,13.0,16.0,22.0,69.0,PM10,SEDANG
202405,2024-05-31,DKI4,91.0,110.0,31.0,13.0,22.0,9.0,110.0,PM25,TIDAK SEHAT
202405,2024-05-31,DKI5,62.0,111.0,28.0,21.0,69.0,22.0,111.0,PM25,TIDAK SEHAT
202406,2024-06-01,DKI1,73.0,102.0,16.0,8.0,22.0,48.0,102.0,PM25,TIDAK SEHAT
202406,2024-06-01,DKI2,74.0,106.0,56.0,13.0,23.0,18.0,106.0,PM25,TIDAK SEHAT
202406,2024-06-01,DKI3,73.0,84.0,55.0,17.0,15.0,36.0,84.0,PM25,SEDANG
202406,2024-06-01,DKI4,97.0,120.0,31.0,13.0,19.0,8.0,120.0,PM25,TIDAK SEHAT
202406,2024-06-01,DKI5,70.0,124.0,28.0,25.0,67.0,26.0,124.0,PM25,TIDAK SEHAT
202406,2024-06-02,DKI1,67.0,95.0,14.0,5.0,24.0,45.0,95.0,PM25,SEDANG
202406,2024-06-02,DKI2,70.0,98.0,57.0,18.0,20.0,26.0,98.0,PM25,SEDANG
202406,2024-06-02,DKI3,59.0,61.0,55.0,16.0,15.0,39.0,61.0,PM25,SEDANG
202406,2024-06-02,DKI4,73.0,91.0,31.0,12.0,14.0,12.0,91.0,PM25,SEDANG
202406,2024-06-02,DKI5,66.0,112.0,27.0,24.0,70.0,21.0,112.0,PM25,TIDAK SEHAT
202406,2024-06-03,DKI1,50.0,61.0,11.0,5.0,24.0,40.0,61.0,PM25,SEDANG
202406,2024-06-03,DKI2,48.0,61.0,55.0,10.0,18.0,17.0,61.0,PM25,SEDANG
202406,2024-06-03,DKI3,54.0,57.0,55.0,12.0,12.0,32.0,57.0,PM25,SEDANG
202406,2024-06-03,DKI4,60.0,71.0,31.0,12.0,12.0,9.0,71.0,PM25,SEDANG
202406,2024-06-03,DKI5,43.0,66.0,24.0,18.0,76.0,16.0,76.0,O3,SEDANG
202406,2024-06-04,DKI1,58.0,76.0,14.0,5.0,26.0,44.0,76.0,PM25,SEDANG
202406,2024-06-04,DKI2,57.0,80.0,56.0,14.0,17.0,26.0,80.0,PM25,SEDANG
202406,2024-06-04,DKI3,56.0,64.0,55.0,15.0,12.0,39.0,64.0,PM25,SEDANG
202406,2024-06-04,DKI4,87.0,106.0,31.0,13.0,12.0,8.0,106.0,PM25,TIDAK SEHAT
202406,2024-06-04,DKI5,58.0,100.0,24.0,28.0,71.0,25.0,100.0,PM25,SEDANG
202406,2024-06-05,DKI1,63.0,88.0,17.0,6.0,27.0,51.0,88.0,PM25,SEDANG
202406,2024-06-05,DKI2,70.0,97.0,56.0,15.0,21.0,28.0,97.0,PM25,SEDANG
202406,2024-06-05,DKI3,68.0,78.0,55.0,17.0,14.0,41.0,78.0,PM25,SEDANG
202406,2024-06-05,DKI4,74.0,93.0,31.0,14.0,17.0,10.0,93.0,PM25,SEDANG
202406,2024-06-05,DKI5,74.0,128.0,25.0,31.0,71.0,31.0,128.0,PM25,TIDAK SEHAT
202406,2024-06-06,DKI1,55.0,77.0,16.0,5.0,16.0,42.0,77.0,PM25,SEDANG
202406,2024-06-06,DKI2,62.0,87.0,56.0,12.0,21.0,18.0,87.0,PM25,SEDANG
202406,2024-06-06,DKI3,51.0,58.0,56.0,10.0,17.0,34.0,58.0,PM25,SEDANG
202406,2024-06-06,DKI4,70.0,85.0,32.0,12.0,16.0,12.0,85.0,PM25,SEDANG
202406,2024-06-06,DKI5,52.0,84.0,29.0,18.0,50.0,18.0,84.0,PM25,SEDANG
202406,2024-06-07,DKI1,58.0,82.0,16.0,,24.0,41.0,82.0,PM25,SEDANG
202406,2024-06-07,DKI2,65.0,88.0,57.0,10.0,24.0,14.0,88.0,PM25,SEDANG
202406,2024-06-07,DKI3,66.0,75.0,56.0,12.0,19.0,34.0,75.0,PM25,SEDANG
202406,2024-06-07,DKI4,79.0,97.0,31.0,13.0,18.0,8.0,97.0,PM25,SEDANG
202406,2024-06-07,DKI5,60.0,103.0,27.0,21.0,68.0,22.0,103.0,PM25,TIDAK SEHAT
202406,2024-06-08,DKI1,62.0,88.0,16.0,25.0,22.0,40.0,88.0,PM25,SEDANG
202406,2024-06-08,DKI2,68.0,94.0,56.0,12.0,22.0,21.0,94.0,PM25,SEDANG
202406,2024-06-08,DKI3,67.0,78.0,56.0,16.0,16.0,38.0,78.0,PM25,SEDANG
202406,2024-06-08,DKI4,78.0,96.0,32.0,12.0,16.0,14.0,96.0,PM25,SEDANG
202406,2024-06-08,DKI5,63.0,109.0,30.0,24.0,58.0,22.0,109.0,PM25,TIDAK SEHAT
202406,2024-06-09,DKI1,63.0,87.0,18.0,23.0,27.0,32.0,87.0,PM25,SEDANG
202406,2024-06-09,DKI2,61.0,82.0,56.0,9.0,26.0,7.0,82.0,PM25,SEDANG
202406,2024-06-09,DKI3,71.0,76.0,56.0,13.0,15.0,28.0,76.0,PM25,SEDANG
202406,2024-06-09,DKI4,78.0,92.0,32.0,11.0,16.0,7.0,92.0,PM25,SEDANG
202406,2024-06-09,DKI5,60.0,99.0,28.0,20.0,72.0,19.0,99.0,PM25,SEDANG
202406,2024-06-10,DKI1,69.0,99.0,14.0,34.0,19.0,50.0,99.0,PM25,SEDANG
202406,2024-06-10,DKI2,66.0,96.0,57.0,17.0,18.0,30.0,96.0,PM25,SEDANG
202406,2024-06-10,DKI3,65.0,71.0,55.0,17.0,13.0,45.0,71.0,PM25,SEDANG
202406,2024-06-10,DKI4,84.0,100.0,32.0,12.0,12.0,10.0,100.0,PM25,SEDANG
202406,2024-06-10,DKI5,60.0,104.0,28.0,27.0,61.0,25.0,104.0,PM25,TIDAK SEHAT
202406,2024-06-11,DKI1,60.0,79.0,18.0,26.0,31.0,37.0,79.0,PM25,SEDANG
202406,2024-06-11,DKI2,58.0,99.0,60.0,11.0,19.0,21.0,99.0,PM25,SEDANG
202406,2024-06-11,DKI3,59.0,59.0,55.0,15.0,14.0,36.0,59.0,SO2,SEDANG
202406,2024-06-11,DKI4,74.0,88.0,31.0,11.0,14.0,7.0,88.0,PM25,SEDANG
202406,2024-06-11,DKI5,53.0,88.0,27.0,20.0,73.0,18.0,88.0,PM25,SEDANG
202406,2024-06-12,DKI1,58.0,76.0,12.0,35.0,26.0,51.0,76.0,PM25,SEDANG
202406,2024-06-12,DKI2,58.0,86.0,57.0,21.0,14.0,46.0,86.0,PM25,SEDANG
202406,2024-06-12,DKI3,53.0,57.0,56.0,16.0,12.0,52.0,57.0,PM25,SEDANG
202406,2024-06-12,DKI4,63.0,70.0,31.0,12.0,7.0,9.0,70.0,PM25,SEDANG
202406,2024-06-12,DKI5,56.0,92.0,26.0,27.0,66.0,27.0,92.0,PM25,SEDANG
202406,2024-06-13,DKI1,49.0,61.0,16.0,30.0,21.0,36.0,61.0,PM25,SEDANG
202406,2024-06-13,DKI2,57.0,69.0,56.0,14.0,16.0,38.0,69.0,PM25,SEDANG
202406,2024-06-13,DKI3,38.0,70.0,56.0,12.0,7.0,53.0,70.0,PM25,SEDANG
202406,2024-06-13,DKI4,61.0,72.0,31.0,12.0,4.0,6.0,72.0,PM25,SEDANG
202406,2024-06-13,DKI5,44.0,70.0,29.0,21.0,45.0,19.0,70.0,PM25,SEDANG
202406,2024-06-14,DKI1,52.0,66.0,18.0,25.0,23.0,33.0,66.0,PM25,SEDANG
202406,2024-06-14,DKI2,60.0,77.0,57.0,9.0,18.0,26.0,77.0,PM25,SEDANG
202406,2024-06-14,DKI3,53.0,80.0,57.0,15.0,10.0,91.0,91.0,PM25,SEDANG
202406,2024-06-14,DKI4,,74.0,32.0,11.0,8.0,6.0,74.0,PM25,SEDANG
202406,2024-06-14,DKI5,39.0,69.0,33.0,19.0,53.0,18.0,69.0,PM25,SEDANG
202406,2024-06-15,DKI1,50.0,69.0,14.0,28.0,33.0,38.0,69.0,PM25,SEDANG
202406,2024-06-15,DKI2,55.0,77.0,56.0,10.0,23.0,25.0,77.0,PM25,SEDANG
202406,2024-06-15,DKI3,44.0,68.0,57.0,11.0,10.0,36.0,68.0,SO2,SEDANG
202406,2024-06-15,DKI4,,73.0,33.0,34.0,15.0,8.0,73.0,PM25,SEDANG
202406,2024-06-15,DKI5,46.0,77.0,29.0,23.0,46.0,22.0,77.0,PM25,SEDANG
202406,2024-06-16,DKI1,54.0,73.0,9.0,26.0,41.0,42.0,73.0,PM25,SEDANG
202406,2024-06-16,DKI2,54.0,68.0,55.0,12.0,28.0,26.0,68.0,PM25,SEDANG
202406,2024-06-16,DKI3,38.0,67.0,56.0,12.0,14.0,35.0,67.0,PM25,SEDANG
202406,2024-06-16,DKI4,56.0,63.0,40.0,25.0,11.0,16.0,63.0,PM25,SEDANG
202406,2024-06-16,DKI5,44.0,74.0,28.0,23.0,63.0,23.0,74.0,PM25,SEDANG
202406,2024-06-17,DKI1,53.0,72.0,11.0,27.0,32.0,32.0,72.0,PM25,SEDANG
202406,2024-06-17,DKI2,56.0,77.0,55.0,11.0,22.0,23.0,77.0,PM25,SEDANG
202406,2024-06-17,DKI3,53.0,81.0,57.0,10.0,15.0,34.0,81.0,PM25,SEDANG
202406,2024-06-17,DKI4,57.0,76.0,39.0,23.0,15.0,10.0,76.0,PM25,SEDANG
202406,2024-06-17,DKI5,47.0,77.0,28.0,20.0,53.0,14.0,77.0,PM25,SEDANG
202406,2024-06-18,DKI1,63.0,98.0,13.0,24.0,33.0,30.0,98.0,PM25,SEDANG
202406,2024-06-18,DKI2,57.0,110.0,58.0,12.0,22.0,18.0,110.0,PM25,TIDAK SEHAT
202406,2024-06-18,DKI3,92.0,141.0,56.0,26.0,11.0,78.0,141.0,PM25,TIDAK SEHAT
202406,2024-06-18,DKI4,87.0,113.0,40.0,31.0,15.0,12.0,113.0,PM25,TIDAK SEHAT
202406,2024-06-18,DKI5,67.0,124.0,29.0,25.0,52.0,14.0,124.0,PM25,TIDAK SEHAT
202406,2024-06-19,DKI1,67.0,93.0,15.0,30.0,27.0,46.0,93.0,PM25,SEDANG
202406,2024-06-19,DKI2,74.0,107.0,57.0,19.0,16.0,36.0,107.0,PM25,TIDAK SEHAT
202406,2024-06-19,DKI3,68.0,106.0,56.0,15.0,11.0,51.0,106.0,PM25,TIDAK SEHAT
202406,2024-06-19,DKI4,77.0,97.0,40.0,28.0,13.0,16.0,97.0,PM25,SEDANG
202406,2024-06-19,DKI5,67.0,112.0,30.0,29.0,48.0,22.0,112.0,PM25,TIDAK SEHAT
202406,2024-06-20,DKI1,62.0,87.0,16.0,25.0,24.0,37.0,87.0,PM25,SEDANG
202406,2024-06-20,DKI2,67.0,94.0,57.0,11.0,22.0,17.0,94.0,PM25,SEDANG
202406,2024-06-20,DKI3,54.0,88.0,57.0,8.0,17.0,31.0,88.0,PM25,SEDANG
202406,2024-06-20,DKI4,76.0,92.0,41.0,21.0,15.0,16.0,92.0,PM25,SEDANG
202406,2024-06-20,DKI5,54.0,88.0,32.0,19.0,48.0,18.0,88.0,PM25,SEDANG
202406,2024-06-21,DKI1,62.0,89.0,16.0,26.0,26.0,43.0,89.0,PM25,SEDANG
202406,2024-06-21,DKI2,75.0,106.0,58.0,14.0,25.0,29.0,106.0,PM25,TIDAK SEHAT
202406,2024-06-21,DKI3,64.0,105.0,58.0,12.0,18.0,37.0,105.0,PM25,TIDAK SEHAT
202406,2024-06-21,DKI4,78.0,100.0,41.0,24.0,19.0,22.0,100.0,PM25,SEDANG
202406,2024-06-21,DKI5,64.0,110.0,34.0,23.0,38.0,24.0,110.0,PM25,TIDAK SEHAT
202406,2024-06-22,DKI1,63.0,90.0,15.0,25.0,30.0,41.0,90.0,PM25,SEDANG
202406,2024-06-22,DKI2,76.0,103.0,57.0,12.0,26.0,20.0,103.0,PM25,TIDAK SEHAT
202406,2024-06-22,DKI3,62.0,101.0,57.0,12.0,16.0,38.0,101.0,PM25,TIDAK SEHAT
202406,2024-06-22,DKI4,74.0,103.0,40.0,23.0,17.0,18.0,103.0,PM25,TIDAK SEHAT
202406,2024-06-22,DKI5,63.0,105.0,32.0,22.0,51.0,19.0,105.0,PM25,TIDAK SEHAT
202406,2024-06-23,DKI1,63.0,89.0,17.0,25.0,27.0,35.0,89.0,PM25,SEDANG
202406,2024-06-23,DKI2,83.0,104.0,59.0,13.0,20.0,23.0,104.0,PM25,TIDAK SEHAT
202406,2024-06-23,DKI3,58.0,92.0,58.0,10.0,14.0,35.0,92.0,PM25,SEDANG
202406,2024-06-23,DKI4,75.0,91.0,41.0,22.0,14.0,20.0,91.0,PM25,SEDANG
202406,2024-06-23,DKI5,61.0,97.0,34.0,21.0,35.0,16.0,97.0,PM25,SEDANG
202406,2024-06-24,DKI1,57.0,85.0,15.0,26.0,20.0,40.0,85.0,PM25,SEDANG
202406,2024-06-24,DKI2,67.0,99.0,57.0,15.0,20.0,24.0,99.0,PM25,SEDANG
202406,2024-06-24,DKI3,,101.0,58.0,12.0,14.0,37.0,101.0,PM25,TIDAK SEHAT
202406,2024-06-24,DKI4,69.0,90.0,41.0,25.0,16.0,22.0,90.0,PM25,SEDANG
202406,2024-06-24,DKI5,60.0,103.0,33.0,22.0,39.0,20.0,103.0,PM25,TIDAK SEHAT
202406,2024-06-25,DKI1,58.0,76.0,20.0,26.0,20.0,34.0,76.0,PM25,SEDANG
202406,2024-06-25,DKI2,67.0,84.0,57.0,11.0,16.0,20.0,84.0,PM25,SEDANG
202406,2024-06-25,DKI3,62.0,98.0,57.0,12.0,13.0,43.0,98.0,PM25,SEDANG
202406,2024-06-25,DKI4,68.0,85.0,40.0,21.0,10.0,17.0,85.0,PM25,SEDANG
202406,2024-06-25,DKI5,58.0,91.0,35.0,21.0,39.0,18.0,91.0,PM25,SEDANG
202406,2024-06-26,DKI1,51.0,65.0,13.0,30.0,23.0,29.0,65.0,PM25,SEDANG
202406,2024-06-26,DKI2,63.0,76.0,57.0,17.0,12.0,52.0,76.0,PM25,SEDANG
202406,2024-06-26,DKI3,50.0,71.0,57.0,13.0,8.0,76.0,76.0,PM25,SEDANG
202406,2024-06-26,DKI4,71.0,80.0,41.0,27.0,8.0,16.0,80.0,PM25,SEDANG
202406,2024-06-26,DKI5,55.0,84.0,31.0,29.0,29.0,13.0,84.0,PM25,SEDANG
202406,2024-06-27,DKI1,56.0,74.0,14.0,25.0,23.0,32.0,74.0,PM25,SEDANG
202406,2024-06-27,DKI2,74.0,96.0,57.0,10.0,16.0,23.0,96.0,PM25,SEDANG
202406,2024-06-27,DKI3,52.0,75.0,57.0,9.0,11.0,40.0,75.0,PM25,SEDANG
202406,2024-06-27,DKI4,73.0,86.0,41.0,20.0,19.0,13.0,86.0,PM25,SEDANG
202406,2024-06-27,DKI5,47.0,74.0,34.0,18.0,41.0,16.0,74.0,PM25,SEDANG
202406,2024-06-28,DKI1,53.0,67.0,12.0,27.0,24.0,33.0,67.0,PM25,SEDANG
202406,2024-06-28,DKI2,59.0,75.0,57.0,10.0,14.0,21.0,75.0,PM25,SEDANG
202406,2024-06-28,DKI3,50.0,69.0,57.0,18.0,7.0,63.0,69.0,PM25,SEDANG
202406,2024-06-28,DKI4,63.0,74.0,40.0,26.0,17.0,9.0,74.0,PM25,SEDANG
202406,2024-06-28,DKI5,46.0,70.0,35.0,24.0,45.0,19.0,70.0,PM25,SEDANG
202406,2024-06-29,DKI1,52.0,74.0,11.0,34.0,22.0,34.0,74.0,PM25,SEDANG
202406,2024-06-29,DKI2,60.0,82.0,59.0,16.0,12.0,42.0,82.0,PM25,SEDANG
202406,2024-06-29,DKI3,60.0,11.0,59.0,18.0,7.0,83.0,83.0,PM10,SEDANG
202406,2024-06-29,DKI4,63.0,76.0,40.0,35.0,15.0,9.0,76.0,PM25,SEDANG
202406,2024-06-29,DKI5,55.0,87.0,30.0,30.0,46.0,14.0,87.0,PM25,SEDANG
202406,2024-06-30,DKI1,41.0,58.0,10.0,24.0,23.0,33.0,58.0,PM25,SEDANG
202406,2024-06-30,DKI2,55.0,68.0,58.0,17.0,14.0,42.0,68.0,PM25,SEDANG
202406,2024-06-30,DKI3,27.0,10.0,57.0,9.0,10.0,47.0,57.0,PM10,SEDANG
202406,2024-06-30,DKI4,51.0,56.0,40.0,24.0,11.0,14.0,56.0,PM25,SEDANG
202406,2024-06-30,DKI5,38.0,66.0,31.0,22.0,35.0,16.0,66.0,PM25,SEDANG
202407,2024-07-01,DKI1,62.0,90.0,11.0,28.0,31.0,41.0,90.0,PM25,SEDANG
202407,2024-07-01,DKI2,61.0,92.0,57.0,15.0,22.0,26.0,92.0,PM25,SEDANG
202407,2024-07-01,DKI3,56.0,89.0,57.0,13.0,13.0,41.0,89.0,PM25,SEDANG
202407,2024-07-01,DKI4,73.0,98.0,40.0,30.0,18.0,14.0,98.0,PM25,SEDANG
202407,2024-07-01,DKI5,,94.0,34.0,21.0,44.0,17.0,94.0,PM25,SEDANG
202407,2024-07-02,DKI1,55.0,74.0,9.0,26.0,25.0,38.0,74.0,PM25,SEDANG
202407,2024-07-02,DKI2,59.0,74.0,58.0,12.0,17.0,26.0,74.0,PM25,SEDANG
202407,2024-07-02,DKI3,35.0,67.0,57.0,10.0,11.0,37.0,67.0,PM25,SEDANG
202407,2024-07-02,DKI4,61.0,71.0,40.0,25.0,15.0,15.0,71.0,PM25,SEDANG
202407,2024-07-02,DKI5,48.0,74.0,28.0,19.0,45.0,16.0,74.0,PM25,SEDANG
202407,2024-07-03,DKI1,69.0,103.0,12.0,38.0,29.0,51.0,103.0,PM25,TIDAK SEHAT
202407,2024-07-03,DKI2,71.0,103.0,57.0,18.0,21.0,48.0,103.0,PM25,TIDAK SEHAT
202407,2024-07-03,DKI3,71.0,106.0,58.0,21.0,12.0,77.0,106.0,PM25,TIDAK SEHAT
202407,2024-07-03,DKI4,77.0,105.0,43.0,36.0,17.0,15.0,105.0,PM25,TIDAK SEHAT
202407,2024-07-03,DKI5,,121.0,31.0,33.0,43.0,25.0,121.0,PM25,TIDAK SEHAT
202407,2024-07-04,DKI1,58.0,78.0,9.0,36.0,26.0,52.0,78.0,PM25,SEDANG
202407,2024-07-04,DKI2,59.0,76.0,56.0,21.0,19.0,54.0,76.0,PM25,SEDANG
202407,2024-07-04,DKI3,46.0,71.0,57.0,15.0,12.0,62.0,71.0,PM25,SEDANG
202407,2024-07-04,DKI4,61.0,68.0,51.0,31.0,17.0,16.0,68.0,PM25,SEDANG
202407,2024-07-04,DKI5,,84.0,30.0,29.0,,25.0,84.0,PM25,SEDANG
202407,2024-07-05,DKI1,53.0,66.0,10.0,28.0,21.0,41.0,66.0,PM25,SEDANG
202407,2024-07-05,DKI2,53.0,70.0,57.0,15.0,13.0,48.0,70.0,PM25,SEDANG
202407,2024-07-05,DKI3,52.0,69.0,58.0,12.0,9.0,57.0,69.0,PM25,SEDANG
202407,2024-07-05,DKI4,64.0,65.0,51.0,24.0,12.0,16.0,65.0,PM25,SEDANG
202407,2024-07-05,DKI5,,78.0,38.0,24.0,23.0,27.0,78.0,PM25,SEDANG
202407,2024-07-06,DKI1,30.0,38.0,8.0,24.0,15.0,24.0,38.0,PM25,BAIK
202407,2024-07-06,DKI2,33.0,47.0,57.0,10.0,10.0,25.0,57.0,SO2,SEDANG
202407,2024-07-06,DKI3,28.0,50.0,57.0,8.0,6.0,61.0,61.0,,SEDANG
202407,2024-07-06,DKI4,51.0,51.0,51.0,20.0,11.0,12.0,51.0,PM10,SEDANG
202407,2024-07-06,DKI5,,43.0,33.0,20.0,17.0,16.0,43.0,PM25,BAIK
202407,2024-07-07,DKI1,24.0,41.0,8.0,24.0,24.0,26.0,41.0,PM25,BAIK
202407,2024-07-07,DKI2,35.0,53.0,58.0,15.0,13.0,44.0,58.0,SO2,SEDANG
202407,2024-07-07,DKI3,22.0,32.0,57.0,11.0,8.0,85.0,85.0,,SEDANG
202407,2024-07-07,DKI4,33.0,46.0,51.0,24.0,11.0,14.0,51.0,SO2,SEDANG
202407,2024-07-07,DKI5,,45.0,32.0,24.0,19.0,13.0,45.0,PM25,BAIK
202407,2024-07-08,DKI1,31.0,53.0,11.0,23.0,24.0,30.0,53.0,PM25,SEDANG
202407,2024-07-08,DKI2,42.0,56.0,58.0,11.0,15.0,23.0,58.0,SO2,SEDANG
202407,2024-07-08,DKI3,36.0,60.0,58.0,11.0,11.0,66.0,66.0,,SEDANG
202407,2024-07-08,DKI4,52.0,63.0,51.0,22.0,21.0,10.0,63.0,PM25,SEDANG
202407,2024-07-08,DKI5,,60.0,34.0,22.0,31.0,14.0,60.0,PM25,SEDANG
202407,2024-07-09,DKI1,43.0,66.0,8.0,31.0,28.0,49.0,66.0,PM25,SEDANG
202407,2024-07-09,DKI2,39.0,65.0,57.0,12.0,19.0,32.0,65.0,PM25,SEDANG
202407,2024-07-09,DKI3,31.0,58.0,57.0,11.0,10.0,45.0,58.0,PM25,SEDANG
202407,2024-07-09,DKI4,46.0,55.0,51.0,22.0,18.0,13.0,55.0,PM25,SEDANG
202407,2024-07-09,DKI5,,66.0,30.0,22.0,36.0,23.0,66.0,PM25,SEDANG
202407,2024-07-10,DKI1,55.0,77.0,11.0,24.0,32.0,37.0,77.0,PM25,SEDANG
202407,2024-07-10,DKI2,62.0,79.0,57.0,10.0,22.0,25.0,79.0,PM25,SEDANG
202407,2024-07-10,DKI3,51.0,77.0,58.0,7.0,12.0,24.0,77.0,PM25,SEDANG
202407,2024-07-10,DKI4,65.0,74.0,51.0,19.0,20.0,12.0,74.0,PM25,SEDANG
202407,2024-07-10,DKI5,,77.0,35.0,18.0,44.0,15.0,77.0,PM25,SEDANG
202407,2024-07-11,DKI1,64.0,94.0,13.0,32.0,25.0,50.0,94.0,PM25,SEDANG
202407,2024-07-11,DKI2,67.0,101.0,57.0,16.0,24.0,40.0,101.0,PM25,TIDAK SEHAT
202407,2024-07-11,DKI3,64.0,101.0,58.0,13.0,11.0,31.0,101.0,PM25,TIDAK SEHAT
202407,2024-07-11,DKI4,75.0,107.0,51.0,28.0,26.0,17.0,107.0,PM25,TIDAK SEHAT
202407,2024-07-11,DKI5,66.0,117.0,33.0,27.0,25.0,23.0,117.0,PM25,TIDAK SEHAT
202407,2024-07-12,DKI1,60.0,86.0,11.0,26.0,35.0,43.0,86.0,PM25,SEDANG
202407,2024-07-12,DKI2,70.0,98.0,57.0,12.0,29.0,31.0,98.0,PM25,SEDANG
202407,2024-07-12,DKI3,61.0,98.0,58.0,12.0,17.0,32.0,98.0,PM25,SEDANG
202407,2024-07-12,DKI4,79.0,94.0,51.0,26.0,29.0,20.0,94.0,PM25,SEDANG
202407,2024-07-12,DKI5,53.0,96.0,34.0,22.0,36.0,20.0,96.0,PM25,SEDANG
202407,2024-07-13,DKI1,66.0,93.0,15.0,30.0,23.0,50.0,93.0,PM25,SEDANG
202407,2024-07-13,DKI2,79.0,109.0,60.0,17.0,24.0,46.0,109.0,PM25,TIDAK SEHAT
202407,2024-07-13,DKI3,68.0,111.0,59.0,19.0,17.0,65.0,111.0,PM25,TIDAK SEHAT
202407,2024-07-13,DKI4,,102.0,51.0,29.0,21.0,23.0,102.0,PM25,TIDAK SEHAT
202407,2024-07-13,DKI5,65.0,112.0,34.0,29.0,25.0,32.0,112.0,PM25,TIDAK SEHAT
202407,2024-07-14,DKI1,59.0,83.0,12.0,27.0,26.0,41.0,83.0,PM25,SEDANG
202407,2024-07-14,DKI2,65.0,90.0,57.0,14.0,28.0,27.0,90.0,PM25,SEDANG
202407,2024-07-14,DKI3,61.0,92.0,58.0,12.0,17.0,33.0,92.0,PM25,SEDANG
202407,2024-07-14,DKI4,,100.0,51.0,27.0,19.0,22.0,100.0,PM25,SEDANG
202407,2024-07-14,DKI5,59.0,104.0,33.0,25.0,27.0,23.0,104.0,PM25,TIDAK SEHAT
202407,2024-07-15,DKI1,58.0,85.0,15.0,25.0,28.0,40.0,85.0,PM25,SEDANG
202407,2024-07-15,DKI2,66.0,96.0,57.0,15.0,33.0,32.0,96.0,PM25,SEDANG
202407,2024-07-15,DKI3,57.0,90.0,58.0,11.0,17.0,29.0,90.0,PM25,SEDANG
202407,2024-07-15,DKI4,,88.0,51.0,23.0,22.0,22.0,88.0,PM25,SEDANG
202407,2024-07-15,DKI5,52.0,89.0,35.0,22.0,31.0,20.0,89.0,PM25,SEDANG
202407,2024-07-16,DKI1,58.0,92.0,13.0,27.0,28.0,49.0,92.0,PM25,SEDANG
202407,2024-07-16,DKI2,66.0,96.0,57.0,14.0,31.0,31.0,96.0,PM25,SEDANG
202407,2024-07-16,DKI3,54.0,86.0,58.0,9.0,22.0,27.0,86.0,PM25,SEDANG
202407,2024-07-16,DKI4,74.0,81.0,51.0,23.0,29.0,20.0,81.0,PM25,SEDANG
202407,2024-07-16,DKI5,53.0,99.0,34.0,24.0,37.0,24.0,99.0,PM25,SEDANG
202407,2024-07-17,DKI1,59.0,88.0,17.0,26.0,20.0,45.0,88.0,PM25,SEDANG
202407,2024-07-17,DKI2,71.0,97.0,58.0,13.0,26.0,30.0,97.0,PM25,SEDANG
202407,2024-07-17,DKI3,59.0,93.0,58.0,11.0,17.0,29.0,93.0,PM25,SEDANG
202407,2024-07-17,DKI4,77.0,97.0,51.0,26.0,19.0,22.0,97.0,PM25,SEDANG
202407,2024-07-17,DKI5,57.0,99.0,35.0,25.0,27.0,25.0,99.0,PM25,SEDANG
202407,2024-07-18,DKI1,63.0,91.0,17.0,25.0,27.0,40.0,91.0,PM25,SEDANG
202407,2024-07-18,DKI2,71.0,95.0,58.0,11.0,30.0,17.0,95.0,PM25,SEDANG
202407,2024-07-18,DKI3,59.0,88.0,58.0,9.0,18.0,26.0,88.0,PM25,SEDANG
202407,2024-07-18,DKI4,76.0,90.0,51.0,21.0,24.0,18.0,90.0,PM25,SEDANG
202407,2024-07-18,DKI5,52.0,89.0,37.0,20.0,36.0,17.0,89.0,PM25,SEDANG
202407,2024-07-19,DKI1,58.0,84.0,15.0,25.0,23.0,38.0,84.0,PM25,SEDANG
202407,2024-07-19,DKI2,66.0,89.0,58.0,11.0,26.0,20.0,89.0,PM25,SEDANG
202407,2024-07-19,DKI3,53.0,82.0,58.0,8.0,19.0,24.0,82.0,PM25,SEDANG
202407,2024-07-19,DKI4,73.0,81.0,51.0,19.0,24.0,17.0,81.0,PM25,SEDANG
202407,2024-07-19,DKI5,47.0,93.0,34.0,20.0,53.0,15.0,93.0,PM25,SEDANG
202407,2024-07-20,DKI1,60.0,84.0,17.0,24.0,24.0,38.0,84.0,PM25,SEDANG
202407,2024-07-20,DKI2,67.0,87.0,58.0,11.0,27.0,23.0,87.0,PM25,SEDANG
202407,2024-07-20,DKI3,58.0,89.0,58.0,9.0,19.0,28.0,89.0,PM25,SEDANG
202407,2024-07-20,DKI4,76.0,84.0,51.0,21.0,25.0,16.0,84.0,PM25,SEDANG
202407,2024-07-20,DKI5,51.0,91.0,35.0,19.0,54.0,17.0,91.0,PM25,SEDANG
202407,2024-07-21,DKI1,59.0,87.0,13.0,24.0,26.0,35.0,87.0,PM25,SEDANG
202407,2024-07-21,DKI2,63.0,89.0,57.0,11.0,30.0,16.0,89.0,PM25,SEDANG
202407,2024-07-21,DKI3,52.0,81.0,58.0,8.0,20.0,25.0,81.0,PM25,SEDANG
202407,2024-07-21,DKI4,70.0,81.0,51.0,20.0,27.0,16.0,81.0,PM25,SEDANG
202407,2024-07-21,DKI5,45.0,88.0,33.0,18.0,58.0,13.0,88.0,PM25,SEDANG
202407,2024-07-22,DKI1,59.0,79.0,12.0,24.0,29.0,38.0,79.0,PM25,SEDANG
202407,2024-07-22,DKI2,58.0,78.0,57.0,11.0,39.0,15.0,78.0,PM25,SEDANG
202407,2024-07-22,DKI3,51.0,78.0,58.0,8.0,20.0,25.0,78.0,PM25,SEDANG
202407,2024-07-22,DKI4,69.0,80.0,51.0,21.0,32.0,17.0,80.0,PM25,SEDANG
202407,2024-07-22,DKI5,39.0,82.0,32.0,18.0,61.0,13.0,82.0,PM25,SEDANG
202407,2024-07-23,DKI1,63.0,92.0,16.0,25.0,33.0,41.0,92.0,PM25,SEDANG
202407,2024-07-23,DKI2,64.0,88.0,57.0,11.0,38.0,23.0,88.0,PM25,SEDANG
202407,2024-07-23,DKI3,55.0,83.0,59.0,8.0,23.0,25.0,83.0,PM25,SEDANG
202407,2024-07-23,DKI4,72.0,81.0,52.0,21.0,34.0,19.0,81.0,PM25,SEDANG
202407,2024-07-23,DKI5,47.0,85.0,35.0,18.0,52.0,14.0,85.0,PM25,SEDANG
202407,2024-07-24,DKI1,75.0,99.0,23.0,27.0,27.0,44.0,99.0,PM25,SEDANG
202407,2024-07-24,DKI2,80.0,115.0,59.0,12.0,30.0,37.0,115.0,PM25,TIDAK SEHAT
202407,2024-07-24,DKI3,54.0,82.0,60.0,7.0,22.0,30.0,82.0,PM25,SEDANG
202407,2024-07-24,DKI4,77.0,87.0,52.0,21.0,26.0,23.0,87.0,PM25,SEDANG
202407,2024-07-24,DKI5,53.0,95.0,38.0,19.0,41.0,16.0,95.0,PM25,SEDANG
202407,2024-07-25,DKI1,61.0,83.0,16.0,26.0,28.0,43.0,83.0,PM25,SEDANG
202407,2024-07-25,DKI2,70.0,92.0,57.0,11.0,36.0,28.0,92.0,PM25,SEDANG
202407,2024-07-25,DKI3,45.0,73.0,58.0,7.0,20.0,34.0,73.0,PM25,SEDANG
202407,2024-07-25,DKI4,66.0,74.0,51.0,20.0,30.0,19.0,74.0,PM25,SEDANG
202407,2024-07-25,DKI5,44.0,84.0,34.0,19.0,47.0,15.0,84.0,PM25,SEDANG
202407,2024-07-26,DKI1,59.0,84.0,15.0,27.0,15.0,42.0,84.0,PM25,SEDANG
202407,2024-07-26,DKI2,64.0,93.0,58.0,11.0,28.0,25.0,93.0,PM25,SEDANG
202407,2024-07-26,DKI3,52.0,76.0,58.0,8.0,15.0,38.0,76.0,PM25,SEDANG
202407,2024-07-26,DKI4,64.0,79.0,52.0,22.0,25.0,17.0,79.0,PM25,SEDANG
202407,2024-07-26,DKI5,53.0,90.0,34.0,20.0,37.0,16.0,90.0,PM25,SEDANG
202407,2024-07-27,DKI1,64.0,94.0,17.0,24.0,18.0,37.0,94.0,PM25,SEDANG
202407,2024-07-27,DKI2,70.0,100.0,58.0,10.0,28.0,22.0,100.0,PM25,SEDANG
202407,2024-07-27,DKI3,60.0,91.0,59.0,9.0,19.0,32.0,91.0,PM25,SEDANG
202407,2024-07-27,DKI4,75.0,92.0,51.0,20.0,27.0,16.0,92.0,PM25,SEDANG
202407,2024-07-27,DKI5,52.0,91.0,36.0,19.0,44.0,16.0,91.0,PM25,SEDANG
202407,2024-07-28,DKI1,64.0,102.0,16.0,24.0,29.0,33.0,102.0,PM25,TIDAK SEHAT
202407,2024-07-28,DKI2,72.0,104.0,58.0,10.0,33.0,17.0,104.0,PM25,TIDAK SEHAT
202407,2024-07-28,DKI3,62.0,99.0,59.0,9.0,21.0,32.0,99.0,PM25,SEDANG
202407,2024-07-28,DKI4,75.0,90.0,51.0,21.0,31.0,15.0,90.0,PM25,SEDANG
202407,2024-07-28,DKI5,55.0,104.0,34.0,20.0,54.0,14.0,104.0,PM25,TIDAK SEHAT
202407,2024-07-29,DKI1,63.0,90.0,15.0,23.0,25.0,33.0,90.0,PM25,SEDANG
202407,2024-07-29,DKI2,67.0,93.0,57.0,9.0,31.0,12.0,93.0,PM25,SEDANG
202407,2024-07-29,DKI3,54.0,15.0,59.0,8.0,22.0,33.0,59.0,SO2,SEDANG
202407,2024-07-29,DKI4,83.0,97.0,52.0,20.0,31.0,17.0,97.0,PM25,SEDANG
202407,2024-07-29,DKI5,44.0,94.0,34.0,20.0,46.0,15.0,94.0,PM25,SEDANG
202407,2024-07-30,DKI1,63.0,96.0,16.0,26.0,20.0,44.0,96.0,PM25,SEDANG
202407,2024-07-30,DKI2,75.0,106.0,58.0,11.0,27.0,27.0,106.0,PM25,TIDAK SEHAT
202407,2024-07-30,DKI3,55.0,16.0,59.0,8.0,21.0,32.0,59.0,SO2,SEDANG
202407,2024-07-30,DKI4,80.0,94.0,52.0,23.0,28.0,19.0,94.0,PM25,SEDANG
202407,2024-07-30,DKI5,53.0,102.0,33.0,21.0,39.0,19.0,102.0,PM25,TIDAK SEHAT
202407,2024-07-31,DKI1,69.0,105.0,16.0,27.0,21.0,49.0,105.0,PM25,TIDAK SEHAT
202407,2024-07-31,DKI2,78.0,110.0,58.0,11.0,30.0,26.0,110.0,PM25,TIDAK SEHAT
202407,2024-07-31,DKI3,62.0,16.0,28.0,26.0,21.0,28.0,62.0,PM10,SEDANG
202407,2024-07-31,DKI4,96.0,113.0,52.0,28.0,28.0,20.0,113.0,PM25,TIDAK SEHAT
202407,2024-07-31,DKI5,59.0,112.0,34.0,22.0,42.0,22.0,112.0,PM25,TIDAK SEHAT
202408,2024-08-01,DKI1,68.0,103.0,13.0,28.0,26.0,44.0,103.0,PM25,TIDAK SEHAT
202408,2024-08-01,DKI2,65.0,99.0,57.0,10.0,34.0,23.0,99.0,PM25,SEDANG
202408,2024-08-01,DKI3,60.0,99.0,59.0,10.0,18.0,40.0,99.0,PM25,SEDANG
202408,2024-08-01,DKI4,72.0,83.0,51.0,21.0,32.0,17.0,83.0,PM25,SEDANG
202408,2024-08-01,DKI5,57.0,107.0,32.0,20.0,55.0,15.0,107.0,PM25,TIDAK SEHAT
202408,2024-08-02,DKI1,60.0,85.0,11.0,27.0,37.0,44.0,85.0,PM25,SEDANG
202408,2024-08-02,DKI2,64.0,86.0,57.0,11.0,28.0,27.0,86.0,PM25,SEDANG
202408,2024-08-02,DKI3,45.0,73.0,58.0,10.0,11.0,44.0,73.0,PM25,SEDANG
202408,2024-08-02,DKI4,63.0,75.0,51.0,23.0,28.0,20.0,75.0,PM25,SEDANG
202408,2024-08-02,DKI5,54.0,90.0,32.0,21.0,53.0,16.0,90.0,PM25,SEDANG
202408,2024-08-03,DKI1,47.0,64.0,10.0,28.0,26.0,45.0,64.0,PM25,SEDANG
202408,2024-08-03,DKI2,56.0,70.0,58.0,9.0,21.0,31.0,70.0,PM25,SEDANG
202408,2024-08-03,DKI3,33.0,60.0,58.0,12.0,5.0,53.0,60.0,PM25,SEDANG
202408,2024-08-03,DKI4,54.0,58.0,51.0,22.0,22.0,14.0,58.0,PM25,SEDANG
202408,2024-08-03,DKI5,36.0,70.0,32.0,21.0,48.0,18.0,70.0,PM25,SEDANG
202408,2024-08-04,DKI1,50.0,74.0,10.0,29.0,29.0,39.0,74.0,PM25,SEDANG
202408,2024-08-04,DKI2,54.0,83.0,58.0,13.0,23.0,37.0,83.0,PM25,SEDANG
202408,2024-08-04,DKI3,45.0,65.0,58.0,14.0,4.0,59.0,65.0,PM25,SEDANG
202408,2024-08-04,DKI4,58.0,64.0,51.0,29.0,18.0,13.0,64.0,PM25,SEDANG
202408,2024-08-04,DKI5,51.0,82.0,31.0,26.0,48.0,20.0,82.0,PM25,SEDANG
202408,2024-08-05,DKI1,53.0,78.0,10.0,26.0,23.0,37.0,78.0,PM25,SEDANG
202408,2024-08-05,DKI2,56.0,80.0,57.0,12.0,28.0,24.0,80.0,PM25,SEDANG
202408,2024-08-05,DKI3,46.0,72.0,58.0,10.0,5.0,41.0,72.0,PM25,SEDANG
202408,2024-08-05,DKI4,53.0,67.0,51.0,21.0,21.0,15.0,67.0,PM25,SEDANG
202408,2024-08-05,DKI5,51.0,84.0,33.0,19.0,47.0,15.0,84.0,PM25,SEDANG
202408,2024-08-06,DKI1,53.0,75.0,16.0,24.0,21.0,42.0,75.0,PM25,SEDANG
202408,2024-08-06,DKI2,61.0,83.0,58.0,10.0,25.0,23.0,83.0,PM25,SEDANG
202408,2024-08-06,DKI3,53.0,80.0,58.0,10.0,6.0,38.0,80.0,PM25,SEDANG
202408,2024-08-06,DKI4,67.0,75.0,52.0,21.0,24.0,17.0,75.0,PM25,SEDANG
202408,2024-08-06,DKI5,45.0,81.0,36.0,19.0,43.0,17.0,81.0,PM25,SEDANG
202408,2024-08-07,DKI1,62.0,91.0,13.0,26.0,27.0,42.0,91.0,PM25,SEDANG
202408,2024-08-07,DKI2,62.0,92.0,57.0,10.0,33.0,20.0,92.0,PM25,SEDANG
202408,2024-08-07,DKI3,57.0,92.0,58.0,9.0,7.0,33.0,92.0,PM25,SEDANG
202408,2024-08-07,DKI4,76.0,87.0,52.0,21.0,30.0,17.0,87.0,PM25,SEDANG
202408,2024-08-07,DKI5,53.0,101.0,33.0,20.0,44.0,18.0,101.0,PM25,TIDAK SEHAT
202408,2024-08-08,DKI1,64.0,96.0,16.0,28.0,23.0,42.0,96.0,PM25,SEDANG
202408,2024-08-08,DKI2,74.0,107.0,59.0,12.0,25.0,32.0,107.0,PM25,TIDAK SEHAT
202408,2024-08-08,DKI3,69.0,112.0,59.0,14.0,9.0,48.0,112.0,PM25,TIDAK SEHAT
202408,2024-08-08,DKI4,91.0,98.0,52.0,25.0,32.0,22.0,98.0,PM25,SEDANG
202408,2024-08-08,DKI5,64.0,118.0,35.0,24.0,32.0,24.0,118.0,PM25,TIDAK SEHAT
202408,2024-08-09,DKI1,61.0,91.0,15.0,25.0,19.0,33.0,91.0,PM25,SEDANG
202408,2024-08-09,DKI2,67.0,91.0,57.0,10.0,23.0,20.0,91.0,PM25,SEDANG
202408,2024-08-09,DKI3,62.0,94.0,59.0,11.0,16.0,46.0,94.0,PM25,SEDANG
202408,2024-08-09,DKI4,78.0,85.0,53.0,23.0,32.0,19.0,85.0,PM25,SEDANG
202408,2024-08-09,DKI5,52.0,97.0,35.0,20.0,39.0,15.0,97.0,PM25,SEDANG
202408,2024-08-10,DKI1,55.0,81.0,15.0,23.0,21.0,35.0,81.0,PM25,SEDANG
202408,2024-08-10,DKI2,60.0,85.0,57.0,9.0,23.0,17.0,85.0,PM25,SEDANG
202408,2024-08-10,DKI3,54.0,84.0,59.0,9.0,19.0,31.0,84.0,PM25,SEDANG
202408,2024-08-10,DKI4,64.0,75.0,53.0,19.0,39.0,18.0,75.0,PM25,SEDANG
202408,2024-08-10,DKI5,43.0,89.0,35.0,18.0,43.0,15.0,89.0,PM25,SEDANG
202408,2024-08-11,DKI1,56.0,77.0,12.0,22.0,28.0,28.0,77.0,PM25,SEDANG
202408,2024-08-11,DKI2,59.0,79.0,57.0,8.0,30.0,12.0,79.0,PM25,SEDANG
202408,2024-08-11,DKI3,51.0,76.0,58.0,7.0,19.0,19.0,76.0,PM25,SEDANG
202408,2024-08-11,DKI4,62.0,68.0,52.0,17.0,47.0,15.0,68.0,PM25,SEDANG
202408,2024-08-11,DKI5,43.0,85.0,32.0,17.0,51.0,10.0,85.0,PM25,SEDANG
202408,2024-08-12,DKI1,54.0,78.0,12.0,23.0,24.0,30.0,78.0,PM25,SEDANG
202408,2024-08-12,DKI2,55.0,83.0,57.0,9.0,28.0,14.0,83.0,PM25,SEDANG
202408,2024-08-12,DKI3,43.0,74.0,59.0,7.0,22.0,29.0,74.0,PM25,SEDANG
202408,2024-08-12,DKI4,56.0,66.0,52.0,17.0,43.0,14.0,66.0,PM25,SEDANG
202408,2024-08-12,DKI5,36.0,86.0,33.0,18.0,42.0,11.0,86.0,PM25,SEDANG
202408,2024-08-13,DKI1,62.0,93.0,19.0,26.0,25.0,44.0,93.0,PM25,SEDANG
202408,2024-08-13,DKI2,66.0,102.0,59.0,13.0,29.0,34.0,102.0,PM25,TIDAK SEHAT
202408,2024-08-13,DKI3,64.0,95.0,61.0,12.0,27.0,47.0,95.0,PM25,SEDANG
202408,2024-08-13,DKI4,75.0,88.0,53.0,23.0,38.0,24.0,88.0,PM25,SEDANG
202408,2024-08-13,DKI5,59.0,110.0,36.0,23.0,32.0,23.0,110.0,PM25,TIDAK SEHAT
202408,2024-08-14,DKI1,62.0,93.0,17.0,26.0,27.0,43.0,93.0,PM25,SEDANG
202408,2024-08-14,DKI2,71.0,100.0,58.0,11.0,30.0,29.0,100.0,PM25,SEDANG
202408,2024-08-14,DKI3,62.0,96.0,61.0,11.0,32.0,40.0,96.0,PM25,SEDANG
202408,2024-08-14,DKI4,78.0,85.0,53.0,24.0,37.0,25.0,85.0,PM25,SEDANG
202408,2024-08-14,DKI5,58.0,109.0,36.0,22.0,40.0,21.0,109.0,PM25,TIDAK SEHAT
202408,2024-08-15,DKI1,63.0,90.0,14.0,26.0,38.0,38.0,90.0,PM25,SEDANG
202408,2024-08-15,DKI2,67.0,93.0,57.0,10.0,40.0,22.0,93.0,PM25,SEDANG
202408,2024-08-15,DKI3,63.0,93.0,60.0,11.0,29.0,45.0,93.0,PM25,SEDANG
202408,2024-08-15,DKI4,78.0,84.0,53.0,22.0,42.0,22.0,84.0,PM25,SEDANG
202408,2024-08-15,DKI5,48.0,100.0,35.0,21.0,50.0,18.0,100.0,PM25,SEDANG
202408,2024-08-16,DKI1,64.0,91.0,15.0,28.0,33.0,48.0,91.0,PM25,SEDANG
202408,2024-08-16,DKI2,65.0,91.0,58.0,11.0,36.0,27.0,91.0,PM25,SEDANG
202408,2024-08-16,DKI3,58.0,94.0,60.0,10.0,32.0,44.0,94.0,PM25,SEDANG
202408,2024-08-16,DKI4,73.0,83.0,53.0,23.0,44.0,24.0,83.0,PM25,SEDANG
202408,2024-08-16,DKI5,55.0,103.0,35.0,22.0,45.0,19.0,103.0,PM25,TIDAK SEHAT
202408,2024-08-17,DKI1,65.0,92.0,15.0,25.0,31.0,44.0,92.0,PM25,SEDANG
202408,2024-08-17,DKI2,70.0,95.0,58.0,8.0,34.0,17.0,95.0,PM25,SEDANG
202408,2024-08-17,DKI3,69.0,104.0,62.0,13.0,38.0,50.0,104.0,PM25,TIDAK SEHAT
202408,2024-08-17,DKI4,75.0,93.0,54.0,24.0,56.0,23.0,93.0,PM25,SEDANG
202408,2024-08-17,DKI5,51.0,107.0,37.0,22.0,51.0,21.0,107.0,PM25,TIDAK SEHAT
202408,2024-08-18,DKI1,62.0,93.0,13.0,23.0,30.0,32.0,93.0,PM25,SEDANG
202408,2024-08-18,DKI2,64.0,89.0,58.0,7.0,32.0,10.0,89.0,PM25,SEDANG
202408,2024-08-18,DKI3,66.0,104.0,61.0,11.0,36.0,38.0,104.0,PM25,TIDAK SEHAT
202408,2024-08-18,DKI4,76.0,90.0,53.0,21.0,46.0,16.0,90.0,PM25,SEDANG
202408,2024-08-18,DKI5,55.0,107.0,34.0,21.0,50.0,16.0,107.0,PM25,TIDAK SEHAT
202408,2024-08-19,DKI1,60.0,86.0,13.0,24.0,32.0,38.0,86.0,PM25,SEDANG
202408,2024-08-19,DKI2,61.0,87.0,58.0,8.0,35.0,14.0,87.0,PM25,SEDANG
202408,2024-08-19,DKI3,56.0,85.0,60.0,8.0,35.0,36.0,85.0,PM25,SEDANG
202408,2024-08-19,DKI4,70.0,81.0,53.0,20.0,48.0,15.0,81.0,PM25,SEDANG
202408,2024-08-19,DKI5,46.0,94.0,33.0,19.0,57.0,15.0,94.0,PM25,SEDANG
202408,2024-08-20,DKI1,64.0,93.0,14.0,26.0,27.0,46.0,93.0,PM25,SEDANG
202408,2024-08-20,DKI2,68.0,97.0,58.0,9.0,31.0,20.0,97.0,PM25,SEDANG
202408,2024-08-20,DKI3,64.0,103.0,62.0,11.0,32.0,50.0,103.0,PM25,TIDAK SEHAT
202408,2024-08-20,DKI4,81.0,95.0,53.0,22.0,48.0,20.0,95.0,PM25,SEDANG
202408,2024-08-20,DKI5,62.0,115.0,33.0,22.0,52.0,18.0,115.0,PM25,TIDAK SEHAT
202408,2024-08-21,DKI1,67.0,96.0,17.0,27.0,27.0,47.0,96.0,PM25,SEDANG
202408,2024-08-21,DKI2,73.0,102.0,58.0,9.0,33.0,23.0,102.0,PM25,TIDAK SEHAT
202408,2024-08-21,DKI3,63.0,103.0,63.0,12.0,29.0,58.0,103.0,PM25,TIDAK SEHAT
202408,2024-08-21,DKI4,85.0,95.0,53.0,23.0,43.0,23.0,95.0,PM25,SEDANG
202408,2024-08-21,DKI5,64.0,118.0,35.0,21.0,54.0,18.0,118.0,PM25,TIDAK SEHAT
202408,2024-08-22,DKI1,63.0,84.0,19.0,25.0,26.0,40.0,84.0,PM25,SEDANG
202408,2024-08-22,DKI2,65.0,91.0,59.0,9.0,28.0,22.0,91.0,PM25,SEDANG
202408,2024-08-22,DKI3,62.0,89.0,63.0,9.0,31.0,48.0,89.0,PM25,SEDANG
202408,2024-08-22,DKI4,86.0,102.0,54.0,19.0,47.0,17.0,102.0,PM25,TIDAK SEHAT
202408,2024-08-22,DKI5,47.0,87.0,39.0,18.0,48.0,15.0,87.0,PM25,SEDANG
202408,2024-08-23,DKI1,56.0,77.0,12.0,23.0,28.0,32.0,77.0,PM25,SEDANG
202408,2024-08-23,DKI2,57.0,79.0,57.0,7.0,29.0,9.0,79.0,PM25,SEDANG
202408,2024-08-23,DKI3,60.0,88.0,60.0,9.0,29.0,48.0,88.0,PM25,SEDANG
202408,2024-08-23,DKI4,87.0,103.0,52.0,20.0,31.0,13.0,103.0,PM25,TIDAK SEHAT
202408,2024-08-23,DKI5,46.0,79.0,33.0,17.0,67.0,12.0,79.0,PM25,SEDANG
202408,2024-08-24,DKI1,62.0,98.0,13.0,27.0,24.0,43.0,98.0,PM25,SEDANG
202408,2024-08-24,DKI2,66.0,101.0,58.0,10.0,28.0,27.0,101.0,PM25,TIDAK SEHAT
202408,2024-08-24,DKI3,59.0,92.0,60.0,9.0,32.0,32.0,92.0,PM25,SEDANG
202408,2024-08-24,DKI4,69.0,85.0,53.0,22.0,40.0,24.0,85.0,PM25,SEDANG
202408,2024-08-24,DKI5,54.0,101.0,35.0,19.0,47.0,16.0,101.0,PM25,TIDAK SEHAT
202408,2024-08-25,DKI1,66.0,90.0,13.0,25.0,28.0,37.0,90.0,PM25,SEDANG
202408,2024-08-25,DKI2,65.0,93.0,58.0,9.0,30.0,17.0,93.0,PM25,SEDANG
202408,2024-08-25,DKI3,55.0,82.0,60.0,8.0,33.0,30.0,82.0,PM25,SEDANG
202408,2024-08-25,DKI4,75.0,80.0,53.0,21.0,40.0,19.0,80.0,PM25,SEDANG
202408,2024-08-25,DKI5,52.0,93.0,34.0,18.0,50.0,11.0,93.0,PM25,SEDANG
202408,2024-08-26,DKI1,55.0,78.0,13.0,24.0,28.0,39.0,78.0,PM25,SEDANG
202408,2024-08-26,DKI2,54.0,82.0,58.0,9.0,35.0,18.0,82.0,PM25,SEDANG
202408,2024-08-26,DKI3,60.0,90.0,60.0,12.0,26.0,50.0,90.0,PM25,SEDANG
202408,2024-08-26,DKI4,72.0,76.0,53.0,22.0,40.0,21.0,76.0,PM25,SEDANG
202408,2024-08-26,DKI5,54.0,102.0,35.0,21.0,40.0,17.0,102.0,PM25,TIDAK SEHAT
202408,2024-08-27,DKI1,69.0,106.0,14.0,30.0,36.0,50.0,106.0,PM25,TIDAK SEHAT
202408,2024-08-27,DKI2,70.0,106.0,58.0,12.0,36.0,31.0,106.0,PM25,TIDAK SEHAT
202408,2024-08-27,DKI3,65.0,98.0,61.0,12.0,30.0,50.0,98.0,PM25,SEDANG
202408,2024-08-27,DKI4,71.0,84.0,54.0,26.0,43.0,29.0,84.0,PM25,SEDANG
202408,2024-08-27,DKI5,65.0,116.0,36.0,22.0,58.0,18.0,116.0,PM25,TIDAK SEHAT
202408,2024-08-28,DKI1,62.0,86.0,14.0,24.0,33.0,41.0,86.0,PM25,SEDANG
202408,2024-08-28,DKI2,71.0,94.0,58.0,9.0,32.0,29.0,94.0,PM25,SEDANG
202408,2024-08-28,DKI3,54.0,80.0,61.0,8.0,37.0,39.0,80.0,PM25,SEDANG
202408,2024-08-28,DKI4,70.0,79.0,53.0,20.0,52.0,22.0,79.0,PM25,SEDANG
202408,2024-08-28,DKI5,50.0,87.0,36.0,20.0,46.0,17.0,87.0,PM25,SEDANG
202408,2024-08-29,DKI1,65.0,98.0,14.0,26.0,41.0,42.0,98.0,PM25,SEDANG
202408,2024-08-29,DKI2,70.0,101.0,58.0,9.0,43.0,25.0,101.0,PM25,TIDAK SEHAT
202408,2024-08-29,DKI3,61.0,14.0,61.0,10.0,33.0,46.0,61.0,PM10,SEDANG
202408,2024-08-29,DKI4,187.0,123.0,54.0,23.0,48.0,33.0,187.0,PM10,TIDAK SEHAT
202408,2024-08-29,DKI5,59.0,107.0,37.0,20.0,62.0,16.0,107.0,PM25,TIDAK SEHAT
202408,2024-08-30,DKI1,68.0,98.0,15.0,28.0,30.0,46.0,98.0,PM25,SEDANG
202408,2024-08-30,DKI2,68.0,93.0,58.0,11.0,28.0,34.0,93.0,PM25,SEDANG
202408,2024-08-30,DKI3,59.0,15.0,61.0,11.0,32.0,50.0,61.0,SO2,SEDANG
202408,2024-08-30,DKI4,71.0,82.0,53.0,23.0,43.0,26.0,82.0,PM25,SEDANG
202408,2024-08-30,DKI5,65.0,127.0,36.0,23.0,47.0,21.0,127.0,PM25,TIDAK SEHAT
202408,2024-08-31,DKI1,56.0,75.0,14.0,25.0,24.0,40.0,75.0,PM25,SEDANG
202408,2024-08-31,DKI2,59.0,80.0,58.0,8.0,31.0,22.0,80.0,PM25,SEDANG
202408,2024-08-31,DKI3,47.0,14.0,19.0,22.0,32.0,38.0,47.0,PM10,BAIK
202408,2024-08-31,DKI4,133.0,135.0,53.0,19.0,38.0,21.0,135.0,PM25,TIDAK SEHAT
202408,2024-08-31,DKI5,42.0,80.0,35.0,18.0,41.0,13.0,80.0,PM25,SEDANG
202409,2024-09-01,DKI1,54.0,72.0,12.0,22.0,27.0,32.0,72.0,PM25,SEDANG
202409,2024-09-01,DKI2,57.0,74.0,58.0,7.0,32.0,11.0,74.0,PM25,SEDANG
202409,2024-09-01,DKI3,54.0,79.0,61.0,9.0,33.0,45.0,79.0,PM25,SEDANG
202409,2024-09-01,DKI4,65.0,81.0,53.0,21.0,44.0,18.0,81.0,PM25,SEDANG
202409,2024-09-01,DKI5,49.0,93.0,34.0,20.0,46.0,12.0,93.0,PM25,SEDANG
202409,2024-09-02,DKI1,52.0,70.0,10.0,22.0,35.0,36.0,70.0,PM25,SEDANG
202409,2024-09-02,DKI2,,73.0,58.0,7.0,35.0,6.0,73.0,PM25,SEDANG
202409,2024-09-02,DKI3,57.0,84.0,61.0,8.0,32.0,46.0,84.0,PM25,SEDANG
202409,2024-09-02,DKI4,,,,,,,,,TIDAK ADA DATA
202409,2024-09-02,DKI5,37.0,85.0,34.0,17.0,67.0,12.0,85.0,PM25,SEDANG
202409,2024-09-03,DKI1,55.0,79.0,10.0,28.0,23.0,44.0,79.0,PM25,SEDANG
202409,2024-09-03,DKI2,55.0,100.0,58.0,12.0,31.0,36.0,100.0,PM25,SEDANG
202409,2024-09-03,DKI3,51.0,72.0,60.0,8.0,29.0,42.0,72.0,PM25,SEDANG
202409,2024-09-03,DKI4,66.0,74.0,53.0,21.0,39.0,23.0,74.0,PM25,SEDANG
202409,2024-09-03,DKI5,45.0,89.0,32.0,20.0,43.0,17.0,89.0,PM25,SEDANG
202409,2024-09-04,DKI1,58.0,83.0,11.0,24.0,35.0,35.0,83.0,PM25,SEDANG
202409,2024-09-04,DKI2,56.0,89.0,58.0,9.0,34.0,17.0,89.0,PM25,SEDANG
202409,2024-09-04,DKI3,46.0,71.0,61.0,7.0,31.0,38.0,71.0,PM25,SEDANG
202409,2024-09-04,DKI4,65.0,79.0,53.0,19.0,43.0,16.0,79.0,PM25,SEDANG
202409,2024-09-04,DKI5,40.0,84.0,34.0,18.0,41.0,13.0,84.0,PM25,SEDANG
202409,2024-09-05,DKI1,52.0,71.0,12.0,24.0,18.0,33.0,71.0,PM25,SEDANG
202409,2024-09-05,DKI2,52.0,74.0,58.0,8.0,28.0,14.0,74.0,PM25,SEDANG
202409,2024-09-05,DKI3,51.0,66.0,61.0,7.0,23.0,41.0,66.0,PM25,SEDANG
202409,2024-09-05,DKI4,118.0,69.0,53.0,16.0,31.0,13.0,118.0,PM10,TIDAK SEHAT
202409,2024-09-05,DKI5,37.0,81.0,35.0,18.0,43.0,12.0,81.0,PM25,SEDANG
202409,2024-09-06,DKI1,56.0,86.0,14.0,26.0,20.0,40.0,86.0,PM25,SEDANG
202409,2024-09-06,DKI2,61.0,82.0,59.0,10.0,25.0,26.0,82.0,PM25,SEDANG
202409,2024-09-06,DKI3,48.0,70.0,61.0,8.0,27.0,39.0,70.0,PM25,SEDANG
202409,2024-09-06,DKI4,82.0,76.0,53.0,21.0,34.0,19.0,82.0,PM10,SEDANG
202409,2024-09-06,DKI5,26.0,86.0,36.0,20.0,40.0,17.0,86.0,PM25,SEDANG
202409,2024-09-07,DKI1,54.0,79.0,12.0,22.0,25.0,26.0,79.0,PM25,SEDANG
202409,2024-09-07,DKI2,60.0,81.0,58.0,8.0,28.0,11.0,81.0,PM25,SEDANG
202409,2024-09-07,DKI3,56.0,74.0,61.0,7.0,26.0,38.0,74.0,PM25,SEDANG
202409,2024-09-07,DKI4,162.0,97.0,53.0,17.0,39.0,15.0,162.0,PM10,TIDAK SEHAT
202409,2024-09-07,DKI5,30.0,80.0,35.0,17.0,47.0,10.0,80.0,PM25,SEDANG
202409,2024-09-08,DKI1,54.0,84.0,13.0,22.0,21.0,26.0,84.0,PM25,SEDANG
202409,2024-09-08,DKI2,57.0,76.0,58.0,9.0,26.0,13.0,76.0,PM25,SEDANG
202409,2024-09-08,DKI3,48.0,70.0,61.0,6.0,23.0,34.0,70.0,PM25,SEDANG
202409,2024-09-08,DKI4,70.0,83.0,53.0,17.0,31.0,12.0,83.0,PM25,SEDANG
202409,2024-09-08,DKI5,28.0,79.0,35.0,18.0,40.0,11.0,79.0,PM25,SEDANG
202409,2024-09-09,DKI1,48.0,65.0,12.0,22.0,21.0,26.0,65.0,PM25,SEDANG
202409,2024-09-09,DKI2,55.0,72.0,59.0,8.0,24.0,14.0,72.0,PM25,SEDANG
202409,2024-09-09,DKI3,44.0,61.0,61.0,6.0,24.0,34.0,61.0,PM25,SEDANG
202409,2024-09-09,DKI4,57.0,63.0,53.0,17.0,34.0,12.0,63.0,PM25,SEDANG
202409,2024-09-09,DKI5,17.0,65.0,34.0,17.0,48.0,9.0,65.0,PM25,SEDANG
202409,2024-09-10,DKI1,51.0,70.0,10.0,33.0,19.0,43.0,70.0,PM25,SEDANG
202409,2024-09-10,DKI2,61.0,79.0,60.0,15.0,15.0,44.0,79.0,PM25,SEDANG
202409,2024-09-10,DKI3,53.0,65.0,60.0,14.0,17.0,71.0,71.0,,SEDANG
202409,2024-09-10,DKI4,57.0,58.0,53.0,39.0,23.0,23.0,58.0,PM25,SEDANG
202409,2024-09-10,DKI5,38.0,76.0,33.0,24.0,36.0,17.0,76.0,PM25,SEDANG
202409,2024-09-11,DKI1,39.0,58.0,12.0,23.0,26.0,33.0,58.0,PM25,SEDANG
202409,2024-09-11,DKI2,47.0,63.0,59.0,9.0,18.0,25.0,63.0,PM25,SEDANG
202409,2024-09-11,DKI3,34.0,,60.0,8.0,20.0,44.0,60.0,SO2,SEDANG
202409,2024-09-11,DKI4,50.0,46.0,53.0,19.0,24.0,17.0,53.0,SO2,SEDANG
202409,2024-09-11,DKI5,26.0,68.0,34.0,19.0,28.0,18.0,68.0,PM25,SEDANG
202409,2024-09-12,DKI1,64.0,89.0,15.0,27.0,41.0,39.0,89.0,PM25,SEDANG
202409,2024-09-12,DKI2,58.0,83.0,59.0,10.0,33.0,21.0,83.0,PM25,SEDANG
202409,2024-09-12,DKI3,55.0,80.0,61.0,11.0,28.0,52.0,80.0,PM25,SEDANG
202409,2024-09-12,DKI4,57.0,65.0,53.0,23.0,38.0,17.0,65.0,PM25,SEDANG
202409,2024-09-12,DKI5,23.0,103.0,39.0,20.0,54.0,15.0,103.0,PM25,TIDAK SEHAT
202409,2024-09-13,DKI1,53.0,74.0,10.0,29.0,36.0,44.0,74.0,PM25,SEDANG
202409,2024-09-13,DKI2,56.0,75.0,58.0,12.0,30.0,30.0,75.0,PM25,SEDANG
202409,2024-09-13,DKI3,51.0,68.0,60.0,10.0,26.0,51.0,68.0,PM25,SEDANG
202409,2024-09-13,DKI4,54.0,54.0,53.0,22.0,34.0,21.0,54.0,PM10,SEDANG
202409,2024-09-13,DKI5,38.0,81.0,34.0,21.0,49.0,18.0,81.0,PM25,SEDANG
202409,2024-09-14,DKI1,57.0,85.0,11.0,25.0,42.0,41.0,85.0,PM25,SEDANG
202409,2024-09-14,DKI2,63.0,85.0,59.0,13.0,30.0,36.0,85.0,PM25,SEDANG
202409,2024-09-14,DKI3,53.0,70.0,60.0,8.0,32.0,47.0,70.0,PM25,SEDANG
202409,2024-09-14,DKI4,59.0,60.0,53.0,21.0,34.0,23.0,60.0,PM25,SEDANG
202409,2024-09-14,DKI5,34.0,88.0,34.0,19.0,49.0,16.0,88.0,PM25,SEDANG
202409,2024-09-15,DKI1,60.0,86.0,12.0,27.0,38.0,35.0,86.0,PM25,SEDANG
202409,2024-09-15,DKI2,63.0,82.0,58.0,11.0,28.0,21.0,82.0,PM25,SEDANG
202409,2024-09-15,DKI3,51.0,74.0,61.0,8.0,33.0,44.0,74.0,PM25,SEDANG
202409,2024-09-15,DKI4,65.0,69.0,53.0,21.0,42.0,16.0,69.0,PM25,SEDANG
202409,2024-09-15,DKI5,28.0,87.0,35.0,20.0,45.0,13.0,87.0,PM25,SEDANG
202409,2024-09-16,DKI1,60.0,86.0,12.0,24.0,38.0,33.0,86.0,PM25,SEDANG
202409,2024-09-16,DKI2,62.0,83.0,58.0,11.0,31.0,20.0,83.0,PM25,SEDANG
202409,2024-09-16,DKI3,59.0,84.0,61.0,9.0,28.0,44.0,84.0,PM25,SEDANG
202409,2024-09-16,DKI4,62.0,69.0,53.0,22.0,37.0,18.0,69.0,PM25,SEDANG
202409,2024-09-16,DKI5,26.0,93.0,36.0,20.0,44.0,14.0,93.0,PM25,SEDANG
202409,2024-09-17,DKI1,55.0,79.0,14.0,24.0,40.0,37.0,79.0,PM25,SEDANG
202409,2024-09-17,DKI2,65.0,87.0,59.0,11.0,35.0,22.0,87.0,PM25,SEDANG
202409,2024-09-17,DKI3,53.0,77.0,62.0,8.0,35.0,40.0,77.0,PM25,SEDANG
202409,2024-09-17,DKI4,63.0,67.0,53.0,21.0,47.0,,67.0,PM25,SEDANG
202409,2024-09-17,DKI5,33.0,86.0,39.0,19.0,47.0,14.0,86.0,PM25,SEDANG
202409,2024-09-18,DKI1,52.0,76.0,16.0,24.0,36.0,34.0,76.0,PM25,SEDANG
202409,2024-09-18,DKI2,59.0,84.0,59.0,11.0,32.0,25.0,84.0,PM25,SEDANG
202409,2024-09-18,DKI3,42.0,66.0,61.0,7.0,34.0,36.0,66.0,PM25,SEDANG
202409,2024-09-18,DKI4,57.0,60.0,54.0,18.0,42.0,25.0,60.0,PM25,SEDANG
202409,2024-09-18,DKI5,39.0,79.0,38.0,18.0,42.0,13.0,79.0,PM25,SEDANG
202409,2024-09-19,DKI1,61.0,83.0,15.0,27.0,37.0,46.0,83.0,PM25,SEDANG
202409,2024-09-19,DKI2,72.0,89.0,59.0,11.0,33.0,35.0,89.0,PM25,SEDANG
202409,2024-09-19,DKI3,52.0,75.0,61.0,7.0,38.0,38.0,75.0,PM25,SEDANG
202409,2024-09-19,DKI4,60.0,64.0,54.0,20.0,52.0,29.0,64.0,PM25,SEDANG
202409,2024-09-19,DKI5,30.0,88.0,40.0,19.0,40.0,14.0,88.0,PM25,SEDANG
202409,2024-09-20,DKI1,59.0,88.0,15.0,24.0,34.0,45.0,88.0,PM25,SEDANG
202409,2024-09-20,DKI2,67.0,87.0,59.0,8.0,34.0,25.0,87.0,PM25,SEDANG
202409,2024-09-20,DKI3,56.0,84.0,62.0,9.0,36.0,53.0,84.0,PM25,SEDANG
202409,2024-09-20,DKI4,64.0,69.0,54.0,20.0,49.0,25.0,69.0,PM25,SEDANG
202409,2024-09-20,DKI5,22.0,88.0,38.0,20.0,47.0,16.0,88.0,PM25,SEDANG
202409,2024-09-21,DKI1,61.0,94.0,14.0,25.0,36.0,39.0,94.0,PM25,SEDANG
202409,2024-09-21,DKI2,68.0,89.0,59.0,6.0,33.0,21.0,89.0,PM25,SEDANG
202409,2024-09-21,DKI3,59.0,86.0,61.0,10.0,40.0,52.0,86.0,PM25,SEDANG
202409,2024-09-21,DKI4,61.0,69.0,54.0,20.0,54.0,26.0,69.0,PM25,SEDANG
202409,2024-09-21,DKI5,37.0,98.0,38.0,19.0,57.0,14.0,98.0,PM25,SEDANG
202409,2024-09-22,DKI1,66.0,101.0,15.0,23.0,35.0,33.0,101.0,PM25,TIDAK SEHAT
202409,2024-09-22,DKI2,74.0,97.0,59.0,5.0,34.0,14.0,97.0,PM25,SEDANG
202409,2024-09-22,DKI3,62.0,98.0,61.0,10.0,32.0,51.0,98.0,PM25,SEDANG
202409,2024-09-22,DKI4,76.0,75.0,55.0,22.0,45.0,23.0,76.0,PM10,SEDANG
202409,2024-09-22,DKI5,30.0,109.0,39.0,20.0,62.0,14.0,109.0,PM25,TIDAK SEHAT
202409,2024-09-23,DKI1,59.0,87.0,15.0,24.0,25.0,37.0,87.0,PM25,SEDANG
202409,2024-09-23,DKI2,67.0,85.0,60.0,9.0,24.0,17.0,85.0,PM25,SEDANG
202409,2024-09-23,DKI3,54.0,84.0,61.0,11.0,25.0,51.0,84.0,PM25,SEDANG
202409,2024-09-23,DKI4,68.0,63.0,54.0,20.0,35.0,20.0,68.0,PM10,SEDANG
202409,2024-09-23,DKI5,21.0,92.0,37.0,19.0,55.0,14.0,92.0,PM25,SEDANG
202409,2024-09-24,DKI1,56.0,74.0,15.0,24.0,33.0,31.0,74.0,PM25,SEDANG
202409,2024-09-24,DKI2,60.0,74.0,59.0,9.0,21.0,16.0,74.0,PM25,SEDANG
202409,2024-09-24,DKI3,53.0,74.0,61.0,11.0,20.0,50.0,74.0,PM25,SEDANG
202409,2024-09-24,DKI4,60.0,54.0,54.0,19.0,31.0,18.0,60.0,PM10,SEDANG
202409,2024-09-24,DKI5,37.0,85.0,37.0,21.0,42.0,18.0,85.0,PM25,SEDANG
202409,2024-09-25,DKI1,62.0,89.0,10.0,33.0,25.0,51.0,89.0,PM25,SEDANG
202409,2024-09-25,DKI2,66.0,91.0,59.0,22.0,23.0,57.0,91.0,PM25,SEDANG
202409,2024-09-25,DKI3,56.0,81.0,61.0,13.0,26.0,57.0,81.0,PM25,SEDANG
202409,2024-09-25,DKI4,68.0,63.0,54.0,31.0,34.0,28.0,68.0,PM10,SEDANG
202409,2024-09-25,DKI5,47.0,109.0,35.0,28.0,44.0,24.0,109.0,PM25,TIDAK SEHAT
202409,2024-09-26,DKI1,57.0,71.0,10.0,29.0,22.0,48.0,71.0,PM25,SEDANG
202409,2024-09-26,DKI2,57.0,75.0,59.0,15.0,21.0,42.0,75.0,PM25,SEDANG
202409,2024-09-26,DKI3,40.0,61.0,61.0,15.0,21.0,68.0,68.0,,SEDANG
202409,2024-09-26,DKI4,52.0,53.0,54.0,27.0,30.0,27.0,54.0,SO2,SEDANG
202409,2024-09-26,DKI5,35.0,79.0,35.0,26.0,42.0,21.0,79.0,PM25,SEDANG
202409,2024-09-27,DKI1,51.0,70.0,10.0,27.0,25.0,41.0,70.0,PM25,SEDANG
202409,2024-09-27,DKI2,63.0,79.0,60.0,15.0,20.0,43.0,79.0,PM25,SEDANG
202409,2024-09-27,DKI3,48.0,66.0,61.0,13.0,21.0,65.0,66.0,PM25,SEDANG
202409,2024-09-27,DKI4,56.0,51.0,53.0,23.0,33.0,24.0,56.0,PM10,SEDANG
202409,2024-09-27,DKI5,27.0,80.0,35.0,23.0,42.0,21.0,80.0,PM25,SEDANG
202409,2024-09-28,DKI1,56.0,85.0,13.0,28.0,24.0,37.0,85.0,PM25,SEDANG
202409,2024-09-28,DKI2,58.0,74.0,59.0,9.0,22.0,15.0,74.0,PM25,SEDANG
202409,2024-09-28,DKI3,52.0,81.0,62.0,12.0,21.0,54.0,81.0,PM25,SEDANG
202409,2024-09-28,DKI4,62.0,62.0,54.0,22.0,34.0,20.0,62.0,PM10,SEDANG
202409,2024-09-28,DKI5,30.0,99.0,36.0,22.0,47.0,20.0,99.0,PM25,SEDANG
202409,2024-09-29,DKI1,60.0,89.0,12.0,32.0,20.0,39.0,89.0,PM25,SEDANG
202409,2024-09-29,DKI2,61.0,80.0,58.0,12.0,24.0,21.0,80.0,PM25,SEDANG
202409,2024-09-29,DKI3,51.0,12.0,61.0,10.0,22.0,50.0,61.0,SO2,SEDANG
202409,2024-09-29,DKI4,90.0,104.0,54.0,27.0,31.0,24.0,104.0,PM25,TIDAK SEHAT
202409,2024-09-29,DKI5,29.0,95.0,36.0,22.0,40.0,,95.0,PM25,SEDANG
202409,2024-09-30,DKI1,51.0,70.0,13.0,25.0,15.0,40.0,70.0,PM25,SEDANG
202409,2024-09-30,DKI2,52.0,67.0,59.0,11.0,22.0,21.0,67.0,PM25,SEDANG
202409,2024-09-30,DKI3,44.0,13.0,61.0,9.0,22.0,43.0,61.0,SO2,SEDANG
202409,2024-09-30,DKI4,51.0,58.0,54.0,20.0,30.0,21.0,58.0,PM25,SEDANG
202409,2024-09-30,DKI5,18.0,79.0,38.0,20.0,35.0,14.0,79.0,PM25,SEDANG
202410,2024-10-01,DKI1,63.0,91.0,13.0,29.0,24.0,46.0,91.0,PM25,SEDANG
202410,2024-10-01,DKI2,63.0,85.0,59.0,12.0,28.0,22.0,85.0,PM25,SEDANG
202410,2024-10-01,DKI3,62.0,91.0,62.0,13.0,25.0,61.0,91.0,PM25,SEDANG
202410,2024-10-01,DKI4,100.0,102.0,54.0,25.0,37.0,25.0,102.0,PM25,TIDAK SEHAT
202410,2024-10-01,DKI5,33.0,103.0,37.0,22.0,51.0,17.0,103.0,PM25,TIDAK SEHAT
202410,2024-10-02,DKI1,61.0,85.0,13.0,27.0,23.0,52.0,85.0,PM25,SEDANG
202410,2024-10-02,DKI2,67.0,89.0,59.0,12.0,30.0,26.0,89.0,PM25,SEDANG
202410,2024-10-02,DKI3,52.0,84.0,62.0,10.0,29.0,53.0,84.0,PM25,SEDANG
202410,2024-10-02,DKI4,67.0,,54.0,22.0,40.0,22.0,67.0,PM10,SEDANG
202410,2024-10-02,DKI5,25.0,90.0,37.0,20.0,54.0,16.0,90.0,PM25,SEDANG
202410,2024-10-03,DKI1,61.0,90.0,13.0,29.0,20.0,44.0,90.0,PM25,SEDANG
202410,2024-10-03,DKI2,69.0,96.0,59.0,12.0,25.0,26.0,96.0,PM25,SEDANG
202410,2024-10-03,DKI3,49.0,81.0,63.0,11.0,23.0,56.0,81.0,PM25,SEDANG
202410,2024-10-03,DKI4,65.0,74.0,54.0,25.0,33.0,27.0,74.0,PM25,SEDANG
202410,2024-10-03,DKI5,25.0,95.0,38.0,22.0,49.0,17.0,95.0,PM25,SEDANG
202410,2024-10-04,DKI1,59.0,82.0,16.0,26.0,21.0,40.0,82.0,PM25,SEDANG
202410,2024-10-04,DKI2,63.0,82.0,59.0,10.0,29.0,18.0,82.0,PM25,SEDANG
202410,2024-10-04,DKI3,50.0,75.0,63.0,10.0,25.0,52.0,75.0,PM25,SEDANG
202410,2024-10-04,DKI4,64.0,67.0,54.0,21.0,35.0,22.0,67.0,PM25,SEDANG
202410,2024-10-04,DKI5,30.0,94.0,38.0,22.0,46.0,16.0,94.0,PM25,SEDANG
202410,2024-10-05,DKI1,56.0,80.0,12.0,30.0,19.0,46.0,80.0,PM25,SEDANG
202410,2024-10-05,DKI2,62.0,82.0,59.0,15.0,23.0,38.0,82.0,PM25,SEDANG
202410,2024-10-05,DKI3,39.0,69.0,62.0,10.0,27.0,48.0,69.0,PM25,SEDANG
202410,2024-10-05,DKI4,58.0,62.0,54.0,24.0,33.0,27.0,62.0,PM25,SEDANG
202410,2024-10-05,DKI5,22.0,80.0,37.0,21.0,44.0,18.0,80.0,PM25,SEDANG
202410,2024-10-06,DKI1,52.0,73.0,10.0,27.0,27.0,40.0,73.0,PM25,SEDANG
202410,2024-10-06,DKI2,56.0,75.0,59.0,13.0,28.0,23.0,75.0,PM25,SEDANG
202410,2024-10-06,DKI3,39.0,67.0,62.0,9.0,28.0,41.0,67.0,PM25,SEDANG
202410,2024-10-06,DKI4,50.0,56.0,54.0,21.0,36.0,19.0,56.0,PM25,SEDANG
202410,2024-10-06,DKI5,19.0,76.0,36.0,21.0,49.0,15.0,76.0,PM25,SEDANG
202410,2024-10-07,DKI1,72.0,108.0,16.0,31.0,24.0,48.0,108.0,PM25,TIDAK SEHAT
202410,2024-10-07,DKI2,77.0,107.0,60.0,16.0,25.0,35.0,107.0,PM25,TIDAK SEHAT
202410,2024-10-07,DKI3,78.0,115.0,63.0,19.0,23.0,70.0,115.0,PM25,TIDAK SEHAT
202410,2024-10-07,DKI4,75.0,76.0,54.0,30.0,28.0,29.0,76.0,PM25,SEDANG
202410,2024-10-07,DKI5,35.0,121.0,38.0,27.0,46.0,19.0,121.0,PM25,TIDAK SEHAT
202410,2024-10-08,DKI1,55.0,76.0,16.0,25.0,21.0,40.0,76.0,PM25,SEDANG
202410,2024-10-08,DKI2,63.0,84.0,60.0,12.0,25.0,23.0,84.0,PM25,SEDANG
202410,2024-10-08,DKI3,46.0,72.0,63.0,8.0,28.0,47.0,72.0,PM25,SEDANG
202410,2024-10-08,DKI4,59.0,62.0,49.0,20.0,33.0,23.0,62.0,PM25,SEDANG
202410,2024-10-08,DKI5,25.0,84.0,39.0,21.0,39.0,17.0,84.0,PM25,SEDANG
202410,2024-10-09,DKI1,55.0,76.0,13.0,26.0,24.0,41.0,76.0,PM25,SEDANG
202410,2024-10-09,DKI2,62.0,77.0,59.0,10.0,30.0,15.0,77.0,PM25,SEDANG
202410,2024-10-09,DKI3,53.0,78.0,62.0,9.0,29.0,43.0,78.0,PM25,SEDANG
202410,2024-10-09,DKI4,61.0,60.0,53.0,19.0,37.0,18.0,61.0,PM10,SEDANG
202410,2024-10-09,DKI5,24.0,82.0,37.0,20.0,52.0,13.0,82.0,PM25,SEDANG
202410,2024-10-10,DKI1,60.0,86.0,14.0,27.0,26.0,43.0,86.0,PM25,SEDANG
202410,2024-10-10,DKI2,69.0,88.0,59.0,11.0,30.0,22.0,88.0,PM25,SEDANG
202410,2024-10-10,DKI3,45.0,73.0,62.0,8.0,30.0,46.0,73.0,PM25,SEDANG
202410,2024-10-10,DKI4,58.0,62.0,53.0,20.0,41.0,20.0,62.0,PM25,SEDANG
202410,2024-10-10,DKI5,32.0,92.0,38.0,20.0,52.0,14.0,92.0,PM25,SEDANG
202410,2024-10-11,DKI1,60.0,83.0,15.0,28.0,18.0,47.0,83.0,PM25,SEDANG
202410,2024-10-11,DKI2,62.0,77.0,59.0,9.0,28.0,16.0,77.0,PM25,SEDANG
202410,2024-10-11,DKI3,52.0,79.0,63.0,15.0,27.0,68.0,79.0,PM25,SEDANG
202410,2024-10-11,DKI4,64.0,66.0,53.0,23.0,34.0,26.0,66.0,PM25,SEDANG
202410,2024-10-11,DKI5,20.0,102.0,39.0,23.0,44.0,20.0,102.0,PM25,TIDAK SEHAT
202410,2024-10-12,DKI1,58.0,77.0,16.0,24.0,22.0,34.0,77.0,PM25,SEDANG
202410,2024-10-12,DKI2,65.0,82.0,60.0,10.0,24.0,19.0,82.0,PM25,SEDANG
202410,2024-10-12,DKI3,54.0,83.0,64.0,12.0,26.0,59.0,83.0,PM25,SEDANG
202410,2024-10-12,DKI4,58.0,64.0,54.0,21.0,33.0,25.0,64.0,PM25,SEDANG
202410,2024-10-12,DKI5,21.0,92.0,39.0,20.0,48.0,16.0,92.0,PM25,SEDANG
202410,2024-10-13,DKI1,63.0,92.0,11.0,27.0,26.0,33.0,92.0,PM25,SEDANG
202410,2024-10-13,DKI2,62.0,82.0,58.0,12.0,24.0,18.0,82.0,PM25,SEDANG
202410,2024-10-13,DKI3,58.0,86.0,63.0,12.0,27.0,52.0,86.0,PM25,SEDANG
202410,2024-10-13,DKI4,59.0,60.0,53.0,21.0,36.0,20.0,60.0,PM25,SEDANG
202410,2024-10-13,DKI5,,111.0,41.0,21.0,51.0,14.0,111.0,PM25,TIDAK SEHAT
202410,2024-10-14,DKI1,61.0,86.0,12.0,26.0,31.0,37.0,86.0,PM25,SEDANG
202410,2024-10-14,DKI2,65.0,82.0,59.0,13.0,26.0,26.0,82.0,PM25,SEDANG
202410,2024-10-14,DKI3,77.0,108.0,63.0,17.0,29.0,63.0,108.0,PM25,TIDAK SEHAT
202410,2024-10-14,DKI4,78.0,76.0,53.0,29.0,43.0,30.0,78.0,PM10,SEDANG
202410,2024-10-14,DKI5,68.0,113.0,38.0,22.0,48.0,17.0,113.0,PM25,TIDAK SEHAT
202410,2024-10-15,DKI1,53.0,71.0,13.0,24.0,35.0,40.0,71.0,PM25,SEDANG
202410,2024-10-15,DKI2,60.0,81.0,59.0,13.0,36.0,25.0,81.0,PM25,SEDANG
202410,2024-10-15,DKI3,50.0,72.0,63.0,9.0,33.0,44.0,72.0,PM25,SEDANG
202410,2024-10-15,DKI4,60.0,61.0,52.0,22.0,44.0,24.0,61.0,PM25,SEDANG
202410,2024-10-15,DKI5,34.0,84.0,39.0,19.0,61.0,12.0,84.0,PM25,SEDANG
202410,2024-10-16,DKI1,69.0,94.0,15.0,30.0,33.0,48.0,94.0,PM25,SEDANG
202410,2024-10-16,DKI2,78.0,100.0,60.0,16.0,33.0,36.0,100.0,PM25,SEDANG
202410,2024-10-16,DKI3,61.0,84.0,63.0,14.0,31.0,59.0,84.0,PM25,SEDANG
202410,2024-10-16,DKI4,65.0,63.0,53.0,25.0,47.0,26.0,65.0,PM10,SEDANG
202410,2024-10-16,DKI5,32.0,111.0,40.0,22.0,59.0,18.0,111.0,PM25,TIDAK SEHAT
202410,2024-10-17,DKI1,59.0,70.0,14.0,26.0,32.0,44.0,70.0,PM25,SEDANG
202410,2024-10-17,DKI2,60.0,77.0,59.0,14.0,32.0,33.0,77.0,PM25,SEDANG
202410,2024-10-17,DKI3,37.0,64.0,64.0,8.0,36.0,45.0,64.0,PM25,SEDANG
202410,2024-10-17,DKI4,54.0,57.0,53.0,20.0,51.0,27.0,57.0,PM25,SEDANG
202410,2024-10-17,DKI5,53.0,75.0,39.0,20.0,43.0,16.0,75.0,PM25,SEDANG
202410,2024-10-18,DKI1,55.0,73.0,13.0,25.0,36.0,40.0,73.0,PM25,SEDANG
202410,2024-10-18,DKI2,61.0,80.0,59.0,12.0,40.0,23.0,80.0,PM25,SEDANG
202410,2024-10-18,DKI3,36.0,67.0,63.0,8.0,39.0,42.0,67.0,PM25,SEDANG
202410,2024-10-18,DKI4,50.0,55.0,53.0,20.0,56.0,31.0,56.0,O3,SEDANG
202410,2024-10-18,DKI5,47.0,73.0,38.0,19.0,49.0,12.0,73.0,PM25,SEDANG
202410,2024-10-19,DKI1,65.0,82.0,14.0,26.0,39.0,37.0,82.0,PM25,SEDANG
202410,2024-10-19,DKI2,78.0,102.0,59.0,13.0,34.0,26.0,102.0,PM25,TIDAK SEHAT
202410,2024-10-19,DKI3,60.0,94.0,64.0,12.0,36.0,63.0,94.0,PM25,SEDANG
202410,2024-10-19,DKI4,68.0,70.0,53.0,24.0,49.0,28.0,70.0,PM25,SEDANG
202410,2024-10-19,DKI5,61.0,93.0,42.0,21.0,51.0,15.0,93.0,PM25,SEDANG
202410,2024-10-20,DKI1,61.0,82.0,14.0,36.0,20.0,34.0,82.0,PM25,SEDANG
202410,2024-10-20,DKI2,59.0,71.0,59.0,12.0,23.0,21.0,71.0,PM25,SEDANG
202410,2024-10-20,DKI3,53.0,75.0,65.0,9.0,22.0,59.0,75.0,PM25,SEDANG
202410,2024-10-20,DKI4,64.0,80.0,54.0,28.0,42.0,34.0,80.0,PM25,SEDANG
202410,2024-10-20,DKI5,55.0,84.0,40.0,18.0,33.0,11.0,84.0,PM25,SEDANG
202410,2024-10-21,DKI1,51.0,82.0,12.0,23.0,28.0,32.0,82.0,PM25,SEDANG
202410,2024-10-21,DKI2,51.0,70.0,59.0,12.0,27.0,22.0,70.0,PM25,SEDANG
202410,2024-10-21,DKI3,33.0,69.0,63.0,7.0,28.0,35.0,69.0,PM25,SEDANG
202410,2024-10-21,DKI4,51.0,62.0,54.0,21.0,34.0,19.0,62.0,PM25,SEDANG
202410,2024-10-21,DKI5,38.0,81.0,39.0,19.0,36.0,11.0,81.0,PM25,SEDANG
202410,2024-10-22,DKI1,64.0,94.0,14.0,28.0,32.0,51.0,94.0,PM25,SEDANG
202410,2024-10-22,DKI2,85.0,106.0,60.0,14.0,34.0,32.0,106.0,PM25,TIDAK SEHAT
202410,2024-10-22,DKI3,49.0,73.0,64.0,9.0,27.0,50.0,73.0,PM25,SEDANG
202410,2024-10-22,DKI4,72.0,73.0,53.0,28.0,37.0,36.0,73.0,PM25,SEDANG
202410,2024-10-22,DKI5,54.0,92.0,40.0,21.0,43.0,17.0,92.0,PM25,SEDANG
202410,2024-10-23,DKI1,57.0,84.0,12.0,24.0,40.0,38.0,84.0,PM25,SEDANG
202410,2024-10-23,DKI2,68.0,90.0,59.0,11.0,38.0,17.0,90.0,PM25,SEDANG
202410,2024-10-23,DKI3,43.0,72.0,64.0,7.0,36.0,46.0,72.0,PM25,SEDANG
202410,2024-10-23,DKI4,57.0,59.0,54.0,19.0,51.0,24.0,59.0,PM25,SEDANG
202410,2024-10-23,DKI5,52.0,87.0,42.0,19.0,59.0,13.0,87.0,PM25,SEDANG
202410,2024-10-24,DKI1,52.0,78.0,10.0,23.0,34.0,35.0,78.0,PM25,SEDANG
202410,2024-10-24,DKI2,60.0,74.0,59.0,9.0,29.0,18.0,74.0,PM25,SEDANG
202410,2024-10-24,DKI3,26.0,60.0,64.0,6.0,29.0,42.0,64.0,SO2,SEDANG
202410,2024-10-24,DKI4,51.0,56.0,54.0,19.0,40.0,25.0,56.0,PM25,SEDANG
202410,2024-10-24,DKI5,43.0,79.0,40.0,17.0,55.0,11.0,79.0,PM25,SEDANG
202410,2024-10-25,DKI1,52.0,73.0,9.0,26.0,40.0,45.0,73.0,PM25,SEDANG
202410,2024-10-25,DKI2,52.0,69.0,59.0,9.0,31.0,18.0,69.0,PM25,SEDANG
202410,2024-10-25,DKI3,53.0,69.0,64.0,9.0,25.0,58.0,69.0,PM25,SEDANG
202410,2024-10-25,DKI4,53.0,55.0,53.0,19.0,45.0,22.0,55.0,PM25,SEDANG
202410,2024-10-25,DKI5,50.0,82.0,39.0,20.0,59.0,17.0,82.0,PM25,SEDANG
202410,2024-10-26,DKI1,57.0,76.0,8.0,26.0,29.0,40.0,76.0,PM25,SEDANG
202410,2024-10-26,DKI2,59.0,75.0,59.0,13.0,31.0,29.0,75.0,PM25,SEDANG
202410,2024-10-26,DKI3,46.0,61.0,63.0,9.0,23.0,54.0,63.0,SO2,SEDANG
202410,2024-10-26,DKI4,52.0,53.0,53.0,19.0,42.0,22.0,53.0,PM25,SEDANG
202410,2024-10-26,DKI5,50.0,78.0,39.0,21.0,44.0,16.0,78.0,PM25,SEDANG
202410,2024-10-27,DKI1,54.0,78.0,19.0,23.0,34.0,31.0,78.0,PM25,SEDANG
202410,2024-10-27,DKI2,58.0,77.0,61.0,11.0,32.0,19.0,77.0,PM25,SEDANG
202410,2024-10-27,DKI3,44.0,72.0,66.0,8.0,29.0,52.0,72.0,PM25,SEDANG
202410,2024-10-27,DKI4,52.0,57.0,55.0,18.0,52.0,22.0,57.0,PM25,SEDANG
202410,2024-10-27,DKI5,48.0,75.0,45.0,17.0,42.0,10.0,75.0,PM25,SEDANG
202410,2024-10-28,DKI1,60.0,83.0,10.0,26.0,37.0,36.0,83.0,PM25,SEDANG
202410,2024-10-28,DKI2,64.0,90.0,60.0,13.0,30.0,22.0,90.0,PM25,SEDANG
202410,2024-10-28,DKI3,58.0,87.0,64.0,10.0,28.0,52.0,87.0,PM25,SEDANG
202410,2024-10-28,DKI4,60.0,66.0,54.0,23.0,44.0,26.0,66.0,PM25,SEDANG
202410,2024-10-28,DKI5,42.0,79.0,40.0,18.0,52.0,10.0,79.0,PM25,SEDANG
202410,2024-10-29,DKI1,59.0,75.0,11.0,28.0,29.0,41.0,75.0,PM25,SEDANG
202410,2024-10-29,DKI2,65.0,86.0,60.0,14.0,31.0,29.0,86.0,PM25,SEDANG
202410,2024-10-29,DKI3,45.0,11.0,64.0,10.0,28.0,54.0,64.0,SO2,SEDANG
202410,2024-10-29,DKI4,66.0,64.0,54.0,21.0,44.0,24.0,66.0,PM10,SEDANG
202410,2024-10-29,DKI5,51.0,83.0,40.0,19.0,48.0,16.0,83.0,PM25,SEDANG
202410,2024-10-30,DKI1,62.0,86.0,11.0,27.0,36.0,44.0,86.0,PM25,SEDANG
202410,2024-10-30,DKI2,66.0,87.0,59.0,12.0,34.0,22.0,87.0,PM25,SEDANG
202410,2024-10-30,DKI3,53.0,11.0,64.0,9.0,34.0,53.0,64.0,SO2,SEDANG
202410,2024-10-30,DKI4,64.0,63.0,54.0,21.0,45.0,30.0,64.0,PM10,SEDANG
202410,2024-10-30,DKI5,56.0,99.0,40.0,20.0,58.0,14.0,99.0,PM25,SEDANG
202410,2024-10-31,DKI1,59.0,78.0,11.0,28.0,29.0,45.0,78.0,PM25,SEDANG
202410,2024-10-31,DKI2,65.0,80.0,59.0,13.0,28.0,26.0,80.0,PM25,SEDANG
202410,2024-10-31,DKI3,51.0,11.0,24.0,26.0,31.0,41.0,51.0,PM10,SEDANG
202410,2024-10-31,DKI4,62.0,59.0,53.0,24.0,41.0,27.0,62.0,PM10,SEDANG
202410,2024-10-31,DKI5,55.0,89.0,41.0,20.0,52.0,15.0,89.0,PM25,SEDANG
202411,2024-11-01,DKI1,62.0,87.0,11.0,28.0,33.0,47.0,87.0,PM25,SEDANG
202411,2024-11-01,DKI2,62.0,88.0,59.0,15.0,29.0,31.0,88.0,PM25,SEDANG
202411,2024-11-01,DKI3,52.0,77.0,64.0,12.0,26.0,59.0,77.0,PM25,SEDANG
202411,2024-11-01,DKI4,58.0,59.0,54.0,23.0,36.0,28.0,59.0,PM25,SEDANG
202411,2024-11-01,DKI5,66.0,105.0,40.0,22.0,49.0,19.0,105.0,PM25,TIDAK SEHAT
202411,2024-11-02,DKI1,60.0,87.0,14.0,25.0,26.0,41.0,87.0,PM25,SEDANG
202411,2024-11-02,DKI2,70.0,89.0,60.0,11.0,25.0,18.0,89.0,PM25,SEDANG
202411,2024-11-02,DKI3,58.0,84.0,65.0,13.0,24.0,71.0,84.0,PM25,SEDANG
202411,2024-11-02,DKI4,66.0,68.0,54.0,23.0,32.0,23.0,68.0,PM25,SEDANG
202411,2024-11-02,DKI5,60.0,97.0,41.0,22.0,44.0,18.0,97.0,PM25,SEDANG
202411,2024-11-03,DKI1,51.0,70.0,10.0,34.0,29.0,43.0,70.0,PM25,SEDANG
202411,2024-11-03,DKI2,51.0,66.0,59.0,18.0,25.0,39.0,66.0,PM25,SEDANG
202411,2024-11-03,DKI3,46.0,65.0,63.0,16.0,18.0,81.0,81.0,,SEDANG
202411,2024-11-03,DKI4,45.0,52.0,53.0,32.0,28.0,28.0,53.0,SO2,SEDANG
202411,2024-11-03,DKI5,53.0,81.0,39.0,26.0,36.0,18.0,81.0,PM25,SEDANG
202411,2024-11-04,DKI1,44.0,60.0,8.0,25.0,,37.0,60.0,PM25,SEDANG
202411,2024-11-04,DKI2,52.0,66.0,59.0,15.0,18.0,34.0,66.0,PM25,SEDANG
202411,2024-11-04,DKI3,40.0,60.0,63.0,15.0,26.0,77.0,77.0,,SEDANG
202411,2024-11-04,DKI4,48.0,51.0,53.0,27.0,35.0,28.0,53.0,SO2,SEDANG
202411,2024-11-04,DKI5,52.0,67.0,38.0,24.0,38.0,19.0,67.0,PM25,SEDANG
202411,2024-11-05,DKI1,40.0,65.0,12.0,28.0,75.0,45.0,75.0,O3,SEDANG
202411,2024-11-05,DKI2,51.0,70.0,59.0,13.0,22.0,25.0,70.0,PM25,SEDANG
202411,2024-11-05,DKI3,50.0,73.0,64.0,11.0,26.0,67.0,73.0,PM25,SEDANG
202411,2024-11-05,DKI4,56.0,55.0,54.0,23.0,35.0,25.0,56.0,PM10,SEDANG
202411,2024-11-05,DKI5,,85.0,39.0,21.0,51.0,19.0,85.0,PM25,SEDANG
202411,2024-11-06,DKI1,40.0,58.0,10.0,26.0,15.0,39.0,58.0,PM25,SEDANG
202411,2024-11-06,DKI2,50.0,63.0,59.0,14.0,21.0,29.0,63.0,PM25,SEDANG
202411,2024-11-06,DKI3,35.0,55.0,64.0,10.0,23.0,60.0,64.0,SO2,SEDANG
202411,2024-11-06,DKI4,43.0,49.0,53.0,22.0,29.0,24.0,53.0,SO2,SEDANG
202411,2024-11-06,DKI5,,78.0,38.0,22.0,44.0,19.0,78.0,PM25,SEDANG
202411,2024-11-07,DKI1,55.0,83.0,13.0,27.0,18.0,40.0,83.0,PM25,SEDANG
202411,2024-11-07,DKI2,60.0,86.0,60.0,12.0,25.0,26.0,86.0,PM25,SEDANG
202411,2024-11-07,DKI3,58.0,80.0,65.0,13.0,25.0,79.0,80.0,PM25,SEDANG
202411,2024-11-07,DKI4,53.0,61.0,54.0,24.0,33.0,21.0,61.0,PM25,SEDANG
202411,2024-11-07,DKI5,,108.0,41.0,23.0,58.0,15.0,108.0,PM25,TIDAK SEHAT
202411,2024-11-08,DKI1,57.0,83.0,12.0,28.0,24.0,44.0,83.0,PM25,SEDANG
202411,2024-11-08,DKI2,60.0,91.0,60.0,16.0,30.0,36.0,91.0,PM25,SEDANG
202411,2024-11-08,DKI3,59.0,83.0,64.0,12.0,31.0,58.0,83.0,PM25,SEDANG
202411,2024-11-08,DKI4,62.0,61.0,54.0,26.0,44.0,30.0,62.0,PM10,SEDANG
202411,2024-11-08,DKI5,,109.0,39.0,22.0,53.0,16.0,109.0,PM25,TIDAK SEHAT
202411,2024-11-09,DKI1,67.0,99.0,16.0,32.0,20.0,46.0,99.0,PM25,SEDANG
202411,2024-11-09,DKI2,71.0,100.0,60.0,11.0,31.0,25.0,100.0,PM25,SEDANG
202411,2024-11-09,DKI3,51.0,79.0,64.0,11.0,28.0,64.0,79.0,PM25,SEDANG
202411,2024-11-09,DKI4,74.0,67.0,54.0,24.0,36.0,36.0,74.0,PM10,SEDANG
202411,2024-11-09,DKI5,,,44.0,21.0,62.0,15.0,62.0,O3,SEDANG
202411,2024-11-10,DKI1,54.0,71.0,10.0,32.0,15.0,41.0,71.0,PM25,SEDANG
202411,2024-11-10,DKI2,60.0,77.0,60.0,20.0,21.0,49.0,77.0,PM25,SEDANG
202411,2024-11-10,DKI3,41.0,63.0,64.0,13.0,22.0,67.0,67.0,,SEDANG
202411,2024-11-10,DKI4,58.0,55.0,53.0,34.0,30.0,26.0,58.0,PM10,SEDANG
202411,2024-11-10,DKI5,,,38.0,23.0,49.0,17.0,49.0,O3,BAIK
202411,2024-11-11,DKI1,51.0,71.0,10.0,30.0,18.0,42.0,71.0,PM25,SEDANG
202411,2024-11-11,DKI2,55.0,70.0,59.0,16.0,23.0,36.0,70.0,PM25,SEDANG
202411,2024-11-11,DKI3,46.0,62.0,64.0,15.0,19.0,66.0,66.0,,SEDANG
202411,2024-11-11,DKI4,55.0,52.0,53.0,30.0,34.0,30.0,55.0,PM10,SEDANG
202411,2024-11-11,DKI5,,,38.0,25.0,56.0,17.0,56.0,O3,SEDANG
202411,2024-11-12,DKI1,39.0,53.0,9.0,28.0,9.0,36.0,53.0,PM25,SEDANG
202411,2024-11-12,DKI2,52.0,59.0,60.0,15.0,16.0,39.0,60.0,SO2,SEDANG
202411,2024-11-12,DKI3,30.0,51.0,63.0,13.0,19.0,82.0,82.0,,SEDANG
202411,2024-11-12,DKI4,,37.0,53.0,28.0,24.0,25.0,53.0,SO2,SEDANG
202411,2024-11-12,DKI5,,68.0,39.0,24.0,33.0,17.0,68.0,PM25,SEDANG
202411,2024-11-13,DKI1,53.0,74.0,8.0,31.0,7.0,33.0,74.0,PM25,SEDANG
202411,2024-11-13,DKI2,61.0,81.0,61.0,13.0,14.0,38.0,81.0,PM25,SEDANG
202411,2024-11-13,DKI3,54.0,73.0,65.0,16.0,16.0,85.0,85.0,,SEDANG
202411,2024-11-13,DKI4,42.0,61.0,54.0,27.0,24.0,19.0,61.0,PM25,SEDANG
202411,2024-11-13,DKI5,,113.0,41.0,32.0,39.0,14.0,113.0,PM25,TIDAK SEHAT
202411,2024-11-14,DKI1,61.0,96.0,19.0,26.0,9.0,34.0,96.0,PM25,SEDANG
202411,2024-11-14,DKI2,64.0,96.0,61.0,10.0,15.0,22.0,96.0,PM25,SEDANG
202411,2024-11-14,DKI3,74.0,102.0,68.0,16.0,16.0,92.0,102.0,PM25,TIDAK SEHAT
202411,2024-11-14,DKI4,18.0,64.0,55.0,22.0,23.0,20.0,64.0,PM25,SEDANG
202411,2024-11-14,DKI5,,124.0,45.0,24.0,57.0,13.0,124.0,PM25,TIDAK SEHAT
202411,2024-11-15,DKI1,69.0,106.0,22.0,31.0,13.0,49.0,106.0,PM25,TIDAK SEHAT
202411,2024-11-15,DKI2,76.0,118.0,62.0,14.0,21.0,27.0,118.0,PM25,TIDAK SEHAT
202411,2024-11-15,DKI3,70.0,102.0,67.0,13.0,24.0,71.0,102.0,PM25,TIDAK SEHAT
202411,2024-11-15,DKI4,18.0,65.0,55.0,30.0,35.0,28.0,65.0,PM25,SEDANG
202411,2024-11-15,DKI5,,133.0,50.0,21.0,44.0,17.0,133.0,PM25,TIDAK SEHAT
202411,2024-11-16,DKI1,76.0,109.0,12.0,28.0,13.0,40.0,109.0,PM25,TIDAK SEHAT
202411,2024-11-16,DKI2,78.0,113.0,61.0,13.0,20.0,25.0,113.0,PM25,TIDAK SEHAT
202411,2024-11-16,DKI3,67.0,87.0,65.0,14.0,22.0,64.0,87.0,PM25,SEDANG
202411,2024-11-16,DKI4,37.0,56.0,53.0,28.0,41.0,30.0,56.0,PM25,SEDANG
202411,2024-11-16,DKI5,,141.0,45.0,19.0,61.0,14.0,141.0,PM25,TIDAK SEHAT
202411,2024-11-17,DKI1,76.0,115.0,11.0,38.0,14.0,47.0,115.0,PM25,TIDAK SEHAT
202411,2024-11-17,DKI2,100.0,132.0,62.0,24.0,17.0,52.0,132.0,PM25,TIDAK SEHAT
202411,2024-11-17,DKI3,73.0,88.0,65.0,24.0,23.0,99.0,99.0,,SEDANG
202411,2024-11-17,DKI4,38.0,60.0,53.0,42.0,33.0,27.0,60.0,PM25,SEDANG
202411,2024-11-17,DKI5,,157.0,41.0,33.0,55.0,19.0,157.0,PM25,TIDAK SEHAT
202411,2024-11-18,DKI1,52.0,68.0,9.0,25.0,9.0,32.0,68.0,PM25,SEDANG
202411,2024-11-18,DKI2,58.0,69.0,60.0,11.0,16.0,19.0,69.0,PM25,SEDANG
202411,2024-11-18,DKI3,50.0,57.0,64.0,11.0,19.0,64.0,64.0,SO2,SEDANG
202411,2024-11-18,DKI4,18.0,41.0,54.0,22.0,25.0,21.0,54.0,SO2,SEDANG
202411,2024-11-18,DKI5,,87.0,40.0,17.0,51.0,13.0,87.0,PM25,SEDANG
202411,2024-11-19,DKI1,38.0,61.0,10.0,28.0,16.0,36.0,61.0,PM25,SEDANG
202411,2024-11-19,DKI2,50.0,68.0,60.0,16.0,19.0,33.0,68.0,PM25,SEDANG
202411,2024-11-19,DKI3,40.0,56.0,65.0,12.0,17.0,69.0,69.0,,SEDANG
202411,2024-11-19,DKI4,19.0,51.0,54.0,27.0,23.0,25.0,54.0,SO2,SEDANG
202411,2024-11-19,DKI5,,86.0,41.0,21.0,38.0,13.0,86.0,PM25,SEDANG
202411,2024-11-20,DKI1,44.0,62.0,13.0,28.0,19.0,40.0,62.0,PM25,SEDANG
202411,2024-11-20,DKI2,57.0,71.0,61.0,15.0,23.0,42.0,71.0,PM25,SEDANG
202411,2024-11-20,DKI3,35.0,51.0,66.0,11.0,26.0,72.0,72.0,,SEDANG
202411,2024-11-20,DKI4,,44.0,54.0,24.0,33.0,26.0,54.0,SO2,SEDANG
202411,2024-11-20,DKI5,,73.0,41.0,22.0,49.0,17.0,73.0,PM25,SEDANG
202411,2024-11-21,DKI1,46.0,64.0,16.0,26.0,16.0,36.0,64.0,PM25,SEDANG
202411,2024-11-21,DKI2,57.0,70.0,,12.0,19.0,29.0,70.0,PM25,SEDANG
202411,2024-11-21,DKI3,44.0,60.0,65.0,11.0,22.0,66.0,66.0,,SEDANG
202411,2024-11-21,DKI4,,52.0,54.0,22.0,33.0,24.0,54.0,SO2,SEDANG
202411,2024-11-21,DKI5,,,45.0,20.0,38.0,16.0,45.0,SO2,BAIK
202411,2024-11-22,DKI1,32.0,48.0,13.0,24.0,17.0,31.0,48.0,PM25,BAIK
202411,2024-11-22,DKI2,43.0,54.0,60.0,11.0,19.0,25.0,60.0,SO2,SEDANG
202411,2024-11-22,DKI3,49.0,61.0,65.0,10.0,18.0,58.0,65.0,SO2,SEDANG
202411,2024-11-22,DKI4,,48.0,54.0,23.0,29.0,26.0,54.0,SO2,SEDANG
202411,2024-11-22,DKI5,,71.0,44.0,17.0,33.0,10.0,71.0,PM25,SEDANG
202411,2024-11-23,DKI1,34.0,54.0,12.0,26.0,18.0,29.0,54.0,PM25,SEDANG
202411,2024-11-23,DKI2,44.0,58.0,60.0,13.0,20.0,27.0,60.0,SO2,SEDANG
202411,2024-11-23,DKI3,48.0,64.0,65.0,14.0,16.0,78.0,78.0,,SEDANG
202411,2024-11-23,DKI4,,54.0,55.0,25.0,28.0,25.0,55.0,SO2,SEDANG
202411,2024-11-23,DKI5,,,41.0,18.0,36.0,11.0,41.0,SO2,BAIK
202411,2024-11-24,DKI1,40.0,51.0,10.0,25.0,11.0,22.0,51.0,PM25,SEDANG
202411,2024-11-24,DKI2,41.0,49.0,60.0,11.0,15.0,20.0,60.0,SO2,SEDANG
202411,2024-11-24,DKI3,48.0,55.0,65.0,11.0,13.0,68.0,68.0,,SEDANG
202411,2024-11-24,DKI4,,38.0,53.0,27.0,18.0,19.0,53.0,SO2,SEDANG
202411,2024-11-24,DKI5,,,40.0,16.0,30.0,7.0,40.0,SO2,BAIK
202411,2024-11-25,DKI1,31.0,44.0,14.0,24.0,14.0,27.0,44.0,PM25,BAIK
202411,2024-11-25,DKI2,36.0,52.0,60.0,12.0,11.0,25.0,60.0,SO2,SEDANG
202411,2024-11-25,DKI3,30.0,50.0,65.0,11.0,14.0,73.0,73.0,,SEDANG
202411,2024-11-25,DKI4,,38.0,54.0,26.0,23.0,16.0,54.0,SO2,SEDANG
202411,2024-11-25,DKI5,,,42.0,19.0,31.0,7.0,42.0,SO2,BAIK
202411,2024-11-26,DKI1,40.0,55.0,13.0,26.0,14.0,29.0,55.0,PM25,SEDANG
202411,2024-11-26,DKI2,54.0,63.0,62.0,13.0,16.0,35.0,63.0,PM25,SEDANG
202411,2024-11-26,DKI3,40.0,60.0,65.0,10.0,17.0,71.0,71.0,,SEDANG
202411,2024-11-26,DKI4,,51.0,54.0,27.0,28.0,22.0,54.0,SO2,SEDANG
202411,2024-11-26,DKI5,,53.0,42.0,20.0,35.0,8.0,53.0,PM25,SEDANG
202411,2024-11-27,DKI1,50.0,,10.0,33.0,10.0,27.0,50.0,PM10,BAIK
202411,2024-11-27,DKI2,50.0,59.0,61.0,16.0,13.0,41.0,61.0,SO2,SEDANG
202411,2024-11-27,DKI3,50.0,63.0,65.0,13.0,13.0,77.0,77.0,,SEDANG
202411,2024-11-27,DKI4,,42.0,54.0,26.0,18.0,22.0,54.0,SO2,SEDANG
202411,2024-11-27,DKI5,,56.0,44.0,19.0,28.0,12.0,56.0,PM25,SEDANG
202411,2024-11-28,DKI1,30.0,42.0,9.0,25.0,9.0,24.0,42.0,PM25,BAIK
202411,2024-11-28,DKI2,30.0,44.0,59.0,13.0,11.0,25.0,59.0,SO2,SEDANG
202411,2024-11-28,DKI3,,,,,,,0.0,,TIDAK ADA DATA
202411,2024-11-28,DKI4,,28.0,53.0,24.0,19.0,20.0,53.0,SO2,SEDANG
202411,2024-11-28,DKI5,,38.0,39.0,18.0,27.0,9.0,39.0,SO2,BAIK
202411,2024-11-29,DKI1,29.0,32.0,10.0,23.0,8.0,21.0,32.0,PM25,BAIK
202411,2024-11-29,DKI2,38.0,53.0,60.0,12.0,11.0,25.0,60.0,SO2,SEDANG
202411,2024-11-29,DKI3,21.0,10.0,67.0,6.0,13.0,26.0,67.0,SO2,SEDANG
202411,2024-11-29,DKI4,,27.0,53.0,19.0,19.0,16.0,53.0,SO2,SEDANG
202411,2024-11-29,DKI5,,41.0,40.0,17.0,16.0,9.0,41.0,PM25,BAIK
202411,2024-11-30,DKI1,27.0,40.0,10.0,22.0,7.0,16.0,40.0,PM25,BAIK
202411,2024-11-30,DKI2,26.0,39.0,59.0,10.0,11.0,21.0,59.0,SO2,SEDANG
202411,2024-11-30,DKI3,35.0,10.0,67.0,7.0,10.0,34.0,67.0,SO2,SEDANG
202411,2024-11-30,DKI4,,34.0,53.0,20.0,13.0,16.0,53.0,SO2,SEDANG
202411,2024-11-30,DKI5,,24.0,40.0,15.0,15.0,5.0,40.0,SO2,BAIK
202412,2024-12-01,DKI1,32.0,65.0,67.0,7.0,9.0,40.0,67.0,PM25,BAIK
202412,2024-12-01,DKI2,29.0,39.0,59.0,10.0,10.0,21.0,59.0,SO2,SEDANG
202412,2024-12-01,DKI3,32.0,65.0,67.0,7.0,9.0,40.0,67.0,SO2,SEDANG
202412,2024-12-01,DKI4,,28.0,54.0,18.0,13.0,10.0,54.0,SO2,SEDANG
202412,2024-12-01,DKI5,,26.0,39.0,15.0,16.0,4.0,39.0,SO2,BAIK
202412,2024-12-02,DKI1,19.0,52.0,67.0,6.0,9.0,33.0,67.0,PM25,BAIK
202412,2024-12-02,DKI2,25.0,32.0,59.0,9.0,10.0,17.0,59.0,SO2,SEDANG
202412,2024-12-02,DKI3,19.0,52.0,67.0,6.0,9.0,33.0,67.0,SO2,SEDANG
202412,2024-12-02,DKI4,,19.0,53.0,17.0,13.0,10.0,53.0,SO2,SEDANG
202412,2024-12-02,DKI5,,22.0,39.0,15.0,19.0,3.0,39.0,SO2,BAIK
202412,2024-12-03,DKI1,19.0,31.0,67.0,4.0,12.0,15.0,67.0,CO,BAIK
202412,2024-12-03,DKI2,21.0,22.0,59.0,9.0,12.0,14.0,59.0,SO2,SEDANG
202412,2024-12-03,DKI3,19.0,31.0,67.0,4.0,12.0,15.0,67.0,SO2,SEDANG
202412,2024-12-03,DKI4,,15.0,53.0,15.0,17.0,11.0,53.0,SO2,SEDANG
202412,2024-12-03,DKI5,,18.0,39.0,14.0,21.0,3.0,39.0,SO2,BAIK
202412,2024-12-04,DKI1,30.0,45.0,67.0,7.0,10.0,22.0,67.0,PM10,BAIK
202412,2024-12-04,DKI2,25.0,21.0,59.0,10.0,11.0,13.0,59.0,SO2,SEDANG
202412,2024-12-04,DKI3,30.0,45.0,67.0,7.0,10.0,22.0,67.0,SO2,SEDANG
202412,2024-12-04,DKI4,,20.0,53.0,17.0,14.0,15.0,53.0,SO2,SEDANG
202412,2024-12-04,DKI5,,23.0,42.0,15.0,22.0,6.0,42.0,SO2,BAIK
202412,2024-12-05,DKI1,17.0,26.0,67.0,3.0,12.0,13.0,67.0,PM25,BAIK
202412,2024-12-05,DKI2,21.0,21.0,59.0,9.0,11.0,19.0,59.0,SO2,SEDANG
202412,2024-12-05,DKI3,17.0,26.0,67.0,3.0,12.0,13.0,67.0,SO2,SEDANG
202412,2024-12-05,DKI4,,17.0,53.0,15.0,18.0,12.0,53.0,SO2,SEDANG
202412,2024-12-05,DKI5,,22.0,41.0,15.0,28.0,5.0,41.0,SO2,BAIK
202412,2024-12-06,DKI1,26.0,47.0,68.0,4.0,11.0,17.0,68.0,PM25,BAIK
202412,2024-12-06,DKI2,32.0,33.0,60.0,12.0,11.0,25.0,60.0,SO2,SEDANG
202412,2024-12-06,DKI3,26.0,47.0,68.0,4.0,11.0,17.0,68.0,SO2,SEDANG
202412,2024-12-06,DKI4,,22.0,53.0,16.0,16.0,13.0,53.0,SO2,SEDANG
202412,2024-12-06,DKI5,,31.0,45.0,16.0,27.0,8.0,45.0,SO2,BAIK
202412,2024-12-07,DKI1,66.0,103.0,69.0,27.0,12.0,98.0,103.0,PM25,SEDANG
202412,2024-12-07,DKI2,71.0,87.0,63.0,26.0,10.0,76.0,87.0,PM25,SEDANG
202412,2024-12-07,DKI3,66.0,103.0,69.0,27.0,12.0,98.0,103.0,PM25,TIDAK SEHAT
202412,2024-12-07,DKI4,,77.0,54.0,45.0,19.0,33.0,77.0,PM25,SEDANG
202412,2024-12-07,DKI5,,67.0,44.0,41.0,33.0,15.0,67.0,PM25,SEDANG
202412,2024-12-08,DKI1,38.0,67.0,68.0,15.0,18.0,57.0,68.0,PM25,SEDANG
202412,2024-12-08,DKI2,58.0,68.0,61.0,13.0,14.0,30.0,68.0,PM25,SEDANG
202412,2024-12-08,DKI3,38.0,67.0,68.0,15.0,18.0,57.0,68.0,SO2,SEDANG
202412,2024-12-08,DKI4,,54.0,54.0,29.0,28.0,22.0,54.0,PM25,SEDANG
202412,2024-12-08,DKI5,,48.0,40.0,24.0,41.0,12.0,48.0,PM25,BAIK
202412,2024-12-09,DKI1,42.0,69.0,69.0,11.0,11.0,29.0,69.0,PM25,SEDANG
202412,2024-12-09,DKI2,49.0,58.0,60.0,10.0,10.0,35.0,60.0,SO2,SEDANG
202412,2024-12-09,DKI3,42.0,69.0,69.0,11.0,11.0,29.0,69.0,PM25,SEDANG
202412,2024-12-09,DKI4,,37.0,54.0,22.0,17.0,23.0,54.0,SO2,SEDANG
202412,2024-12-09,DKI5,,50.0,43.0,19.0,39.0,12.0,50.0,PM25,BAIK
202412,2024-12-10,DKI1,38.0,56.0,68.0,12.0,7.0,61.0,68.0,PM25,BAIK
202412,2024-12-10,DKI2,39.0,43.0,60.0,15.0,8.0,43.0,60.0,SO2,SEDANG
202412,2024-12-10,DKI3,38.0,56.0,68.0,12.0,7.0,61.0,68.0,SO2,SEDANG
202412,2024-12-10,DKI4,,29.0,54.0,31.0,9.0,19.0,54.0,SO2,SEDANG
202412,2024-12-10,DKI5,,43.0,40.0,21.0,24.0,8.0,43.0,PM25,BAIK
202412,2024-12-11,DKI1,14.0,26.0,68.0,3.0,11.0,15.0,68.0,PM25,BAIK
202412,2024-12-11,DKI2,28.0,36.0,60.0,9.0,12.0,20.0,60.0,SO2,SEDANG
202412,2024-12-11,DKI3,14.0,26.0,68.0,3.0,11.0,15.0,68.0,SO2,SEDANG
202412,2024-12-11,DKI4,,16.0,54.0,15.0,14.0,13.0,54.0,SO2,SEDANG
202412,2024-12-11,DKI5,,33.0,42.0,15.0,26.0,4.0,42.0,SO2,BAIK
202412,2024-12-12,DKI1,19.0,40.0,68.0,3.0,13.0,10.0,68.0,PM25,BAIK
202412,2024-12-12,DKI2,31.0,34.0,61.0,11.0,12.0,,61.0,SO2,SEDANG
202412,2024-12-12,DKI3,19.0,40.0,68.0,3.0,13.0,10.0,68.0,SO2,SEDANG
202412,2024-12-12,DKI4,,19.0,54.0,14.0,17.0,10.0,54.0,SO2,SEDANG
202412,2024-12-12,DKI5,,25.0,42.0,15.0,21.0,4.0,42.0,SO2,BAIK
202412,2024-12-13,DKI1,21.0,52.0,69.0,4.0,13.0,14.0,69.0,PM25,BAIK
202412,2024-12-13,DKI2,36.0,49.0,72.0,10.0,11.0,9.0,72.0,SO2,SEDANG
202412,2024-12-13,DKI3,21.0,52.0,69.0,4.0,13.0,14.0,69.0,SO2,SEDANG
202412,2024-12-13,DKI4,,22.0,54.0,14.0,19.0,12.0,54.0,SO2,SEDANG
202412,2024-12-13,DKI5,,36.0,45.0,15.0,17.0,6.0,45.0,SO2,BAIK
202412,2024-12-14,DKI1,22.0,40.0,68.0,4.0,11.0,15.0,68.0,PM25,BAIK
202412,2024-12-14,DKI2,33.0,48.0,23.0,11.0,12.0,13.0,48.0,PM25,BAIK
202412,2024-12-14,DKI3,22.0,40.0,68.0,4.0,11.0,15.0,68.0,SO2,SEDANG
202412,2024-12-14,DKI4,15.0,18.0,54.0,15.0,14.0,11.0,54.0,SO2,SEDANG
202412,2024-12-14,DKI5,,31.0,42.0,15.0,20.0,4.0,42.0,SO2,BAIK
202412,2024-12-15,DKI1,18.0,40.0,68.0,6.0,10.0,21.0,68.0,PM25,BAIK
202412,2024-12-15,DKI2,25.0,34.0,23.0,10.0,12.0,11.0,34.0,PM25,BAIK
202412,2024-12-15,DKI3,18.0,40.0,68.0,6.0,10.0,21.0,68.0,SO2,SEDANG
202412,2024-12-15,DKI4,26.0,21.0,54.0,18.0,15.0,14.0,54.0,SO2,SEDANG
202412,2024-12-15,DKI5,,34.0,44.0,16.0,22.0,5.0,44.0,SO2,BAIK
202412,2024-12-16,DKI1,27.0,48.0,68.0,5.0,10.0,21.0,68.0,PM25,BAIK
202412,2024-12-16,DKI2,27.0,33.0,22.0,14.0,16.0,12.0,33.0,PM25,BAIK
202412,2024-12-16,DKI3,27.0,48.0,68.0,5.0,10.0,21.0,68.0,SO2,SEDANG
202412,2024-12-16,DKI4,22.0,19.0,54.0,18.0,14.0,15.0,54.0,SO2,SEDANG
202412,2024-12-16,DKI5,,35.0,42.0,16.0,30.0,6.0,42.0,SO2,BAIK
202412,2024-12-17,DKI1,27.0,37.0,68.0,6.0,10.0,30.0,68.0,PM25,BAIK
202412,2024-12-17,DKI2,26.0,38.0,23.0,15.0,14.0,,38.0,PM25,BAIK
202412,2024-12-17,DKI3,27.0,37.0,68.0,6.0,10.0,30.0,68.0,SO2,SEDANG
202412,2024-12-17,DKI4,26.0,21.0,54.0,18.0,17.0,15.0,54.0,SO2,SEDANG
202412,2024-12-17,DKI5,,37.0,42.0,16.0,34.0,7.0,42.0,SO2,BAIK
202412,2024-12-18,DKI1,50.0,67.0,69.0,8.0,8.0,59.0,69.0,PM25,BAIK
202412,2024-12-18,DKI2,33.0,41.0,22.0,13.0,11.0,5.0,41.0,PM25,BAIK
202412,2024-12-18,DKI3,50.0,67.0,69.0,8.0,8.0,59.0,69.0,SO2,SEDANG
202412,2024-12-18,DKI4,35.0,29.0,54.0,18.0,12.0,11.0,54.0,SO2,SEDANG
202412,2024-12-18,DKI5,,29.0,18.0,15.0,29.0,5.0,29.0,PM25,BAIK
202412,2024-12-19,DKI1,18.0,35.0,68.0,5.0,8.0,27.0,68.0,PM10,BAIK
202412,2024-12-19,DKI2,22.0,28.0,24.0,12.0,9.0,5.0,28.0,PM25,BAIK
202412,2024-12-19,DKI3,18.0,35.0,68.0,5.0,8.0,27.0,68.0,SO2,SEDANG
202412,2024-12-19,DKI4,24.0,22.0,54.0,16.0,13.0,10.0,54.0,SO2,SEDANG
202412,2024-12-19,DKI5,,20.0,51.0,4.0,29.0,5.0,51.0,SO2,SEDANG
202412,2024-12-20,DKI1,25.0,46.0,69.0,5.0,10.0,32.0,69.0,PM25,BAIK
202412,2024-12-20,DKI2,33.0,32.0,24.0,16.0,9.0,,33.0,PM10,BAIK
202412,2024-12-20,DKI3,25.0,46.0,69.0,5.0,10.0,32.0,69.0,SO2,SEDANG
202412,2024-12-20,DKI4,26.0,20.0,54.0,18.0,17.0,14.0,54.0,SO2,SEDANG
202412,2024-12-20,DKI5,,36.0,15.0,7.0,31.0,6.0,36.0,PM25,BAIK
202412,2024-12-21,DKI1,23.0,53.0,26.0,5.0,11.0,30.0,53.0,PM25,BAIK
202412,2024-12-21,DKI2,31.0,40.0,22.0,14.0,10.0,,40.0,PM25,BAIK
202412,2024-12-21,DKI3,23.0,53.0,26.0,5.0,11.0,30.0,53.0,PM25,SEDANG
202412,2024-12-21,DKI4,34.0,20.0,22.0,17.0,14.0,16.0,34.0,PM10,BAIK
202412,2024-12-21,DKI5,,38.0,17.0,6.0,35.0,8.0,38.0,PM25,BAIK
202412,2024-12-22,DKI1,53.0,80.0,16.0,11.0,13.0,31.0,80.0,PM25,SEDANG
202412,2024-12-22,DKI2,36.0,53.0,22.0,15.0,11.0,,53.0,PM25,SEDANG
202412,2024-12-22,DKI3,53.0,80.0,16.0,11.0,13.0,31.0,80.0,PM25,SEDANG
202412,2024-12-22,DKI4,48.0,35.0,22.0,22.0,19.0,22.0,48.0,PM10,BAIK
202412,2024-12-22,DKI5,,38.0,14.0,7.0,41.0,12.0,41.0,O3,BAIK
202412,2024-12-23,DKI1,52.0,78.0,12.0,15.0,11.0,45.0,78.0,PM25,BAIK
202412,2024-12-23,DKI2,39.0,46.0,21.0,14.0,12.0,,46.0,PM25,BAIK
202412,2024-12-23,DKI3,52.0,78.0,12.0,15.0,11.0,45.0,78.0,PM25,SEDANG
202412,2024-12-23,DKI4,50.0,30.0,21.0,25.0,18.0,24.0,50.0,PM10,BAIK
202412,2024-12-23,DKI5,,35.0,3.0,8.0,43.0,12.0,43.0,O3,BAIK
202412,2024-12-24,DKI1,38.0,55.0,12.0,9.0,10.0,33.0,55.0,PM25,SEDANG
202412,2024-12-24,DKI2,49.0,63.0,23.0,20.0,14.0,17.0,63.0,PM25,SEDANG
202412,2024-12-24,DKI3,38.0,55.0,12.0,9.0,10.0,33.0,55.0,PM25,SEDANG
202412,2024-12-24,DKI4,38.0,22.0,21.0,23.0,15.0,21.0,38.0,PM10,BAIK
202412,2024-12-24,DKI5,,51.0,10.0,11.0,39.0,12.0,51.0,PM25,SEDANG
202412,2024-12-25,DKI1,52.0,79.0,12.0,11.0,11.0,52.0,79.0,PM25,SEDANG
202412,2024-12-25,DKI2,43.0,50.0,22.0,16.0,12.0,15.0,50.0,PM25,BAIK
202412,2024-12-25,DKI3,52.0,79.0,12.0,11.0,11.0,52.0,79.0,PM25,SEDANG
202412,2024-12-25,DKI4,39.0,27.0,21.0,14.0,15.0,12.0,39.0,PM10,BAIK
202412,2024-12-25,DKI5,,43.0,9.0,7.0,33.0,9.0,43.0,PM25,BAIK
202412,2024-12-26,DKI1,39.0,62.0,12.0,11.0,9.0,35.0,62.0,PM25,SEDANG
202412,2024-12-26,DKI2,46.0,58.0,22.0,20.0,12.0,21.0,58.0,PM25,SEDANG
202412,2024-12-26,DKI3,39.0,62.0,12.0,11.0,9.0,35.0,62.0,PM25,SEDANG
202412,2024-12-26,DKI4,42.0,26.0,21.0,14.0,14.0,10.0,42.0,PM10,BAIK
202412,2024-12-26,DKI5,,51.0,7.0,10.0,24.0,11.0,51.0,PM25,SEDANG
202412,2024-12-27,DKI1,53.0,83.0,12.0,10.0,11.0,36.0,83.0,PM25,SEDANG
202412,2024-12-27,DKI2,41.0,55.0,24.0,15.0,12.0,11.0,55.0,PM25,SEDANG
202412,2024-12-27,DKI3,53.0,83.0,12.0,10.0,11.0,36.0,83.0,PM25,SEDANG
202412,2024-12-27,DKI4,44.0,29.0,21.0,11.0,17.0,14.0,44.0,PM10,BAIK
202412,2024-12-27,DKI5,,55.0,27.0,9.0,30.0,12.0,55.0,PM25,SEDANG
202412,2024-12-28,DKI1,64.0,101.0,14.0,9.0,11.0,35.0,101.0,PM25,SEDANG
202412,2024-12-28,DKI2,46.0,59.0,25.0,14.0,12.0,15.0,59.0,PM25,SEDANG
202412,2024-12-28,DKI3,64.0,101.0,14.0,9.0,11.0,35.0,101.0,PM25,TIDAK SEHAT
202412,2024-12-28,DKI4,50.0,33.0,23.0,9.0,20.0,13.0,50.0,PM10,BAIK
202412,2024-12-28,DKI5,,40.0,26.0,6.0,30.0,12.0,40.0,PM25,BAIK
202412,2024-12-29,DKI1,51.0,21.0,13.0,10.0,13.0,35.0,51.0,PM25,SEDANG
202412,2024-12-29,DKI2,49.0,61.0,26.0,13.0,14.0,12.0,61.0,PM25,SEDANG
202412,2024-12-29,DKI3,51.0,21.0,13.0,10.0,13.0,35.0,51.0,PM10,SEDANG
202412,2024-12-29,DKI4,53.0,37.0,23.0,12.0,19.0,14.0,53.0,PM10,SEDANG
202412,2024-12-29,DKI5,,51.0,32.0,8.0,28.0,11.0,51.0,PM25,SEDANG
202412,2024-12-30,DKI1,35.0,10.0,13.0,5.0,12.0,13.0,35.0,PM25,BAIK
202412,2024-12-30,DKI2,34.0,50.0,21.0,11.0,14.0,11.0,50.0,PM25,BAIK
202412,2024-12-30,DKI3,35.0,10.0,13.0,5.0,12.0,13.0,35.0,PM10,BAIK
202412,2024-12-30,DKI4,39.0,19.0,22.0,7.0,22.0,11.0,39.0,PM10,BAIK
202412,2024-12-30,DKI5,,34.0,9.0,5.0,38.0,8.0,38.0,O3,BAIK
202412,2024-12-31,DKI1,29.0,11.0,6.0,13.0,10.0,18.0,29.0,PM25,BAIK
202412,2024-12-31,DKI2,29.0,35.0,22.0,11.0,12.0,13.0,35.0,PM25,BAIK
202412,2024-12-31,DKI3,29.0,11.0,6.0,13.0,10.0,18.0,29.0,PM10,BAIK
202412,2024-12-31,DKI4,27.0,15.0,21.0,6.0,18.0,8.0,27.0,PM10,BAIK
202412,2024-12-31,DKI5,,26.0,9.0,3.0,26.0,3.0,26.0,PM25,BAIK
202501,2025-01-01,DKI1,46.0,63.0,12.0,22.0,10.0,16.0,63.0,PM25,SEDANG
202501,2025-01-01,DKI2,48.0,60.0,25.0,13.0,12.0,13.0,60.0,PM25,SEDANG
202501,2025-01-01,DKI3,49.0,73.0,,8.0,10.0,27.0,73.0,PM25,SEDANG
202501,2025-01-01,DKI4,46.0,30.0,23.0,9.0,19.0,9.0,46.0,PM10,BAIK
202501,2025-01-01,DKI5,,48.0,12.0,6.0,26.0,7.0,48.0,PM25,BAIK
202501,2025-01-02,DKI1,30.0,38.0,12.0,21.0,11.0,18.0,38.0,PM25,BAIK
202501,2025-01-02,DKI2,29.0,38.0,23.0,11.0,12.0,12.0,38.0,PM25,BAIK
202501,2025-01-02,DKI3,28.0,60.0,,6.0,11.0,22.0,60.0,PM25,SEDANG
202501,2025-01-02,DKI4,31.0,23.0,23.0,8.0,20.0,11.0,31.0,PM10,BAIK
202501,2025-01-02,DKI5,,26.0,13.0,4.0,28.0,4.0,28.0,O3,BAIK
202501,2025-01-03,DKI1,43.0,57.0,14.0,23.0,11.0,24.0,57.0,PM25,SEDANG
202501,2025-01-03,DKI2,51.0,60.0,26.0,13.0,12.0,16.0,60.0,PM25,SEDANG
202501,2025-01-03,DKI3,38.0,69.0,,8.0,13.0,35.0,69.0,PM25,SEDANG
202501,2025-01-03,DKI4,55.0,51.0,23.0,12.0,19.0,13.0,55.0,PM10,SEDANG
202501,2025-01-03,DKI5,,46.0,22.0,8.0,26.0,8.0,46.0,PM25,BAIK
202501,2025-01-04,DKI1,37.0,61.0,15.0,22.0,9.0,17.0,61.0,PM25,SEDANG
202501,2025-01-04,DKI2,37.0,48.0,24.0,10.0,11.0,14.0,48.0,PM25,BAIK
202501,2025-01-04,DKI3,34.0,62.0,13.0,5.0,10.0,23.0,62.0,PM25,SEDANG
202501,2025-01-04,DKI4,45.0,27.0,24.0,7.0,17.0,11.0,45.0,PM10,BAIK
202501,2025-01-04,DKI5,,33.0,25.0,4.0,28.0,8.0,33.0,PM25,BAIK
202501,2025-01-05,DKI1,26.0,56.0,10.0,20.0,8.0,11.0,56.0,PM25,SEDANG
202501,2025-01-05,DKI2,29.0,51.0,22.0,11.0,10.0,16.0,51.0,PM25,SEDANG
202501,2025-01-05,DKI3,41.0,68.0,13.0,7.0,9.0,35.0,68.0,PM25,SEDANG
202501,2025-01-05,DKI4,35.0,28.0,23.0,9.0,12.0,8.0,35.0,PM10,BAIK
202501,2025-01-05,DKI5,,26.0,4.0,4.0,16.0,,26.0,PM25,BAIK
202501,2025-01-06,DKI1,47.0,58.0,14.0,28.0,9.0,21.0,58.0,PM25,SEDANG
202501,2025-01-06,DKI2,56.0,71.0,25.0,18.0,11.0,36.0,71.0,PM25,SEDANG
202501,2025-01-06,DKI3,51.0,79.0,16.0,13.0,13.0,46.0,79.0,PM25,SEDANG
202501,2025-01-06,DKI4,55.0,43.0,22.0,18.0,21.0,11.0,55.0,PM10,SEDANG
202501,2025-01-06,DKI5,,46.0,15.0,8.0,17.0,,46.0,PM25,BAIK
202501,2025-01-07,DKI1,33.0,46.0,13.0,24.0,7.0,19.0,46.0,PM25,BAIK
202501,2025-01-07,DKI2,32.0,37.0,24.0,12.0,11.0,17.0,37.0,PM25,BAIK
202501,2025-01-07,DKI3,51.0,71.0,13.0,8.0,10.0,38.0,71.0,PM25,SEDANG
202501,2025-01-07,DKI4,37.0,25.0,10.0,12.0,14.0,8.0,37.0,PM10,BAIK
202501,2025-01-07,DKI5,9.0,43.0,21.0,4.0,20.0,4.0,43.0,PM25,BAIK
202501,2025-01-08,DKI1,30.0,46.0,12.0,24.0,7.0,19.0,46.0,PM25,BAIK
202501,2025-01-08,DKI2,29.0,36.0,24.0,11.0,10.0,19.0,36.0,PM25,BAIK
202501,2025-01-08,DKI3,31.0,54.0,13.0,5.0,12.0,19.0,54.0,PM25,SEDANG
202501,2025-01-08,DKI4,27.0,21.0,10.0,8.0,15.0,9.0,27.0,PM10,BAIK
202501,2025-01-08,DKI5,10.0,35.0,12.0,4.0,22.0,5.0,35.0,PM25,BAIK
202501,2025-01-09,DKI1,20.0,26.0,9.0,23.0,7.0,19.0,26.0,PM25,BAIK
202501,2025-01-09,DKI2,22.0,23.0,21.0,11.0,12.0,17.0,23.0,PM25,BAIK
202501,2025-01-09,DKI3,20.0,51.0,14.0,8.0,13.0,26.0,51.0,PM25,SEDANG
202501,2025-01-09,DKI4,26.0,16.0,10.0,10.0,14.0,13.0,26.0,PM10,BAIK
202501,2025-01-09,DKI5,14.0,29.0,3.0,6.0,31.0,7.0,31.0,O3,BAIK
202501,2025-01-10,DKI1,39.0,58.0,,19.0,12.0,25.0,58.0,PM25,SEDANG
202501,2025-01-10,DKI2,47.0,56.0,23.0,16.0,14.0,15.0,56.0,PM25,SEDANG
202501,2025-01-10,DKI3,53.0,77.0,19.0,15.0,16.0,43.0,77.0,PM25,SEDANG
202501,2025-01-10,DKI4,50.0,33.0,12.0,19.0,22.0,17.0,50.0,PM10,BAIK
202501,2025-01-10,DKI5,20.0,74.0,12.0,13.0,29.0,15.0,74.0,PM25,SEDANG
202501,2025-01-11,DKI1,41.0,56.0,,10.0,18.0,27.0,56.0,PM25,SEDANG
202501,2025-01-11,DKI2,39.0,55.0,22.0,11.0,19.0,8.0,55.0,PM25,SEDANG
202501,2025-01-11,DKI3,29.0,63.0,11.0,8.0,23.0,9.0,63.0,PM25,SEDANG
202501,2025-01-11,DKI4,45.0,23.0,12.0,10.0,30.0,17.0,45.0,PM10,BAIK
202501,2025-01-11,DKI5,19.0,60.0,10.0,6.0,36.0,10.0,60.0,PM25,SEDANG
202501,2025-01-12,DKI1,45.0,58.0,19.0,13.0,13.0,25.0,58.0,PM25,SEDANG
202501,2025-01-12,DKI2,44.0,55.0,24.0,11.0,14.0,10.0,55.0,PM25,SEDANG
202501,2025-01-12,DKI3,37.0,64.0,9.0,8.0,13.0,11.0,64.0,PM25,SEDANG
202501,2025-01-12,DKI4,48.0,21.0,11.0,11.0,19.0,11.0,48.0,PM10,BAIK
202501,2025-01-12,DKI5,14.0,56.0,14.0,5.0,25.0,9.0,56.0,PM25,SEDANG
202501,2025-01-13,DKI1,28.0,37.0,12.0,11.0,9.0,18.0,37.0,PM25,BAIK
202501,2025-01-13,DKI2,26.0,33.0,22.0,11.0,12.0,12.0,33.0,PM25,BAIK
202501,2025-01-13,DKI3,36.0,59.0,8.0,8.0,10.0,18.0,59.0,PM25,SEDANG
202501,2025-01-13,DKI4,30.0,22.0,11.0,10.0,12.0,12.0,30.0,PM10,BAIK
202501,2025-01-13,DKI5,10.0,35.0,8.0,5.0,21.0,5.0,35.0,PM25,BAIK
202501,2025-01-14,DKI1,32.0,54.0,51.0,15.0,6.0,13.0,54.0,PM25,SEDANG
202501,2025-01-14,DKI2,28.0,32.0,23.0,11.0,10.0,15.0,32.0,PM25,BAIK
202501,2025-01-14,DKI3,28.0,52.0,14.0,6.0,10.0,10.0,52.0,PM25,SEDANG
202501,2025-01-14,DKI4,26.0,14.0,13.0,8.0,14.0,11.0,26.0,PM10,BAIK
202501,2025-01-14,DKI5,12.0,33.0,17.0,5.0,24.0,6.0,33.0,PM25,BAIK
202501,2025-01-15,DKI1,34.0,51.0,62.0,15.0,8.0,23.0,62.0,SO2,SEDANG
202501,2025-01-15,DKI2,30.0,43.0,24.0,13.0,11.0,26.0,43.0,PM25,BAIK
202501,2025-01-15,DKI3,35.0,56.0,11.0,9.0,10.0,33.0,56.0,PM25,SEDANG
202501,2025-01-15,DKI4,32.0,23.0,12.0,10.0,14.0,9.0,32.0,PM10,BAIK
202501,2025-01-15,DKI5,15.0,49.0,13.0,6.0,20.0,4.0,49.0,PM25,BAIK
202501,2025-01-16,DKI1,40.0,57.0,62.0,15.0,6.0,25.0,62.0,SO2,SEDANG
202501,2025-01-16,DKI2,36.0,48.0,25.0,10.0,10.0,17.0,48.0,PM25,BAIK
202501,2025-01-16,DKI3,34.0,60.0,11.0,6.0,10.0,19.0,60.0,PM25,SEDANG
202501,2025-01-16,DKI4,34.0,23.0,13.0,8.0,16.0,10.0,34.0,PM10,BAIK
202501,2025-01-16,DKI5,11.0,54.0,21.0,5.0,42.0,4.0,54.0,PM25,SEDANG
202501,2025-01-17,DKI1,33.0,55.0,,14.0,7.0,25.0,55.0,PM25,SEDANG
202501,2025-01-17,DKI2,32.0,47.0,25.0,9.0,11.0,12.0,47.0,PM25,BAIK
202501,2025-01-17,DKI3,33.0,59.0,14.0,7.0,11.0,16.0,59.0,PM25,SEDANG
202501,2025-01-17,DKI4,33.0,20.0,14.0,8.0,15.0,11.0,33.0,PM10,BAIK
202501,2025-01-17,DKI5,11.0,54.0,26.0,4.0,50.0,5.0,54.0,PM25,SEDANG
202501,2025-01-18,DKI1,24.0,34.0,29.0,11.0,10.0,21.0,34.0,PM25,BAIK
202501,2025-01-18,DKI2,24.0,35.0,21.0,10.0,12.0,13.0,35.0,PM25,BAIK
202501,2025-01-18,DKI3,21.0,40.0,12.0,7.0,11.0,9.0,40.0,PM25,BAIK
202501,2025-01-18,DKI4,22.0,14.0,11.0,8.0,15.0,9.0,22.0,PM10,BAIK
202501,2025-01-18,DKI5,7.0,25.0,11.0,3.0,55.0,,55.0,O3,SEDANG
202501,2025-01-19,DKI1,29.0,50.0,34.0,12.0,10.0,20.0,50.0,PM25,BAIK
202501,2025-01-19,DKI2,33.0,39.0,24.0,10.0,11.0,17.0,39.0,PM25,BAIK
202501,2025-01-19,DKI3,19.0,40.0,12.0,6.0,11.0,17.0,40.0,PM25,BAIK
202501,2025-01-19,DKI4,27.0,16.0,12.0,8.0,17.0,9.0,27.0,PM10,BAIK
202501,2025-01-19,DKI5,11.0,37.0,24.0,3.0,49.0,3.0,49.0,O3,BAIK
202501,2025-01-20,DKI1,25.0,39.0,30.0,10.0,11.0,22.0,39.0,PM25,BAIK
202501,2025-01-20,DKI2,26.0,37.0,26.0,10.0,12.0,12.0,37.0,PM25,BAIK
202501,2025-01-20,DKI3,23.0,41.0,13.0,7.0,12.0,12.0,41.0,PM25,BAIK
202501,2025-01-20,DKI4,27.0,16.0,12.0,10.0,18.0,9.0,27.0,PM10,BAIK
202501,2025-01-20,DKI5,10.0,43.0,18.0,3.0,52.0,5.0,52.0,O3,SEDANG
202501,2025-01-21,DKI1,32.0,52.0,23.0,19.0,7.0,31.0,52.0,PM25,SEDANG
202501,2025-01-21,DKI2,39.0,53.0,21.0,17.0,9.0,23.0,53.0,PM25,SEDANG
202501,2025-01-21,DKI3,40.0,58.0,13.0,14.0,11.0,56.0,58.0,PM25,SEDANG
202501,2025-01-21,DKI4,39.0,22.0,12.0,14.0,15.0,11.0,39.0,PM10,BAIK
202501,2025-01-21,DKI5,15.0,54.0,3.0,12.0,38.0,13.0,54.0,PM25,SEDANG
202501,2025-01-22,DKI1,31.0,51.0,28.0,17.0,7.0,29.0,51.0,PM25,SEDANG
202501,2025-01-22,DKI2,36.0,52.0,24.0,14.0,9.0,22.0,52.0,PM25,SEDANG
202501,2025-01-22,DKI3,33.0,51.0,14.0,13.0,8.0,48.0,51.0,PM25,SEDANG
202501,2025-01-22,DKI4,31.0,14.0,12.0,16.0,11.0,10.0,31.0,PM10,BAIK
202501,2025-01-22,DKI5,15.0,53.0,16.0,10.0,26.0,14.0,53.0,PM25,SEDANG
202501,2025-01-23,DKI1,38.0,59.0,26.0,16.0,11.0,33.0,59.0,PM25,SEDANG
202501,2025-01-23,DKI2,35.0,46.0,21.0,8.0,13.0,11.0,46.0,PM25,BAIK
202501,2025-01-23,DKI3,57.0,90.0,23.0,20.0,13.0,81.0,90.0,PM25,SEDANG
202501,2025-01-23,DKI4,52.0,35.0,15.0,18.0,18.0,14.0,52.0,PM10,SEDANG
202501,2025-01-23,DKI5,16.0,66.0,28.0,7.0,28.0,15.0,66.0,PM25,SEDANG
202501,2025-01-24,DKI1,52.0,73.0,25.0,22.0,10.0,38.0,73.0,PM25,SEDANG
202501,2025-01-24,DKI2,52.0,68.0,26.0,14.0,11.0,20.0,68.0,PM25,SEDANG
202501,2025-01-24,DKI3,51.0,75.0,22.0,14.0,11.0,59.0,75.0,PM25,SEDANG
202501,2025-01-24,DKI4,54.0,30.0,12.0,13.0,17.0,12.0,54.0,PM10,SEDANG
202501,2025-01-24,DKI5,17.0,74.0,25.0,13.0,25.0,13.0,74.0,PM25,SEDANG
202501,2025-01-25,DKI1,39.0,55.0,24.0,19.0,8.0,24.0,55.0,PM25,SEDANG
202501,2025-01-25,DKI2,47.0,57.0,24.0,15.0,11.0,35.0,57.0,PM25,SEDANG
202501,2025-01-25,DKI3,31.0,57.0,20.0,11.0,9.0,51.0,57.0,PM25,SEDANG
202501,2025-01-25,DKI4,46.0,33.0,14.0,15.0,15.0,11.0,46.0,PM10,BAIK
202501,2025-01-25,DKI5,16.0,64.0,22.0,10.0,24.0,9.0,64.0,PM25,SEDANG
202501,2025-01-26,DKI1,42.0,59.0,32.0,16.0,7.0,28.0,59.0,PM25,SEDANG
202501,2025-01-26,DKI2,47.0,57.0,24.0,12.0,10.0,19.0,57.0,PM25,SEDANG
202501,2025-01-26,DKI3,42.0,63.0,23.0,14.0,8.0,63.0,63.0,PM25,SEDANG
202501,2025-01-26,DKI4,49.0,27.0,13.0,17.0,12.0,9.0,49.0,PM10,BAIK
202501,2025-01-26,DKI5,17.0,62.0,34.0,8.0,21.0,9.0,62.0,PM25,SEDANG
202501,2025-01-27,DKI1,35.0,50.0,26.0,10.0,7.0,19.0,50.0,PM25,BAIK
202501,2025-01-27,DKI2,29.0,49.0,22.0,7.0,9.0,14.0,49.0,PM25,BAIK
202501,2025-01-27,DKI3,26.0,54.0,20.0,6.0,9.0,18.0,54.0,PM25,SEDANG
202501,2025-01-27,DKI4,26.0,20.0,12.0,7.0,14.0,8.0,26.0,PM10,BAIK
202501,2025-01-27,DKI5,10.0,54.0,24.0,3.0,13.0,8.0,54.0,PM25,SEDANG
202501,2025-01-28,DKI1,31.0,36.0,23.0,9.0,6.0,17.0,36.0,PM25,BAIK
202501,2025-01-28,DKI2,33.0,36.0,22.0,7.0,9.0,13.0,36.0,PM25,BAIK
202501,2025-01-28,DKI3,23.0,46.0,23.0,5.0,9.0,,46.0,PM25,BAIK
202501,2025-01-28,DKI4,27.0,18.0,13.0,6.0,12.0,7.0,27.0,PM10,BAIK
202501,2025-01-28,DKI5,8.0,32.0,22.0,3.0,20.0,7.0,32.0,PM25,BAIK
202501,2025-01-29,DKI1,25.0,32.0,19.0,10.0,8.0,25.0,32.0,PM25,BAIK
202501,2025-01-29,DKI2,27.0,30.0,21.0,8.0,12.0,12.0,30.0,PM25,BAIK
202501,2025-01-29,DKI3,25.0,40.0,24.0,10.0,9.0,27.0,40.0,PM25,BAIK
202501,2025-01-29,DKI4,27.0,12.0,11.0,10.0,13.0,10.0,27.0,PM10,BAIK
202501,2025-01-29,DKI5,11.0,32.0,15.0,6.0,25.0,14.0,32.0,PM25,BAIK
202501,2025-01-30,DKI1,25.0,30.0,18.0,9.0,17.0,21.0,30.0,PM25,BAIK
202501,2025-01-30,DKI2,,26.0,20.0,6.0,20.0,11.0,26.0,PM25,BAIK
202501,2025-01-30,DKI3,23.0,38.0,22.0,8.0,17.0,,38.0,PM25,BAIK
202501,2025-01-30,DKI4,50.0,52.0,12.0,9.0,22.0,10.0,52.0,PM25,SEDANG
202501,2025-01-30,DKI5,8.0,24.0,13.0,4.0,28.0,8.0,28.0,O3,BAIK
202501,2025-01-31,DKI1,37.0,51.0,21.0,12.0,16.0,31.0,51.0,PM25,SEDANG
202501,2025-01-31,DKI2,51.0,41.0,20.0,8.0,16.0,10.0,51.0,PM10,SEDANG
202501,2025-01-31,DKI3,32.0,55.0,23.0,10.0,18.0,16.0,55.0,PM25,SEDANG
202501,2025-01-31,DKI4,33.0,14.0,12.0,9.0,26.0,13.0,33.0,PM10,BAIK
202501,2025-01-31,DKI5,10.0,51.0,14.0,7.0,26.0,13.0,51.0,PM25,SEDANG
202502,2025-02-01,DKI1,41.0,51.0,19.0,10.0,14.0,27.0,51.0,PM25,SEDANG
202502,2025-02-01,DKI2,51.0,33.0,20.0,6.0,17.0,7.0,51.0,PM10,SEDANG
202502,2025-02-01,DKI3,33.0,57.0,25.0,9.0,19.0,14.0,57.0,PM25,SEDANG
202502,2025-02-01,DKI4,39.0,15.0,12.0,9.0,24.0,13.0,39.0,PM10,BAIK
202502,2025-02-01,DKI5,12.0,50.0,15.0,5.0,31.0,12.0,50.0,PM25,BAIK
202502,2025-02-02,DKI1,41.0,47.0,18.0,9.0,15.0,20.0,47.0,PM25,BAIK
202502,2025-02-02,DKI2,38.0,35.0,20.0,5.0,19.0,9.0,38.0,PM10,BAIK
202502,2025-02-02,DKI3,41.0,68.0,24.0,13.0,17.0,21.0,68.0,PM25,SEDANG
202502,2025-02-02,DKI4,41.0,14.0,12.0,10.0,23.0,12.0,41.0,PM10,BAIK
202502,2025-02-02,DKI5,13.0,41.0,13.0,5.0,44.0,8.0,44.0,O3,BAIK
202502,2025-02-03,DKI1,38.0,45.0,19.0,9.0,16.0,24.0,45.0,PM25,BAIK
202502,2025-02-03,DKI2,39.0,37.0,20.0,5.0,21.0,10.0,39.0,PM10,BAIK
202502,2025-02-03,DKI3,41.0,64.0,27.0,13.0,17.0,21.0,64.0,PM25,SEDANG
202502,2025-02-03,DKI4,52.0,21.0,13.0,13.0,24.0,14.0,52.0,PM10,SEDANG
202502,2025-02-03,DKI5,11.0,50.0,13.0,5.0,46.0,10.0,50.0,PM25,BAIK
202502,2025-02-04,DKI1,54.0,73.0,26.0,17.0,11.0,40.0,73.0,PM25,SEDANG
202502,2025-02-04,DKI2,52.0,61.0,21.0,7.0,16.0,10.0,61.0,PM25,SEDANG
202502,2025-02-04,DKI3,54.0,84.0,35.0,15.0,16.0,45.0,84.0,PM25,SEDANG
202502,2025-02-04,DKI4,52.0,30.0,14.0,16.0,22.0,20.0,52.0,PM10,SEDANG
202502,2025-02-04,DKI5,19.0,83.0,22.0,10.0,33.0,13.0,83.0,PM25,SEDANG
202502,2025-02-05,DKI1,40.0,47.0,27.0,13.0,10.0,26.0,47.0,PM25,BAIK
202502,2025-02-05,DKI2,42.0,42.0,23.0,7.0,11.0,14.0,42.0,PM10,BAIK
202502,2025-02-05,DKI3,31.0,44.0,33.0,5.0,14.0,9.0,44.0,PM25,BAIK
202502,2025-02-05,DKI4,35.0,14.0,13.0,9.0,16.0,14.0,35.0,PM10,BAIK
202502,2025-02-05,DKI5,19.0,40.0,24.0,5.0,27.0,10.0,40.0,PM25,BAIK
202502,2025-02-06,DKI1,41.0,53.0,37.0,14.0,11.0,31.0,53.0,PM25,SEDANG
202502,2025-02-06,DKI2,40.0,51.0,21.0,4.0,14.0,11.0,51.0,PM25,SEDANG
202502,2025-02-06,DKI3,25.0,50.0,36.0,6.0,15.0,7.0,50.0,PM25,BAIK
202502,2025-02-06,DKI4,31.0,16.0,13.0,8.0,19.0,14.0,31.0,PM10,BAIK
202502,2025-02-06,DKI5,15.0,51.0,22.0,6.0,28.0,10.0,51.0,PM25,SEDANG
202502,2025-02-07,DKI1,35.0,50.0,30.0,13.0,11.0,29.0,50.0,PM25,BAIK
202502,2025-02-07,DKI2,35.0,44.0,21.0,6.0,15.0,15.0,44.0,PM25,BAIK
202502,2025-02-07,DKI3,31.0,58.0,37.0,12.0,18.0,40.0,58.0,PM25,SEDANG
202502,2025-02-07,DKI4,40.0,19.0,13.0,12.0,21.0,20.0,40.0,PM10,BAIK
202502,2025-02-07,DKI5,11.0,36.0,14.0,7.0,34.0,9.0,36.0,PM25,BAIK
202502,2025-02-08,DKI1,33.0,48.0,31.0,12.0,10.0,34.0,48.0,PM25,BAIK
202502,2025-02-08,DKI2,42.0,50.0,21.0,6.0,14.0,9.0,50.0,PM25,BAIK
202502,2025-02-08,DKI3,35.0,56.0,41.0,10.0,16.0,18.0,56.0,PM25,SEDANG
202502,2025-02-08,DKI4,44.0,23.0,13.0,11.0,20.0,19.0,44.0,PM10,BAIK
202502,2025-02-08,DKI5,24.0,41.0,17.0,7.0,29.0,13.0,41.0,PM25,BAIK
202502,2025-02-09,DKI1,38.0,52.0,33.0,12.0,11.0,25.0,52.0,PM25,SEDANG
202502,2025-02-09,DKI2,34.0,33.0,22.0,4.0,15.0,9.0,34.0,PM10,BAIK
202502,2025-02-09,DKI3,45.0,60.0,44.0,12.0,15.0,25.0,60.0,PM25,SEDANG
202502,2025-02-09,DKI4,,19.0,14.0,15.0,19.0,17.0,19.0,PM25,BAIK
202502,2025-02-09,DKI5,12.0,41.0,19.0,6.0,30.0,10.0,41.0,PM25,BAIK
202502,2025-02-10,DKI1,31.0,38.0,29.0,11.0,13.0,26.0,38.0,PM25,BAIK
202502,2025-02-10,DKI2,36.0,35.0,21.0,3.0,15.0,10.0,36.0,PM10,BAIK
202502,2025-02-10,DKI3,49.0,69.0,44.0,13.0,16.0,27.0,69.0,PM25,SEDANG
202502,2025-02-10,DKI4,34.0,18.0,,,,,34.0,PM10,BAIK
202502,2025-02-10,DKI5,51.0,50.0,15.0,7.0,33.0,10.0,51.0,PM10,SEDANG
202502,2025-02-11,DKI1,36.0,51.0,29.0,13.0,12.0,35.0,51.0,PM25,SEDANG
202502,2025-02-11,DKI2,34.0,37.0,22.0,4.0,15.0,11.0,37.0,PM25,BAIK
202502,2025-02-11,DKI3,46.0,66.0,44.0,12.0,19.0,21.0,66.0,PM25,SEDANG
202502,2025-02-11,DKI4,42.0,22.0,13.0,12.0,23.0,19.0,42.0,PM10,BAIK
202502,2025-02-11,DKI5,52.0,47.0,15.0,7.0,38.0,9.0,52.0,PM10,SEDANG
202502,2025-02-12,DKI1,54.0,74.0,37.0,16.0,16.0,43.0,74.0,PM25,SEDANG
202502,2025-02-12,DKI2,53.0,71.0,30.0,5.0,19.0,7.0,71.0,PM25,SEDANG
202502,2025-02-12,DKI3,57.0,85.0,48.0,14.0,19.0,28.0,85.0,PM25,SEDANG
202502,2025-02-12,DKI4,58.0,32.0,14.0,17.0,21.0,23.0,58.0,PM10,SEDANG
202502,2025-02-12,DKI5,18.0,78.0,26.0,9.0,34.0,13.0,78.0,PM25,SEDANG
202502,2025-02-13,DKI1,56.0,74.0,35.0,18.0,9.0,39.0,74.0,PM25,SEDANG
202502,2025-02-13,DKI2,65.0,79.0,31.0,4.0,20.0,13.0,79.0,PM25,SEDANG
202502,2025-02-13,DKI3,53.0,78.0,50.0,12.0,14.0,39.0,78.0,PM25,SEDANG
202502,2025-02-13,DKI4,72.0,52.0,15.0,14.0,19.0,15.0,72.0,PM10,SEDANG
202502,2025-02-13,DKI5,19.0,77.0,25.0,10.0,28.0,10.0,77.0,PM25,SEDANG
202502,2025-02-14,DKI1,44.0,68.0,35.0,13.0,9.0,30.0,68.0,PM25,SEDANG
202502,2025-02-14,DKI2,56.0,70.0,31.0,2.0,17.0,11.0,70.0,PM25,SEDANG
202502,2025-02-14,DKI3,47.0,71.0,51.0,9.0,12.0,42.0,71.0,PM25,SEDANG
202502,2025-02-14,DKI4,56.0,39.0,16.0,11.0,19.0,23.0,56.0,PM10,SEDANG
202502,2025-02-14,DKI5,11.0,59.0,23.0,5.0,14.0,5.0,59.0,PM25,SEDANG
202502,2025-02-15,DKI1,34.0,54.0,33.0,12.0,7.0,19.0,54.0,PM25,SEDANG
202502,2025-02-15,DKI2,37.0,51.0,29.0,,9.0,17.0,51.0,PM25,SEDANG
202502,2025-02-15,DKI3,35.0,60.0,49.0,7.0,10.0,25.0,60.0,PM25,SEDANG
202502,2025-02-15,DKI4,43.0,23.0,14.0,9.0,12.0,8.0,43.0,PM10,BAIK
202502,2025-02-15,DKI5,10.0,53.0,21.0,4.0,17.0,5.0,53.0,PM25,SEDANG
202502,2025-02-16,DKI1,42.0,67.0,36.0,18.0,10.0,26.0,67.0,PM25,SEDANG
202502,2025-02-16,DKI2,,,,,,,0.0,,TIDAK ADA DATA
202502,2025-02-16,DKI3,61.0,92.0,,,,,92.0,PM25,SEDANG
202502,2025-02-16,DKI4,,,,,,,0.0,,TIDAK ADA DATA
202502,2025-02-16,DKI5,17.0,64.0,27.0,7.0,21.0,7.0,64.0,PM25,SEDANG
202502,2025-02-17,DKI1,44.0,,33.0,16.0,6.0,,44.0,PM10,BAIK
202502,2025-02-17,DKI2,39.0,56.0,29.0,,8.0,21.0,56.0,,SEDANG
202502,2025-02-17,DKI3,53.0,75.0,52.0,13.0,7.0,52.0,75.0,PM25,SEDANG
202502,2025-02-17,DKI4,,,,,,,0.0,,TIDAK ADA DATA
202502,2025-02-17,DKI5,14.0,59.0,24.0,11.0,24.0,5.0,59.0,PM25,SEDANG
202502,2025-02-18,DKI1,48.0,,,,,,48.0,PM10,BAIK
202502,2025-02-18,DKI2,49.0,69.0,31.0,29.0,7.0,50.0,69.0,,SEDANG
202502,2025-02-18,DKI3,45.0,68.0,,,,,68.0,PM25,SEDANG
202502,2025-02-18,DKI4,54.0,35.0,15.0,18.0,15.0,21.0,54.0,PM10,SEDANG
202502,2025-02-18,DKI5,14.0,69.0,30.0,15.0,21.0,7.0,69.0,PM25,SEDANG
202502,2025-02-19,DKI1,53.0,73.0,32.0,28.0,6.0,26.0,73.0,PM25,SEDANG
202502,2025-02-19,DKI2,,67.0,31.0,29.0,8.0,29.0,67.0,PM25,SEDANG
202502,2025-02-19,DKI3,59.0,82.0,,,,,82.0,PM25,SEDANG
202502,2025-02-19,DKI4,77.0,60.0,14.0,24.0,14.0,12.0,77.0,PM10,SEDANG
202502,2025-02-19,DKI5,24.0,92.0,24.0,18.0,23.0,6.0,92.0,PM25,SEDANG
202502,2025-02-20,DKI1,42.0,50.0,31.0,11.0,10.0,22.0,50.0,PM25,BAIK
202502,2025-02-20,DKI2,26.0,41.0,29.0,13.0,11.0,15.0,41.0,PM25,BAIK
202502,2025-02-20,DKI3,32.0,56.0,50.0,9.0,11.0,28.0,56.0,PM25,SEDANG
202502,2025-02-20,DKI4,33.0,35.0,15.0,11.0,20.0,14.0,35.0,PM25,BAIK
202502,2025-02-20,DKI5,16.0,51.0,31.0,8.0,20.0,6.0,51.0,PM25,SEDANG
202502,2025-02-21,DKI1,51.0,72.0,40.0,20.0,9.0,30.0,72.0,PM25,SEDANG
202502,2025-02-21,DKI2,,63.0,32.0,17.0,15.0,8.0,63.0,PM25,SEDANG
202502,2025-02-21,DKI3,45.0,64.0,55.0,9.0,14.0,20.0,64.0,PM25,SEDANG
202502,2025-02-21,DKI4,46.0,39.0,17.0,10.0,23.0,18.0,46.0,PM10,BAIK
202502,2025-02-21,DKI5,14.0,,,,,,14.0,PM10,BAIK
202502,2025-02-22,DKI1,50.0,63.0,33.0,22.0,9.0,31.0,63.0,PM25,SEDANG
202502,2025-02-22,DKI2,,56.0,32.0,19.0,12.0,15.0,56.0,PM25,SEDANG
202502,2025-02-22,DKI3,40.0,70.0,54.0,8.0,9.0,20.0,70.0,PM25,SEDANG
202502,2025-02-22,DKI4,37.0,33.0,16.0,10.0,18.0,12.0,37.0,PM10,BAIK
202502,2025-02-22,DKI5,17.0,59.0,48.0,7.0,15.0,5.0,59.0,PM25,SEDANG
202502,2025-02-23,DKI1,56.0,70.0,48.0,21.0,8.0,30.0,70.0,PM25,SEDANG
202502,2025-02-23,DKI2,,63.0,32.0,19.0,10.0,15.0,63.0,PM25,SEDANG
202502,2025-02-23,DKI3,46.0,67.0,59.0,12.0,12.0,42.0,67.0,PM25,SEDANG
202502,2025-02-23,DKI4,42.0,36.0,17.0,15.0,17.0,15.0,42.0,PM10,BAIK
202502,2025-02-23,DKI5,35.0,78.0,42.0,13.0,16.0,5.0,78.0,PM25,SEDANG
202502,2025-02-24,DKI1,42.0,55.0,28.0,15.0,14.0,28.0,55.0,PM25,SEDANG
202502,2025-02-24,DKI2,,43.0,30.0,15.0,19.0,8.0,43.0,PM25,BAIK
202502,2025-02-24,DKI3,45.0,70.0,52.0,18.0,19.0,40.0,70.0,PM25,SEDANG
202502,2025-02-24,DKI4,36.0,43.0,15.0,15.0,32.0,22.0,43.0,PM25,BAIK
202502,2025-02-24,DKI5,14.0,66.0,18.0,11.0,35.0,5.0,66.0,PM25,SEDANG
202502,2025-02-25,DKI1,47.0,66.0,38.0,19.0,5.0,31.0,66.0,PM25,SEDANG
202502,2025-02-25,DKI2,31.0,51.0,40.0,16.0,17.0,21.0,51.0,PM25,SEDANG
202502,2025-02-25,DKI3,41.0,67.0,53.0,14.0,11.0,47.0,67.0,PM25,SEDANG
202502,2025-02-25,DKI4,44.0,50.0,15.0,18.0,8.0,10.0,50.0,PM25,BAIK
202502,2025-02-25,DKI5,18.0,75.0,28.0,13.0,25.0,4.0,75.0,PM25,SEDANG
202502,2025-02-26,DKI1,45.0,57.0,30.0,17.0,7.0,30.0,57.0,PM25,SEDANG
202502,2025-02-26,DKI2,54.0,61.0,35.0,19.0,9.0,18.0,61.0,PM25,SEDANG
202502,2025-02-26,DKI3,46.0,65.0,57.0,11.0,11.0,51.0,65.0,PM25,SEDANG
202502,2025-02-26,DKI4,49.0,30.0,15.0,14.0,17.0,21.0,49.0,PM10,BAIK
202502,2025-02-26,DKI5,16.0,60.0,29.0,10.0,24.0,6.0,60.0,PM25,SEDANG
202502,2025-02-27,DKI1,54.0,85.0,36.0,26.0,12.0,50.0,85.0,PM25,SEDANG
202502,2025-02-27,DKI2,64.0,83.0,31.0,22.0,11.0,24.0,83.0,PM25,SEDANG
202502,2025-02-27,DKI3,63.0,94.0,57.0,20.0,16.0,45.0,94.0,PM25,SEDANG
202502,2025-02-27,DKI4,82.0,55.0,15.0,23.0,24.0,23.0,82.0,PM10,SEDANG
202502,2025-02-27,DKI5,29.0,111.0,24.0,21.0,34.0,8.0,111.0,PM25,TIDAK SEHAT
202502,2025-02-28,DKI1,44.0,57.0,33.0,13.0,10.0,23.0,57.0,PM25,SEDANG
202502,2025-02-28,DKI2,41.0,59.0,28.0,20.0,11.0,10.0,59.0,PM25,SEDANG
202502,2025-02-28,DKI3,34.0,61.0,61.0,11.0,25.0,20.0,61.0,PM25,SEDANG
202502,2025-02-28,DKI4,49.0,36.0,16.0,14.0,28.0,20.0,49.0,PM10,BAIK
202502,2025-02-28,DKI5,20.0,71.0,24.0,9.0,31.0,6.0,71.0,PM25,SEDANG
202503,2025-03-01,DKI1,36.0,59.0,29.0,16.0,11.0,33.0,59.0,PM25,SEDANG
202503,2025-03-01,DKI2,49.0,73.0,,,,,73.0,PM25,SEDANG
202503,2025-03-01,DKI3,26.0,58.0,58.0,11.0,20.0,24.0,58.0,PM25,SEDANG
202503,2025-03-01,DKI4,48.0,25.0,16.0,11.0,32.0,18.0,48.0,PM10,BAIK
202503,2025-03-01,DKI5,10.0,59.0,17.0,9.0,28.0,6.0,59.0,PM25,SEDANG
202503,2025-03-02,DKI1,51.0,69.0,28.0,14.0,18.0,28.0,69.0,PM25,SEDANG
202503,2025-03-02,DKI2,51.0,68.0,30.0,16.0,25.0,7.0,68.0,PM25,SEDANG
202503,2025-03-02,DKI3,57.0,94.0,59.0,18.0,26.0,26.0,94.0,PM25,SEDANG
202503,2025-03-02,DKI4,54.0,,16.0,14.0,32.0,20.0,54.0,PM10,SEDANG
202503,2025-03-02,DKI5,25.0,92.0,21.0,11.0,39.0,5.0,92.0,PM25,SEDANG
202503,2025-03-03,DKI1,35.0,55.0,27.0,14.0,15.0,30.0,55.0,PM25,SEDANG
202503,2025-03-03,DKI2,43.0,56.0,29.0,17.0,16.0,10.0,56.0,PM25,SEDANG
202503,2025-03-03,DKI3,24.0,53.0,59.0,10.0,24.0,14.0,59.0,SO2,SEDANG
202503,2025-03-03,DKI4,37.0,32.0,15.0,10.0,30.0,16.0,37.0,PM10,BAIK
202503,2025-03-03,DKI5,12.0,54.0,16.0,7.0,42.0,4.0,54.0,PM25,SEDANG
202503,2025-03-04,DKI1,29.0,53.0,28.0,13.0,16.0,31.0,53.0,PM25,SEDANG
202503,2025-03-04,DKI2,32.0,51.0,30.0,15.0,18.0,7.0,51.0,PM25,SEDANG
202503,2025-03-04,DKI3,19.0,46.0,,,,,46.0,PM25,BAIK
202503,2025-03-04,DKI4,26.0,25.0,15.0,8.0,19.0,19.0,26.0,PM10,BAIK
202503,2025-03-04,DKI5,,52.0,21.0,6.0,38.0,6.0,52.0,PM25,SEDANG
202503,2025-03-05,DKI1,43.0,61.0,32.0,15.0,10.0,37.0,61.0,PM25,SEDANG
202503,2025-03-05,DKI2,52.0,63.0,37.0,16.0,17.0,15.0,63.0,PM25,SEDANG
202503,2025-03-05,DKI3,39.0,65.0,60.0,13.0,22.0,37.0,65.0,PM25,SEDANG
202503,2025-03-05,DKI4,55.0,38.0,18.0,10.0,24.0,15.0,55.0,PM10,SEDANG
202503,2025-03-05,DKI5,18.0,63.0,25.0,10.0,36.0,6.0,63.0,PM25,SEDANG
202503,2025-03-06,DKI1,54.0,81.0,32.0,20.0,16.0,42.0,81.0,PM25,SEDANG
202503,2025-03-06,DKI2,60.0,83.0,31.0,20.0,20.0,15.0,83.0,PM25,SEDANG
202503,2025-03-06,DKI3,59.0,99.0,60.0,19.0,23.0,59.0,99.0,PM25,SEDANG
202503,2025-03-06,DKI4,59.0,55.0,16.0,16.0,32.0,16.0,59.0,PM10,SEDANG
202503,2025-03-06,DKI5,30.0,90.0,25.0,11.0,39.0,4.0,90.0,PM25,SEDANG
202503,2025-03-07,DKI1,25.0,34.0,28.0,8.0,14.0,15.0,34.0,PM25,BAIK
202503,2025-03-07,DKI2,31.0,34.0,28.0,13.0,15.0,12.0,34.0,PM25,BAIK
202503,2025-03-07,DKI3,29.0,52.0,58.0,7.0,16.0,10.0,58.0,SO2,SEDANG
202503,2025-03-07,DKI4,32.0,25.0,15.0,7.0,22.0,12.0,32.0,PM10,BAIK
202503,2025-03-07,DKI5,15.0,28.0,17.0,2.0,24.0,2.0,28.0,PM25,BAIK
202503,2025-03-08,DKI1,44.0,72.0,31.0,15.0,18.0,27.0,72.0,PM25,SEDANG
202503,2025-03-08,DKI2,51.0,67.0,31.0,17.0,22.0,8.0,67.0,PM25,SEDANG
202503,2025-03-08,DKI3,42.0,72.0,60.0,9.0,17.0,25.0,72.0,PM25,SEDANG
202503,2025-03-08,DKI4,52.0,54.0,18.0,11.0,28.0,18.0,54.0,PM25,SEDANG
202503,2025-03-08,DKI5,12.0,61.0,19.0,4.0,29.0,2.0,61.0,PM25,SEDANG
202503,2025-03-09,DKI1,47.0,70.0,29.0,15.0,17.0,34.0,70.0,PM25,SEDANG
202503,2025-03-09,DKI2,59.0,75.0,34.0,23.0,15.0,11.0,75.0,PM25,SEDANG
202503,2025-03-09,DKI3,35.0,58.0,,,,,58.0,PM25,SEDANG
202503,2025-03-09,DKI4,53.0,44.0,16.0,15.0,21.0,18.0,53.0,PM10,SEDANG
202503,2025-03-09,DKI5,27.0,75.0,20.0,12.0,30.0,4.0,75.0,PM25,SEDANG
202503,2025-03-10,DKI1,43.0,64.0,27.0,17.0,11.0,34.0,64.0,PM25,SEDANG
202503,2025-03-10,DKI2,51.0,69.0,31.0,22.0,15.0,15.0,69.0,PM25,SEDANG
202503,2025-03-10,DKI3,42.0,67.0,,,,,67.0,PM25,SEDANG
202503,2025-03-10,DKI4,48.0,40.0,,,,,48.0,PM10,BAIK
202503,2025-03-10,DKI5,10.0,77.0,16.0,15.0,29.0,4.0,77.0,PM25,SEDANG
202503,2025-03-11,DKI1,56.0,,,,,,56.0,PM10,SEDANG
202503,2025-03-11,DKI2,,,,,,,0.0,,TIDAK ADA DATA
202503,2025-03-11,DKI3,59.0,87.0,,,,,87.0,PM25,SEDANG
202503,2025-03-11,DKI4,,68.0,,,,,68.0,PM25,SEDANG
202503,2025-03-11,DKI5,9.0,100.0,23.0,19.0,27.0,5.0,100.0,PM25,SEDANG
202503,2025-03-12,DKI1,39.0,62.0,42.0,15.0,13.0,37.0,62.0,PM25,SEDANG
202503,2025-03-12,DKI2,37.0,56.0,31.0,14.0,13.0,10.0,56.0,PM25,SEDANG
202503,2025-03-12,DKI3,40.0,64.0,59.0,16.0,22.0,46.0,64.0,PM25,SEDANG
202503,2025-03-12,DKI4,46.0,50.0,20.0,9.0,29.0,19.0,50.0,PM25,BAIK
202503,2025-03-12,DKI5,5.0,54.0,47.0,3.0,28.0,4.0,54.0,PM25,SEDANG
202503,2025-03-13,DKI1,49.0,71.0,37.0,15.0,12.0,38.0,71.0,PM25,SEDANG
202503,2025-03-13,DKI2,48.0,58.0,31.0,14.0,13.0,11.0,58.0,PM25,SEDANG
202503,2025-03-13,DKI3,50.0,86.0,63.0,12.0,22.0,35.0,86.0,PM25,SEDANG
202503,2025-03-13,DKI4,54.0,55.0,21.0,11.0,25.0,22.0,55.0,PM25,SEDANG
202503,2025-03-13,DKI5,8.0,73.0,53.0,4.0,35.0,4.0,73.0,PM25,SEDANG
202503,2025-03-14,DKI1,43.0,59.0,31.0,12.0,10.0,23.0,59.0,PM25,SEDANG
202503,2025-03-14,DKI2,51.0,62.0,30.0,16.0,12.0,13.0,62.0,PM25,SEDANG
202503,2025-03-14,DKI3,40.0,63.0,58.0,11.0,12.0,32.0,63.0,PM25,SEDANG
202503,2025-03-14,DKI4,52.0,43.0,17.0,9.0,18.0,12.0,52.0,PM10,SEDANG
202503,2025-03-14,DKI5,,58.0,22.0,4.0,23.0,2.0,58.0,PM25,SEDANG
202503,2025-03-15,DKI1,27.0,47.0,29.0,10.0,9.0,14.0,47.0,PM25,BAIK
202503,2025-03-15,DKI2,26.0,37.0,28.0,14.0,11.0,14.0,37.0,PM25,BAIK
202503,2025-03-15,DKI3,42.0,65.0,59.0,6.0,8.0,20.0,65.0,PM25,SEDANG
202503,2025-03-15,DKI4,29.0,31.0,16.0,6.0,11.0,6.0,31.0,PM25,BAIK
202503,2025-03-15,DKI5,21.0,25.0,17.0,2.0,19.0,1.0,25.0,PM25,BAIK
202503,2025-03-16,DKI1,26.0,44.0,28.0,10.0,9.0,13.0,44.0,PM25,BAIK
202503,2025-03-16,DKI2,31.0,47.0,,,,,47.0,PM25,BAIK
202503,2025-03-16,DKI3,32.0,53.0,58.0,8.0,8.0,,58.0,SO2,SEDANG
202503,2025-03-16,DKI4,28.0,26.0,16.0,8.0,10.0,7.0,28.0,PM10,BAIK
202503,2025-03-16,DKI5,27.0,47.0,16.0,4.0,13.0,1.0,47.0,PM25,BAIK
202503,2025-03-17,DKI1,37.0,57.0,33.0,13.0,6.0,20.0,57.0,PM25,SEDANG
202503,2025-03-17,DKI2,36.0,49.0,29.0,14.0,10.0,15.0,49.0,PM25,BAIK
202503,2025-03-17,DKI3,39.0,70.0,57.0,11.0,7.0,37.0,70.0,PM25,SEDANG
202503,2025-03-17,DKI4,,,,,,,0.0,,TIDAK ADA DATA
202503,2025-03-17,DKI5,20.0,63.0,30.0,8.0,16.0,2.0,63.0,PM25,SEDANG
202503,2025-03-18,DKI1,18.0,40.0,27.0,11.0,13.0,22.0,40.0,PM25,BAIK
202503,2025-03-18,DKI2,25.0,29.0,28.0,15.0,12.0,12.0,29.0,PM25,BAIK
202503,2025-03-18,DKI3,20.0,40.0,55.0,7.0,13.0,21.0,55.0,SO2,SEDANG
202503,2025-03-18,DKI4,26.0,20.0,16.0,8.0,19.0,15.0,26.0,PM10,BAIK
202503,2025-03-18,DKI5,16.0,21.0,16.0,4.0,28.0,11.0,28.0,O3,BAIK
202503,2025-03-19,DKI1,30.0,54.0,31.0,12.0,13.0,31.0,54.0,PM25,SEDANG
202503,2025-03-19,DKI2,32.0,52.0,29.0,15.0,13.0,9.0,52.0,PM25,SEDANG
202503,2025-03-19,DKI3,23.0,39.0,17.0,6.0,17.0,15.0,39.0,PM25,BAIK
202503,2025-03-19,DKI4,24.0,24.0,16.0,8.0,22.0,16.0,24.0,PM10,BAIK
202503,2025-03-19,DKI5,27.0,38.0,19.0,6.0,24.0,11.0,38.0,PM25,BAIK
202503,2025-03-20,DKI1,59.0,60.0,36.0,12.0,16.0,31.0,60.0,PM25,SEDANG
202503,2025-03-20,DKI2,37.0,53.0,29.0,13.0,16.0,8.0,53.0,PM25,SEDANG
202503,2025-03-20,DKI3,35.0,56.0,26.0,7.0,15.0,35.0,56.0,PM25,SEDANG
202503,2025-03-20,DKI4,38.0,36.0,21.0,9.0,25.0,18.0,38.0,PM10,BAIK
202503,2025-03-20,DKI5,27.0,55.0,37.0,5.0,34.0,11.0,55.0,PM25,SEDANG
202503,2025-03-21,DKI1,36.0,57.0,29.0,11.0,15.0,25.0,57.0,PM25,SEDANG
202503,2025-03-21,DKI2,37.0,50.0,28.0,13.0,17.0,8.0,50.0,PM25,BAIK
202503,2025-03-21,DKI3,42.0,66.0,21.0,11.0,15.0,38.0,66.0,PM25,SEDANG
202503,2025-03-21,DKI4,36.0,31.0,17.0,11.0,23.0,18.0,36.0,PM10,BAIK
202503,2025-03-21,DKI5,23.0,58.0,19.0,6.0,27.0,12.0,58.0,PM25,SEDANG
202503,2025-03-22,DKI1,45.0,66.0,30.0,13.0,15.0,29.0,66.0,PM25,SEDANG
202503,2025-03-22,DKI2,39.0,53.0,28.0,14.0,18.0,9.0,53.0,PM25,SEDANG
202503,2025-03-22,DKI3,56.0,87.0,19.0,11.0,13.0,27.0,87.0,PM25,SEDANG
202503,2025-03-22,DKI4,47.0,51.0,18.0,13.0,27.0,21.0,51.0,PM25,SEDANG
202503,2025-03-22,DKI5,22.0,72.0,28.0,8.0,38.0,12.0,72.0,PM25,SEDANG
202503,2025-03-23,DKI1,50.0,63.0,29.0,20.0,10.0,26.0,63.0,PM25,SEDANG
202503,2025-03-23,DKI2,46.0,56.0,28.0,21.0,13.0,15.0,56.0,PM25,SEDANG
202503,2025-03-23,DKI3,52.0,73.0,20.0,12.0,11.0,36.0,73.0,PM25,SEDANG
202503,2025-03-23,DKI4,42.0,37.0,18.0,12.0,17.0,16.0,42.0,PM10,BAIK
202503,2025-03-23,DKI5,39.0,64.0,27.0,12.0,38.0,10.0,64.0,PM25,SEDANG
202503,2025-03-24,DKI1,38.0,60.0,29.0,13.0,13.0,23.0,60.0,PM25,SEDANG
202503,2025-03-24,DKI2,39.0,47.0,28.0,15.0,15.0,9.0,47.0,PM25,BAIK
202503,2025-03-24,DKI3,43.0,65.0,21.0,12.0,15.0,24.0,65.0,PM25,SEDANG
202503,2025-03-24,DKI4,41.0,36.0,17.0,12.0,20.0,16.0,41.0,PM10,BAIK
202503,2025-03-24,DKI5,24.0,60.0,25.0,7.0,34.0,11.0,60.0,PM25,SEDANG
202503,2025-03-25,DKI1,36.0,,28.0,15.0,8.0,22.0,36.0,PM10,BAIK
202503,2025-03-25,DKI2,35.0,39.0,28.0,16.0,11.0,13.0,39.0,PM25,BAIK
202503,2025-03-25,DKI3,39.0,62.0,19.0,18.0,10.0,56.0,62.0,PM25,SEDANG
202503,2025-03-25,DKI4,37.0,33.0,16.0,18.0,14.0,12.0,37.0,PM10,BAIK
202503,2025-03-25,DKI5,33.0,59.0,24.0,7.0,29.0,11.0,59.0,PM25,SEDANG
202503,2025-03-26,DKI1,42.0,64.0,27.0,17.0,10.0,28.0,64.0,PM25,SEDANG
202503,2025-03-26,DKI2,51.0,61.0,28.0,20.0,13.0,16.0,61.0,PM25,SEDANG
202503,2025-03-26,DKI3,56.0,84.0,21.0,16.0,15.0,34.0,84.0,PM25,SEDANG
202503,2025-03-26,DKI4,53.0,44.0,17.0,19.0,20.0,16.0,53.0,PM10,SEDANG
202503,2025-03-26,DKI5,25.0,77.0,19.0,10.0,44.0,11.0,77.0,PM25,SEDANG
202503,2025-03-27,DKI1,50.0,71.0,26.0,18.0,7.0,26.0,71.0,PM25,SEDANG
202503,2025-03-27,DKI2,54.0,60.0,28.0,16.0,15.0,12.0,60.0,PM25,SEDANG
202503,2025-03-27,DKI3,56.0,92.0,21.0,25.0,11.0,93.0,93.0,,SEDANG
202503,2025-03-27,DKI4,71.0,54.0,17.0,20.0,18.0,15.0,71.0,PM10,SEDANG
202503,2025-03-27,DKI5,23.0,73.0,21.0,12.0,39.0,10.0,73.0,PM25,SEDANG
202503,2025-03-28,DKI1,32.0,47.0,27.0,10.0,8.0,19.0,47.0,PM25,BAIK
202503,2025-03-28,DKI2,37.0,49.0,28.0,16.0,12.0,13.0,49.0,PM25,BAIK
202503,2025-03-28,DKI3,33.0,53.0,19.0,13.0,8.0,29.0,53.0,PM25,SEDANG
202503,2025-03-28,DKI4,45.0,33.0,17.0,13.0,14.0,15.0,45.0,PM10,BAIK
202503,2025-03-28,DKI5,16.0,52.0,17.0,7.0,32.0,11.0,52.0,PM25,SEDANG
202503,2025-03-29,DKI1,17.0,33.0,26.0,6.0,11.0,11.0,33.0,PM25,BAIK
202503,2025-03-29,DKI2,20.0,21.0,28.0,12.0,12.0,12.0,28.0,SO2,BAIK
202503,2025-03-29,DKI3,17.0,26.0,18.0,4.0,10.0,9.0,26.0,PM25,BAIK
202503,2025-03-29,DKI4,18.0,19.0,16.0,6.0,13.0,8.0,19.0,PM25,BAIK
202503,2025-03-29,DKI5,10.0,20.0,19.0,3.0,24.0,10.0,24.0,O3,BAIK
202503,2025-03-30,DKI1,22.0,37.0,28.0,8.0,11.0,11.0,37.0,PM25,BAIK
202503,2025-03-30,DKI2,26.0,30.0,28.0,13.0,12.0,13.0,30.0,PM25,BAIK
202503,2025-03-30,DKI3,31.0,28.0,18.0,8.0,8.0,36.0,36.0,,BAIK
202503,2025-03-30,DKI4,26.0,28.0,16.0,9.0,12.0,8.0,28.0,PM25,BAIK
202503,2025-03-30,DKI5,12.0,52.0,26.0,5.0,21.0,12.0,52.0,PM25,SEDANG
202503,2025-03-31,DKI1,24.0,40.0,30.0,7.0,11.0,8.0,40.0,PM25,BAIK
202503,2025-03-31,DKI2,22.0,25.0,28.0,12.0,12.0,12.0,28.0,SO2,BAIK
202503,2025-03-31,DKI3,24.0,30.0,7.0,12.0,11.0,14.0,30.0,PM25,BAIK
202503,2025-03-31,DKI4,23.0,24.0,17.0,7.0,14.0,5.0,24.0,PM25,BAIK
202503,2025-03-31,DKI5,13.0,37.0,35.0,3.0,23.0,13.0,37.0,PM25,BAIK
202504,2025-04-01,DKI1,24.0,35.0,32.0,8.0,8.0,12.0,35.0,PM25,BAIK
202504,2025-04-01,DKI2,20.0,24.0,29.0,13.0,10.0,13.0,29.0,SO2,BAIK
202504,2025-04-01,DKI3,19.0,50.0,17.0,7.0,12.0,18.0,50.0,PM25,BAIK
202504,2025-04-01,DKI4,18.0,25.0,17.0,9.0,13.0,8.0,25.0,PM25,BAIK
202504,2025-04-01,DKI5,15.0,39.0,22.0,5.0,25.0,13.0,39.0,PM25,BAIK
202504,2025-04-02,DKI1,22.0,40.0,31.0,9.0,9.0,14.0,40.0,PM25,BAIK
202504,2025-04-02,DKI2,25.0,28.0,28.0,16.0,11.0,12.0,28.0,PM25,BAIK
202504,2025-04-02,DKI3,29.0,55.0,17.0,10.0,10.0,29.0,55.0,PM25,SEDANG
202504,2025-04-02,DKI4,30.0,31.0,16.0,12.0,11.0,10.0,31.0,PM25,BAIK
202504,2025-04-02,DKI5,11.0,40.0,,6.0,20.0,13.0,40.0,PM25,BAIK
202504,2025-04-03,DKI1,24.0,54.0,30.0,14.0,10.0,17.0,54.0,PM25,SEDANG
202504,2025-04-03,DKI2,27.0,44.0,29.0,16.0,13.0,17.0,44.0,PM25,BAIK
202504,2025-04-03,DKI3,21.0,54.0,17.0,10.0,19.0,46.0,54.0,PM25,SEDANG
202504,2025-04-03,DKI4,34.0,29.0,17.0,13.0,16.0,8.0,34.0,PM10,BAIK
202504,2025-04-03,DKI5,22.0,45.0,,9.0,30.0,11.0,45.0,PM25,BAIK
202504,2025-04-04,DKI1,29.0,,27.0,9.0,18.0,21.0,29.0,PM10,BAIK
202504,2025-04-04,DKI2,30.0,45.0,28.0,13.0,19.0,9.0,45.0,PM25,BAIK
202504,2025-04-04,DKI3,30.0,57.0,17.0,9.0,18.0,18.0,57.0,PM25,SEDANG
202504,2025-04-04,DKI4,31.0,,,,,,31.0,PM10,BAIK
202504,2025-04-04,DKI5,33.0,54.0,,8.0,41.0,11.0,54.0,PM25,SEDANG
202504,2025-04-05,DKI1,46.0,69.0,32.0,15.0,14.0,26.0,69.0,PM25,SEDANG
202504,2025-04-05,DKI2,49.0,65.0,31.0,17.0,16.0,9.0,65.0,PM25,SEDANG
202504,2025-04-05,DKI3,42.0,68.0,23.0,9.0,19.0,17.0,68.0,PM25,SEDANG
202504,2025-04-05,DKI4,51.0,47.0,21.0,9.0,26.0,13.0,51.0,PM10,SEDANG
202504,2025-04-05,DKI5,50.0,70.0,,12.0,30.0,11.0,70.0,PM25,SEDANG
202504,2025-04-06,DKI1,50.0,71.0,27.0,20.0,14.0,25.0,71.0,PM25,SEDANG
202504,2025-04-06,DKI2,47.0,63.0,29.0,21.0,16.0,16.0,63.0,PM25,SEDANG
202504,2025-04-06,DKI3,41.0,65.0,19.0,13.0,18.0,43.0,65.0,PM25,SEDANG
202504,2025-04-06,DKI4,55.0,41.0,17.0,15.0,23.0,12.0,55.0,PM10,SEDANG
202504,2025-04-06,DKI5,55.0,74.0,,20.0,32.0,10.0,74.0,PM25,SEDANG
202504,2025-04-07,DKI1,34.0,59.0,31.0,14.0,17.0,29.0,59.0,PM25,SEDANG
202504,2025-04-07,DKI2,42.0,57.0,29.0,21.0,17.0,12.0,57.0,PM25,SEDANG
202504,2025-04-07,DKI3,26.0,53.0,19.0,13.0,21.0,32.0,53.0,PM25,SEDANG
202504,2025-04-07,DKI4,42.0,37.0,18.0,15.0,24.0,16.0,42.0,PM10,BAIK
202504,2025-04-07,DKI5,36.0,57.0,,13.0,34.0,12.0,57.0,PM25,SEDANG
202504,2025-04-08,DKI1,49.0,71.0,34.0,14.0,13.0,39.0,71.0,PM25,SEDANG
202504,2025-04-08,DKI2,50.0,62.0,31.0,15.0,19.0,9.0,62.0,PM25,SEDANG
202504,2025-04-08,DKI3,40.0,71.0,22.0,11.0,24.0,28.0,71.0,PM25,SEDANG
202504,2025-04-08,DKI4,51.0,45.0,20.0,11.0,26.0,15.0,51.0,PM10,SEDANG
202504,2025-04-08,DKI5,55.0,84.0,,13.0,32.0,12.0,84.0,PM25,SEDANG
202504,2025-04-09,DKI1,48.0,71.0,28.0,13.0,10.0,37.0,71.0,PM25,SEDANG
202504,2025-04-09,DKI2,56.0,77.0,31.0,15.0,18.0,8.0,77.0,PM25,SEDANG
202504,2025-04-09,DKI3,49.0,78.0,22.0,12.0,21.0,25.0,78.0,PM25,SEDANG
202504,2025-04-09,DKI4,60.0,51.0,20.0,13.0,25.0,15.0,60.0,PM10,SEDANG
202504,2025-04-09,DKI5,44.0,71.0,,8.0,37.0,12.0,71.0,PM25,SEDANG
202504,2025-04-10,DKI1,55.0,83.0,31.0,19.0,10.0,35.0,83.0,PM25,SEDANG
202504,2025-04-10,DKI2,61.0,84.0,31.0,16.0,19.0,12.0,84.0,PM25,SEDANG
202504,2025-04-10,DKI3,55.0,90.0,20.0,15.0,23.0,33.0,90.0,PM25,SEDANG
202504,2025-04-10,DKI4,64.0,53.0,19.0,13.0,26.0,15.0,64.0,PM10,SEDANG
202504,2025-04-10,DKI5,57.0,94.0,25.0,17.0,46.0,11.0,94.0,PM25,SEDANG
202504,2025-04-11,DKI1,54.0,82.0,31.0,21.0,19.0,49.0,82.0,PM25,SEDANG
202504,2025-04-11,DKI2,59.0,85.0,32.0,23.0,21.0,10.0,85.0,PM25,SEDANG
202504,2025-04-11,DKI3,41.0,70.0,19.0,17.0,23.0,40.0,70.0,PM25,SEDANG
202504,2025-04-11,DKI4,59.0,45.0,18.0,18.0,26.0,19.0,59.0,PM10,SEDANG
202504,2025-04-11,DKI5,54.0,94.0,25.0,15.0,50.0,13.0,94.0,PM25,SEDANG
202504,2025-04-12,DKI1,57.0,79.0,32.0,18.0,11.0,42.0,79.0,PM25,SEDANG
202504,2025-04-12,DKI2,64.0,84.0,33.0,24.0,16.0,14.0,84.0,PM25,SEDANG
202504,2025-04-12,DKI3,44.0,73.0,19.0,23.0,18.0,54.0,73.0,PM25,SEDANG
202504,2025-04-12,DKI4,65.0,40.0,19.0,20.0,26.0,30.0,65.0,PM10,SEDANG
202504,2025-04-12,DKI5,54.0,92.0,26.0,19.0,41.0,13.0,92.0,PM25,SEDANG
202504,2025-04-13,DKI1,45.0,72.0,29.0,18.0,16.0,33.0,72.0,PM25,SEDANG
202504,2025-04-13,DKI2,51.0,74.0,30.0,22.0,20.0,6.0,74.0,PM25,SEDANG
202504,2025-04-13,DKI3,35.0,61.0,19.0,13.0,20.0,25.0,61.0,PM25,SEDANG
202504,2025-04-13,DKI4,58.0,47.0,18.0,15.0,27.0,24.0,58.0,PM10,SEDANG
202504,2025-04-13,DKI5,52.0,85.0,26.0,13.0,48.0,12.0,85.0,PM25,SEDANG
202504,2025-04-14,DKI1,29.0,34.0,30.0,7.0,8.0,14.0,34.0,PM25,BAIK
202504,2025-04-14,DKI2,30.0,32.0,29.0,14.0,12.0,12.0,32.0,PM25,BAIK
202504,2025-04-14,DKI3,24.0,40.0,19.0,8.0,11.0,30.0,40.0,PM25,BAIK
202504,2025-04-14,DKI4,28.0,22.0,17.0,9.0,13.0,11.0,28.0,PM10,BAIK
202504,2025-04-14,DKI5,24.0,34.0,25.0,5.0,29.0,11.0,34.0,PM25,BAIK
202504,2025-04-15,DKI1,39.0,60.0,39.0,14.0,8.0,28.0,60.0,PM25,SEDANG
202504,2025-04-15,DKI2,48.0,62.0,34.0,16.0,12.0,10.0,62.0,PM25,SEDANG
202504,2025-04-15,DKI3,35.0,61.0,24.0,9.0,15.0,25.0,61.0,PM25,SEDANG
202504,2025-04-15,DKI4,51.0,41.0,20.0,10.0,17.0,17.0,51.0,PM10,SEDANG
202504,2025-04-15,DKI5,40.0,67.0,33.0,8.0,35.0,10.0,67.0,PM25,SEDANG
202504,2025-04-16,DKI1,53.0,80.0,40.0,20.0,17.0,41.0,80.0,PM25,SEDANG
202504,2025-04-16,DKI2,52.0,72.0,33.0,18.0,20.0,17.0,72.0,PM25,SEDANG
202504,2025-04-16,DKI3,51.0,72.0,22.0,19.0,23.0,57.0,72.0,PM25,SEDANG
202504,2025-04-16,DKI4,58.0,48.0,22.0,14.0,26.0,19.0,58.0,PM10,SEDANG
202504,2025-04-16,DKI5,57.0,91.0,32.0,15.0,45.0,11.0,91.0,PM25,SEDANG
202504,2025-04-17,DKI1,52.0,73.0,31.0,17.0,11.0,37.0,73.0,PM25,SEDANG
202504,2025-04-17,DKI2,53.0,72.0,31.0,21.0,17.0,8.0,72.0,PM25,SEDANG
202504,2025-04-17,DKI3,,,,,,,0.0,,TIDAK ADA DATA
202504,2025-04-17,DKI4,54.0,34.0,19.0,12.0,28.0,24.0,54.0,PM10,SEDANG
202504,2025-04-17,DKI5,51.0,84.0,27.0,11.0,52.0,12.0,84.0,PM25,SEDANG
202504,2025-04-18,DKI1,58.0,79.0,32.0,16.0,9.0,35.0,79.0,PM25,SEDANG
202504,2025-04-18,DKI2,58.0,73.0,30.0,21.0,14.0,33.0,73.0,PM25,SEDANG
202504,2025-04-18,DKI3,63.0,96.0,21.0,19.0,18.0,38.0,96.0,PM25,SEDANG
202504,2025-04-18,DKI4,59.0,45.0,19.0,17.0,20.0,30.0,59.0,PM10,SEDANG
202504,2025-04-18,DKI5,56.0,99.0,31.0,10.0,43.0,12.0,99.0,PM25,SEDANG
202504,2025-04-19,DKI1,43.0,65.0,31.0,14.0,11.0,28.0,65.0,PM25,SEDANG
202504,2025-04-19,DKI2,56.0,73.0,32.0,19.0,17.0,42.0,73.0,PM25,SEDANG
202504,2025-04-19,DKI3,40.0,70.0,22.0,14.0,16.0,39.0,70.0,PM25,SEDANG
202504,2025-04-19,DKI4,53.0,49.0,18.0,13.0,23.0,17.0,53.0,PM10,SEDANG
202504,2025-04-19,DKI5,53.0,77.0,28.0,11.0,51.0,10.0,77.0,PM25,SEDANG
202504,2025-04-20,DKI1,42.0,64.0,38.0,12.0,19.0,26.0,64.0,PM25,SEDANG
202504,2025-04-20,DKI2,41.0,57.0,32.0,15.0,21.0,31.0,57.0,PM25,SEDANG
202504,2025-04-20,DKI3,32.0,61.0,22.0,9.0,21.0,15.0,61.0,PM25,SEDANG
202504,2025-04-20,DKI4,44.0,47.0,21.0,10.0,33.0,18.0,47.0,PM25,BAIK
202504,2025-04-20,DKI5,41.0,63.0,32.0,6.0,35.0,11.0,63.0,PM25,SEDANG
202504,2025-04-21,DKI1,42.0,62.0,37.0,11.0,10.0,25.0,62.0,PM25,SEDANG
202504,2025-04-21,DKI2,44.0,61.0,32.0,15.0,14.0,33.0,61.0,PM25,SEDANG
202504,2025-04-21,DKI3,,57.0,27.0,8.0,13.0,33.0,57.0,PM25,SEDANG
202504,2025-04-21,DKI4,50.0,42.0,22.0,8.0,19.0,17.0,50.0,PM10,BAIK
202504,2025-04-21,DKI5,40.0,61.0,32.0,6.0,25.0,11.0,61.0,PM25,SEDANG
202504,2025-04-22,DKI1,42.0,70.0,37.0,16.0,14.0,32.0,70.0,PM25,SEDANG
202504,2025-04-22,DKI2,53.0,78.0,34.0,21.0,21.0,35.0,78.0,PM25,SEDANG
202504,2025-04-22,DKI3,62.0,95.0,24.0,16.0,15.0,52.0,95.0,PM25,SEDANG
202504,2025-04-22,DKI4,60.0,,21.0,17.0,24.0,20.0,60.0,PM10,SEDANG
202504,2025-04-22,DKI5,55.0,81.0,32.0,9.0,28.0,11.0,81.0,PM25,SEDANG
202504,2025-04-23,DKI1,53.0,70.0,35.0,23.0,8.0,34.0,70.0,PM25,SEDANG
202504,2025-04-23,DKI2,62.0,81.0,34.0,25.0,13.0,47.0,81.0,PM25,SEDANG
202504,2025-04-23,DKI3,59.0,84.0,23.0,18.0,11.0,74.0,84.0,PM25,SEDANG
202504,2025-04-23,DKI4,69.0,,19.0,21.0,17.0,16.0,69.0,PM10,SEDANG
202504,2025-04-23,DKI5,55.0,75.0,16.0,12.0,23.0,7.0,75.0,PM25,SEDANG
202504,2025-04-24,DKI1,25.0,43.0,33.0,9.0,12.0,17.0,43.0,PM25,BAIK
202504,2025-04-24,DKI2,24.0,50.0,30.0,13.0,14.0,38.0,50.0,PM25,BAIK
202504,2025-04-24,DKI3,38.0,53.0,22.0,6.0,14.0,27.0,53.0,PM25,SEDANG
202504,2025-04-24,DKI4,27.0,61.0,19.0,8.0,21.0,9.0,61.0,PM25,SEDANG
202504,2025-04-24,DKI5,16.0,50.0,18.0,3.0,16.0,4.0,50.0,PM25,BAIK
202504,2025-04-25,DKI1,34.0,60.0,32.0,16.0,14.0,31.0,60.0,PM25,SEDANG
202504,2025-04-25,DKI2,53.0,77.0,34.0,22.0,19.0,42.0,77.0,PM25,SEDANG
202504,2025-04-25,DKI3,40.0,60.0,22.0,13.0,14.0,58.0,60.0,PM25,SEDANG
202504,2025-04-25,DKI4,59.0,93.0,19.0,18.0,31.0,14.0,93.0,PM25,SEDANG
202504,2025-04-25,DKI5,23.0,81.0,19.0,9.0,24.0,3.0,81.0,PM25,SEDANG
202504,2025-04-26,DKI1,47.0,72.0,31.0,16.0,16.0,39.0,72.0,PM25,SEDANG
202504,2025-04-26,DKI2,53.0,77.0,35.0,18.0,20.0,33.0,77.0,PM25,SEDANG
202504,2025-04-26,DKI3,47.0,75.0,28.0,13.0,22.0,43.0,75.0,PM25,SEDANG
202504,2025-04-26,DKI4,56.0,87.0,19.0,13.0,35.0,18.0,87.0,PM25,SEDANG
202504,2025-04-26,DKI5,30.0,77.0,20.0,11.0,29.0,3.0,77.0,PM25,SEDANG
202504,2025-04-27,DKI1,52.0,77.0,30.0,14.0,15.0,37.0,77.0,PM25,SEDANG
202504,2025-04-27,DKI2,56.0,89.0,31.0,17.0,22.0,31.0,89.0,PM25,SEDANG
202504,2025-04-27,DKI3,44.0,70.0,24.0,14.0,25.0,38.0,70.0,PM25,SEDANG
202504,2025-04-27,DKI4,61.0,90.0,20.0,12.0,33.0,17.0,90.0,PM25,SEDANG
202504,2025-04-27,DKI5,31.0,85.0,21.0,12.0,47.0,4.0,85.0,PM25,SEDANG
202504,2025-04-28,DKI1,45.0,69.0,32.0,14.0,13.0,35.0,69.0,PM25,SEDANG
202504,2025-04-28,DKI2,,,31.0,16.0,19.0,34.0,34.0,NO2,BAIK
202504,2025-04-28,DKI3,35.0,66.0,25.0,10.0,27.0,22.0,66.0,PM25,SEDANG
202504,2025-04-28,DKI4,54.0,87.0,21.0,10.0,30.0,17.0,87.0,PM25,SEDANG
202504,2025-04-28,DKI5,24.0,78.0,20.0,9.0,37.0,4.0,78.0,PM25,SEDANG
202504,2025-04-29,DKI1,51.0,78.0,32.0,16.0,14.0,40.0,78.0,PM25,SEDANG
202504,2025-04-29,DKI2,57.0,83.0,34.0,17.0,20.0,7.0,83.0,PM25,SEDANG
202504,2025-04-29,DKI3,43.0,70.0,26.0,11.0,27.0,22.0,70.0,PM25,SEDANG
202504,2025-04-29,DKI4,61.0,97.0,22.0,11.0,32.0,21.0,97.0,PM25,SEDANG
202504,2025-04-29,DKI5,21.0,81.0,21.0,9.0,33.0,5.0,81.0,PM25,SEDANG
202504,2025-04-30,DKI1,54.0,83.0,35.0,15.0,15.0,40.0,83.0,PM25,SEDANG
202504,2025-04-30,DKI2,60.0,84.0,35.0,16.0,23.0,,84.0,PM25,SEDANG
202504,2025-04-30,DKI3,47.0,79.0,27.0,10.0,29.0,20.0,79.0,PM25,SEDANG
202504,2025-04-30,DKI4,60.0,97.0,22.0,11.0,33.0,19.0,97.0,PM25,SEDANG
202504,2025-04-30,DKI5,24.0,88.0,21.0,8.0,37.0,5.0,88.0,PM25,SEDANG
202505,2025-05-01,DKI1,58.0,91.0,34.0,17.0,19.0,41.0,91.0,PM25,SEDANG
202505,2025-05-01,DKI2,60.0,88.0,35.0,16.0,25.0,5.0,88.0,PM25,SEDANG
202505,2025-05-01,DKI3,53.0,84.0,27.0,12.0,30.0,21.0,84.0,PM25,SEDANG
202505,2025-05-01,DKI4,63.0,103.0,21.0,11.0,34.0,16.0,103.0,PM25,TIDAK SEHAT
202505,2025-05-01,DKI5,27.0,101.0,21.0,9.0,40.0,5.0,101.0,PM25,TIDAK SEHAT
202505,2025-05-02,DKI1,58.0,89.0,33.0,14.0,20.0,36.0,89.0,PM25,SEDANG
202505,2025-05-02,DKI2,60.0,87.0,34.0,16.0,24.0,5.0,87.0,PM25,SEDANG
202505,2025-05-02,DKI3,53.0,83.0,27.0,12.0,29.0,24.0,83.0,PM25,SEDANG
202505,2025-05-02,DKI4,62.0,102.0,21.0,12.0,38.0,21.0,102.0,PM25,TIDAK SEHAT
202505,2025-05-02,DKI5,22.0,95.0,20.0,9.0,43.0,5.0,95.0,PM25,SEDANG
202505,2025-05-03,DKI1,56.0,83.0,33.0,15.0,16.0,46.0,83.0,PM25,SEDANG
202505,2025-05-03,DKI2,62.0,89.0,38.0,17.0,21.0,8.0,89.0,PM25,SEDANG
202505,2025-05-03,DKI3,51.0,77.0,30.0,11.0,27.0,22.0,77.0,PM25,SEDANG
202505,2025-05-03,DKI4,61.0,92.0,22.0,10.0,34.0,16.0,92.0,PM25,SEDANG
202505,2025-05-03,DKI5,27.0,95.0,24.0,11.0,40.0,5.0,95.0,PM25,SEDANG
202505,2025-05-04,DKI1,52.0,73.0,29.0,15.0,16.0,36.0,73.0,PM25,SEDANG
202505,2025-05-04,DKI2,61.0,82.0,34.0,20.0,17.0,6.0,82.0,PM25,SEDANG
202505,2025-05-04,DKI3,42.0,60.0,25.0,16.0,20.0,39.0,60.0,PM25,SEDANG
202505,2025-05-04,DKI4,56.0,80.0,19.0,11.0,27.0,17.0,80.0,PM25,SEDANG
202505,2025-05-04,DKI5,26.0,80.0,20.0,14.0,31.0,5.0,80.0,PM25,SEDANG
202505,2025-05-05,DKI1,60.0,96.0,35.0,20.0,11.0,42.0,96.0,PM25,SEDANG
202505,2025-05-05,DKI2,66.0,97.0,38.0,22.0,16.0,12.0,97.0,PM25,SEDANG
202505,2025-05-05,DKI3,64.0,97.0,28.0,20.0,20.0,50.0,97.0,PM25,SEDANG
202505,2025-05-05,DKI4,69.0,112.0,21.0,20.0,25.0,17.0,112.0,PM25,TIDAK SEHAT
202505,2025-05-05,DKI5,42.0,116.0,23.0,19.0,29.0,5.0,116.0,PM25,TIDAK SEHAT
202505,2025-05-06,DKI1,53.0,83.0,32.0,19.0,13.0,47.0,83.0,PM25,SEDANG
202505,2025-05-06,DKI2,55.0,87.0,33.0,20.0,18.0,,87.0,PM25,SEDANG
202505,2025-05-06,DKI3,51.0,81.0,27.0,11.0,28.0,18.0,81.0,PM25,SEDANG
202505,2025-05-06,DKI4,61.0,101.0,20.0,15.0,31.0,19.0,101.0,PM25,TIDAK SEHAT
202505,2025-05-06,DKI5,41.0,95.0,21.0,13.0,33.0,5.0,95.0,PM25,SEDANG
202505,2025-05-07,DKI1,58.0,85.0,31.0,23.0,12.0,50.0,85.0,PM25,SEDANG
202505,2025-05-07,DKI2,64.0,91.0,34.0,27.0,18.0,20.0,91.0,PM25,SEDANG
202505,2025-05-07,DKI3,48.0,77.0,26.0,19.0,,44.0,77.0,PM25,SEDANG
202505,2025-05-07,DKI4,66.0,96.0,19.0,16.0,27.0,18.0,96.0,PM25,SEDANG
202505,2025-05-07,DKI5,39.0,99.0,21.0,15.0,32.0,5.0,99.0,PM25,SEDANG
202505,2025-05-08,DKI1,66.0,101.0,29.0,32.0,11.0,56.0,101.0,PM25,TIDAK SEHAT
202505,2025-05-08,DKI2,71.0,105.0,35.0,26.0,17.0,15.0,105.0,PM25,TIDAK SEHAT
202505,2025-05-08,DKI3,60.0,94.0,28.0,19.0,20.0,42.0,94.0,PM25,SEDANG
202505,2025-05-08,DKI4,83.0,117.0,20.0,23.0,26.0,17.0,117.0,PM25,TIDAK SEHAT
202505,2025-05-08,DKI5,51.0,142.0,20.0,26.0,35.0,4.0,142.0,PM25,TIDAK SEHAT
202505,2025-05-09,DKI1,54.0,80.0,29.0,18.0,16.0,40.0,80.0,PM25,SEDANG
202505,2025-05-09,DKI2,57.0,83.0,33.0,19.0,22.0,9.0,83.0,PM25,SEDANG
202505,2025-05-09,DKI3,45.0,66.0,25.0,12.0,18.0,26.0,66.0,PM25,SEDANG
202505,2025-05-09,DKI4,57.0,86.0,19.0,14.0,26.0,21.0,86.0,PM25,SEDANG
202505,2025-05-09,DKI5,26.0,97.0,19.0,10.0,32.0,30.0,97.0,PM25,SEDANG
202505,2025-05-10,DKI1,56.0,88.0,33.0,18.0,23.0,39.0,88.0,PM25,SEDANG
202505,2025-05-10,DKI2,67.0,103.0,36.0,19.0,22.0,9.0,103.0,PM25,TIDAK SEHAT
202505,2025-05-10,DKI3,42.0,75.0,30.0,10.0,26.0,21.0,75.0,PM25,SEDANG
202505,2025-05-10,DKI4,66.0,107.0,20.0,12.0,33.0,20.0,107.0,PM25,TIDAK SEHAT
202505,2025-05-10,DKI5,,,,,,,0.0,,TIDAK ADA DATA
202505,2025-05-11,DKI1,61.0,87.0,30.0,22.0,19.0,37.0,87.0,PM25,SEDANG
202505,2025-05-11,DKI2,69.0,93.0,36.0,24.0,24.0,9.0,93.0,PM25,SEDANG
202505,2025-05-11,DKI3,61.0,84.0,26.0,23.0,15.0,73.0,84.0,PM25,SEDANG
202505,2025-05-11,DKI4,70.0,95.0,19.0,19.0,28.0,19.0,95.0,PM25,SEDANG
202505,2025-05-11,DKI5,37.0,,19.0,21.0,38.0,45.0,45.0,NO2,BAIK
202505,2025-05-12,DKI1,38.0,59.0,29.0,14.0,11.0,24.0,59.0,PM25,SEDANG
202505,2025-05-12,DKI2,44.0,63.0,34.0,18.0,14.0,15.0,63.0,PM25,SEDANG
202505,2025-05-12,DKI3,41.0,64.0,28.0,10.0,12.0,33.0,64.0,PM25,SEDANG
202505,2025-05-12,DKI4,52.0,78.0,19.0,13.0,23.0,11.0,78.0,PM25,SEDANG
202505,2025-05-12,DKI5,19.0,,19.0,11.0,28.0,27.0,28.0,O3,BAIK
202505,2025-05-13,DKI1,36.0,62.0,31.0,12.0,15.0,23.0,62.0,PM25,SEDANG
202505,2025-05-13,DKI2,44.0,64.0,34.0,17.0,18.0,13.0,64.0,PM25,SEDANG
202505,2025-05-13,DKI3,48.0,71.0,27.0,9.0,12.0,34.0,71.0,PM25,SEDANG
202505,2025-05-13,DKI4,50.0,73.0,20.0,11.0,19.0,13.0,73.0,PM25,SEDANG
202505,2025-05-13,DKI5,19.0,,21.0,5.0,22.0,23.0,23.0,NO2,BAIK
202505,2025-05-14,DKI1,47.0,71.0,31.0,16.0,21.0,41.0,71.0,PM25,SEDANG
202505,2025-05-14,DKI2,57.0,79.0,35.0,19.0,22.0,12.0,79.0,PM25,SEDANG
202505,2025-05-14,DKI3,43.0,65.0,29.0,13.0,22.0,32.0,65.0,PM25,SEDANG
202505,2025-05-14,DKI4,57.0,84.0,19.0,13.0,29.0,22.0,84.0,PM25,SEDANG
202505,2025-05-14,DKI5,,85.0,21.0,12.0,47.0,52.0,85.0,PM25,SEDANG
202505,2025-05-15,DKI1,52.0,73.0,33.0,19.0,18.0,46.0,73.0,PM25,SEDANG
202505,2025-05-15,DKI2,60.0,81.0,36.0,22.0,23.0,13.0,81.0,PM25,SEDANG
202505,2025-05-15,DKI3,45.0,66.0,28.0,12.0,27.0,27.0,66.0,PM25,SEDANG
202505,2025-05-15,DKI4,60.0,88.0,21.0,18.0,33.0,23.0,88.0,PM25,SEDANG
202505,2025-05-15,DKI5,26.0,96.0,21.0,12.0,39.0,52.0,96.0,PM25,SEDANG
202505,2025-05-16,DKI1,51.0,77.0,27.0,19.0,,49.0,77.0,PM25,SEDANG
202505,2025-05-16,DKI2,58.0,81.0,36.0,20.0,22.0,8.0,81.0,PM25,SEDANG
202505,2025-05-16,DKI3,49.0,72.0,28.0,15.0,21.0,32.0,72.0,PM25,SEDANG
202505,2025-05-16,DKI4,61.0,82.0,19.0,13.0,32.0,21.0,82.0,PM25,SEDANG
202505,2025-05-16,DKI5,25.0,100.0,21.0,13.0,49.0,56.0,100.0,PM25,SEDANG
202505,2025-05-17,DKI1,58.0,82.0,29.0,18.0,14.0,45.0,82.0,PM25,SEDANG
202505,2025-05-17,DKI2,66.0,92.0,40.0,21.0,21.0,24.0,92.0,PM25,SEDANG
202505,2025-05-17,DKI3,52.0,71.0,30.0,14.0,16.0,53.0,71.0,PM25,SEDANG
202505,2025-05-17,DKI4,61.0,75.0,20.0,13.0,27.0,24.0,75.0,PM25,SEDANG
202505,2025-05-17,DKI5,21.0,85.0,27.0,11.0,28.0,50.0,85.0,PM25,SEDANG
202505,2025-05-18,DKI1,53.0,77.0,30.0,28.0,15.0,36.0,77.0,PM25,SEDANG
202505,2025-05-18,DKI2,63.0,85.0,36.0,29.0,19.0,31.0,85.0,PM25,SEDANG
202505,2025-05-18,DKI3,44.0,62.0,30.0,16.0,13.0,67.0,67.0,NO2,SEDANG
202505,2025-05-18,DKI4,,85.0,20.0,18.0,25.0,12.0,85.0,PM25,SEDANG
202505,2025-05-18,DKI5,28.0,92.0,21.0,22.0,34.0,54.0,92.0,PM25,SEDANG
202505,2025-05-19,DKI1,50.0,73.0,32.0,14.0,19.0,38.0,73.0,PM25,SEDANG
202505,2025-05-19,DKI2,69.0,97.0,44.0,19.0,22.0,18.0,97.0,PM25,SEDANG
202505,2025-05-19,DKI3,40.0,64.0,34.0,11.0,19.0,34.0,64.0,PM25,SEDANG
202505,2025-05-19,DKI4,,78.0,20.0,10.0,29.0,14.0,78.0,PM25,SEDANG
202505,2025-05-19,DKI5,17.0,79.0,26.0,9.0,39.0,48.0,79.0,PM25,SEDANG
202505,2025-05-20,DKI1,59.0,87.0,39.0,23.0,11.0,52.0,87.0,PM25,SEDANG
202505,2025-05-20,DKI2,70.0,92.0,41.0,23.0,17.0,31.0,92.0,PM25,SEDANG
202505,2025-05-20,DKI3,57.0,80.0,37.0,15.0,16.0,64.0,80.0,PM25,SEDANG
202505,2025-05-20,DKI4,70.0,107.0,22.0,16.0,23.0,18.0,107.0,PM25,TIDAK SEHAT
202505,2025-05-20,DKI5,28.0,105.0,29.0,18.0,29.0,62.0,105.0,PM25,TIDAK SEHAT
202505,2025-05-21,DKI1,52.0,80.0,35.0,17.0,6.0,44.0,80.0,PM25,SEDANG
202505,2025-05-21,DKI2,66.0,88.0,40.0,17.0,17.0,9.0,88.0,PM25,SEDANG
202505,2025-05-21,DKI3,67.0,101.0,34.0,18.0,15.0,51.0,101.0,PM25,TIDAK SEHAT
202505,2025-05-21,DKI4,69.0,104.0,22.0,15.0,22.0,20.0,104.0,PM25,TIDAK SEHAT
202505,2025-05-21,DKI5,24.0,103.0,26.0,11.0,30.0,57.0,103.0,PM25,TIDAK SEHAT
202505,2025-05-22,DKI1,55.0,78.0,27.0,22.0,5.0,43.0,78.0,PM25,SEDANG
202505,2025-05-22,DKI2,60.0,78.0,34.0,19.0,14.0,18.0,78.0,PM25,SEDANG
202505,2025-05-22,DKI3,70.0,96.0,32.0,20.0,16.0,59.0,96.0,PM25,SEDANG
202505,2025-05-22,DKI4,73.0,101.0,19.0,21.0,23.0,24.0,101.0,PM25,TIDAK SEHAT
202505,2025-05-22,DKI5,36.0,89.0,21.0,13.0,35.0,55.0,89.0,PM25,SEDANG
202505,2025-05-23,DKI1,35.0,59.0,29.0,17.0,3.0,35.0,59.0,PM25,SEDANG
202505,2025-05-23,DKI2,48.0,62.0,35.0,17.0,13.0,14.0,62.0,PM25,SEDANG
202505,2025-05-23,DKI3,43.0,59.0,30.0,10.0,15.0,50.0,59.0,PM25,SEDANG
202505,2025-05-23,DKI4,49.0,64.0,20.0,13.0,21.0,17.0,64.0,PM25,SEDANG
202505,2025-05-23,DKI5,17.0,65.0,21.0,9.0,33.0,52.0,65.0,PM25,SEDANG
202505,2025-05-24,DKI1,29.0,52.0,30.0,15.0,11.0,29.0,52.0,PM25,SEDANG
202505,2025-05-24,DKI2,39.0,56.0,34.0,21.0,14.0,25.0,56.0,PM25,SEDANG
202505,2025-05-24,DKI3,28.0,42.0,28.0,10.0,11.0,43.0,43.0,NO2,BAIK
202505,2025-05-24,DKI4,,,,,,,0.0,,TIDAK ADA DATA
202505,2025-05-24,DKI5,15.0,69.0,21.0,9.0,28.0,32.0,69.0,PM25,SEDANG
202505,2025-05-25,DKI1,52.0,74.0,29.0,24.0,7.0,34.0,74.0,PM25,SEDANG
202505,2025-05-25,DKI2,56.0,79.0,34.0,23.0,13.0,23.0,79.0,PM25,SEDANG
202505,2025-05-25,DKI3,52.0,71.0,34.0,17.0,11.0,66.0,71.0,PM25,SEDANG
202505,2025-05-25,DKI4,66.0,102.0,22.0,17.0,18.0,15.0,102.0,PM25,TIDAK SEHAT
202505,2025-05-25,DKI5,24.0,90.0,21.0,15.0,28.0,56.0,90.0,PM25,SEDANG
202505,2025-05-26,DKI1,52.0,72.0,27.0,22.0,2.0,37.0,72.0,PM25,SEDANG
202505,2025-05-26,DKI2,54.0,67.0,33.0,23.0,11.0,23.0,67.0,PM25,SEDANG
202505,2025-05-26,DKI3,87.0,109.0,30.0,22.0,12.0,50.0,109.0,PM25,TIDAK SEHAT
202505,2025-05-26,DKI4,76.0,95.0,19.0,24.0,14.0,24.0,95.0,PM25,SEDANG
202505,2025-05-26,DKI5,38.0,119.0,20.0,18.0,28.0,44.0,119.0,PM25,TIDAK SEHAT
202505,2025-05-27,DKI1,24.0,53.0,29.0,11.0,11.0,22.0,53.0,PM25,SEDANG
202505,2025-05-27,DKI2,37.0,54.0,32.0,16.0,13.0,15.0,54.0,PM25,SEDANG
202505,2025-05-27,DKI3,56.0,67.0,30.0,10.0,10.0,29.0,67.0,PM25,SEDANG
202505,2025-05-27,DKI4,42.0,60.0,19.0,11.0,14.0,14.0,60.0,PM25,SEDANG
202505,2025-05-27,DKI5,16.0,59.0,20.0,5.0,22.0,25.0,59.0,PM25,SEDANG
202505,2025-05-28,DKI1,47.0,83.0,35.0,19.0,19.0,37.0,83.0,PM25,SEDANG
202505,2025-05-28,DKI2,60.0,87.0,37.0,21.0,20.0,24.0,87.0,PM25,SEDANG
202505,2025-05-28,DKI3,61.0,88.0,33.0,15.0,15.0,68.0,88.0,PM25,SEDANG
202505,2025-05-28,DKI4,58.0,96.0,22.0,15.0,26.0,11.0,96.0,PM25,SEDANG
202505,2025-05-28,DKI5,24.0,100.0,26.0,12.0,29.0,34.0,100.0,PM25,SEDANG
202505,2025-05-29,DKI1,65.0,100.0,31.0,15.0,28.0,46.0,100.0,PM25,SEDANG
202505,2025-05-29,DKI2,75.0,101.0,39.0,17.0,25.0,8.0,101.0,PM25,TIDAK SEHAT
202505,2025-05-29,DKI3,58.0,87.0,39.0,13.0,31.0,50.0,87.0,PM25,SEDANG
202505,2025-05-29,DKI4,80.0,128.0,23.0,13.0,38.0,23.0,128.0,PM25,TIDAK SEHAT
202505,2025-05-29,DKI5,26.0,105.0,26.0,10.0,57.0,53.0,105.0,PM25,TIDAK SEHAT
202505,2025-05-30,DKI1,48.0,71.0,27.0,12.0,12.0,34.0,71.0,PM25,SEDANG
202505,2025-05-30,DKI2,56.0,77.0,35.0,16.0,20.0,11.0,77.0,PM25,SEDANG
202505,2025-05-30,DKI3,42.0,65.0,32.0,12.0,27.0,34.0,65.0,PM25,SEDANG
202505,2025-05-30,DKI4,,,,,,,0.0,,TIDAK ADA DATA
202505,2025-05-30,DKI5,54.0,76.0,21.0,9.0,37.0,54.0,76.0,PM25,SEDANG
202505,2025-05-31,DKI1,51.0,90.0,28.0,16.0,19.0,37.0,90.0,PM25,SEDANG
202505,2025-05-31,DKI2,72.0,101.0,36.0,19.0,22.0,7.0,101.0,PM25,TIDAK SEHAT
202505,2025-05-31,DKI3,55.0,84.0,33.0,14.0,22.0,48.0,84.0,PM25,SEDANG
202505,2025-05-31,DKI4,70.0,105.0,21.0,13.0,29.0,17.0,105.0,PM25,TIDAK SEHAT
202505,2025-05-31,DKI5,35.0,113.0,22.0,13.0,42.0,47.0,113.0,PM25,TIDAK SEHAT
202506,2025-06-01,DKI1,50.0,88.0,33.0,16.0,19.0,33.0,88.0,PM25,SEDANG
202506,2025-06-01,DKI2,68.0,88.0,37.0,19.0,18.0,11.0,88.0,PM25,SEDANG
202506,2025-06-01,DKI3,49.0,80.0,33.0,10.0,22.0,23.0,80.0,PM25,SEDANG
202506,2025-06-01,DKI4,64.0,105.0,21.0,14.0,28.0,16.0,105.0,PM25,TIDAK SEHAT
202506,2025-06-01,DKI5,23.0,103.0,24.0,11.0,31.0,50.0,103.0,PM25,TIDAK SEHAT
202506,2025-06-02,DKI1,64.0,101.0,34.0,15.0,19.0,37.0,101.0,PM25,TIDAK SEHAT
202506,2025-06-02,DKI2,78.0,105.0,38.0,20.0,19.0,14.0,105.0,PM25,TIDAK SEHAT
202506,2025-06-02,DKI3,68.0,98.0,38.0,14.0,22.0,40.0,98.0,PM25,SEDANG
202506,2025-06-02,DKI4,85.0,127.0,23.0,14.0,28.0,18.0,127.0,PM25,TIDAK SEHAT
202506,2025-06-02,DKI5,35.0,120.0,27.0,13.0,38.0,56.0,120.0,PM25,TIDAK SEHAT
202506,2025-06-03,DKI1,56.0,83.0,29.0,16.0,14.0,45.0,83.0,PM25,SEDANG
202506,2025-06-03,DKI2,57.0,78.0,35.0,15.0,20.0,12.0,78.0,PM25,SEDANG
202506,2025-06-03,DKI3,56.0,89.0,36.0,14.0,26.0,50.0,89.0,PM25,SEDANG
202506,2025-06-03,DKI4,68.0,101.0,22.0,11.0,27.0,23.0,101.0,PM25,TIDAK SEHAT
202506,2025-06-03,DKI5,30.0,128.0,25.0,11.0,40.0,55.0,128.0,PM25,TIDAK SEHAT
202506,2025-06-04,DKI1,71.0,117.0,30.0,24.0,14.0,55.0,117.0,PM25,TIDAK SEHAT
202506,2025-06-04,DKI2,77.0,109.0,36.0,22.0,22.0,10.0,109.0,PM25,TIDAK SEHAT
202506,2025-06-04,DKI3,93.0,133.0,33.0,26.0,21.0,59.0,133.0,PM25,TIDAK SEHAT
202506,2025-06-04,DKI4,83.0,124.0,21.0,20.0,24.0,22.0,124.0,PM25,TIDAK SEHAT
202506,2025-06-04,DKI5,38.0,141.0,22.0,16.0,39.0,65.0,141.0,PM25,TIDAK SEHAT
202506,2025-06-05,DKI1,73.0,117.0,29.0,23.0,19.0,51.0,117.0,PM25,TIDAK SEHAT
202506,2025-06-05,DKI2,86.0,129.0,37.0,25.0,23.0,13.0,129.0,PM25,TIDAK SEHAT
202506,2025-06-05,DKI3,56.0,90.0,34.0,13.0,26.0,36.0,90.0,PM25,SEDANG
202506,2025-06-05,DKI4,88.0,139.0,23.0,19.0,25.0,32.0,139.0,PM25,TIDAK SEHAT
202506,2025-06-05,DKI5,38.0,116.0,25.0,14.0,38.0,65.0,116.0,PM25,TIDAK SEHAT
202506,2025-06-06,DKI1,61.0,86.0,29.0,15.0,19.0,33.0,86.0,PM25,SEDANG
202506,2025-06-06,DKI2,66.0,87.0,37.0,16.0,23.0,8.0,87.0,PM25,SEDANG
202506,2025-06-06,DKI3,60.0,98.0,35.0,15.0,27.0,38.0,98.0,PM25,SEDANG
202506,2025-06-06,DKI4,68.0,96.0,21.0,14.0,27.0,29.0,96.0,PM25,SEDANG
202506,2025-06-06,DKI5,30.0,97.0,23.0,12.0,39.0,46.0,97.0,PM25,SEDANG
202506,2025-06-07,DKI1,60.0,117.0,28.0,21.0,24.0,40.0,117.0,PM25,TIDAK SEHAT
202506,2025-06-07,DKI2,84.0,129.0,37.0,24.0,23.0,10.0,129.0,PM25,TIDAK SEHAT
202506,2025-06-07,DKI3,64.0,105.0,35.0,17.0,24.0,39.0,105.0,PM25,TIDAK SEHAT
202506,2025-06-07,DKI4,75.0,124.0,21.0,16.0,32.0,23.0,124.0,PM25,TIDAK SEHAT
202506,2025-06-07,DKI5,36.0,125.0,22.0,17.0,45.0,40.0,125.0,PM25,TIDAK SEHAT
202506,2025-06-08,DKI1,66.0,98.0,30.0,16.0,29.0,28.0,98.0,PM25,SEDANG
202506,2025-06-08,DKI2,68.0,99.0,36.0,19.0,27.0,9.0,99.0,PM25,SEDANG
202506,2025-06-08,DKI3,55.0,82.0,35.0,14.0,24.0,39.0,82.0,PM25,SEDANG
202506,2025-06-08,DKI4,67.0,93.0,21.0,14.0,35.0,20.0,93.0,PM25,SEDANG
202506,2025-06-08,DKI5,31.0,108.0,26.0,14.0,41.0,60.0,108.0,PM25,TIDAK SEHAT
202506,2025-06-09,DKI1,60.0,87.0,31.0,13.0,21.0,37.0,87.0,PM25,SEDANG
202506,2025-06-09,DKI2,70.0,97.0,39.0,18.0,22.0,10.0,97.0,PM25,SEDANG
202506,2025-06-09,DKI3,59.0,99.0,39.0,15.0,27.0,49.0,99.0,PM25,SEDANG
202506,2025-06-09,DKI4,74.0,118.0,24.0,14.0,34.0,20.0,118.0,PM25,TIDAK SEHAT
202506,2025-06-09,DKI5,30.0,99.0,25.0,11.0,38.0,49.0,99.0,PM25,SEDANG
202506,2025-06-10,DKI1,60.0,94.0,27.0,17.0,14.0,40.0,94.0,PM25,SEDANG
202506,2025-06-10,DKI2,65.0,87.0,38.0,15.0,19.0,9.0,87.0,PM25,SEDANG
202506,2025-06-10,DKI3,58.0,95.0,41.0,12.0,25.0,40.0,95.0,PM25,SEDANG
202506,2025-06-10,DKI4,76.0,114.0,24.0,12.0,30.0,20.0,114.0,PM25,TIDAK SEHAT
202506,2025-06-10,DKI5,23.0,90.0,26.0,9.0,44.0,54.0,90.0,PM25,SEDANG
202506,2025-06-11,DKI1,54.0,84.0,26.0,21.0,12.0,48.0,84.0,PM25,SEDANG
202506,2025-06-11,DKI2,64.0,86.0,37.0,19.0,19.0,13.0,86.0,PM25,SEDANG
202506,2025-06-11,DKI3,,74.0,37.0,14.0,23.0,43.0,74.0,PM25,SEDANG
202506,2025-06-11,DKI4,64.0,86.0,21.0,12.0,25.0,21.0,86.0,PM25,SEDANG
202506,2025-06-11,DKI5,27.0,84.0,23.0,13.0,39.0,62.0,84.0,PM25,SEDANG
202506,2025-06-12,DKI1,51.0,93.0,29.0,15.0,13.0,34.0,93.0,PM25,SEDANG
202506,2025-06-12,DKI2,66.0,93.0,39.0,16.0,18.0,13.0,93.0,PM25,SEDANG
202506,2025-06-12,DKI3,55.0,84.0,40.0,12.0,21.0,47.0,84.0,PM25,SEDANG
202506,2025-06-12,DKI4,64.0,95.0,24.0,11.0,23.0,18.0,95.0,PM25,SEDANG
202506,2025-06-12,DKI5,26.0,87.0,25.0,11.0,30.0,55.0,87.0,PM25,SEDANG
202506,2025-06-13,DKI1,59.0,94.0,31.0,14.0,18.0,35.0,94.0,PM25,SEDANG
202506,2025-06-13,DKI2,79.0,115.0,41.0,17.0,19.0,9.0,115.0,PM25,TIDAK SEHAT
202506,2025-06-13,DKI3,53.0,85.0,40.0,11.0,22.0,35.0,85.0,PM25,SEDANG
202506,2025-06-13,DKI4,74.0,105.0,22.0,11.0,26.0,15.0,105.0,PM25,TIDAK SEHAT
202506,2025-06-13,DKI5,33.0,104.0,28.0,9.0,32.0,28.0,104.0,PM25,TIDAK SEHAT
202506,2025-06-14,DKI1,55.0,92.0,32.0,14.0,12.0,36.0,92.0,PM25,SEDANG
202506,2025-06-14,DKI2,69.0,106.0,37.0,17.0,18.0,8.0,106.0,PM25,TIDAK SEHAT
202506,2025-06-14,DKI3,48.0,82.0,39.0,9.0,23.0,26.0,82.0,PM25,SEDANG
202506,2025-06-14,DKI4,67.0,99.0,23.0,10.0,22.0,19.0,99.0,PM25,SEDANG
202506,2025-06-14,DKI5,32.0,109.0,26.0,10.0,27.0,35.0,109.0,PM25,TIDAK SEHAT
202506,2025-06-15,DKI1,51.0,70.0,33.0,13.0,9.0,25.0,70.0,PM25,SEDANG
202506,2025-06-15,DKI2,60.0,72.0,43.0,18.0,12.0,21.0,72.0,PM25,SEDANG
202506,2025-06-15,DKI3,54.0,78.0,38.0,13.0,12.0,53.0,78.0,PM25,SEDANG
202506,2025-06-15,DKI4,62.0,87.0,24.0,13.0,15.0,11.0,87.0,PM25,SEDANG
202506,2025-06-15,DKI5,29.0,88.0,26.0,14.0,18.0,34.0,88.0,PM25,SEDANG
202506,2025-06-16,DKI1,55.0,79.0,30.0,12.0,12.0,28.0,79.0,PM25,SEDANG
202506,2025-06-16,DKI2,60.0,86.0,37.0,15.0,20.0,12.0,86.0,PM25,SEDANG
202506,2025-06-16,DKI3,58.0,84.0,38.0,16.0,17.0,53.0,84.0,PM25,SEDANG
202506,2025-06-16,DKI4,68.0,101.0,22.0,13.0,21.0,15.0,101.0,PM25,TIDAK SEHAT
202506,2025-06-16,DKI5,19.0,80.0,30.0,8.0,33.0,28.0,80.0,PM25,SEDANG
202506,2025-06-17,DKI1,51.0,67.0,30.0,15.0,11.0,35.0,67.0,PM25,SEDANG
202506,2025-06-17,DKI2,51.0,73.0,41.0,16.0,19.0,14.0,73.0,PM25,SEDANG
202506,2025-06-17,DKI3,26.0,59.0,37.0,9.0,22.0,29.0,59.0,PM25,SEDANG
202506,2025-06-17,DKI4,50.0,71.0,22.0,9.0,24.0,13.0,71.0,PM25,SEDANG
202506,2025-06-17,DKI5,15.0,64.0,23.0,7.0,30.0,30.0,64.0,PM25,SEDANG
202506,2025-06-18,DKI1,23.0,53.0,26.0,17.0,9.0,35.0,53.0,PM25,SEDANG
202506,2025-06-18,DKI2,35.0,57.0,34.0,17.0,16.0,7.0,57.0,PM25,SEDANG
202506,2025-06-18,DKI3,24.0,51.0,34.0,10.0,14.0,40.0,51.0,PM25,SEDANG
202506,2025-06-18,DKI4,40.0,56.0,20.0,11.0,16.0,23.0,56.0,PM25,SEDANG
202506,2025-06-18,DKI5,15.0,55.0,20.0,9.0,27.0,32.0,55.0,PM25,SEDANG
202506,2025-06-19,DKI1,37.0,60.0,30.0,22.0,6.0,37.0,60.0,PM25,SEDANG
202506,2025-06-19,DKI2,52.0,70.0,36.0,26.0,10.0,31.0,70.0,PM25,SEDANG
202506,2025-06-19,DKI3,51.0,72.0,41.0,26.0,10.0,103.0,103.0,NO2,TIDAK SEHAT
202506,2025-06-19,DKI4,56.0,74.0,23.0,21.0,11.0,19.0,74.0,PM25,SEDANG
202506,2025-06-19,DKI5,20.0,90.0,23.0,24.0,16.0,49.0,90.0,PM25,SEDANG
202506,2025-06-20,DKI1,61.0,88.0,43.0,18.0,10.0,43.0,88.0,PM25,SEDANG
202506,2025-06-20,DKI2,71.0,95.0,49.0,21.0,13.0,20.0,95.0,PM25,SEDANG
202506,2025-06-20,DKI3,69.0,96.0,44.0,22.0,18.0,83.0,96.0,PM25,SEDANG
202506,2025-06-20,DKI4,80.0,113.0,24.0,17.0,19.0,21.0,113.0,PM25,TIDAK SEHAT
202506,2025-06-20,DKI5,44.0,127.0,27.0,24.0,18.0,51.0,127.0,PM25,TIDAK SEHAT
202506,2025-06-21,DKI1,36.0,65.0,29.0,14.0,15.0,38.0,65.0,PM25,SEDANG
202506,2025-06-21,DKI2,43.0,64.0,36.0,15.0,20.0,7.0,64.0,PM25,SEDANG
202506,2025-06-21,DKI3,32.0,61.0,38.0,10.0,22.0,34.0,61.0,PM25,SEDANG
202506,2025-06-21,DKI4,46.0,68.0,22.0,9.0,25.0,18.0,68.0,PM25,SEDANG
202506,2025-06-21,DKI5,24.0,65.0,22.0,7.0,34.0,31.0,65.0,PM25,SEDANG
202506,2025-06-22,DKI1,69.0,106.0,32.0,35.0,14.0,50.0,106.0,PM25,TIDAK SEHAT
202506,2025-06-22,DKI2,71.0,104.0,40.0,27.0,18.0,16.0,104.0,PM25,TIDAK SEHAT
202506,2025-06-22,DKI3,59.0,88.0,41.0,20.0,20.0,60.0,88.0,PM25,SEDANG
202506,2025-06-22,DKI4,71.0,104.0,23.0,21.0,22.0,21.0,104.0,PM25,TIDAK SEHAT
202506,2025-06-22,DKI5,38.0,,24.0,22.0,25.0,45.0,45.0,NO2,BAIK
202506,2025-06-23,DKI1,53.0,82.0,28.0,12.0,14.0,26.0,82.0,PM25,SEDANG
202506,2025-06-23,DKI2,53.0,74.0,34.0,12.0,24.0,12.0,74.0,PM25,SEDANG
202506,2025-06-23,DKI3,51.0,74.0,41.0,8.0,22.0,26.0,74.0,PM25,SEDANG
202506,2025-06-23,DKI4,62.0,82.0,23.0,8.0,26.0,16.0,82.0,PM25,SEDANG
202506,2025-06-23,DKI5,20.0,81.0,24.0,7.0,30.0,22.0,81.0,PM25,SEDANG
202506,2025-06-24,DKI1,57.0,101.0,31.0,14.0,11.0,34.0,101.0,PM25,TIDAK SEHAT
202506,2025-06-24,DKI2,72.0,103.0,41.0,16.0,20.0,9.0,103.0,PM25,TIDAK SEHAT
202506,2025-06-24,DKI3,63.0,90.0,43.0,14.0,17.0,53.0,90.0,PM25,SEDANG
202506,2025-06-24,DKI4,72.0,101.0,24.0,13.0,20.0,17.0,101.0,PM25,TIDAK SEHAT
202506,2025-06-24,DKI5,36.0,114.0,29.0,11.0,27.0,35.0,114.0,PM25,TIDAK SEHAT
202506,2025-06-25,DKI1,64.0,118.0,33.0,23.0,17.0,45.0,118.0,PM25,TIDAK SEHAT
202506,2025-06-25,DKI2,76.0,113.0,38.0,23.0,28.0,13.0,113.0,PM25,TIDAK SEHAT
202506,2025-06-25,DKI3,65.0,97.0,40.0,18.0,21.0,61.0,97.0,PM25,SEDANG
202506,2025-06-25,DKI4,79.0,115.0,23.0,23.0,30.0,16.0,115.0,PM25,TIDAK SEHAT
202506,2025-06-25,DKI5,39.0,133.0,26.0,16.0,28.0,43.0,133.0,PM25,TIDAK SEHAT
202506,2025-06-26,DKI1,64.0,114.0,35.0,21.0,17.0,52.0,114.0,PM25,TIDAK SEHAT
202506,2025-06-26,DKI2,87.0,120.0,47.0,24.0,20.0,16.0,120.0,PM25,TIDAK SEHAT
202506,2025-06-26,DKI3,52.0,72.0,40.0,17.0,20.0,65.0,72.0,PM25,SEDANG
202506,2025-06-26,DKI4,81.0,117.0,24.0,17.0,28.0,25.0,117.0,PM25,TIDAK SEHAT
202506,2025-06-26,DKI5,32.0,123.0,26.0,17.0,27.0,51.0,123.0,PM25,TIDAK SEHAT
202506,2025-06-27,DKI1,57.0,96.0,28.0,16.0,,36.0,96.0,PM25,SEDANG
202506,2025-06-27,DKI2,68.0,91.0,37.0,16.0,25.0,8.0,91.0,PM25,SEDANG
202506,2025-06-27,DKI3,59.0,91.0,42.0,13.0,23.0,42.0,91.0,PM25,SEDANG
202506,2025-06-27,DKI4,71.0,99.0,23.0,13.0,28.0,17.0,99.0,PM25,SEDANG
202506,2025-06-27,DKI5,31.0,108.0,27.0,10.0,38.0,30.0,108.0,PM25,TIDAK SEHAT
202506,2025-06-28,DKI1,66.0,115.0,26.0,15.0,21.0,34.0,115.0,PM25,TIDAK SEHAT
202506,2025-06-28,DKI2,72.0,107.0,37.0,18.0,28.0,7.0,107.0,PM25,TIDAK SEHAT
202506,2025-06-28,DKI3,69.0,103.0,43.0,16.0,25.0,44.0,103.0,PM25,TIDAK SEHAT
202506,2025-06-28,DKI4,84.0,118.0,26.0,14.0,29.0,24.0,118.0,PM25,TIDAK SEHAT
202506,2025-06-28,DKI5,47.0,137.0,26.0,12.0,40.0,35.0,137.0,PM25,TIDAK SEHAT
202506,2025-06-29,DKI1,55.0,80.0,27.0,22.0,8.0,44.0,80.0,PM25,SEDANG
202506,2025-06-29,DKI2,58.0,78.0,35.0,25.0,12.0,,78.0,PM25,SEDANG
202506,2025-06-29,DKI3,53.0,68.0,38.0,19.0,12.0,57.0,68.0,PM25,SEDANG
202506,2025-06-29,DKI4,57.0,83.0,21.0,22.0,11.0,29.0,83.0,PM25,SEDANG
202506,2025-06-29,DKI5,48.0,95.0,24.0,17.0,15.0,51.0,95.0,PM25,SEDANG
202506,2025-06-30,DKI1,65.0,97.0,26.0,20.0,,40.0,97.0,PM25,SEDANG
202506,2025-06-30,DKI2,68.0,99.0,39.0,23.0,15.0,10.0,99.0,PM25,SEDANG
202506,2025-06-30,DKI3,79.0,89.0,41.0,24.0,15.0,59.0,89.0,PM25,SEDANG
202506,2025-06-30,DKI4,97.0,114.0,22.0,27.0,15.0,36.0,114.0,PM25,TIDAK SEHAT
202506,2025-06-30,DKI5,29.0,125.0,25.0,19.0,28.0,48.0,125.0,PM25,TIDAK SEHAT
202507,2025-07-01,DKI1,32.0,60.0,27.0,11.0,9.0,25.0,60.0,PM25,SEDANG
202507,2025-07-01,DKI2,37.0,51.0,36.0,13.0,17.0,13.0,51.0,PM25,SEDANG
202507,2025-07-01,DKI3,24.0,52.0,40.0,8.0,17.0,29.0,52.0,PM25,SEDANG
202507,2025-07-01,DKI4,44.0,57.0,22.0,7.0,19.0,11.0,57.0,PM25,SEDANG
202507,2025-07-01,DKI5,12.0,49.0,21.0,6.0,29.0,23.0,49.0,PM25,BAIK
202507,2025-07-02,DKI1,38.0,76.0,30.0,16.0,11.0,35.0,76.0,PM25,SEDANG
202507,2025-07-02,DKI2,54.0,74.0,44.0,19.0,17.0,13.0,74.0,PM25,SEDANG
202507,2025-07-02,DKI3,43.0,61.0,40.0,16.0,16.0,58.0,61.0,PM25,SEDANG
202507,2025-07-02,DKI4,54.0,80.0,23.0,16.0,20.0,20.0,80.0,PM25,SEDANG
202507,2025-07-02,DKI5,24.0,79.0,23.0,14.0,26.0,43.0,79.0,PM25,SEDANG
202507,2025-07-03,DKI1,51.0,81.0,27.0,21.0,9.0,42.0,81.0,PM25,SEDANG
202507,2025-07-03,DKI2,55.0,75.0,36.0,20.0,17.0,9.0,75.0,PM25,SEDANG
202507,2025-07-03,DKI3,41.0,60.0,40.0,12.0,21.0,52.0,60.0,PM25,SEDANG
202507,2025-07-03,DKI4,57.0,76.0,23.0,12.0,19.0,26.0,76.0,PM25,SEDANG
202507,2025-07-03,DKI5,29.0,87.0,23.0,16.0,30.0,55.0,87.0,PM25,SEDANG
202507,2025-07-04,DKI1,48.0,75.0,29.0,19.0,12.0,41.0,75.0,PM25,SEDANG
202507,2025-07-04,DKI2,57.0,78.0,42.0,20.0,18.0,19.0,78.0,PM25,SEDANG
202507,2025-07-04,DKI3,29.0,56.0,39.0,11.0,24.0,45.0,56.0,PM25,SEDANG
202507,2025-07-04,DKI4,58.0,78.0,24.0,12.0,28.0,22.0,78.0,PM25,SEDANG
202507,2025-07-04,DKI5,21.0,78.0,23.0,11.0,26.0,42.0,78.0,PM25,SEDANG
202507,2025-07-05,DKI1,62.0,87.0,31.0,19.0,14.0,43.0,87.0,PM25,SEDANG
202507,2025-07-05,DKI2,59.0,83.0,38.0,20.0,21.0,12.0,83.0,PM25,SEDANG
202507,2025-07-05,DKI3,40.0,72.0,42.0,12.0,23.0,53.0,72.0,PM25,SEDANG
202507,2025-07-05,DKI4,60.0,83.0,24.0,13.0,25.0,20.0,83.0,PM25,SEDANG
202507,2025-07-05,DKI5,27.0,105.0,24.0,15.0,30.0,46.0,105.0,PM25,TIDAK SEHAT
202507,2025-07-06,DKI1,41.0,69.0,28.0,13.0,22.0,30.0,69.0,PM25,SEDANG
202507,2025-07-06,DKI2,49.0,61.0,39.0,14.0,25.0,10.0,61.0,PM25,SEDANG
202507,2025-07-06,DKI3,27.0,55.0,41.0,9.0,26.0,34.0,55.0,PM25,SEDANG
202507,2025-07-06,DKI4,52.0,69.0,23.0,9.0,32.0,17.0,69.0,PM25,SEDANG
202507,2025-07-06,DKI5,18.0,61.0,22.0,7.0,38.0,23.0,61.0,PM25,SEDANG
202507,2025-07-07,DKI1,35.0,62.0,29.0,14.0,10.0,31.0,62.0,PM25,SEDANG
202507,2025-07-07,DKI2,44.0,,39.0,20.0,16.0,25.0,44.0,PM10,BAIK
202507,2025-07-07,DKI3,28.0,54.0,43.0,12.0,19.0,63.0,63.0,NO2,SEDANG
202507,2025-07-07,DKI4,,58.0,22.0,14.0,21.0,14.0,58.0,PM25,SEDANG
202507,2025-07-07,DKI5,35.0,69.0,23.0,12.0,21.0,37.0,69.0,PM25,SEDANG
202507,2025-07-08,DKI1,31.0,58.0,27.0,14.0,11.0,35.0,58.0,PM25,SEDANG
202507,2025-07-08,DKI2,43.0,60.0,37.0,15.0,18.0,10.0,60.0,PM25,SEDANG
202507,2025-07-08,DKI3,28.0,49.0,42.0,10.0,18.0,59.0,59.0,NO2,SEDANG
202507,2025-07-08,DKI4,41.0,62.0,24.0,9.0,21.0,22.0,62.0,PM25,SEDANG
202507,2025-07-08,DKI5,23.0,61.0,22.0,9.0,31.0,41.0,61.0,PM25,SEDANG
202507,2025-07-09,DKI1,49.0,83.0,27.0,18.0,13.0,38.0,83.0,PM25,SEDANG
202507,2025-07-09,DKI2,54.0,74.0,35.0,19.0,19.0,9.0,74.0,PM25,SEDANG
202507,2025-07-09,DKI3,38.0,60.0,42.0,11.0,20.0,47.0,60.0,PM25,SEDANG
202507,2025-07-09,DKI4,61.0,81.0,23.0,14.0,21.0,17.0,81.0,PM25,SEDANG
202507,2025-07-09,DKI5,21.0,86.0,23.0,9.0,30.0,33.0,86.0,PM25,SEDANG
202507,2025-07-10,DKI1,49.0,79.0,29.0,17.0,14.0,41.0,79.0,PM25,SEDANG
202507,2025-07-10,DKI2,63.0,86.0,39.0,19.0,23.0,8.0,86.0,PM25,SEDANG
202507,2025-07-10,DKI3,35.0,61.0,45.0,11.0,25.0,47.0,61.0,PM25,SEDANG
202507,2025-07-10,DKI4,58.0,86.0,25.0,11.0,28.0,25.0,86.0,PM25,SEDANG
202507,2025-07-10,DKI5,28.0,84.0,23.0,12.0,25.0,38.0,84.0,PM25,SEDANG
202507,2025-07-11,DKI1,55.0,96.0,37.0,14.0,19.0,43.0,96.0,PM25,SEDANG
202507,2025-07-11,DKI2,64.0,92.0,43.0,15.0,26.0,7.0,92.0,PM25,SEDANG
202507,2025-07-11,DKI3,46.0,,49.0,11.0,32.0,47.0,49.0,SO2,BAIK
202507,2025-07-11,DKI4,70.0,110.0,28.0,12.0,32.0,29.0,110.0,PM25,TIDAK SEHAT
202507,2025-07-11,DKI5,52.0,87.0,30.0,9.0,33.0,36.0,87.0,PM25,SEDANG
202507,2025-07-12,DKI1,65.0,115.0,37.0,14.0,29.0,37.0,115.0,PM25,TIDAK SEHAT
202507,2025-07-12,DKI2,79.0,116.0,45.0,18.0,29.0,8.0,116.0,PM25,TIDAK SEHAT
202507,2025-07-12,DKI3,77.0,105.0,50.0,16.0,31.0,60.0,105.0,PM25,TIDAK SEHAT
202507,2025-07-12,DKI4,91.0,140.0,28.0,18.0,32.0,26.0,140.0,PM25,TIDAK SEHAT
202507,2025-07-12,DKI5,70.0,132.0,27.0,16.0,33.0,51.0,132.0,PM25,TIDAK SEHAT
202507,2025-07-13,DKI1,69.0,102.0,35.0,12.0,23.0,30.0,102.0,PM25,TIDAK SEHAT
202507,2025-07-13,DKI2,74.0,104.0,46.0,17.0,26.0,8.0,104.0,PM25,TIDAK SEHAT
202507,2025-07-13,DKI3,62.0,86.0,51.0,11.0,28.0,41.0,86.0,PM25,SEDANG
202507,2025-07-13,DKI4,81.0,113.0,26.0,12.0,28.0,20.0,113.0,PM25,TIDAK SEHAT
202507,2025-07-13,DKI5,62.0,104.0,28.0,9.0,32.0,31.0,104.0,PM25,TIDAK SEHAT
202507,2025-07-14,DKI1,50.0,79.0,29.0,14.0,16.0,30.0,79.0,PM25,SEDANG
202507,2025-07-14,DKI2,55.0,76.0,39.0,18.0,28.0,11.0,76.0,PM25,SEDANG
202507,2025-07-14,DKI3,47.0,69.0,47.0,12.0,21.0,52.0,69.0,PM25,SEDANG
202507,2025-07-14,DKI4,57.0,81.0,25.0,10.0,24.0,16.0,81.0,PM25,SEDANG
202507,2025-07-14,DKI5,50.0,77.0,26.0,9.0,37.0,36.0,77.0,PM25,SEDANG
202507,2025-07-15,DKI1,63.0,98.0,29.0,21.0,14.0,41.0,98.0,PM25,SEDANG
202507,2025-07-15,DKI2,70.0,96.0,37.0,23.0,21.0,11.0,96.0,PM25,SEDANG
202507,2025-07-15,DKI3,58.0,77.0,45.0,14.0,21.0,52.0,77.0,PM25,SEDANG
202507,2025-07-15,DKI4,71.0,104.0,24.0,17.0,23.0,27.0,104.0,PM25,TIDAK SEHAT
202507,2025-07-15,DKI5,64.0,115.0,25.0,12.0,30.0,42.0,115.0,PM25,TIDAK SEHAT
202507,2025-07-16,DKI1,64.0,109.0,32.0,25.0,20.0,53.0,109.0,PM25,TIDAK SEHAT
202507,2025-07-16,DKI2,81.0,121.0,46.0,22.0,28.0,9.0,121.0,PM25,TIDAK SEHAT
202507,2025-07-16,DKI3,52.0,71.0,47.0,20.0,21.0,86.0,86.0,NO2,SEDANG
202507,2025-07-16,DKI4,86.0,122.0,27.0,23.0,33.0,29.0,122.0,PM25,TIDAK SEHAT
202507,2025-07-16,DKI5,59.0,108.0,26.0,18.0,42.0,49.0,108.0,PM25,TIDAK SEHAT
202507,2025-07-17,DKI1,54.0,86.0,29.0,18.0,17.0,42.0,86.0,PM25,SEDANG
202507,2025-07-17,DKI2,60.0,81.0,36.0,21.0,27.0,16.0,81.0,PM25,SEDANG
202507,2025-07-17,DKI3,35.0,59.0,45.0,13.0,25.0,57.0,59.0,PM25,SEDANG
202507,2025-07-17,DKI4,62.0,76.0,24.0,14.0,25.0,25.0,76.0,PM25,SEDANG
202507,2025-07-17,DKI5,,,,,,,0.0,,TIDAK ADA DATA
202507,2025-07-18,DKI1,56.0,94.0,29.0,16.0,21.0,37.0,94.0,PM25,SEDANG
202507,2025-07-18,DKI2,71.0,100.0,39.0,18.0,27.0,16.0,100.0,PM25,SEDANG
202507,2025-07-18,DKI3,52.0,77.0,50.0,14.0,27.0,56.0,77.0,PM25,SEDANG
202507,2025-07-18,DKI4,72.0,100.0,25.0,14.0,27.0,28.0,100.0,PM25,SEDANG
202507,2025-07-18,DKI5,58.0,94.0,25.0,10.0,31.0,37.0,94.0,PM25,SEDANG
202507,2025-07-19,DKI1,54.0,97.0,31.0,15.0,20.0,39.0,97.0,PM25,SEDANG
202507,2025-07-19,DKI2,61.0,89.0,38.0,18.0,27.0,12.0,89.0,PM25,SEDANG
202507,2025-07-19,DKI3,42.0,67.0,49.0,10.0,27.0,44.0,67.0,PM25,SEDANG
202507,2025-07-19,DKI4,65.0,91.0,26.0,12.0,25.0,28.0,91.0,PM25,SEDANG
202507,2025-07-19,DKI5,53.0,82.0,25.0,9.0,32.0,31.0,82.0,PM25,SEDANG
202507,2025-07-20,DKI1,61.0,104.0,34.0,14.0,25.0,37.0,104.0,PM25,TIDAK SEHAT
202507,2025-07-20,DKI2,71.0,101.0,40.0,18.0,30.0,12.0,101.0,PM25,TIDAK SEHAT
202507,2025-07-20,DKI3,43.0,69.0,50.0,9.0,29.0,51.0,69.0,PM25,SEDANG
202507,2025-07-20,DKI4,68.0,102.0,27.0,12.0,33.0,21.0,102.0,PM25,TIDAK SEHAT
202507,2025-07-20,DKI5,53.0,86.0,26.0,8.0,37.0,26.0,86.0,PM25,SEDANG
202507,2025-07-21,DKI1,57.0,96.0,33.0,13.0,27.0,35.0,96.0,PM25,SEDANG
202507,2025-07-21,DKI2,66.0,94.0,37.0,16.0,28.0,13.0,94.0,PM25,SEDANG
202507,2025-07-21,DKI3,36.0,67.0,54.0,9.0,30.0,44.0,67.0,PM25,SEDANG
202507,2025-07-21,DKI4,70.0,104.0,28.0,12.0,29.0,24.0,104.0,PM25,TIDAK SEHAT
202507,2025-07-21,DKI5,48.0,78.0,28.0,7.0,37.0,28.0,78.0,PM25,SEDANG
202507,2025-07-22,DKI1,59.0,97.0,38.0,13.0,22.0,36.0,97.0,PM25,SEDANG
202507,2025-07-22,DKI2,69.0,97.0,41.0,15.0,24.0,12.0,97.0,PM25,SEDANG
202507,2025-07-22,DKI3,52.0,77.0,51.0,10.0,26.0,48.0,77.0,PM25,SEDANG
202507,2025-07-22,DKI4,70.0,102.0,28.0,11.0,29.0,19.0,102.0,PM25,TIDAK SEHAT
202507,2025-07-22,DKI5,54.0,88.0,29.0,9.0,30.0,37.0,88.0,PM25,SEDANG
202507,2025-07-23,DKI1,60.0,102.0,37.0,13.0,22.0,39.0,102.0,PM25,TIDAK SEHAT
202507,2025-07-23,DKI2,74.0,108.0,45.0,17.0,26.0,9.0,108.0,PM25,TIDAK SEHAT
202507,2025-07-23,DKI3,56.0,80.0,51.0,11.0,28.0,49.0,80.0,PM25,SEDANG
202507,2025-07-23,DKI4,76.0,110.0,27.0,12.0,29.0,22.0,110.0,PM25,TIDAK SEHAT
202507,2025-07-23,DKI5,60.0,102.0,29.0,10.0,31.0,42.0,102.0,PM25,TIDAK SEHAT
202507,2025-07-24,DKI1,62.0,111.0,37.0,16.0,23.0,42.0,111.0,PM25,TIDAK SEHAT
202507,2025-07-24,DKI2,79.0,117.0,47.0,18.0,26.0,9.0,117.0,PM25,TIDAK SEHAT
202507,2025-07-24,DKI3,60.0,82.0,51.0,13.0,25.0,52.0,82.0,PM25,SEDANG
202507,2025-07-24,DKI4,82.0,118.0,27.0,15.0,27.0,24.0,118.0,PM25,TIDAK SEHAT
202507,2025-07-24,DKI5,65.0,112.0,29.0,12.0,30.0,44.0,112.0,PM25,TIDAK SEHAT
202507,2025-07-25,DKI1,64.0,109.0,38.0,14.0,20.0,39.0,109.0,PM25,TIDAK SEHAT
202507,2025-07-25,DKI2,76.0,111.0,46.0,16.0,26.0,9.0,111.0,PM25,TIDAK SEHAT
202507,2025-07-25,DKI3,51.0,76.0,51.0,11.0,26.0,46.0,76.0,PM25,SEDANG
202507,2025-07-25,DKI4,80.0,119.0,28.0,13.0,28.0,20.0,119.0,PM25,TIDAK SEHAT
202507,2025-07-25,DKI5,55.0,97.0,29.0,9.0,32.0,33.0,97.0,PM25,SEDANG
202507,2025-07-26,DKI1,63.0,108.0,35.0,13.0,19.0,37.0,108.0,PM25,TIDAK SEHAT
202507,2025-07-26,DKI2,,101.0,45.0,15.0,26.0,11.0,101.0,PM25,TIDAK SEHAT
202507,2025-07-26,DKI3,56.0,76.0,52.0,11.0,28.0,44.0,76.0,PM25,SEDANG
202507,2025-07-26,DKI4,74.0,104.0,28.0,10.0,26.0,17.0,104.0,PM25,TIDAK SEHAT
202507,2025-07-26,DKI5,59.0,100.0,29.0,8.0,32.0,32.0,100.0,PM25,SEDANG
202507,2025-07-27,DKI1,64.0,112.0,31.0,12.0,25.0,29.0,112.0,PM25,TIDAK SEHAT
202507,2025-07-27,DKI2,,107.0,41.0,15.0,29.0,12.0,107.0,PM25,TIDAK SEHAT
202507,2025-07-27,DKI3,64.0,84.0,52.0,12.0,29.0,44.0,84.0,PM25,SEDANG
202507,2025-07-27,DKI4,86.0,117.0,29.0,12.0,26.0,17.0,117.0,PM25,TIDAK SEHAT
202507,2025-07-27,DKI5,60.0,109.0,31.0,9.0,38.0,30.0,109.0,PM25,TIDAK SEHAT
202507,2025-07-28,DKI1,56.0,90.0,30.0,15.0,18.0,39.0,90.0,PM25,SEDANG
202507,2025-07-28,DKI2,,92.0,38.0,18.0,25.0,9.0,92.0,PM25,SEDANG
202507,2025-07-28,DKI3,51.0,65.0,49.0,12.0,25.0,43.0,65.0,PM25,SEDANG
202507,2025-07-28,DKI4,68.0,96.0,,,,,96.0,PM25,SEDANG
202507,2025-07-28,DKI5,54.0,83.0,24.0,10.0,35.0,30.0,83.0,PM25,SEDANG
202507,2025-07-29,DKI1,53.0,91.0,30.0,23.0,14.0,46.0,91.0,PM25,SEDANG
202507,2025-07-29,DKI2,,94.0,38.0,26.0,18.0,22.0,94.0,PM25,SEDANG
202507,2025-07-29,DKI3,40.0,59.0,50.0,11.0,20.0,45.0,59.0,PM25,SEDANG
202507,2025-07-29,DKI4,66.0,,26.0,16.0,23.0,28.0,66.0,PM10,SEDANG
202507,2025-07-29,DKI5,59.0,87.0,25.0,15.0,26.0,48.0,87.0,PM25,SEDANG
202507,2025-07-30,DKI1,46.0,81.0,30.0,16.0,16.0,33.0,81.0,PM25,SEDANG
202507,2025-07-30,DKI2,,67.0,38.0,13.0,22.0,14.0,67.0,PM25,SEDANG
202507,2025-07-30,DKI3,23.0,57.0,50.0,8.0,26.0,31.0,57.0,PM25,SEDANG
202507,2025-07-30,DKI4,55.0,77.0,27.0,10.0,29.0,16.0,77.0,PM25,SEDANG
202507,2025-07-30,DKI5,46.0,73.0,25.0,9.0,27.0,33.0,73.0,PM25,SEDANG
202507,2025-07-31,DKI1,46.0,76.0,31.0,14.0,14.0,31.0,76.0,PM25,SEDANG
202507,2025-07-31,DKI2,,73.0,41.0,14.0,22.0,16.0,73.0,PM25,SEDANG
202507,2025-07-31,DKI3,32.0,59.0,51.0,7.0,23.0,35.0,59.0,PM25,SEDANG
202507,2025-07-31,DKI4,54.0,78.0,27.0,8.0,22.0,15.0,78.0,PM25,SEDANG
202507,2025-07-31,DKI5,47.0,71.0,25.0,8.0,22.0,31.0,71.0,PM25,SEDANG
202508,2025-08-01,DKI1,62.0,82.0,35.0,12.0,18.0,29.0,82.0,PM25,SEDANG
202508,2025-08-01,DKI2,,76.0,44.0,14.0,23.0,14.0,76.0,PM25,SEDANG
202508,2025-08-01,DKI3,48.0,65.0,54.0,9.0,26.0,43.0,65.0,PM25,SEDANG
202508,2025-08-01,DKI4,63.0,89.0,30.0,7.0,28.0,16.0,89.0,PM25,SEDANG
202508,2025-08-01,DKI5,50.0,78.0,29.0,6.0,23.0,27.0,78.0,PM25,SEDANG
202508,2025-08-02,DKI1,53.0,94.0,41.0,14.0,16.0,34.0,94.0,PM25,SEDANG
202508,2025-08-02,DKI2,,92.0,50.0,16.0,20.0,17.0,92.0,PM25,SEDANG
202508,2025-08-02,DKI3,55.0,74.0,54.0,12.0,24.0,55.0,74.0,PM25,SEDANG
202508,2025-08-02,DKI4,73.0,105.0,31.0,11.0,25.0,21.0,105.0,PM25,TIDAK SEHAT
202508,2025-08-02,DKI5,56.0,100.0,31.0,9.0,21.0,36.0,100.0,PM25,SEDANG
202508,2025-08-03,DKI1,59.0,91.0,34.0,12.0,21.0,30.0,91.0,PM25,SEDANG
202508,2025-08-03,DKI2,,87.0,43.0,15.0,24.0,13.0,87.0,PM25,SEDANG
202508,2025-08-03,DKI3,54.0,71.0,51.0,11.0,25.0,41.0,71.0,PM25,SEDANG
202508,2025-08-03,DKI4,,,,,,,,,TIDAK ADA DATA
202508,2025-08-03,DKI5,53.0,89.0,28.0,8.0,31.0,32.0,89.0,PM25,SEDANG
202508,2025-08-04,DKI1,50.0,76.0,32.0,15.0,22.0,35.0,76.0,PM25,SEDANG
202508,2025-08-04,DKI2,,73.0,40.0,18.0,21.0,10.0,73.0,PM25,SEDANG
202508,2025-08-04,DKI3,36.0,53.0,50.0,10.0,25.0,36.0,53.0,PM25,SEDANG
202508,2025-08-04,DKI4,63.0,84.0,27.0,14.0,26.0,26.0,84.0,PM25,SEDANG
202508,2025-08-04,DKI5,42.0,71.0,24.0,9.0,31.0,33.0,71.0,PM25,SEDANG
202508,2025-08-05,DKI1,53.0,83.0,32.0,23.0,13.0,48.0,83.0,PM25,SEDANG
202508,2025-08-05,DKI2,,92.0,42.0,27.0,16.0,23.0,92.0,PM25,SEDANG
202508,2025-08-05,DKI3,40.0,52.0,50.0,16.0,18.0,64.0,64.0,NO2,SEDANG
202508,2025-08-05,DKI4,61.0,78.0,25.0,26.0,15.0,24.0,78.0,PM25,SEDANG
202508,2025-08-05,DKI5,55.0,94.0,24.0,17.0,23.0,52.0,94.0,PM25,SEDANG
202508,2025-08-06,DKI1,54.0,87.0,34.0,17.0,11.0,46.0,87.0,PM25,SEDANG
202508,2025-08-06,DKI2,,88.0,45.0,18.0,19.0,16.0,88.0,PM25,SEDANG
202508,2025-08-06,DKI3,50.0,52.0,50.0,15.0,28.0,56.0,56.0,NO2,SEDANG
202508,2025-08-06,DKI4,59.0,75.0,26.0,11.0,26.0,19.0,75.0,PM25,SEDANG
202508,2025-08-06,DKI5,53.0,85.0,28.0,11.0,26.0,49.0,85.0,PM25,SEDANG
202508,2025-08-07,DKI1,54.0,89.0,34.0,14.0,14.0,40.0,89.0,PM25,SEDANG
202508,2025-08-07,DKI2,,93.0,43.0,16.0,21.0,16.0,93.0,PM25,SEDANG
202508,2025-08-07,DKI3,62.0,63.0,51.0,17.0,23.0,71.0,71.0,NO2,SEDANG
202508,2025-08-07,DKI4,66.0,90.0,27.0,11.0,28.0,17.0,90.0,PM25,SEDANG
202508,2025-08-07,DKI5,52.0,82.0,29.0,9.0,30.0,42.0,82.0,PM25,SEDANG
202508,2025-08-08,DKI1,55.0,84.0,28.0,17.0,13.0,39.0,84.0,PM25,SEDANG
202508,2025-08-08,DKI2,,73.0,37.0,15.0,22.0,14.0,73.0,PM25,SEDANG
202508,2025-08-08,DKI3,48.0,51.0,51.0,10.0,23.0,53.0,53.0,NO2,SEDANG
202508,2025-08-08,DKI4,62.0,75.0,27.0,9.0,25.0,21.0,75.0,PM25,SEDANG
202508,2025-08-08,DKI5,50.0,,24.0,9.0,37.0,34.0,50.0,PM10,BAIK
202508,2025-08-09,DKI1,56.0,91.0,31.0,14.0,13.0,37.0,91.0,PM25,SEDANG
202508,2025-08-09,DKI2,,90.0,44.0,15.0,21.0,17.0,90.0,PM25,SEDANG
202508,2025-08-09,DKI3,56.0,60.0,53.0,15.0,22.0,64.0,64.0,NO2,SEDANG
202508,2025-08-09,DKI4,67.0,91.0,28.0,11.0,26.0,18.0,91.0,PM25,SEDANG
202508,2025-08-09,DKI5,54.0,92.0,28.0,11.0,31.0,42.0,92.0,PM25,SEDANG
202508,2025-08-10,DKI1,52.0,82.0,31.0,18.0,18.0,36.0,82.0,PM25,SEDANG
202508,2025-08-10,DKI2,,84.0,41.0,22.0,21.0,16.0,84.0,PM25,SEDANG
202508,2025-08-10,DKI3,33.0,50.0,52.0,11.0,23.0,47.0,52.0,SO2,SEDANG
202508,2025-08-10,DKI4,60.0,81.0,28.0,14.0,27.0,23.0,81.0,PM25,SEDANG
202508,2025-08-10,DKI5,43.0,78.0,25.0,10.0,29.0,36.0,78.0,PM25,SEDANG
202508,2025-08-11,DKI1,56.0,92.0,29.0,19.0,16.0,42.0,92.0,PM25,SEDANG
202508,2025-08-11,DKI2,,89.0,41.0,17.0,24.0,12.0,89.0,PM25,SEDANG
202508,2025-08-11,DKI3,40.0,53.0,51.0,12.0,25.0,44.0,53.0,PM25,SEDANG
202508,2025-08-11,DKI4,61.0,72.0,26.0,12.0,27.0,20.0,72.0,PM25,SEDANG
202508,2025-08-11,DKI5,54.0,89.0,23.0,11.0,36.0,35.0,89.0,PM25,SEDANG
202508,2025-08-12,DKI1,61.0,102.0,27.0,30.0,12.0,53.0,102.0,PM25,TIDAK SEHAT
202508,2025-08-12,DKI2,,104.0,50.0,25.0,19.0,17.0,104.0,PM25,TIDAK SEHAT
202508,2025-08-12,DKI3,54.0,56.0,50.0,17.0,21.0,54.0,56.0,PM25,SEDANG
202508,2025-08-12,DKI4,65.0,78.0,25.0,18.0,25.0,31.0,78.0,PM25,SEDANG
202508,2025-08-12,DKI5,55.0,95.0,24.0,17.0,34.0,53.0,95.0,PM25,SEDANG
202508,2025-08-13,DKI1,54.0,89.0,30.0,28.0,10.0,50.0,89.0,PM25,SEDANG
202508,2025-08-13,DKI2,,89.0,41.0,33.0,14.0,29.0,89.0,PM25,SEDANG
202508,2025-08-13,DKI3,47.0,57.0,52.0,21.0,18.0,70.0,70.0,NO2,SEDANG
202508,2025-08-13,DKI4,64.0,73.0,28.0,28.0,18.0,35.0,73.0,PM25,SEDANG
202508,2025-08-13,DKI5,,87.0,26.0,22.0,21.0,59.0,87.0,PM25,SEDANG
202508,2025-08-14,DKI1,53.0,83.0,33.0,16.0,14.0,37.0,83.0,PM25,SEDANG
202508,2025-08-14,DKI2,,87.0,42.0,19.0,17.0,15.0,87.0,PM25,SEDANG
202508,2025-08-14,DKI3,44.0,59.0,51.0,11.0,19.0,40.0,59.0,PM25,SEDANG
202508,2025-08-14,DKI4,59.0,82.0,27.0,11.0,22.0,20.0,82.0,PM25,SEDANG
202508,2025-08-14,DKI5,49.0,79.0,25.0,10.0,23.0,42.0,79.0,PM25,SEDANG
202508,2025-08-15,DKI1,52.0,84.0,35.0,19.0,16.0,46.0,84.0,PM25,SEDANG
202508,2025-08-15,DKI2,,89.0,46.0,22.0,21.0,20.0,89.0,PM25,SEDANG
202508,2025-08-15,DKI3,38.0,57.0,54.0,10.0,24.0,39.0,57.0,PM25,SEDANG
202508,2025-08-15,DKI4,60.0,74.0,,,,,74.0,PM25,SEDANG
202508,2025-08-15,DKI5,56.0,98.0,26.0,15.0,28.0,50.0,98.0,PM25,SEDANG
202508,2025-08-16,DKI1,61.0,102.0,37.0,16.0,15.0,40.0,102.0,PM25,TIDAK SEHAT
202508,2025-08-16,DKI2,,99.0,42.0,18.0,23.0,14.0,99.0,PM25,SEDANG
202508,2025-08-16,DKI3,56.0,71.0,54.0,14.0,23.0,63.0,71.0,PM25,SEDANG
202508,2025-08-16,DKI4,74.0,98.0,31.0,14.0,24.0,26.0,98.0,PM25,SEDANG
202508,2025-08-16,DKI5,59.0,102.0,27.0,12.0,22.0,48.0,102.0,PM25,TIDAK SEHAT
202508,2025-08-17,DKI1,61.0,105.0,38.0,11.0,20.0,33.0,105.0,PM25,TIDAK SEHAT
202508,2025-08-17,DKI2,,99.0,43.0,15.0,27.0,14.0,99.0,PM25,SEDANG
202508,2025-08-17,DKI3,55.0,65.0,54.0,10.0,27.0,37.0,65.0,PM25,SEDANG
202508,2025-08-17,DKI4,73.0,92.0,28.0,10.0,28.0,14.0,92.0,PM25,SEDANG
202508,2025-08-17,DKI5,52.0,86.0,30.0,7.0,35.0,29.0,86.0,PM25,SEDANG
202508,2025-08-18,DKI1,,,,,,,,,TIDAK ADA DATA
202508,2025-08-18,DKI2,,79.0,45.0,13.0,23.0,15.0,79.0,PM25,SEDANG
202508,2025-08-18,DKI3,50.0,64.0,55.0,8.0,25.0,30.0,64.0,PM25,SEDANG
202508,2025-08-18,DKI4,64.0,83.0,31.0,8.0,27.0,14.0,83.0,PM25,SEDANG
202508,2025-08-18,DKI5,44.0,70.0,31.0,6.0,29.0,24.0,70.0,PM25,SEDANG
202508,2025-08-19,DKI1,44.0,78.0,30.0,16.0,9.0,32.0,78.0,PM25,SEDANG
202508,2025-08-19,DKI2,,65.0,38.0,17.0,12.0,21.0,65.0,PM25,SEDANG
202508,2025-08-19,DKI3,47.0,58.0,51.0,13.0,14.0,64.0,64.0,NO2,SEDANG
202508,2025-08-19,DKI4,56.0,63.0,26.0,12.0,15.0,20.0,63.0,PM25,SEDANG
202508,2025-08-19,DKI5,46.0,70.0,24.0,11.0,19.0,46.0,70.0,PM25,SEDANG
202508,2025-08-20,DKI1,61.0,102.0,35.0,19.0,15.0,45.0,102.0,PM25,TIDAK SEHAT
202508,2025-08-20,DKI2,,97.0,44.0,22.0,19.0,11.0,97.0,PM25,SEDANG
202508,2025-08-20,DKI3,61.0,107.0,55.0,15.0,24.0,60.0,107.0,PM25,TIDAK SEHAT
202508,2025-08-20,DKI4,71.0,79.0,32.0,13.0,24.0,22.0,79.0,PM25,SEDANG
202508,2025-08-20,DKI5,56.0,,32.0,11.0,26.0,56.0,56.0,PM10,SEDANG
202508,2025-08-21,DKI1,48.0,74.0,33.0,21.0,13.0,44.0,74.0,PM25,SEDANG
202508,2025-08-21,DKI2,,86.0,52.0,26.0,18.0,35.0,86.0,PM25,SEDANG
202508,2025-08-21,DKI3,39.0,70.0,52.0,21.0,12.0,99.0,99.0,NO2,SEDANG
202508,2025-08-21,DKI4,54.0,57.0,26.0,14.0,16.0,20.0,57.0,PM25,SEDANG
202508,2025-08-21,DKI5,45.0,73.0,25.0,19.0,15.0,51.0,73.0,PM25,SEDANG
202508,2025-08-22,DKI1,56.0,91.0,36.0,15.0,24.0,46.0,91.0,PM25,SEDANG
202508,2025-08-22,DKI2,,88.0,45.0,17.0,29.0,13.0,88.0,PM25,SEDANG
202508,2025-08-22,DKI3,43.0,73.0,54.0,9.0,21.0,34.0,73.0,PM25,SEDANG
202508,2025-08-22,DKI4,57.0,72.0,29.0,10.0,34.0,19.0,72.0,PM25,SEDANG
202508,2025-08-22,DKI5,47.0,78.0,30.0,7.0,33.0,32.0,78.0,PM25,SEDANG
202508,2025-08-23,DKI1,58.0,92.0,37.0,14.0,18.0,45.0,92.0,PM25,SEDANG
202508,2025-08-23,DKI2,,93.0,50.0,16.0,24.0,16.0,93.0,PM25,SEDANG
202508,2025-08-23,DKI3,61.0,103.0,54.0,18.0,20.0,80.0,103.0,PM25,TIDAK SEHAT
202508,2025-08-23,DKI4,72.0,86.0,31.0,12.0,25.0,19.0,86.0,PM25,SEDANG
202508,2025-08-23,DKI5,56.0,106.0,29.0,12.0,33.0,43.0,106.0,PM25,TIDAK SEHAT
202508,2025-08-24,DKI1,50.0,86.0,37.0,13.0,15.0,33.0,86.0,PM25,SEDANG
202508,2025-08-24,DKI2,,76.0,47.0,14.0,19.0,19.0,76.0,PM25,SEDANG
202508,2025-08-24,DKI3,44.0,82.0,53.0,13.0,19.0,57.0,82.0,PM25,SEDANG
202508,2025-08-24,DKI4,58.0,70.0,28.0,9.0,22.0,14.0,70.0,PM25,SEDANG
202508,2025-08-24,DKI5,43.0,79.0,27.0,10.0,28.0,33.0,79.0,PM25,SEDANG
202508,2025-08-25,DKI1,61.0,114.0,33.0,22.0,17.0,51.0,114.0,PM25,TIDAK SEHAT
202508,2025-08-25,DKI2,,111.0,50.0,21.0,20.0,13.0,111.0,PM25,TIDAK SEHAT
202508,2025-08-25,DKI3,59.0,101.0,52.0,17.0,26.0,64.0,101.0,PM25,TIDAK SEHAT
202508,2025-08-25,DKI4,79.0,99.0,28.0,14.0,25.0,25.0,99.0,PM25,SEDANG
202508,2025-08-25,DKI5,67.0,,25.0,17.0,73.0,55.0,73.0,O3,SEDANG
202508,2025-08-26,DKI1,51.0,95.0,32.0,22.0,16.0,52.0,95.0,PM25,SEDANG
202508,2025-08-26,DKI2,,100.0,50.0,22.0,26.0,18.0,100.0,PM25,SEDANG
202508,2025-08-26,DKI3,49.0,79.0,52.0,17.0,25.0,72.0,79.0,PM25,SEDANG
202508,2025-08-26,DKI4,63.0,72.0,26.0,13.0,30.0,19.0,72.0,PM25,SEDANG
202508,2025-08-26,DKI5,60.0,103.0,23.0,17.0,92.0,51.0,103.0,PM25,TIDAK SEHAT
202508,2025-08-27,DKI1,55.0,92.0,35.0,16.0,18.0,42.0,92.0,PM25,SEDANG
202508,2025-08-27,DKI2,,96.0,43.0,17.0,24.0,20.0,96.0,PM25,SEDANG
202508,2025-08-27,DKI3,65.0,110.0,53.0,15.0,24.0,61.0,110.0,PM25,TIDAK SEHAT
202508,2025-08-27,DKI4,68.0,90.0,29.0,12.0,27.0,21.0,90.0,PM25,SEDANG
202508,2025-08-27,DKI5,57.0,110.0,25.0,11.0,84.0,46.0,110.0,PM25,TIDAK SEHAT
202508,2025-08-28,DKI1,40.0,71.0,32.0,14.0,18.0,42.0,71.0,PM25,SEDANG
202508,2025-08-28,DKI2,,66.0,40.0,15.0,26.0,13.0,66.0,PM25,SEDANG
202508,2025-08-28,DKI3,23.0,64.0,53.0,7.0,21.0,44.0,64.0,PM25,SEDANG
202508,2025-08-28,DKI4,,60.0,28.0,7.0,28.0,16.0,60.0,PM25,SEDANG
202508,2025-08-28,DKI5,32.0,68.0,25.0,7.0,31.0,28.0,68.0,PM25,SEDANG
202508,2025-08-29,DKI1,36.0,67.0,30.0,14.0,26.0,37.0,67.0,PM25,SEDANG
202508,2025-08-29,DKI2,,67.0,38.0,16.0,28.0,14.0,67.0,PM25,SEDANG
202508,2025-08-29,DKI3,26.0,62.0,53.0,8.0,25.0,41.0,62.0,PM25,SEDANG
202508,2025-08-29,DKI4,28.0,56.0,26.0,8.0,27.0,16.0,56.0,PM25,SEDANG
202508,2025-08-29,DKI5,27.0,60.0,24.0,6.0,37.0,27.0,60.0,PM25,SEDANG
202508,2025-08-30,DKI1,44.0,77.0,30.0,12.0,22.0,31.0,77.0,PM25,SEDANG
202508,2025-08-30,DKI2,,66.0,41.0,15.0,22.0,16.0,66.0,PM25,SEDANG
202508,2025-08-30,DKI3,21.0,59.0,53.0,8.0,23.0,46.0,59.0,PM25,SEDANG
202508,2025-08-30,DKI4,38.0,61.0,28.0,9.0,22.0,20.0,61.0,PM25,SEDANG
202508,2025-08-30,DKI5,38.0,72.0,26.0,9.0,30.0,40.0,72.0,PM25,SEDANG
202508,2025-08-31,DKI1,42.0,70.0,29.0,12.0,15.0,24.0,70.0,PM25,SEDANG
202508,2025-08-31,DKI2,,72.0,45.0,16.0,21.0,16.0,72.0,PM25,SEDANG
202508,2025-08-31,DKI3,28.0,60.0,53.0,8.0,19.0,39.0,60.0,PM25,SEDANG
202508,2025-08-31,DKI4,47.0,59.0,27.0,10.0,18.0,17.0,59.0,PM25,SEDANG
202508,2025-08-31,DKI5,37.0,65.0,25.0,9.0,21.0,34.0,65.0,PM25,SEDANG
